[PIPELINE] 原图=4096x2304 ROI=(1007, 391, 1356, 944) D_mm=30.0
[PIPELINE] 当前尺寸门槛=0.25 mm
=== 钢轴标定结果 ===
主体 bounding box: x0=0, y0=0, w=1356, h=944
中间测量行: y=[188, 756)
有效测量行: 568/568
D_mm = 30.000000 mm
D_px = 1356.000000 px
x_c  = 677.500000 px
R_px = 678.000000 px
R_mm = 15.000000 mm
k    = 0.022123894 mm/px
[MASK M0] area=0.0 perimeter=2.0 bbox=(834,943,2,1)
[MASK M1] area=0.0 perimeter=2.0 bbox=(822,943,2,1)
[MASK M2] area=0.0 perimeter=0.0 bbox=(67,943,1,1)
[MASK M3] area=0.5 perimeter=3.4 bbox=(1352,942,2,2)
[MASK M4] area=2.0 perimeter=6.0 bbox=(1006,942,3,2)
[MASK M5] area=1.0 perimeter=4.8 bbox=(811,942,3,2)
[MASK M6] area=0.0 perimeter=2.0 bbox=(805,942,1,2)
[MASK M7] area=0.0 perimeter=0.0 bbox=(789,942,1,1)
[MASK M8] area=0.5 perimeter=3.4 bbox=(617,942,2,2)
[MASK M9] area=0.5 perimeter=3.4 bbox=(554,942,2,2)
[MASK M10] area=2.5 perimeter=7.4 bbox=(492,942,4,2)
[MASK M11] area=2.5 perimeter=7.4 bbox=(743,941,3,3)
[MASK M12] area=3.0 perimeter=6.8 bbox=(604,941,3,3)
[MASK M13] area=3.5 perimeter=8.2 bbox=(476,941,4,3)
[MASK M14] area=14.0 perimeter=19.7 bbox=(370,940,9,4)
[MASK M15] area=56.0 perimeter=78.1 bbox=(275,940,38,4)
[MASK M16] area=14.0 perimeter=18.8 bbox=(1155,939,9,3)
[MASK M17] area=12.0 perimeter=22.5 bbox=(1135,939,11,3)
[MASK M18] area=0.0 perimeter=2.0 bbox=(794,939,2,1)
[MASK M19] area=0.0 perimeter=2.0 bbox=(604,939,2,1)
[MASK M20] area=4.5 perimeter=11.4 bbox=(38,939,6,2)
[MASK M21] area=18.5 perimeter=18.2 bbox=(385,938,6,6)
[MASK M22] area=5.5 perimeter=9.4 bbox=(1203,937,4,3)
[MASK M23] area=59.0 perimeter=65.5 bbox=(1171,937,27,5)
[MASK M24] area=7.0 perimeter=22.5 bbox=(263,937,11,3)
[MASK M25] area=0.0 perimeter=2.0 bbox=(1255,936,2,1)
[MASK M26] area=130.0 perimeter=142.8 bbox=(944,936,65,8)
[MASK M27] area=94.0 perimeter=106.3 bbox=(317,936,44,8)
[MASK M28] area=121.0 perimeter=106.4 bbox=(1209,935,45,6)
[MASK M29] area=1.0 perimeter=4.8 bbox=(1100,935,2,3)
[MASK M30] area=6.5 perimeter=10.2 bbox=(1023,935,4,4)
[MASK M31] area=3.0 perimeter=8.8 bbox=(1009,935,4,3)
[MASK M32] area=21.5 perimeter=23.6 bbox=(776,935,8,8)
[MASK M33] area=0.0 perimeter=2.0 bbox=(398,935,1,2)
[MASK M34] area=0.0 perimeter=2.0 bbox=(1303,934,2,1)
[MASK M35] area=26.5 perimeter=27.1 bbox=(1259,934,12,5)
[MASK M36] area=45.5 perimeter=29.1 bbox=(586,934,8,10)
[MASK M37] area=0.5 perimeter=3.4 bbox=(445,934,2,2)
[MASK M38] area=0.5 perimeter=6.2 bbox=(241,934,3,3)
[MASK M39] area=0.0 perimeter=0.0 bbox=(239,934,1,1)
[MASK M40] area=94.0 perimeter=69.5 bbox=(1273,933,29,7)
[MASK M41] area=3.5 perimeter=11.4 bbox=(51,933,6,2)
[MASK M42] area=0.0 perimeter=0.0 bbox=(1125,932,1,1)
[MASK M43] area=13.5 perimeter=16.2 bbox=(691,932,4,7)
[MASK M44] area=7.5 perimeter=13.1 bbox=(245,932,6,4)
[MASK M45] area=0.0 perimeter=0.0 bbox=(235,932,1,1)
[MASK M46] area=0.5 perimeter=3.4 bbox=(222,932,2,2)
[MASK M47] area=0.0 perimeter=0.0 bbox=(67,932,1,1)
[MASK M48] area=138.0 perimeter=105.6 bbox=(1309,931,47,6)
[MASK M49] area=1.0 perimeter=4.8 bbox=(1111,931,2,3)
[MASK M50] area=0.0 perimeter=2.0 bbox=(368,931,1,2)
[MASK M51] area=0.5 perimeter=3.4 bbox=(363,931,2,2)
[MASK M52] area=0.5 perimeter=6.2 bbox=(225,931,3,2)
[MASK M53] area=0.0 perimeter=0.0 bbox=(1141,930,1,1)
[MASK M54] area=11.0 perimeter=13.7 bbox=(229,930,5,5)
[MASK M55] area=4.5 perimeter=8.2 bbox=(1199,929,3,4)
[MASK M56] area=15.5 perimeter=18.7 bbox=(213,929,7,6)
[MASK M57] area=0.0 perimeter=4.0 bbox=(41,929,3,1)
[MASK M58] area=20.0 perimeter=22.1 bbox=(698,928,6,10)
[MASK M59] area=4.0 perimeter=17.7 bbox=(341,928,9,3)
[MASK M60] area=0.0 perimeter=0.0 bbox=(1095,927,1,1)
[MASK M61] area=15.0 perimeter=16.5 bbox=(748,927,6,6)
[MASK M62] area=9.5 perimeter=20.2 bbox=(617,927,3,10)
[MASK M63] area=70.0 perimeter=42.5 bbox=(515,927,8,17)
[MASK M64] area=0.0 perimeter=2.0 bbox=(338,927,2,1)
[MASK M65] area=0.0 perimeter=0.0 bbox=(150,927,1,1)
[MASK M66] area=13.5 perimeter=16.2 bbox=(766,926,4,6)
[MASK M67] area=0.0 perimeter=2.0 bbox=(604,926,1,2)
[MASK M68] area=0.0 perimeter=0.0 bbox=(571,926,1,1)
[MASK M69] area=0.0 perimeter=0.0 bbox=(353,926,1,1)
[MASK M70] area=5.5 perimeter=12.2 bbox=(198,926,4,5)
[MASK M71] area=0.0 perimeter=0.0 bbox=(108,926,1,1)
[MASK M72] area=0.0 perimeter=2.8 bbox=(892,925,2,2)
[MASK M73] area=9.0 perimeter=13.7 bbox=(205,925,5,5)
[MASK M74] area=2.5 perimeter=10.2 bbox=(1246,924,5,3)
[MASK M75] area=4.5 perimeter=13.1 bbox=(1056,924,6,3)
[MASK M76] area=0.0 perimeter=2.0 bbox=(618,924,1,2)
[MASK M77] area=0.0 perimeter=0.0 bbox=(1288,923,1,1)
[MASK M78] area=0.0 perimeter=2.0 bbox=(1313,922,2,1)
[MASK M79] area=7.0 perimeter=15.7 bbox=(1292,922,8,3)
[MASK M80] area=4.5 perimeter=9.1 bbox=(1252,922,4,4)
[MASK M81] area=10.0 perimeter=16.5 bbox=(1240,922,7,4)
[MASK M82] area=1.0 perimeter=4.8 bbox=(1222,922,2,3)
[MASK M83] area=12.5 perimeter=17.1 bbox=(1064,922,8,4)
[MASK M84] area=0.0 perimeter=2.8 bbox=(913,922,2,2)
[MASK M85] area=17.5 perimeter=18.2 bbox=(291,922,4,8)
[MASK M86] area=0.5 perimeter=3.4 bbox=(1226,921,2,2)
[MASK M87] area=0.0 perimeter=0.0 bbox=(616,920,1,1)
[MASK M88] area=6.5 perimeter=13.1 bbox=(791,919,5,5)
[MASK M89] area=1.5 perimeter=7.4 bbox=(297,919,2,4)
[MASK M90] area=96.5 perimeter=98.7 bbox=(154,919,39,9)
[MASK M91] area=3.0 perimeter=8.8 bbox=(141,919,5,2)
[MASK M92] area=0.0 perimeter=0.0 bbox=(930,918,1,1)
[MASK M93] area=321.0 perimeter=293.9 bbox=(0,918,137,9)
[MASK M94] area=47.5 perimeter=66.5 bbox=(1083,917,23,7)
[MASK M95] area=41.0 perimeter=32.1 bbox=(1107,916,13,8)
[MASK M96] area=5.0 perimeter=19.3 bbox=(935,916,6,4)
[MASK M97] area=46.0 perimeter=51.0 bbox=(1139,915,23,6)
[MASK M98] area=68.5 perimeter=43.6 bbox=(1121,915,17,8)
[MASK M99] area=21.5 perimeter=23.9 bbox=(1168,914,11,5)
[MASK M100] area=0.0 perimeter=0.0 bbox=(772,914,1,1)
[MASK M101] area=0.0 perimeter=2.8 bbox=(131,913,2,2)
[MASK M102] area=0.0 perimeter=0.0 bbox=(1324,912,1,1)
[MASK M103] area=40.5 perimeter=57.4 bbox=(949,912,21,6)
[MASK M104] area=34.5 perimeter=23.9 bbox=(701,912,8,8)
[MASK M105] area=5.0 perimeter=8.8 bbox=(75,912,4,3)
[MASK M106] area=0.0 perimeter=2.0 bbox=(1175,910,2,1)
[MASK M107] area=0.0 perimeter=2.0 bbox=(803,910,1,2)
[MASK M108] area=4.0 perimeter=8.8 bbox=(51,910,4,3)
[MASK M109] area=0.0 perimeter=0.0 bbox=(771,909,1,1)
[MASK M110] area=102.5 perimeter=47.6 bbox=(475,909,8,20)
[MASK M111] area=130.0 perimeter=101.9 bbox=(134,909,45,8)
[MASK M112] area=0.0 perimeter=0.0 bbox=(785,908,1,1)
[MASK M113] area=0.0 perimeter=2.0 bbox=(724,908,1,2)
[MASK M114] area=1.0 perimeter=4.0 bbox=(216,908,2,2)
[MASK M115] area=0.0 perimeter=2.0 bbox=(103,908,2,1)
[MASK M116] area=1.5 perimeter=5.4 bbox=(979,907,2,3)
[MASK M117] area=0.0 perimeter=0.0 bbox=(945,907,1,1)
[MASK M118] area=26.0 perimeter=29.3 bbox=(778,907,5,14)
[MASK M119] area=4.5 perimeter=8.2 bbox=(995,905,3,4)
[MASK M120] area=4.5 perimeter=9.4 bbox=(535,905,3,4)
[MASK M121] area=7.5 perimeter=15.1 bbox=(205,905,6,5)
[MASK M122] area=0.0 perimeter=0.0 bbox=(95,905,1,1)
[MASK M123] area=0.5 perimeter=3.4 bbox=(1323,904,2,2)
[MASK M124] area=12.0 perimeter=20.8 bbox=(1159,904,10,3)
[MASK M125] area=54.0 perimeter=77.9 bbox=(1121,904,35,5)
[MASK M126] area=1.5 perimeter=5.4 bbox=(726,904,3,2)
[MASK M127] area=321.0 perimeter=290.9 bbox=(1180,903,138,9)
[MASK M128] area=11.0 perimeter=23.7 bbox=(1185,903,12,3)
[MASK M129] area=12.0 perimeter=15.7 bbox=(1172,903,7,4)
[MASK M130] area=0.0 perimeter=0.0 bbox=(1156,903,1,1)
[MASK M131] area=18.5 perimeter=25.6 bbox=(982,903,8,7)
[MASK M132] area=4.5 perimeter=10.2 bbox=(531,903,4,4)
[MASK M133] area=0.0 perimeter=0.0 bbox=(37,903,1,1)
[MASK M134] area=10.5 perimeter=18.2 bbox=(1213,902,9,3)
[MASK M135] area=66.5 perimeter=38.4 bbox=(759,902,9,16)
[MASK M136] area=0.0 perimeter=0.0 bbox=(750,902,1,1)
[MASK M137] area=7.5 perimeter=15.1 bbox=(137,902,7,3)
[MASK M138] area=0.0 perimeter=0.0 bbox=(40,902,1,1)
[MASK M139] area=42.5 perimeter=42.4 bbox=(188,901,15,9)
[MASK M140] area=4.0 perimeter=8.8 bbox=(4,901,3,4)
[MASK M141] area=7.5 perimeter=14.2 bbox=(1242,900,7,3)
[MASK M142] area=15.5 perimeter=25.6 bbox=(937,900,7,9)
[MASK M143] area=0.5 perimeter=3.4 bbox=(282,900,2,2)
[MASK M144] area=0.0 perimeter=2.0 bbox=(179,900,2,1)
[MASK M145] area=3.0 perimeter=8.8 bbox=(27,900,5,2)
[MASK M146] area=0.5 perimeter=7.4 bbox=(1340,899,4,2)
[MASK M147] area=6.5 perimeter=12.2 bbox=(45,899,5,4)
[MASK M148] area=1.0 perimeter=4.0 bbox=(1332,898,2,2)
[MASK M149] area=3.5 perimeter=14.2 bbox=(449,898,3,7)
[MASK M150] area=1.5 perimeter=6.2 bbox=(76,898,3,3)
[MASK M151] area=0.0 perimeter=0.0 bbox=(1260,897,1,1)
[MASK M152] area=0.0 perimeter=6.0 bbox=(1252,897,4,1)
[MASK M153] area=1.0 perimeter=4.8 bbox=(696,897,3,2)
[MASK M154] area=51.0 perimeter=49.0 bbox=(117,897,20,6)
[MASK M155] area=1.5 perimeter=5.4 bbox=(94,897,2,3)
[MASK M156] area=1.0 perimeter=4.8 bbox=(1245,896,3,2)
[MASK M157] area=1.5 perimeter=6.2 bbox=(1023,896,3,3)
[MASK M158] area=0.0 perimeter=2.0 bbox=(828,896,2,1)
[MASK M159] area=0.0 perimeter=0.0 bbox=(746,896,1,1)
[MASK M160] area=0.0 perimeter=2.8 bbox=(645,896,2,2)
[MASK M161] area=97.5 perimeter=47.6 bbox=(514,896,8,21)
[MASK M162] area=0.0 perimeter=0.0 bbox=(1327,895,1,1)
[MASK M163] area=4.5 perimeter=11.4 bbox=(1279,895,6,2)
[MASK M164] area=0.0 perimeter=0.0 bbox=(1001,895,1,1)
[MASK M165] area=0.0 perimeter=2.0 bbox=(995,895,2,1)
[MASK M166] area=1.0 perimeter=4.8 bbox=(780,895,2,3)
[MASK M167] area=0.5 perimeter=5.4 bbox=(684,895,3,2)
[MASK M168] area=5.5 perimeter=9.4 bbox=(175,895,3,4)
[MASK M169] area=0.0 perimeter=2.0 bbox=(1067,894,2,1)
[MASK M170] area=0.0 perimeter=0.0 bbox=(759,894,1,1)
[MASK M171] area=0.0 perimeter=0.0 bbox=(505,894,1,1)
[MASK M172] area=4.5 perimeter=19.9 bbox=(59,894,9,3)
[MASK M173] area=0.0 perimeter=4.8 bbox=(897,893,2,3)
[MASK M174] area=49.5 perimeter=26.7 bbox=(658,893,9,9)
[MASK M175] area=6.0 perimeter=13.7 bbox=(1329,892,6,4)
[MASK M176] area=8.0 perimeter=12.8 bbox=(20,892,6,3)
[MASK M177] area=0.0 perimeter=0.0 bbox=(1280,891,1,1)
[MASK M178] area=4.5 perimeter=12.2 bbox=(694,891,4,5)
[MASK M179] area=0.5 perimeter=5.4 bbox=(318,891,3,2)
[MASK M180] area=0.5 perimeter=3.4 bbox=(264,891,2,2)
[MASK M181] area=7.0 perimeter=21.7 bbox=(209,891,3,9)
[MASK M182] area=0.5 perimeter=3.4 bbox=(1303,890,2,2)
[MASK M183] area=27.5 perimeter=25.9 bbox=(182,890,7,10)
[MASK M184] area=81.0 perimeter=92.1 bbox=(949,889,25,18)
[MASK M185] area=11.0 perimeter=31.3 bbox=(72,889,13,4)
[MASK M186] area=9.5 perimeter=17.1 bbox=(51,889,7,4)
[MASK M187] area=2.5 perimeter=11.4 bbox=(1316,888,6,2)
[MASK M188] area=0.0 perimeter=2.0 bbox=(518,888,1,2)
[MASK M189] area=10.5 perimeter=13.1 bbox=(272,888,5,5)
[MASK M190] area=0.0 perimeter=2.0 bbox=(209,888,1,2)
[MASK M191] area=3.0 perimeter=8.0 bbox=(1352,887,4,2)
[MASK M192] area=0.0 perimeter=2.0 bbox=(982,887,2,1)
[MASK M193] area=0.0 perimeter=0.0 bbox=(1230,886,1,1)
[MASK M194] area=1.5 perimeter=5.4 bbox=(743,886,3,2)
[MASK M195] area=0.0 perimeter=0.0 bbox=(220,886,1,1)
[MASK M196] area=127.0 perimeter=90.4 bbox=(87,886,36,8)
[MASK M197] area=0.0 perimeter=0.0 bbox=(1317,885,1,1)
[MASK M198] area=0.0 perimeter=2.0 bbox=(1232,885,1,2)
[MASK M199] area=45.5 perimeter=74.7 bbox=(602,885,4,36)
[MASK M200] area=3.0 perimeter=6.8 bbox=(152,885,3,3)
[MASK M201] area=26.0 perimeter=37.7 bbox=(0,885,18,3)
[MASK M202] area=1.0 perimeter=6.8 bbox=(1333,884,3,3)
[MASK M203] area=0.0 perimeter=2.0 bbox=(1248,884,1,2)
[MASK M204] area=0.0 perimeter=2.0 bbox=(665,884,2,1)
[MASK M205] area=60.0 perimeter=33.8 bbox=(543,884,11,10)
[MASK M206] area=1.5 perimeter=5.4 bbox=(517,884,2,3)
[MASK M207] area=0.0 perimeter=2.0 bbox=(1267,883,2,1)
[MASK M208] area=1.5 perimeter=5.4 bbox=(1234,883,3,2)
[MASK M209] area=3.5 perimeter=9.4 bbox=(1200,883,4,3)
[MASK M210] area=3.5 perimeter=10.2 bbox=(978,883,3,4)
[MASK M211] area=0.0 perimeter=0.0 bbox=(774,883,1,1)
[MASK M212] area=0.0 perimeter=0.0 bbox=(744,883,1,1)
[MASK M213] area=2.0 perimeter=6.8 bbox=(739,883,3,3)
[MASK M214] area=1.5 perimeter=5.4 bbox=(733,883,2,3)
[MASK M215] area=37.5 perimeter=25.6 bbox=(553,883,10,8)
[MASK M216] area=0.0 perimeter=6.0 bbox=(89,883,4,1)
[MASK M217] area=0.0 perimeter=0.0 bbox=(79,883,1,1)
[MASK M218] area=38.5 perimeter=43.9 bbox=(28,883,20,4)
[MASK M219] area=4.5 perimeter=13.1 bbox=(1347,882,6,4)
[MASK M220] area=0.0 perimeter=0.0 bbox=(1286,882,1,1)
[MASK M221] area=0.0 perimeter=0.0 bbox=(1259,882,1,1)
[MASK M222] area=34.0 perimeter=31.0 bbox=(993,882,8,12)
[MASK M223] area=1.0 perimeter=4.8 bbox=(934,882,2,3)
[MASK M224] area=16.5 perimeter=15.9 bbox=(901,882,6,6)
[MASK M225] area=0.0 perimeter=0.0 bbox=(462,882,1,1)
[MASK M226] area=0.0 perimeter=2.0 bbox=(221,882,1,2)
[MASK M227] area=2.0 perimeter=8.8 bbox=(1262,881,4,2)
[MASK M228] area=2.0 perimeter=6.0 bbox=(963,881,3,2)
[MASK M229] area=0.0 perimeter=2.0 bbox=(768,881,2,1)
[MASK M230] area=0.0 perimeter=0.0 bbox=(203,881,1,1)
[MASK M231] area=7.0 perimeter=12.5 bbox=(152,881,6,4)
[MASK M232] area=0.0 perimeter=2.0 bbox=(977,880,2,1)
[MASK M233] area=0.0 perimeter=2.0 bbox=(926,880,1,2)
[MASK M234] area=1.5 perimeter=6.2 bbox=(859,880,3,3)
[MASK M235] area=0.0 perimeter=2.0 bbox=(734,880,1,2)
[MASK M236] area=0.0 perimeter=2.0 bbox=(635,880,1,2)
[MASK M237] area=0.5 perimeter=3.4 bbox=(1351,879,2,2)
[MASK M238] area=2.0 perimeter=8.8 bbox=(176,879,2,5)
[MASK M239] area=0.0 perimeter=2.0 bbox=(748,878,1,2)
[MASK M240] area=1.5 perimeter=5.4 bbox=(280,878,3,2)
[MASK M241] area=23.5 perimeter=25.9 bbox=(134,878,10,7)
[MASK M242] area=24.0 perimeter=23.3 bbox=(1246,877,11,5)
[MASK M243] area=0.0 perimeter=2.0 bbox=(1242,877,2,1)
[MASK M244] area=52.0 perimeter=60.3 bbox=(1217,877,22,9)
[MASK M245] area=0.0 perimeter=2.8 bbox=(1115,877,2,2)
[MASK M246] area=0.0 perimeter=0.0 bbox=(1321,876,1,1)
[MASK M247] area=5.0 perimeter=14.8 bbox=(1291,876,8,2)
[MASK M248] area=8.5 perimeter=21.9 bbox=(1127,876,6,7)
[MASK M249] area=0.0 perimeter=2.0 bbox=(134,876,1,2)
[MASK M250] area=0.0 perimeter=2.8 bbox=(567,875,2,2)
[MASK M251] area=2.0 perimeter=8.8 bbox=(60,875,5,2)
[MASK M252] area=0.0 perimeter=4.0 bbox=(0,875,3,1)
[MASK M253] area=11.5 perimeter=27.9 bbox=(1325,874,11,7)
[MASK M254] area=22.5 perimeter=23.9 bbox=(1308,874,10,5)
[MASK M255] area=0.0 perimeter=0.0 bbox=(911,874,1,1)
[MASK M256] area=1.0 perimeter=4.8 bbox=(1354,873,2,3)
[MASK M257] area=18.0 perimeter=39.0 bbox=(980,873,8,11)
[MASK M258] area=10.0 perimeter=19.7 bbox=(589,873,3,10)
[MASK M259] area=0.0 perimeter=0.0 bbox=(553,873,1,1)
[MASK M260] area=2.5 perimeter=6.2 bbox=(288,873,3,3)
[MASK M261] area=11.5 perimeter=16.2 bbox=(169,873,7,4)
[MASK M262] area=0.0 perimeter=2.0 bbox=(157,873,1,2)
[MASK M263] area=18.0 perimeter=22.1 bbox=(72,873,8,5)
[MASK M264] area=1.0 perimeter=4.0 bbox=(1106,872,2,2)
[MASK M265] area=55.0 perimeter=37.8 bbox=(87,872,14,8)
[MASK M266] area=0.0 perimeter=0.0 bbox=(83,872,1,1)
[MASK M267] area=31.0 perimeter=30.1 bbox=(1340,871,12,7)
[MASK M268] area=0.5 perimeter=3.4 bbox=(1121,871,2,2)
[MASK M269] area=1.0 perimeter=6.8 bbox=(1020,871,4,2)
[MASK M270] area=22.5 perimeter=21.1 bbox=(936,871,6,8)
[MASK M271] area=0.0 perimeter=0.0 bbox=(862,871,1,1)
[MASK M272] area=0.0 perimeter=2.0 bbox=(566,871,2,1)
[MASK M273] area=0.0 perimeter=0.0 bbox=(290,871,1,1)
[MASK M274] area=0.0 perimeter=0.0 bbox=(213,871,1,1)
[MASK M275] area=2.5 perimeter=9.4 bbox=(0,871,5,2)
[MASK M276] area=0.0 perimeter=4.0 bbox=(1270,870,3,1)
[MASK M277] area=33.5 perimeter=42.4 bbox=(947,870,9,15)
[MASK M278] area=6.0 perimeter=11.7 bbox=(684,870,4,5)
[MASK M279] area=0.0 perimeter=2.0 bbox=(647,870,1,2)
[MASK M280] area=0.5 perimeter=3.4 bbox=(236,869,2,2)
[MASK M281] area=15.5 perimeter=20.7 bbox=(147,869,8,6)
[MASK M282] area=0.0 perimeter=4.0 bbox=(53,869,3,1)
[MASK M283] area=0.0 perimeter=0.0 bbox=(45,869,1,1)
[MASK M284] area=7.0 perimeter=12.8 bbox=(35,869,6,3)
[MASK M285] area=13.5 perimeter=21.9 bbox=(9,869,10,5)
[MASK M286] area=38.0 perimeter=54.1 bbox=(1320,868,25,4)
[MASK M287] area=73.5 perimeter=106.4 bbox=(1266,868,50,7)
[MASK M288] area=3.0 perimeter=9.7 bbox=(813,868,4,3)
[MASK M289] area=111.5 perimeter=43.2 bbox=(695,868,12,16)
[MASK M290] area=73.0 perimeter=87.3 bbox=(614,868,5,42)
[MASK M291] area=0.0 perimeter=2.0 bbox=(99,868,2,1)
[MASK M292] area=0.0 perimeter=0.0 bbox=(93,868,1,1)
[MASK M293] area=4.5 perimeter=11.4 bbox=(1350,867,6,2)
[MASK M294] area=0.0 perimeter=0.0 bbox=(1318,867,1,1)
[MASK M295] area=1.5 perimeter=5.4 bbox=(1312,867,3,2)
[MASK M296] area=0.0 perimeter=0.0 bbox=(1155,867,1,1)
[MASK M297] area=2.0 perimeter=6.8 bbox=(393,867,3,3)
[MASK M298] area=0.0 perimeter=2.0 bbox=(279,867,1,2)
[MASK M299] area=4.5 perimeter=12.2 bbox=(203,867,5,4)
[MASK M300] area=3.5 perimeter=9.4 bbox=(1243,866,5,2)
[MASK M301] area=1.0 perimeter=6.8 bbox=(833,866,4,2)
[MASK M302] area=0.0 perimeter=2.0 bbox=(772,866,1,2)
[MASK M303] area=25.5 perimeter=21.9 bbox=(737,866,6,9)
[MASK M304] area=1.5 perimeter=7.4 bbox=(1278,865,4,2)
[MASK M305] area=41.0 perimeter=81.5 bbox=(1231,865,38,7)
[MASK M306] area=0.0 perimeter=0.0 bbox=(949,865,1,1)
[MASK M307] area=0.0 perimeter=0.0 bbox=(923,864,1,1)
[MASK M308] area=2.0 perimeter=7.7 bbox=(173,864,3,4)
[MASK M309] area=0.0 perimeter=0.0 bbox=(141,864,1,1)
[MASK M310] area=1.5 perimeter=5.4 bbox=(48,864,3,2)
[MASK M311] area=1.0 perimeter=4.0 bbox=(7,864,2,2)
[MASK M312] area=3.5 perimeter=9.4 bbox=(1317,863,5,2)
[MASK M313] area=1.5 perimeter=8.2 bbox=(1295,863,4,3)
[MASK M314] area=7.5 perimeter=12.2 bbox=(1107,863,5,4)
[MASK M315] area=0.0 perimeter=0.0 bbox=(1088,863,1,1)
[MASK M316] area=0.0 perimeter=0.0 bbox=(928,863,1,1)
[MASK M317] area=0.0 perimeter=0.0 bbox=(574,863,1,1)
[MASK M318] area=2.5 perimeter=7.4 bbox=(1252,862,4,2)
[MASK M319] area=0.0 perimeter=0.0 bbox=(474,862,1,1)
[MASK M320] area=0.0 perimeter=0.0 bbox=(205,862,1,1)
[MASK M321] area=0.0 perimeter=2.8 bbox=(91,862,2,2)
[MASK M322] area=3.0 perimeter=6.8 bbox=(944,861,3,3)
[MASK M323] area=2.5 perimeter=9.4 bbox=(651,861,5,2)
[MASK M324] area=54.5 perimeter=32.4 bbox=(454,861,9,13)
[MASK M325] area=10.5 perimeter=21.9 bbox=(63,861,9,5)
[MASK M326] area=12.5 perimeter=17.4 bbox=(1337,860,8,3)
[MASK M327] area=0.0 perimeter=4.0 bbox=(1274,860,3,1)
[MASK M328] area=0.0 perimeter=0.0 bbox=(950,860,1,1)
[MASK M329] area=1.0 perimeter=4.0 bbox=(532,860,2,2)
[MASK M330] area=14.5 perimeter=25.9 bbox=(1258,859,12,4)
[MASK M331] area=25.0 perimeter=20.5 bbox=(1146,859,8,6)
[MASK M332] area=0.0 perimeter=2.0 bbox=(961,859,2,1)
[MASK M333] area=0.5 perimeter=3.4 bbox=(729,859,2,2)
[MASK M334] area=0.5 perimeter=3.4 bbox=(673,859,2,2)
[MASK M335] area=1.5 perimeter=5.4 bbox=(233,859,3,2)
[MASK M336] area=13.0 perimeter=43.3 bbox=(1279,858,21,3)
[MASK M337] area=8.5 perimeter=11.9 bbox=(818,858,5,5)
[MASK M338] area=28.0 perimeter=51.3 bbox=(600,858,4,25)
[MASK M339] area=0.5 perimeter=3.4 bbox=(256,858,2,2)
[MASK M340] area=0.0 perimeter=0.0 bbox=(238,858,1,1)
[MASK M341] area=25.5 perimeter=27.6 bbox=(77,858,10,7)
[MASK M342] area=3.0 perimeter=11.7 bbox=(1023,857,6,3)
[MASK M343] area=0.0 perimeter=0.0 bbox=(664,857,1,1)
[MASK M344] area=0.0 perimeter=0.0 bbox=(648,857,1,1)
[MASK M345] area=3.5 perimeter=14.2 bbox=(617,857,2,7)
[MASK M346] area=1.5 perimeter=13.1 bbox=(655,856,6,3)
[MASK M347] area=6.5 perimeter=11.1 bbox=(226,856,5,4)
[MASK M348] area=1.0 perimeter=4.0 bbox=(26,856,2,2)
[MASK M349] area=4.0 perimeter=11.7 bbox=(583,855,4,5)
[MASK M350] area=0.0 perimeter=0.0 bbox=(724,854,1,1)
[MASK M351] area=0.0 perimeter=0.0 bbox=(633,854,1,1)
[MASK M352] area=5.0 perimeter=9.7 bbox=(221,854,4,4)
[MASK M353] area=0.0 perimeter=2.8 bbox=(161,854,2,2)
[MASK M354] area=2.0 perimeter=6.0 bbox=(1353,853,3,2)
[MASK M355] area=4.0 perimeter=14.5 bbox=(745,853,4,7)
[MASK M356] area=1.5 perimeter=5.4 bbox=(647,853,2,3)
[MASK M357] area=7.0 perimeter=15.7 bbox=(604,853,3,8)
[MASK M358] area=94.5 perimeter=111.7 bbox=(1299,852,52,6)
[MASK M359] area=61.0 perimeter=58.1 bbox=(513,852,6,27)
[MASK M360] area=0.0 perimeter=2.0 bbox=(1301,851,2,1)
[MASK M361] area=0.0 perimeter=0.0 bbox=(1069,851,1,1)
[MASK M362] area=0.0 perimeter=0.0 bbox=(545,851,1,1)
[MASK M363] area=31.0 perimeter=39.0 bbox=(981,850,6,17)
[MASK M364] area=0.0 perimeter=0.0 bbox=(793,850,1,1)
[MASK M365] area=0.0 perimeter=4.0 bbox=(707,850,1,3)
[MASK M366] area=9.5 perimeter=13.1 bbox=(668,850,5,5)
[MASK M367] area=0.5 perimeter=3.4 bbox=(565,850,2,2)
[MASK M368] area=1.0 perimeter=8.8 bbox=(69,850,5,2)
[MASK M369] area=47.5 perimeter=62.0 bbox=(1270,849,28,6)
[MASK M370] area=11.0 perimeter=29.3 bbox=(1206,849,4,12)
[MASK M371] area=1.5 perimeter=5.4 bbox=(726,849,3,2)
[MASK M372] area=4.0 perimeter=8.8 bbox=(593,849,4,3)
[MASK M373] area=34.0 perimeter=28.1 bbox=(199,849,8,11)
[MASK M374] area=981.5 perimeter=622.6 bbox=(102,849,204,89)
[MASK M375] area=0.0 perimeter=2.8 bbox=(1344,848,2,2)
[MASK M376] area=0.0 perimeter=0.0 bbox=(1168,848,1,1)
[MASK M377] area=31.5 perimeter=29.6 bbox=(930,848,9,11)
[MASK M378] area=0.0 perimeter=2.8 bbox=(568,848,2,2)
[MASK M379] area=1.0 perimeter=4.0 bbox=(91,848,2,2)
[MASK M380] area=0.5 perimeter=3.4 bbox=(1165,847,2,2)
[MASK M381] area=4.5 perimeter=10.2 bbox=(770,847,4,4)
[MASK M382] area=2.5 perimeter=8.2 bbox=(759,847,3,4)
[MASK M383] area=1.0 perimeter=4.0 bbox=(520,847,2,2)
[MASK M384] area=42.0 perimeter=55.1 bbox=(94,847,11,14)
[MASK M385] area=11.0 perimeter=24.5 bbox=(1300,846,11,5)
[MASK M386] area=1.5 perimeter=5.4 bbox=(1293,846,3,2)
[MASK M387] area=0.0 perimeter=4.0 bbox=(932,846,1,3)
[MASK M388] area=2.0 perimeter=6.8 bbox=(672,846,2,4)
[MASK M389] area=1.0 perimeter=8.8 bbox=(603,846,2,5)
[MASK M390] area=0.0 perimeter=0.0 bbox=(0,846,1,1)
[MASK M391] area=0.0 perimeter=0.0 bbox=(1224,845,1,1)
[MASK M392] area=16.5 perimeter=28.4 bbox=(1128,845,8,8)
[MASK M393] area=101.0 perimeter=79.8 bbox=(993,845,6,36)
[MASK M394] area=7.5 perimeter=12.2 bbox=(850,845,5,4)
[MASK M395] area=0.5 perimeter=3.4 bbox=(563,845,2,2)
[MASK M396] area=0.0 perimeter=4.0 bbox=(559,845,1,3)
[MASK M397] area=0.0 perimeter=0.0 bbox=(305,845,1,1)
[MASK M398] area=0.5 perimeter=3.4 bbox=(130,845,2,2)
[MASK M399] area=0.0 perimeter=0.0 bbox=(29,845,1,1)
[MASK M400] area=4.5 perimeter=9.1 bbox=(1328,844,4,4)
[MASK M401] area=9.5 perimeter=17.9 bbox=(1192,844,6,7)
[MASK M402] area=6.0 perimeter=10.5 bbox=(832,844,4,5)
[MASK M403] area=225.0 perimeter=127.7 bbox=(750,844,19,43)
[MASK M404] area=0.0 perimeter=0.0 bbox=(702,844,1,1)
[MASK M405] area=49.0 perimeter=29.8 bbox=(546,844,10,11)
[MASK M406] area=42.5 perimeter=27.9 bbox=(471,844,6,12)
[MASK M407] area=10.5 perimeter=13.1 bbox=(234,844,5,5)
[MASK M408] area=0.0 perimeter=0.0 bbox=(213,844,1,1)
[MASK M409] area=11.5 perimeter=14.2 bbox=(1107,843,6,4)
[MASK M410] area=8.5 perimeter=12.2 bbox=(979,843,4,5)
[MASK M411] area=1.0 perimeter=4.8 bbox=(841,843,2,3)
[MASK M412] area=8.0 perimeter=12.8 bbox=(792,843,3,6)
[MASK M413] area=0.0 perimeter=2.0 bbox=(781,843,1,2)
[MASK M414] area=0.0 perimeter=2.0 bbox=(514,843,1,2)
[MASK M415] area=0.0 perimeter=0.0 bbox=(54,843,1,1)
[MASK M416] area=0.5 perimeter=5.4 bbox=(1298,842,3,2)
[MASK M417] area=1.0 perimeter=4.8 bbox=(1136,842,3,2)
[MASK M418] area=0.0 perimeter=0.0 bbox=(1048,842,1,1)
[MASK M419] area=3.0 perimeter=11.7 bbox=(767,842,5,4)
[MASK M420] area=1.0 perimeter=4.8 bbox=(731,842,2,3)
[MASK M421] area=13.0 perimeter=17.7 bbox=(720,842,3,9)
[MASK M422] area=8.5 perimeter=12.2 bbox=(500,842,5,4)
[MASK M423] area=4.0 perimeter=9.7 bbox=(225,842,4,4)
[MASK M424] area=2.0 perimeter=9.7 bbox=(207,842,3,4)
[MASK M425] area=2.5 perimeter=7.4 bbox=(1353,841,3,3)
[MASK M426] area=0.0 perimeter=0.0 bbox=(965,841,1,1)
[MASK M427] area=0.0 perimeter=2.8 bbox=(877,841,2,2)
[MASK M428] area=21.0 perimeter=25.7 bbox=(570,841,5,11)
[MASK M429] area=8.5 perimeter=23.1 bbox=(1334,840,11,4)
[MASK M430] area=0.0 perimeter=2.0 bbox=(1204,840,1,2)
[MASK M431] area=0.0 perimeter=0.0 bbox=(877,839,1,1)
[MASK M432] area=2.0 perimeter=7.7 bbox=(698,839,3,3)
[MASK M433] area=3.5 perimeter=16.2 bbox=(518,839,4,7)
[MASK M434] area=0.0 perimeter=0.0 bbox=(206,839,1,1)
[MASK M435] area=0.5 perimeter=5.4 bbox=(122,839,3,2)
[MASK M436] area=0.0 perimeter=4.0 bbox=(1298,838,3,1)
[MASK M437] area=1.5 perimeter=5.4 bbox=(1121,838,3,2)
[MASK M438] area=0.0 perimeter=0.0 bbox=(1098,838,1,1)
[MASK M439] area=6.5 perimeter=18.7 bbox=(1027,838,8,4)
[MASK M440] area=15.5 perimeter=24.7 bbox=(925,838,7,6)
[MASK M441] area=0.0 perimeter=0.0 bbox=(875,838,1,1)
[MASK M442] area=163.5 perimeter=74.5 bbox=(680,838,11,31)
[MASK M443] area=0.0 perimeter=2.0 bbox=(633,838,1,2)
[MASK M444] area=1.0 perimeter=4.8 bbox=(585,838,2,3)
[MASK M445] area=0.0 perimeter=0.0 bbox=(460,838,1,1)
[MASK M446] area=0.0 perimeter=0.0 bbox=(186,838,1,1)
[MASK M447] area=2.0 perimeter=9.7 bbox=(64,838,4,3)
[MASK M448] area=0.0 perimeter=0.0 bbox=(1191,837,1,1)
[MASK M449] area=0.0 perimeter=2.0 bbox=(1046,837,2,1)
[MASK M450] area=0.0 perimeter=0.0 bbox=(671,837,1,1)
[MASK M451] area=128.0 perimeter=48.6 bbox=(649,837,19,11)
[MASK M452] area=72.5 perimeter=51.2 bbox=(610,837,10,21)
[MASK M453] area=0.0 perimeter=0.0 bbox=(540,837,1,1)
[MASK M454] area=5.5 perimeter=10.2 bbox=(504,837,4,4)
[MASK M455] area=30.0 perimeter=41.8 bbox=(85,837,13,9)
[MASK M456] area=18.0 perimeter=25.3 bbox=(52,837,8,7)
[MASK M457] area=6.0 perimeter=12.8 bbox=(1319,836,6,3)
[MASK M458] area=50.0 perimeter=86.8 bbox=(1302,836,26,11)
[MASK M459] area=2.5 perimeter=8.2 bbox=(934,836,4,3)
[MASK M460] area=3.0 perimeter=6.8 bbox=(796,836,3,3)
[MASK M461] area=6.0 perimeter=12.8 bbox=(741,836,3,6)
[MASK M462] area=4.0 perimeter=8.0 bbox=(720,836,3,3)
[MASK M463] area=0.0 perimeter=0.0 bbox=(1032,835,1,1)
[MASK M464] area=0.0 perimeter=0.0 bbox=(919,835,1,1)
[MASK M465] area=3.5 perimeter=12.2 bbox=(753,835,4,5)
[MASK M466] area=0.0 perimeter=0.0 bbox=(700,835,1,1)
[MASK M467] area=1.5 perimeter=5.4 bbox=(210,835,2,3)
[MASK M468] area=0.0 perimeter=2.0 bbox=(1087,834,2,1)
[MASK M469] area=0.0 perimeter=0.0 bbox=(1000,834,1,1)
[MASK M470] area=112.5 perimeter=67.4 bbox=(944,834,10,25)
[MASK M471] area=5.5 perimeter=11.1 bbox=(993,833,4,5)
[MASK M472] area=7.5 perimeter=11.4 bbox=(815,833,5,3)
[MASK M473] area=0.0 perimeter=0.0 bbox=(698,833,1,1)
[MASK M474] area=13.0 perimeter=22.5 bbox=(599,833,4,11)
[MASK M475] area=16.5 perimeter=24.7 bbox=(194,833,6,10)
[MASK M476] area=1.5 perimeter=5.4 bbox=(1324,832,3,2)
[MASK M477] area=0.5 perimeter=5.4 bbox=(1312,832,3,2)
[MASK M478] area=0.5 perimeter=5.4 bbox=(895,832,3,2)
[MASK M479] area=0.0 perimeter=2.0 bbox=(637,832,2,1)
[MASK M480] area=5.5 perimeter=17.4 bbox=(561,832,2,9)
[MASK M481] area=1.0 perimeter=4.0 bbox=(191,832,2,2)
[MASK M482] area=119.5 perimeter=150.8 bbox=(174,832,21,45)
[MASK M483] area=11.5 perimeter=25.6 bbox=(1158,831,9,6)
[MASK M484] area=1.5 perimeter=5.4 bbox=(1099,830,3,2)
[MASK M485] area=54.0 perimeter=41.0 bbox=(977,830,10,15)
[MASK M486] area=4.0 perimeter=8.8 bbox=(703,830,3,4)
[MASK M487] area=6.0 perimeter=16.8 bbox=(594,830,2,9)
[MASK M488] area=4.0 perimeter=9.7 bbox=(551,830,3,5)
[MASK M489] area=0.0 perimeter=0.0 bbox=(440,830,1,1)
[MASK M490] area=3.0 perimeter=6.8 bbox=(401,830,3,3)
[MASK M491] area=0.5 perimeter=3.4 bbox=(545,829,2,2)
[MASK M492] area=1.5 perimeter=5.4 bbox=(649,828,3,2)
[MASK M493] area=3.5 perimeter=11.4 bbox=(615,828,2,6)
[MASK M494] area=0.0 perimeter=0.0 bbox=(475,828,1,1)
[MASK M495] area=0.0 perimeter=0.0 bbox=(403,828,1,1)
[MASK M496] area=6.5 perimeter=12.2 bbox=(1003,827,4,5)
[MASK M497] area=0.0 perimeter=0.0 bbox=(998,827,1,1)
[MASK M498] area=6.0 perimeter=11.7 bbox=(992,827,4,5)
[MASK M499] area=42.5 perimeter=28.7 bbox=(672,827,10,9)
[MASK M500] area=0.0 perimeter=2.0 bbox=(643,827,1,2)
[MASK M501] area=0.0 perimeter=4.0 bbox=(623,827,1,3)
[MASK M502] area=2.0 perimeter=6.8 bbox=(206,827,2,4)
[MASK M503] area=1.5 perimeter=5.4 bbox=(1353,826,3,2)
[MASK M504] area=0.0 perimeter=2.8 bbox=(916,826,2,2)
[MASK M505] area=0.5 perimeter=3.4 bbox=(894,826,2,2)
[MASK M506] area=0.0 perimeter=0.0 bbox=(652,826,1,1)
[MASK M507] area=31.0 perimeter=64.6 bbox=(1311,825,30,5)
[MASK M508] area=12.0 perimeter=25.3 bbox=(717,825,4,11)
[MASK M509] area=24.0 perimeter=25.3 bbox=(777,824,8,7)
[MASK M510] area=4.5 perimeter=9.1 bbox=(683,824,4,4)
[MASK M511] area=2.0 perimeter=6.0 bbox=(645,824,2,3)
[MASK M512] area=2.0 perimeter=8.8 bbox=(593,824,2,5)
[MASK M513] area=31.5 perimeter=38.4 bbox=(531,824,9,12)
[MASK M514] area=0.0 perimeter=0.0 bbox=(993,823,1,1)
[MASK M515] area=1.0 perimeter=4.8 bbox=(744,823,3,2)
[MASK M516] area=22.0 perimeter=19.7 bbox=(662,823,6,7)
[MASK M517] area=8.0 perimeter=14.8 bbox=(626,823,3,7)
[MASK M518] area=135.5 perimeter=58.0 bbox=(76,823,17,15)
[MASK M519] area=1.0 perimeter=4.0 bbox=(55,823,2,2)
[MASK M520] area=3.5 perimeter=7.4 bbox=(1353,822,3,3)
[MASK M521] area=0.5 perimeter=3.4 bbox=(1031,822,2,2)
[MASK M522] area=52.5 perimeter=32.4 bbox=(766,822,8,14)
[MASK M523] area=0.0 perimeter=0.0 bbox=(552,822,1,1)
[MASK M524] area=0.0 perimeter=0.0 bbox=(531,822,1,1)
[MASK M525] area=0.0 perimeter=0.0 bbox=(190,822,1,1)
[MASK M526] area=5.5 perimeter=11.1 bbox=(706,821,3,5)
[MASK M527] area=0.0 perimeter=6.0 bbox=(616,821,1,4)
[MASK M528] area=3.0 perimeter=6.8 bbox=(261,821,3,3)
[MASK M529] area=0.0 perimeter=0.0 bbox=(188,821,1,1)
[MASK M530] area=0.0 perimeter=4.0 bbox=(1336,820,3,1)
[MASK M531] area=0.0 perimeter=0.0 bbox=(966,820,1,1)
[MASK M532] area=23.0 perimeter=30.1 bbox=(930,820,7,12)
[MASK M533] area=3.0 perimeter=9.7 bbox=(924,820,4,3)
[MASK M534] area=13.5 perimeter=21.9 bbox=(736,820,4,10)
[MASK M535] area=14.0 perimeter=16.5 bbox=(669,820,7,5)
[MASK M536] area=3.0 perimeter=8.0 bbox=(1247,819,2,4)
[MASK M537] area=0.0 perimeter=2.0 bbox=(1174,819,2,1)
[MASK M538] area=55.5 perimeter=47.2 bbox=(826,819,19,7)
[MASK M539] area=0.0 perimeter=0.0 bbox=(797,819,1,1)
[MASK M540] area=0.0 perimeter=0.0 bbox=(740,819,1,1)
[MASK M541] area=0.5 perimeter=3.4 bbox=(701,819,2,2)
[MASK M542] area=0.5 perimeter=3.4 bbox=(643,819,2,2)
[MASK M543] area=2.0 perimeter=6.8 bbox=(517,819,3,3)
[MASK M544] area=22.0 perimeter=19.3 bbox=(449,819,6,8)
[MASK M545] area=9.5 perimeter=23.1 bbox=(198,819,4,11)
[MASK M546] area=50.0 perimeter=33.8 bbox=(949,818,12,10)
[MASK M547] area=9.5 perimeter=13.9 bbox=(873,818,5,6)
[MASK M548] area=1.5 perimeter=5.4 bbox=(762,818,2,3)
[MASK M549] area=3.5 perimeter=7.4 bbox=(720,818,3,3)
[MASK M550] area=4.5 perimeter=15.4 bbox=(612,818,2,8)
[MASK M551] area=19.5 perimeter=17.1 bbox=(461,818,5,7)
[MASK M552] area=9.0 perimeter=11.7 bbox=(1323,817,5,4)
[MASK M553] area=0.0 perimeter=2.0 bbox=(942,817,1,2)
[MASK M554] area=1.0 perimeter=6.8 bbox=(704,817,3,3)
[MASK M555] area=0.0 perimeter=2.8 bbox=(639,817,2,2)
[MASK M556] area=187.0 perimeter=73.1 bbox=(567,817,20,17)
[MASK M557] area=0.0 perimeter=0.0 bbox=(484,817,1,1)
[MASK M558] area=32.0 perimeter=37.5 bbox=(182,817,9,13)
[MASK M559] area=1.5 perimeter=5.4 bbox=(2,817,2,3)
[MASK M560] area=0.0 perimeter=2.0 bbox=(1156,816,1,2)
[MASK M561] area=5.0 perimeter=15.7 bbox=(993,816,5,5)
[MASK M562] area=1.5 perimeter=5.4 bbox=(737,816,3,2)
[MASK M563] area=0.0 perimeter=2.0 bbox=(701,816,1,2)
[MASK M564] area=11.0 perimeter=16.5 bbox=(678,816,4,8)
[MASK M565] area=0.0 perimeter=4.0 bbox=(224,816,1,3)
[MASK M566] area=0.0 perimeter=0.0 bbox=(0,816,1,1)
[MASK M567] area=0.0 perimeter=4.8 bbox=(1346,815,3,2)
[MASK M568] area=0.0 perimeter=0.0 bbox=(1017,815,1,1)
[MASK M569] area=20.0 perimeter=21.3 bbox=(877,815,6,9)
[MASK M570] area=43.5 perimeter=38.0 bbox=(813,815,11,10)
[MASK M571] area=0.0 perimeter=0.0 bbox=(815,815,1,1)
[MASK M572] area=0.0 perimeter=2.0 bbox=(726,815,2,1)
[MASK M573] area=0.0 perimeter=2.0 bbox=(595,815,2,1)
[MASK M574] area=138.0 perimeter=118.8 bbox=(511,815,21,41)
[MASK M575] area=7.5 perimeter=13.1 bbox=(133,815,4,6)
[MASK M576] area=261.0 perimeter=112.9 bbox=(16,815,30,18)
[MASK M577] area=0.0 perimeter=4.0 bbox=(1340,814,3,1)
[MASK M578] area=2.5 perimeter=7.4 bbox=(1271,814,4,2)
[MASK M579] area=71.5 perimeter=38.7 bbox=(851,814,10,13)
[MASK M580] area=0.0 perimeter=2.0 bbox=(675,814,1,2)
[MASK M581] area=0.0 perimeter=0.0 bbox=(149,814,1,1)
[MASK M582] area=0.0 perimeter=0.0 bbox=(816,813,1,1)
[MASK M583] area=62.0 perimeter=39.8 bbox=(496,813,12,14)
[MASK M584] area=2.0 perimeter=6.8 bbox=(415,813,2,4)
[MASK M585] area=0.0 perimeter=2.0 bbox=(735,812,2,1)
[MASK M586] area=0.0 perimeter=2.0 bbox=(409,812,2,1)
[MASK M587] area=10.5 perimeter=15.1 bbox=(202,812,4,6)
[MASK M588] area=0.5 perimeter=3.4 bbox=(195,812,2,2)
[MASK M589] area=0.5 perimeter=3.4 bbox=(800,811,2,2)
[MASK M590] area=3.0 perimeter=10.8 bbox=(746,811,2,5)
[MASK M591] area=2.5 perimeter=8.2 bbox=(66,811,3,4)
[MASK M592] area=20.0 perimeter=33.0 bbox=(49,811,8,11)
[MASK M593] area=0.0 perimeter=0.0 bbox=(1176,810,1,1)
[MASK M594] area=3.0 perimeter=7.7 bbox=(1162,810,4,3)
[MASK M595] area=0.0 perimeter=6.0 bbox=(388,810,4,1)
[MASK M596] area=34.0 perimeter=41.0 bbox=(1326,809,16,9)
[MASK M597] area=3.5 perimeter=10.2 bbox=(1284,809,5,3)
[MASK M598] area=79.0 perimeter=91.3 bbox=(1226,809,21,36)
[MASK M599] area=0.0 perimeter=8.0 bbox=(628,809,1,5)
[MASK M600] area=0.0 perimeter=0.0 bbox=(583,809,1,1)
[MASK M601] area=6.0 perimeter=10.8 bbox=(80,809,5,3)
[MASK M602] area=2.5 perimeter=11.4 bbox=(1350,808,6,2)
[MASK M603] area=0.0 perimeter=0.0 bbox=(1011,808,1,1)
[MASK M604] area=6.5 perimeter=21.1 bbox=(884,808,9,5)
[MASK M605] area=21.5 perimeter=36.4 bbox=(754,808,7,12)
[MASK M606] area=0.0 perimeter=2.0 bbox=(695,808,2,1)
[MASK M607] area=1.0 perimeter=4.0 bbox=(637,808,2,2)
[MASK M608] area=4.0 perimeter=20.5 bbox=(585,808,5,5)
[MASK M609] area=14.5 perimeter=19.1 bbox=(471,808,8,5)
[MASK M610] area=6.0 perimeter=13.7 bbox=(1017,807,3,7)
[MASK M611] area=2.0 perimeter=10.8 bbox=(992,807,2,6)
[MASK M612] area=7.5 perimeter=13.9 bbox=(894,807,6,4)
[MASK M613] area=11.0 perimeter=21.3 bbox=(537,807,7,6)
[MASK M614] area=0.0 perimeter=2.0 bbox=(449,807,1,2)
[MASK M615] area=0.5 perimeter=3.4 bbox=(187,807,2,2)
[MASK M616] area=43.5 perimeter=47.6 bbox=(170,807,6,22)
[MASK M617] area=0.0 perimeter=8.0 bbox=(123,807,5,1)
[MASK M618] area=0.0 perimeter=4.0 bbox=(1171,806,3,1)
[MASK M619] area=0.0 perimeter=4.8 bbox=(1114,806,2,3)
[MASK M620] area=0.0 perimeter=2.0 bbox=(857,806,2,1)
[MASK M621] area=28.5 perimeter=21.1 bbox=(717,806,6,8)
[MASK M622] area=0.5 perimeter=3.4 bbox=(458,806,2,2)
[MASK M623] area=5.5 perimeter=12.2 bbox=(157,806,4,5)
[MASK M624] area=13.0 perimeter=15.7 bbox=(559,805,5,6)
[MASK M625] area=0.0 perimeter=0.0 bbox=(556,805,1,1)
[MASK M626] area=2.0 perimeter=6.8 bbox=(1261,804,2,4)
[MASK M627] area=64.0 perimeter=62.3 bbox=(978,804,9,25)
[MASK M628] area=2.5 perimeter=7.4 bbox=(867,804,3,3)
[MASK M629] area=3.0 perimeter=8.0 bbox=(813,804,2,4)
[MASK M630] area=2.5 perimeter=8.2 bbox=(472,804,3,4)
[MASK M631] area=0.0 perimeter=2.0 bbox=(449,804,2,1)
[MASK M632] area=7.5 perimeter=13.1 bbox=(1101,803,5,5)
[MASK M633] area=1.0 perimeter=4.0 bbox=(993,803,2,2)
[MASK M634] area=59.5 perimeter=82.3 bbox=(765,803,26,15)
[MASK M635] area=0.0 perimeter=0.0 bbox=(553,803,1,1)
[MASK M636] area=3.5 perimeter=9.4 bbox=(529,803,2,5)
[MASK M637] area=91.5 perimeter=40.4 bbox=(510,803,11,15)
[MASK M638] area=77.5 perimeter=47.2 bbox=(91,803,8,20)
[MASK M639] area=0.0 perimeter=2.8 bbox=(71,803,2,2)
[MASK M640] area=4.5 perimeter=8.2 bbox=(1232,802,3,4)
[MASK M641] area=28.5 perimeter=40.4 bbox=(792,802,8,16)
[MASK M642] area=78.0 perimeter=77.5 bbox=(601,802,8,34)
[MASK M643] area=0.0 perimeter=2.0 bbox=(598,802,1,2)
[MASK M644] area=0.0 perimeter=0.0 bbox=(541,802,1,1)
[MASK M645] area=3.5 perimeter=8.2 bbox=(368,802,3,4)
[MASK M646] area=5.0 perimeter=17.7 bbox=(200,802,3,9)
[MASK M647] area=150.5 perimeter=96.7 bbox=(937,801,36,15)
[MASK M648] area=0.0 perimeter=0.0 bbox=(589,801,1,1)
[MASK M649] area=2.0 perimeter=6.0 bbox=(1311,800,3,2)
[MASK M650] area=0.0 perimeter=2.0 bbox=(982,800,1,2)
[MASK M651] area=88.5 perimeter=51.7 bbox=(672,800,14,14)
[MASK M652] area=9.0 perimeter=13.7 bbox=(801,799,4,6)
[MASK M653] area=2.0 perimeter=6.0 bbox=(728,799,2,3)
[MASK M654] area=9.0 perimeter=15.7 bbox=(156,799,6,5)
[MASK M655] area=4.5 perimeter=13.1 bbox=(1350,798,6,4)
[MASK M656] area=26.5 perimeter=25.9 bbox=(1031,798,6,10)
[MASK M657] area=14.0 perimeter=24.5 bbox=(843,798,8,7)
[MASK M658] area=58.5 perimeter=103.2 bbox=(654,798,13,26)
[MASK M659] area=5.5 perimeter=10.2 bbox=(208,798,5,3)
[MASK M660] area=0.0 perimeter=0.0 bbox=(109,798,1,1)
[MASK M661] area=17.0 perimeter=22.5 bbox=(1339,797,8,7)
[MASK M662] area=5.5 perimeter=10.2 bbox=(621,797,4,4)
[MASK M663] area=0.0 perimeter=5.7 bbox=(586,797,3,3)
[MASK M664] area=2.5 perimeter=6.2 bbox=(218,797,3,3)
[MASK M665] area=1.5 perimeter=8.2 bbox=(187,797,3,3)
[MASK M666] area=1.0 perimeter=4.8 bbox=(126,797,3,2)
[MASK M667] area=0.5 perimeter=3.4 bbox=(1094,796,2,2)
[MASK M668] area=0.0 perimeter=4.0 bbox=(992,796,1,3)
[MASK M669] area=22.5 perimeter=21.9 bbox=(625,796,9,6)
[MASK M670] area=0.0 perimeter=0.0 bbox=(1352,795,1,1)
[MASK M671] area=1.0 perimeter=4.8 bbox=(1289,795,2,3)
[MASK M672] area=0.5 perimeter=3.4 bbox=(1229,795,2,2)
[MASK M673] area=9.5 perimeter=14.2 bbox=(824,795,6,4)
[MASK M674] area=18.0 perimeter=23.3 bbox=(644,795,4,10)
[MASK M675] area=2.0 perimeter=10.8 bbox=(1223,794,2,6)
[MASK M676] area=2.0 perimeter=6.8 bbox=(563,794,2,4)
[MASK M677] area=3.5 perimeter=7.4 bbox=(1105,793,3,3)
[MASK M678] area=29.5 perimeter=23.9 bbox=(450,793,6,10)
[MASK M679] area=26.0 perimeter=27.7 bbox=(371,793,11,5)
[MASK M680] area=4.5 perimeter=13.1 bbox=(363,793,3,6)
[MASK M681] area=0.5 perimeter=3.4 bbox=(854,792,2,2)
[MASK M682] area=3.0 perimeter=6.8 bbox=(835,792,3,3)
[MASK M683] area=12.5 perimeter=17.1 bbox=(787,792,4,7)
[MASK M684] area=62.5 perimeter=45.2 bbox=(685,792,14,12)
[MASK M685] area=0.0 perimeter=0.0 bbox=(591,792,1,1)
[MASK M686] area=15.5 perimeter=19.9 bbox=(405,792,6,8)
[MASK M687] area=1.5 perimeter=5.4 bbox=(1199,791,3,2)
[MASK M688] area=4.0 perimeter=8.0 bbox=(981,791,3,3)
[MASK M689] area=1.0 perimeter=4.8 bbox=(752,791,2,3)
[MASK M690] area=0.0 perimeter=0.0 bbox=(725,791,1,1)
[MASK M691] area=24.5 perimeter=41.2 bbox=(666,791,16,7)
[MASK M692] area=10.0 perimeter=16.5 bbox=(529,791,6,6)
[MASK M693] area=1.5 perimeter=6.2 bbox=(1271,790,3,3)
[MASK M694] area=100.0 perimeter=41.8 bbox=(481,790,14,12)
[MASK M695] area=0.0 perimeter=2.0 bbox=(393,790,1,2)
[MASK M696] area=0.0 perimeter=0.0 bbox=(318,790,1,1)
[MASK M697] area=0.0 perimeter=0.0 bbox=(313,790,1,1)
[MASK M698] area=0.0 perimeter=2.0 bbox=(211,790,1,2)
[MASK M699] area=16.5 perimeter=21.9 bbox=(154,790,8,7)
[MASK M700] area=2.5 perimeter=6.2 bbox=(906,789,3,3)
[MASK M701] area=25.0 perimeter=23.3 bbox=(779,789,6,10)
[MASK M702] area=0.0 perimeter=0.0 bbox=(754,789,1,1)
[MASK M703] area=11.5 perimeter=14.2 bbox=(662,789,4,6)
[MASK M704] area=2765.0 perimeter=1152.2 bbox=(839,788,500,156)
[MASK M705] area=0.0 perimeter=0.0 bbox=(1232,788,1,1)
[MASK M706] area=4.0 perimeter=11.7 bbox=(991,788,3,6)
[MASK M707] area=10.0 perimeter=15.7 bbox=(743,788,7,4)
[MASK M708] area=2.0 perimeter=6.0 bbox=(1295,787,2,3)
[MASK M709] area=6.0 perimeter=11.7 bbox=(1221,787,3,6)
[MASK M710] area=0.0 perimeter=0.0 bbox=(1200,787,1,1)
[MASK M711] area=21.5 perimeter=19.1 bbox=(1131,787,8,5)
[MASK M712] area=0.0 perimeter=0.0 bbox=(865,787,1,1)
[MASK M713] area=0.5 perimeter=8.2 bbox=(600,787,2,4)
[MASK M714] area=10.0 perimeter=15.7 bbox=(546,787,6,5)
[MASK M715] area=1.5 perimeter=5.4 bbox=(176,787,3,2)
[MASK M716] area=0.5 perimeter=3.4 bbox=(87,787,2,2)
[MASK M717] area=37.0 perimeter=41.5 bbox=(945,786,16,10)
[MASK M718] area=2.0 perimeter=6.0 bbox=(899,786,2,3)
[MASK M719] area=26.0 perimeter=23.3 bbox=(801,786,5,10)
[MASK M720] area=30.0 perimeter=39.3 bbox=(465,786,4,19)
[MASK M721] area=7.0 perimeter=19.7 bbox=(128,786,3,10)
[MASK M722] area=0.0 perimeter=0.0 bbox=(1056,785,1,1)
[MASK M723] area=4.5 perimeter=11.4 bbox=(978,785,3,5)
[MASK M724] area=1.0 perimeter=4.8 bbox=(889,785,3,2)
[MASK M725] area=0.0 perimeter=0.0 bbox=(1324,784,1,1)
[MASK M726] area=10.0 perimeter=16.5 bbox=(867,784,7,5)
[MASK M727] area=41.5 perimeter=28.7 bbox=(764,784,9,10)
[MASK M728] area=1.0 perimeter=4.0 bbox=(686,784,2,2)
[MASK M729] area=0.0 perimeter=0.0 bbox=(625,784,1,1)
[MASK M730] area=1.0 perimeter=4.0 bbox=(600,784,2,2)
[MASK M731] area=0.0 perimeter=4.0 bbox=(1222,783,1,3)
[MASK M732] area=0.0 perimeter=2.0 bbox=(915,783,1,2)
[MASK M733] area=51.0 perimeter=75.6 bbox=(732,783,18,22)
[MASK M734] area=96.5 perimeter=45.2 bbox=(704,783,15,14)
[MASK M735] area=17.5 perimeter=22.7 bbox=(540,783,6,9)
[MASK M736] area=0.0 perimeter=0.0 bbox=(70,783,1,1)
[MASK M737] area=0.0 perimeter=0.0 bbox=(68,783,1,1)
[MASK M738] area=2.5 perimeter=6.2 bbox=(825,782,3,3)
[MASK M739] area=2.0 perimeter=6.8 bbox=(761,782,3,3)
[MASK M740] area=16.0 perimeter=19.3 bbox=(697,782,5,8)
[MASK M741] area=2.5 perimeter=6.2 bbox=(638,782,3,3)
[MASK M742] area=0.0 perimeter=2.8 bbox=(401,782,2,2)
[MASK M743] area=0.0 perimeter=2.0 bbox=(157,782,1,2)
[MASK M744] area=10.5 perimeter=17.1 bbox=(146,782,5,7)
[MASK M745] area=36.0 perimeter=23.3 bbox=(71,782,8,8)
[MASK M746] area=0.5 perimeter=3.4 bbox=(1339,781,2,2)
[MASK M747] area=0.0 perimeter=4.0 bbox=(746,781,1,3)
[MASK M748] area=0.0 perimeter=2.0 bbox=(550,781,1,2)
[MASK M749] area=0.0 perimeter=2.0 bbox=(201,781,2,1)
[MASK M750] area=3.0 perimeter=8.8 bbox=(127,781,3,4)
[MASK M751] area=6.0 perimeter=10.8 bbox=(121,781,3,5)
[MASK M752] area=25.5 perimeter=24.2 bbox=(1346,780,8,7)
[MASK M753] area=0.5 perimeter=3.4 bbox=(685,780,2,2)
[MASK M754] area=49.5 perimeter=53.7 bbox=(574,780,8,22)
[MASK M755] area=23.5 perimeter=31.9 bbox=(559,780,6,14)
[MASK M756] area=0.0 perimeter=0.0 bbox=(344,780,1,1)
[MASK M757] area=0.0 perimeter=0.0 bbox=(1280,779,1,1)
[MASK M758] area=0.0 perimeter=0.0 bbox=(999,779,1,1)
[MASK M759] area=41.5 perimeter=35.6 bbox=(654,779,7,13)
[MASK M760] area=33.5 perimeter=36.4 bbox=(507,779,10,12)
[MASK M761] area=2.0 perimeter=13.7 bbox=(950,778,3,6)
[MASK M762] area=0.0 perimeter=0.0 bbox=(878,778,1,1)
[MASK M763] area=6.5 perimeter=17.9 bbox=(861,778,4,7)
[MASK M764] area=0.5 perimeter=8.2 bbox=(439,778,4,3)
[MASK M765] area=0.0 perimeter=0.0 bbox=(295,778,1,1)
[MASK M766] area=1.5 perimeter=5.4 bbox=(831,777,2,3)
[MASK M767] area=5.0 perimeter=13.3 bbox=(813,777,4,6)
[MASK M768] area=22.5 perimeter=27.6 bbox=(718,777,7,11)
[MASK M769] area=0.0 perimeter=0.0 bbox=(431,777,1,1)
[MASK M770] area=3.0 perimeter=13.7 bbox=(1329,776,5,4)
[MASK M771] area=25.5 perimeter=29.9 bbox=(1242,776,6,13)
[MASK M772] area=32.0 perimeter=27.0 bbox=(672,776,9,9)
[MASK M773] area=0.0 perimeter=0.0 bbox=(498,776,1,1)
[MASK M774] area=98.5 perimeter=97.5 bbox=(166,776,19,31)
[MASK M775] area=17.0 perimeter=25.3 bbox=(185,775,8,8)
[MASK M776] area=1.0 perimeter=7.7 bbox=(967,774,3,4)
[MASK M777] area=8.5 perimeter=12.2 bbox=(175,774,4,5)
[MASK M778] area=0.0 perimeter=0.0 bbox=(97,774,1,1)
[MASK M779] area=40.0 perimeter=63.1 bbox=(1302,773,23,16)
[MASK M780] area=9.0 perimeter=19.3 bbox=(1290,773,7,7)
[MASK M781] area=7.5 perimeter=17.9 bbox=(1027,773,6,7)
[MASK M782] area=1.0 perimeter=4.8 bbox=(930,773,2,3)
[MASK M783] area=43.5 perimeter=33.6 bbox=(736,773,8,13)
[MASK M784] area=2.5 perimeter=8.2 bbox=(514,773,3,4)
[MASK M785] area=0.0 perimeter=4.8 bbox=(952,772,2,3)
[MASK M786] area=0.0 perimeter=0.0 bbox=(927,772,1,1)
[MASK M787] area=0.0 perimeter=2.0 bbox=(674,772,1,2)
[MASK M788] area=0.0 perimeter=4.0 bbox=(661,772,1,3)
[MASK M789] area=1.0 perimeter=4.0 bbox=(619,772,2,2)
[MASK M790] area=12.0 perimeter=27.3 bbox=(540,772,6,10)
[MASK M791] area=0.0 perimeter=0.0 bbox=(379,772,1,1)
[MASK M792] area=21.0 perimeter=32.1 bbox=(271,772,7,12)
[MASK M793] area=32.0 perimeter=52.6 bbox=(196,772,6,23)
[MASK M794] area=3.5 perimeter=8.2 bbox=(784,771,3,4)
[MASK M795] area=0.0 perimeter=2.0 bbox=(758,771,2,1)
[MASK M796] area=6.0 perimeter=11.7 bbox=(1285,770,4,5)
[MASK M797] area=2.0 perimeter=6.0 bbox=(1047,770,2,3)
[MASK M798] area=6.0 perimeter=13.7 bbox=(500,770,4,5)
[MASK M799] area=0.0 perimeter=0.0 bbox=(376,770,1,1)
[MASK M800] area=3.0 perimeter=7.7 bbox=(1249,769,3,4)
[MASK M801] area=0.5 perimeter=3.4 bbox=(1069,769,2,2)
[MASK M802] area=0.5 perimeter=8.2 bbox=(923,769,3,4)
[MASK M803] area=0.0 perimeter=2.0 bbox=(911,769,1,2)
[MASK M804] area=0.5 perimeter=3.4 bbox=(647,769,2,2)
[MASK M805] area=1.0 perimeter=4.8 bbox=(230,769,3,2)
[MASK M806] area=6.0 perimeter=13.7 bbox=(174,769,6,4)
[MASK M807] area=0.0 perimeter=0.0 bbox=(1101,768,1,1)
[MASK M808] area=4.0 perimeter=16.5 bbox=(1038,768,5,6)
[MASK M809] area=0.0 perimeter=0.0 bbox=(906,768,1,1)
[MASK M810] area=6.0 perimeter=11.7 bbox=(830,768,5,4)
[MASK M811] area=77.5 perimeter=77.0 bbox=(791,768,21,13)
[MASK M812] area=76.5 perimeter=54.0 bbox=(767,768,16,13)
[MASK M813] area=5.0 perimeter=21.7 bbox=(559,768,3,11)
[MASK M814] area=0.0 perimeter=0.0 bbox=(146,768,1,1)
[MASK M815] area=33.5 perimeter=36.4 bbox=(693,767,9,11)
[MASK M816] area=6.0 perimeter=11.7 bbox=(554,767,3,6)
[MASK M817] area=0.0 perimeter=2.0 bbox=(238,767,2,1)
[MASK M818] area=0.0 perimeter=0.0 bbox=(224,767,1,1)
[MASK M819] area=1.0 perimeter=4.8 bbox=(220,767,3,2)
[MASK M820] area=0.0 perimeter=4.0 bbox=(196,767,1,3)
[MASK M821] area=0.0 perimeter=2.0 bbox=(129,767,1,2)
[MASK M822] area=2.5 perimeter=10.2 bbox=(1322,766,5,3)
[MASK M823] area=1.0 perimeter=4.0 bbox=(1190,766,2,2)
[MASK M824] area=0.0 perimeter=0.0 bbox=(917,766,1,1)
[MASK M825] area=2.0 perimeter=7.7 bbox=(912,766,3,3)
[MASK M826] area=0.0 perimeter=0.0 bbox=(885,766,1,1)
[MASK M827] area=24.5 perimeter=25.1 bbox=(641,766,4,12)
[MASK M828] area=0.0 perimeter=0.0 bbox=(587,766,1,1)
[MASK M829] area=15.5 perimeter=17.1 bbox=(304,766,6,6)
[MASK M830] area=0.0 perimeter=0.0 bbox=(179,766,1,1)
[MASK M831] area=25.5 perimeter=20.2 bbox=(1346,765,6,7)
[MASK M832] area=0.0 perimeter=0.0 bbox=(1321,765,1,1)
[MASK M833] area=0.0 perimeter=0.0 bbox=(1255,765,1,1)
[MASK M834] area=0.0 perimeter=0.0 bbox=(1237,765,1,1)
[MASK M835] area=0.0 perimeter=0.0 bbox=(721,765,1,1)
[MASK M836] area=0.0 perimeter=0.0 bbox=(397,765,1,1)
[MASK M837] area=0.0 perimeter=0.0 bbox=(183,765,1,1)
[MASK M838] area=0.0 perimeter=2.0 bbox=(181,765,1,2)
[MASK M839] area=0.5 perimeter=3.4 bbox=(82,765,2,2)
[MASK M840] area=1.0 perimeter=8.8 bbox=(994,764,5,2)
[MASK M841] area=11.0 perimeter=13.7 bbox=(929,764,5,5)
[MASK M842] area=112.5 perimeter=111.7 bbox=(607,764,7,52)
[MASK M843] area=1.0 perimeter=4.8 bbox=(598,764,2,3)
[MASK M844] area=0.0 perimeter=2.0 bbox=(450,764,1,2)
[MASK M845] area=0.0 perimeter=0.0 bbox=(100,764,1,1)
[MASK M846] area=2.5 perimeter=6.2 bbox=(1265,763,3,3)
[MASK M847] area=12.5 perimeter=29.1 bbox=(634,763,4,14)
[MASK M848] area=96.0 perimeter=77.5 bbox=(470,763,14,28)
[MASK M849] area=3.0 perimeter=6.8 bbox=(1224,762,3,3)
[MASK M850] area=5.5 perimeter=9.4 bbox=(1187,762,4,3)
[MASK M851] area=48.5 perimeter=40.4 bbox=(724,762,9,17)
[MASK M852] area=166.0 perimeter=96.3 bbox=(521,762,9,44)
[MASK M853] area=0.0 perimeter=0.0 bbox=(345,762,1,1)
[MASK M854] area=7.0 perimeter=13.7 bbox=(1310,761,6,4)
[MASK M855] area=73.0 perimeter=59.1 bbox=(974,761,9,23)
[MASK M856] area=0.0 perimeter=2.8 bbox=(933,761,2,2)
[MASK M857] area=8.0 perimeter=14.5 bbox=(889,761,4,6)
[MASK M858] area=1.0 perimeter=6.8 bbox=(863,761,3,3)
[MASK M859] area=2.0 perimeter=7.7 bbox=(809,761,4,3)
[MASK M860] area=3.5 perimeter=7.4 bbox=(774,761,3,3)
[MASK M861] area=16.0 perimeter=24.1 bbox=(543,761,8,6)
[MASK M862] area=1.5 perimeter=5.4 bbox=(391,761,2,3)
[MASK M863] area=2.0 perimeter=6.8 bbox=(357,761,3,3)
[MASK M864] area=25.0 perimeter=22.1 bbox=(942,760,7,8)
[MASK M865] area=25.5 perimeter=30.4 bbox=(616,760,9,10)
[MASK M866] area=0.0 perimeter=0.0 bbox=(542,760,1,1)
[MASK M867] area=0.0 perimeter=2.0 bbox=(284,760,2,1)
[MASK M868] area=44.5 perimeter=33.9 bbox=(163,760,6,14)
[MASK M869] area=23.0 perimeter=24.1 bbox=(195,759,8,7)
[MASK M870] area=2.0 perimeter=11.7 bbox=(1272,758,6,3)
[MASK M871] area=18.0 perimeter=19.7 bbox=(868,758,7,6)
[MASK M872] area=0.5 perimeter=3.4 bbox=(709,758,2,2)
[MASK M873] area=68.5 perimeter=37.6 bbox=(532,758,8,16)
[MASK M874] area=0.5 perimeter=9.1 bbox=(347,758,4,4)
[MASK M875] area=6.0 perimeter=10.8 bbox=(185,758,4,4)
[MASK M876] area=5.5 perimeter=13.1 bbox=(147,758,6,4)
[MASK M877] area=0.0 perimeter=0.0 bbox=(888,757,1,1)
[MASK M878] area=22.0 perimeter=31.0 bbox=(780,757,6,12)
[MASK M879] area=0.0 perimeter=0.0 bbox=(700,757,1,1)
[MASK M880] area=27.0 perimeter=19.3 bbox=(497,757,7,7)
[MASK M881] area=0.0 perimeter=2.0 bbox=(437,757,1,2)
[MASK M882] area=0.0 perimeter=4.8 bbox=(697,756,2,3)
[MASK M883] area=0.0 perimeter=0.0 bbox=(696,756,1,1)
[MASK M884] area=0.0 perimeter=0.0 bbox=(556,756,1,1)
[MASK M885] area=0.0 perimeter=4.8 bbox=(1219,755,2,3)
[MASK M886] area=6.0 perimeter=10.8 bbox=(802,755,4,4)
[MASK M887] area=0.0 perimeter=2.0 bbox=(188,755,1,2)
[MASK M888] area=3.0 perimeter=6.8 bbox=(167,755,3,3)
[MASK M889] area=3.5 perimeter=13.1 bbox=(155,755,6,3)
[MASK M890] area=35.0 perimeter=26.1 bbox=(1328,754,9,9)
[MASK M891] area=0.5 perimeter=7.4 bbox=(1246,754,3,3)
[MASK M892] area=0.0 perimeter=0.0 bbox=(858,754,1,1)
[MASK M893] area=22.5 perimeter=33.6 bbox=(665,754,10,9)
[MASK M894] area=30.5 perimeter=44.4 bbox=(644,753,12,14)
[MASK M895] area=17.0 perimeter=20.5 bbox=(611,753,7,7)
[MASK M896] area=2.0 perimeter=6.0 bbox=(356,753,3,2)
[MASK M897] area=11.5 perimeter=19.9 bbox=(287,753,5,7)
[MASK M898] area=3.5 perimeter=8.2 bbox=(1323,752,4,3)
[MASK M899] area=0.0 perimeter=0.0 bbox=(1219,752,1,1)
[MASK M900] area=35.5 perimeter=31.6 bbox=(821,752,10,8)
[MASK M901] area=23.5 perimeter=28.7 bbox=(652,752,9,8)
[MASK M902] area=5.5 perimeter=10.2 bbox=(331,752,3,5)
[MASK M903] area=0.0 perimeter=0.0 bbox=(302,752,1,1)
[MASK M904] area=0.0 perimeter=2.0 bbox=(183,752,1,2)
[MASK M905] area=4.0 perimeter=8.8 bbox=(144,752,3,4)
[MASK M906] area=0.5 perimeter=3.4 bbox=(1249,751,2,2)
[MASK M907] area=0.0 perimeter=2.0 bbox=(1102,751,2,1)
[MASK M908] area=1.5 perimeter=5.4 bbox=(955,751,3,2)
[MASK M909] area=48.0 perimeter=53.1 bbox=(678,751,18,9)
[MASK M910] area=33.5 perimeter=41.9 bbox=(512,751,4,20)
[MASK M911] area=15.0 perimeter=15.7 bbox=(192,751,6,5)
[MASK M912] area=2.0 perimeter=6.8 bbox=(1077,750,4,2)
[MASK M913] area=0.0 perimeter=0.0 bbox=(1065,750,1,1)
[MASK M914] area=25.5 perimeter=25.6 bbox=(929,750,8,10)
[MASK M915] area=2.0 perimeter=11.7 bbox=(911,750,3,6)
[MASK M916] area=21.5 perimeter=34.4 bbox=(883,750,12,7)
[MASK M917] area=0.5 perimeter=3.4 bbox=(678,750,2,2)
[MASK M918] area=1.0 perimeter=4.8 bbox=(475,750,3,2)
[MASK M919] area=18.5 perimeter=17.9 bbox=(1302,749,7,6)
[MASK M920] area=0.0 perimeter=0.0 bbox=(896,749,1,1)
[MASK M921] area=1.5 perimeter=5.4 bbox=(841,749,2,3)
[MASK M922] area=2.0 perimeter=6.0 bbox=(495,749,3,2)
[MASK M923] area=0.0 perimeter=2.0 bbox=(325,749,2,1)
[MASK M924] area=0.0 perimeter=0.0 bbox=(153,749,1,1)
[MASK M925] area=24.5 perimeter=25.9 bbox=(1230,748,6,10)
[MASK M926] area=0.0 perimeter=0.0 bbox=(894,748,1,1)
[MASK M927] area=49.5 perimeter=45.2 bbox=(847,748,10,16)
[MASK M928] area=0.0 perimeter=2.0 bbox=(701,748,1,2)
[MASK M929] area=53.5 perimeter=31.6 bbox=(580,748,8,13)
[MASK M930] area=8.5 perimeter=23.6 bbox=(548,748,9,5)
[MASK M931] area=0.5 perimeter=3.4 bbox=(537,748,2,2)
[MASK M932] area=5.5 perimeter=10.2 bbox=(227,748,3,5)
[MASK M933] area=0.0 perimeter=0.0 bbox=(690,747,1,1)
[MASK M934] area=25.0 perimeter=28.5 bbox=(507,747,4,14)
[MASK M935] area=26.0 perimeter=30.1 bbox=(127,747,7,12)
[MASK M936] area=9.0 perimeter=14.8 bbox=(978,746,3,7)
[MASK M937] area=0.0 perimeter=2.0 bbox=(951,746,1,2)
[MASK M938] area=0.0 perimeter=2.0 bbox=(914,746,1,2)
[MASK M939] area=1.5 perimeter=5.4 bbox=(222,746,3,2)
[MASK M940] area=4.5 perimeter=8.2 bbox=(1269,745,3,4)
[MASK M941] area=0.0 perimeter=2.0 bbox=(948,745,2,1)
[MASK M942] area=2.0 perimeter=6.0 bbox=(916,745,2,3)
[MASK M943] area=13.5 perimeter=17.1 bbox=(736,745,5,7)
[MASK M944] area=35.5 perimeter=27.6 bbox=(716,745,8,11)
[MASK M945] area=0.0 perimeter=0.0 bbox=(493,744,1,1)
[MASK M946] area=6.5 perimeter=12.2 bbox=(411,744,3,6)
[MASK M947] area=3.0 perimeter=6.8 bbox=(236,744,3,3)
[MASK M948] area=2.0 perimeter=6.8 bbox=(84,744,3,3)
[MASK M949] area=0.5 perimeter=3.4 bbox=(1128,743,2,2)
[MASK M950] area=4.0 perimeter=8.8 bbox=(849,743,3,4)
[MASK M951] area=0.0 perimeter=0.0 bbox=(832,743,1,1)
[MASK M952] area=11.0 perimeter=13.7 bbox=(726,743,5,5)
[MASK M953] area=34.0 perimeter=28.1 bbox=(624,743,7,10)
[MASK M954] area=0.0 perimeter=0.0 bbox=(218,743,1,1)
[MASK M955] area=12.5 perimeter=15.1 bbox=(157,743,7,4)
[MASK M956] area=0.0 perimeter=2.8 bbox=(154,743,2,2)
[MASK M957] area=17.0 perimeter=21.7 bbox=(1195,742,4,10)
[MASK M958] area=0.0 perimeter=0.0 bbox=(820,742,1,1)
[MASK M959] area=0.0 perimeter=0.0 bbox=(777,742,1,1)
[MASK M960] area=0.0 perimeter=0.0 bbox=(548,742,1,1)
[MASK M961] area=0.0 perimeter=0.0 bbox=(276,742,1,1)
[MASK M962] area=5.5 perimeter=13.1 bbox=(244,742,5,4)
[MASK M963] area=172.0 perimeter=91.9 bbox=(565,741,11,34)
[MASK M964] area=0.0 perimeter=2.0 bbox=(536,741,1,2)
[MASK M965] area=59.5 perimeter=42.7 bbox=(444,741,8,18)
[MASK M966] area=0.5 perimeter=3.4 bbox=(339,741,2,2)
[MASK M967] area=0.0 perimeter=6.0 bbox=(929,740,1,4)
[MASK M968] area=0.0 perimeter=0.0 bbox=(814,740,1,1)
[MASK M969] area=0.0 perimeter=0.0 bbox=(578,740,1,1)
[MASK M970] area=0.0 perimeter=2.0 bbox=(558,740,1,2)
[MASK M971] area=193.5 perimeter=93.0 bbox=(364,740,29,18)
[MASK M972] area=47.0 perimeter=35.3 bbox=(1078,739,11,10)
[MASK M973] area=0.0 perimeter=2.0 bbox=(915,739,1,2)
[MASK M974] area=0.0 perimeter=2.8 bbox=(501,739,2,2)
[MASK M975] area=0.5 perimeter=5.4 bbox=(418,739,2,3)
[MASK M976] area=0.0 perimeter=2.0 bbox=(746,738,1,2)
[MASK M977] area=0.5 perimeter=3.4 bbox=(545,738,2,2)
[MASK M978] area=0.0 perimeter=5.7 bbox=(162,738,3,3)
[MASK M979] area=7.5 perimeter=11.4 bbox=(1291,737,4,4)
[MASK M980] area=0.0 perimeter=2.0 bbox=(655,737,2,1)
[MASK M981] area=28.0 perimeter=29.0 bbox=(615,737,8,11)
[MASK M982] area=0.0 perimeter=0.0 bbox=(574,737,1,1)
[MASK M983] area=0.0 perimeter=2.0 bbox=(442,737,1,2)
[MASK M984] area=0.5 perimeter=3.4 bbox=(1196,736,2,2)
[MASK M985] area=123.5 perimeter=117.5 bbox=(986,736,11,48)
[MASK M986] area=1.0 perimeter=4.0 bbox=(873,736,2,2)
[MASK M987] area=0.5 perimeter=3.4 bbox=(703,736,2,2)
[MASK M988] area=3.0 perimeter=6.8 bbox=(136,736,3,3)
[MASK M989] area=64.0 perimeter=51.1 bbox=(794,735,18,10)
[MASK M990] area=93.5 perimeter=72.9 bbox=(515,735,13,20)
[MASK M991] area=0.0 perimeter=2.0 bbox=(485,735,1,2)
[MASK M992] area=0.0 perimeter=0.0 bbox=(288,735,1,1)
[MASK M993] area=1.5 perimeter=5.4 bbox=(881,734,2,3)
[MASK M994] area=0.5 perimeter=3.4 bbox=(878,734,2,2)
[MASK M995] area=0.0 perimeter=0.0 bbox=(864,734,1,1)
[MASK M996] area=15.0 perimeter=18.5 bbox=(579,734,5,7)
[MASK M997] area=8.5 perimeter=13.1 bbox=(119,734,4,6)
[MASK M998] area=0.0 perimeter=0.0 bbox=(1331,733,1,1)
[MASK M999] area=3.5 perimeter=7.4 bbox=(1277,733,3,3)
[MASK M1000] area=12.0 perimeter=14.8 bbox=(1096,733,4,6)
[MASK M1001] area=1.5 perimeter=8.2 bbox=(1013,733,4,3)
[MASK M1002] area=0.0 perimeter=0.0 bbox=(868,733,1,1)
[MASK M1003] area=0.5 perimeter=12.2 bbox=(679,733,5,4)
[MASK M1004] area=3.5 perimeter=8.2 bbox=(339,733,3,4)
[MASK M1005] area=3.5 perimeter=10.2 bbox=(1005,732,5,3)
[MASK M1006] area=0.0 perimeter=4.0 bbox=(986,732,3,1)
[MASK M1007] area=11.5 perimeter=13.1 bbox=(941,732,5,5)
[MASK M1008] area=1.5 perimeter=5.4 bbox=(931,732,3,2)
[MASK M1009] area=0.0 perimeter=0.0 bbox=(864,732,1,1)
[MASK M1010] area=8.0 perimeter=12.8 bbox=(707,732,4,5)
[MASK M1011] area=0.0 perimeter=2.0 bbox=(595,732,1,2)
[MASK M1012] area=0.5 perimeter=3.4 bbox=(148,732,2,2)
[MASK M1013] area=12.0 perimeter=13.7 bbox=(1325,731,5,5)
[MASK M1014] area=0.0 perimeter=2.0 bbox=(869,731,2,1)
[MASK M1015] area=201.0 perimeter=77.1 bbox=(759,731,12,35)
[MASK M1016] area=13.5 perimeter=24.7 bbox=(670,731,5,10)
[MASK M1017] area=0.5 perimeter=3.4 bbox=(647,731,2,2)
[MASK M1018] area=1.0 perimeter=9.7 bbox=(360,731,2,5)
[MASK M1019] area=0.0 perimeter=2.8 bbox=(1302,730,2,2)
[MASK M1020] area=1.5 perimeter=5.4 bbox=(1013,730,3,2)
[MASK M1021] area=9.5 perimeter=13.1 bbox=(734,730,5,5)
[MASK M1022] area=0.0 perimeter=0.0 bbox=(696,730,1,1)
[MASK M1023] area=3.0 perimeter=8.8 bbox=(658,730,3,4)
[MASK M1024] area=4.5 perimeter=15.4 bbox=(567,730,2,8)
[MASK M1025] area=1.5 perimeter=5.4 bbox=(558,730,2,3)
[MASK M1026] area=0.0 perimeter=0.0 bbox=(1328,729,1,1)
[MASK M1027] area=0.0 perimeter=0.0 bbox=(955,729,1,1)
[MASK M1028] area=12.5 perimeter=16.2 bbox=(844,729,5,6)
[MASK M1029] area=1.5 perimeter=5.4 bbox=(153,729,2,3)
[MASK M1030] area=44.0 perimeter=29.3 bbox=(893,728,9,10)
[MASK M1031] area=0.0 perimeter=2.0 bbox=(612,728,2,1)
[MASK M1032] area=2.0 perimeter=6.8 bbox=(209,728,3,3)
[MASK M1033] area=157.5 perimeter=130.3 bbox=(170,728,20,31)
[MASK M1034] area=0.0 perimeter=2.0 bbox=(981,727,2,1)
[MASK M1035] area=0.0 perimeter=2.0 bbox=(793,727,1,2)
[MASK M1036] area=0.0 perimeter=2.8 bbox=(741,727,2,2)
[MASK M1037] area=15.0 perimeter=25.3 bbox=(651,727,7,10)
[MASK M1038] area=2.0 perimeter=7.7 bbox=(443,727,3,4)
[MASK M1039] area=9.0 perimeter=11.7 bbox=(428,727,4,5)
[MASK M1040] area=0.0 perimeter=2.0 bbox=(367,727,2,1)
[MASK M1041] area=0.0 perimeter=0.0 bbox=(244,727,1,1)
[MASK M1042] area=1.5 perimeter=6.2 bbox=(113,727,3,3)
[MASK M1043] area=5.0 perimeter=16.5 bbox=(878,726,4,7)
[MASK M1044] area=0.0 perimeter=0.0 bbox=(790,726,1,1)
[MASK M1045] area=52.0 perimeter=35.0 bbox=(778,726,13,9)
[MASK M1046] area=19.5 perimeter=40.2 bbox=(508,726,3,20)
[MASK M1047] area=0.0 perimeter=0.0 bbox=(1227,725,1,1)
[MASK M1048] area=1.0 perimeter=4.8 bbox=(952,725,3,2)
[MASK M1049] area=0.0 perimeter=4.8 bbox=(795,725,3,2)
[MASK M1050] area=0.0 perimeter=2.0 bbox=(747,725,1,2)
[MASK M1051] area=14.5 perimeter=17.1 bbox=(419,725,5,7)
[MASK M1052] area=0.0 perimeter=0.0 bbox=(388,725,1,1)
[MASK M1053] area=0.0 perimeter=0.0 bbox=(288,725,1,1)
[MASK M1054] area=9.0 perimeter=13.7 bbox=(164,725,7,3)
[MASK M1055] area=0.0 perimeter=4.0 bbox=(137,725,1,3)
[MASK M1056] area=80.5 perimeter=94.9 bbox=(1343,724,13,34)
[MASK M1057] area=1.0 perimeter=4.0 bbox=(1076,724,2,2)
[MASK M1058] area=162.5 perimeter=134.1 bbox=(952,724,19,39)
[MASK M1059] area=8.0 perimeter=15.7 bbox=(129,724,3,8)
[MASK M1060] area=0.0 perimeter=0.0 bbox=(1206,723,1,1)
[MASK M1061] area=0.0 perimeter=2.0 bbox=(890,723,1,2)
[MASK M1062] area=6.0 perimeter=13.7 bbox=(817,723,5,4)
[MASK M1063] area=0.5 perimeter=3.4 bbox=(669,723,2,2)
[MASK M1064] area=1.0 perimeter=4.0 bbox=(661,723,2,2)
[MASK M1065] area=4.0 perimeter=8.8 bbox=(620,723,4,3)
[MASK M1066] area=0.0 perimeter=0.0 bbox=(443,723,1,1)
[MASK M1067] area=3.0 perimeter=11.7 bbox=(247,723,6,3)
[MASK M1068] area=28.5 perimeter=31.6 bbox=(749,722,12,7)
[MASK M1069] area=1.5 perimeter=6.2 bbox=(739,722,3,3)
[MASK M1070] area=0.0 perimeter=0.0 bbox=(392,722,1,1)
[MASK M1071] area=1.0 perimeter=6.8 bbox=(285,722,3,2)
[MASK M1072] area=0.0 perimeter=2.0 bbox=(1196,721,1,2)
[MASK M1073] area=0.0 perimeter=4.0 bbox=(946,721,3,1)
[MASK M1074] area=0.0 perimeter=0.0 bbox=(788,721,1,1)
[MASK M1075] area=53.0 perimeter=41.0 bbox=(633,721,8,17)
[MASK M1076] area=1.0 perimeter=6.8 bbox=(278,721,3,3)
[MASK M1077] area=0.0 perimeter=0.0 bbox=(1207,720,1,1)
[MASK M1078] area=0.0 perimeter=0.0 bbox=(971,720,1,1)
[MASK M1079] area=0.0 perimeter=0.0 bbox=(440,720,1,1)
[MASK M1080] area=4.5 perimeter=12.2 bbox=(319,720,5,4)
[MASK M1081] area=1.0 perimeter=4.8 bbox=(178,719,3,2)
[MASK M1082] area=13.5 perimeter=24.7 bbox=(118,719,8,8)
[MASK M1083] area=12.5 perimeter=15.1 bbox=(506,718,4,7)
[MASK M1084] area=0.0 perimeter=0.0 bbox=(1242,717,1,1)
[MASK M1085] area=0.5 perimeter=3.4 bbox=(1195,717,2,2)
[MASK M1086] area=2.0 perimeter=6.0 bbox=(1185,717,2,3)
[MASK M1087] area=0.0 perimeter=2.0 bbox=(946,717,2,1)
[MASK M1088] area=10.5 perimeter=29.1 bbox=(522,717,4,14)
[MASK M1089] area=80.5 perimeter=56.9 bbox=(491,717,13,17)
[MASK M1090] area=10.5 perimeter=21.9 bbox=(1025,716,5,9)
[MASK M1091] area=0.0 perimeter=4.8 bbox=(973,716,2,3)
[MASK M1092] area=0.0 perimeter=2.0 bbox=(935,716,2,1)
[MASK M1093] area=8.5 perimeter=14.2 bbox=(646,716,5,5)
[MASK M1094] area=16.5 perimeter=19.9 bbox=(167,716,8,5)
[MASK M1095] area=1.0 perimeter=4.8 bbox=(65,716,2,3)
[MASK M1096] area=0.0 perimeter=0.0 bbox=(1038,715,1,1)
[MASK M1097] area=5.0 perimeter=15.3 bbox=(990,715,5,5)
[MASK M1098] area=13.5 perimeter=14.2 bbox=(615,715,4,6)
[MASK M1099] area=2.5 perimeter=7.4 bbox=(361,715,2,4)
[MASK M1100] area=2.0 perimeter=6.8 bbox=(218,715,3,3)
[MASK M1101] area=56.0 perimeter=49.1 bbox=(187,715,11,20)
[MASK M1102] area=21.0 perimeter=23.3 bbox=(1291,714,5,10)
[MASK M1103] area=8.5 perimeter=12.2 bbox=(595,714,3,6)
[MASK M1104] area=2.0 perimeter=6.8 bbox=(164,714,2,4)
[MASK M1105] area=0.0 perimeter=0.0 bbox=(1064,713,1,1)
[MASK M1106] area=1.5 perimeter=5.4 bbox=(938,713,3,2)
[MASK M1107] area=0.5 perimeter=3.4 bbox=(883,713,2,2)
[MASK M1108] area=2.5 perimeter=6.2 bbox=(632,713,3,3)
[MASK M1109] area=0.0 perimeter=0.0 bbox=(532,713,1,1)
[MASK M1110] area=8.0 perimeter=11.7 bbox=(496,713,4,5)
[MASK M1111] area=0.0 perimeter=0.0 bbox=(993,712,1,1)
[MASK M1112] area=10.0 perimeter=12.8 bbox=(852,712,4,5)
[MASK M1113] area=4.5 perimeter=9.1 bbox=(818,712,4,4)
[MASK M1114] area=6.0 perimeter=11.7 bbox=(799,712,5,4)
[MASK M1115] area=13.0 perimeter=17.7 bbox=(673,712,6,6)
[MASK M1116] area=7.5 perimeter=13.9 bbox=(69,712,4,6)
[MASK M1117] area=1.5 perimeter=5.4 bbox=(828,711,3,2)
[MASK M1118] area=8.5 perimeter=19.9 bbox=(687,711,5,9)
[MASK M1119] area=1.5 perimeter=5.4 bbox=(651,711,2,3)
[MASK M1120] area=0.0 perimeter=4.0 bbox=(579,711,1,3)
[MASK M1121] area=34.0 perimeter=27.3 bbox=(1343,710,6,12)
[MASK M1122] area=7.5 perimeter=13.1 bbox=(1042,710,5,5)
[MASK M1123] area=25.0 perimeter=23.3 bbox=(923,710,9,6)
[MASK M1124] area=0.0 perimeter=2.0 bbox=(134,710,1,2)
[MASK M1125] area=0.5 perimeter=3.4 bbox=(145,709,2,2)
[MASK M1126] area=0.5 perimeter=5.4 bbox=(1279,708,3,2)
[MASK M1127] area=80.5 perimeter=59.7 bbox=(766,708,11,20)
[MASK M1128] area=3.0 perimeter=9.7 bbox=(607,708,3,5)
[MASK M1129] area=116.0 perimeter=46.1 bbox=(564,708,10,18)
[MASK M1130] area=1.5 perimeter=5.4 bbox=(498,708,2,3)
[MASK M1131] area=0.0 perimeter=0.0 bbox=(428,708,1,1)
[MASK M1132] area=2.0 perimeter=6.0 bbox=(125,708,2,3)
[MASK M1133] area=0.0 perimeter=4.0 bbox=(1012,707,1,3)
[MASK M1134] area=0.5 perimeter=3.4 bbox=(938,707,2,2)
[MASK M1135] area=0.0 perimeter=0.0 bbox=(877,707,1,1)
[MASK M1136] area=5.5 perimeter=10.2 bbox=(443,707,4,4)
[MASK M1137] area=0.0 perimeter=4.0 bbox=(1245,706,3,1)
[MASK M1138] area=1.0 perimeter=4.8 bbox=(724,706,2,3)
[MASK M1139] area=0.0 perimeter=4.0 bbox=(651,706,1,3)
[MASK M1140] area=65.0 perimeter=89.5 bbox=(603,706,8,42)
[MASK M1141] area=0.0 perimeter=7.7 bbox=(528,706,3,3)
[MASK M1142] area=1.0 perimeter=4.0 bbox=(150,706,2,2)
[MASK M1143] area=4.5 perimeter=10.2 bbox=(679,705,3,4)
[MASK M1144] area=9.0 perimeter=13.7 bbox=(522,705,3,7)
[MASK M1145] area=0.0 perimeter=0.0 bbox=(431,705,1,1)
[MASK M1146] area=0.0 perimeter=2.0 bbox=(122,705,2,1)
[MASK M1147] area=0.0 perimeter=0.0 bbox=(68,705,1,1)
[MASK M1148] area=2.5 perimeter=8.2 bbox=(1259,704,3,4)
[MASK M1149] area=0.5 perimeter=3.4 bbox=(977,704,2,2)
[MASK M1150] area=0.0 perimeter=0.0 bbox=(826,704,1,1)
[MASK M1151] area=2.5 perimeter=9.4 bbox=(668,704,2,5)
[MASK M1152] area=0.0 perimeter=0.0 bbox=(530,704,1,1)
[MASK M1153] area=12.0 perimeter=22.5 bbox=(105,704,5,10)
[MASK M1154] area=3.5 perimeter=7.4 bbox=(98,704,3,3)
[MASK M1155] area=3.0 perimeter=8.8 bbox=(1203,703,3,4)
[MASK M1156] area=12.0 perimeter=18.5 bbox=(989,703,4,8)
[MASK M1157] area=0.0 perimeter=0.0 bbox=(852,703,1,1)
[MASK M1158] area=0.0 perimeter=0.0 bbox=(707,703,1,1)
[MASK M1159] area=1.0 perimeter=6.8 bbox=(619,703,2,4)
[MASK M1160] area=83.0 perimeter=88.3 bbox=(512,703,8,26)
[MASK M1161] area=42.0 perimeter=27.3 bbox=(206,703,8,9)
[MASK M1162] area=22.0 perimeter=26.1 bbox=(1329,702,5,11)
[MASK M1163] area=1.5 perimeter=5.4 bbox=(808,702,3,2)
[MASK M1164] area=13.5 perimeter=15.1 bbox=(1298,701,5,6)
[MASK M1165] area=3.5 perimeter=15.9 bbox=(1053,701,6,4)
[MASK M1166] area=0.0 perimeter=2.0 bbox=(1006,701,2,1)
[MASK M1167] area=0.5 perimeter=3.4 bbox=(901,701,2,2)
[MASK M1168] area=1.0 perimeter=4.8 bbox=(796,701,2,3)
[MASK M1169] area=0.0 perimeter=0.0 bbox=(619,701,1,1)
[MASK M1170] area=16.0 perimeter=17.3 bbox=(591,701,6,7)
[MASK M1171] area=0.0 perimeter=0.0 bbox=(517,701,1,1)
[MASK M1172] area=10.0 perimeter=20.5 bbox=(504,701,4,10)
[MASK M1173] area=4.0 perimeter=12.5 bbox=(356,701,6,3)
[MASK M1174] area=13.0 perimeter=21.3 bbox=(1190,700,7,7)
[MASK M1175] area=2.5 perimeter=12.2 bbox=(772,700,4,5)
[MASK M1176] area=22.5 perimeter=24.7 bbox=(735,700,5,11)
[MASK M1177] area=47.0 perimeter=35.8 bbox=(631,700,12,10)
[MASK M1178] area=0.5 perimeter=7.4 bbox=(495,700,4,2)
[MASK M1179] area=0.0 perimeter=0.0 bbox=(493,700,1,1)
[MASK M1180] area=1.0 perimeter=4.0 bbox=(414,700,2,2)
[MASK M1181] area=2.0 perimeter=6.8 bbox=(1247,699,3,3)
[MASK M1182] area=6.0 perimeter=11.7 bbox=(1233,699,4,5)
[MASK M1183] area=0.0 perimeter=2.0 bbox=(989,699,1,2)
[MASK M1184] area=1.5 perimeter=8.2 bbox=(873,699,4,3)
[MASK M1185] area=3.5 perimeter=11.1 bbox=(825,699,4,5)
[MASK M1186] area=0.0 perimeter=6.8 bbox=(1182,698,2,4)
[MASK M1187] area=0.0 perimeter=2.8 bbox=(732,698,2,2)
[MASK M1188] area=0.0 perimeter=2.0 bbox=(687,698,1,2)
[MASK M1189] area=0.0 perimeter=0.0 bbox=(306,698,1,1)
[MASK M1190] area=30.5 perimeter=29.6 bbox=(1286,697,10,10)
[MASK M1191] area=0.0 perimeter=0.0 bbox=(1203,697,1,1)
[MASK M1192] area=0.0 perimeter=0.0 bbox=(1041,697,1,1)
[MASK M1193] area=0.5 perimeter=5.4 bbox=(1024,697,3,2)
[MASK M1194] area=91.0 perimeter=44.6 bbox=(951,697,17,10)
[MASK M1195] area=0.0 perimeter=2.0 bbox=(847,697,2,1)
[MASK M1196] area=0.0 perimeter=2.0 bbox=(713,697,2,1)
[MASK M1197] area=0.0 perimeter=0.0 bbox=(148,697,1,1)
[MASK M1198] area=0.0 perimeter=2.0 bbox=(131,697,2,1)
[MASK M1199] area=48.0 perimeter=28.5 bbox=(1059,696,10,7)
[MASK M1200] area=3.0 perimeter=6.8 bbox=(445,696,3,3)
[MASK M1201] area=6.0 perimeter=11.7 bbox=(228,696,4,5)
[MASK M1202] area=31.0 perimeter=28.1 bbox=(1254,695,10,7)
[MASK M1203] area=2.5 perimeter=8.2 bbox=(942,695,3,4)
[MASK M1204] area=0.0 perimeter=0.0 bbox=(829,695,1,1)
[MASK M1205] area=15.5 perimeter=20.7 bbox=(720,695,9,5)
[MASK M1206] area=1.5 perimeter=5.4 bbox=(579,695,2,3)
[MASK M1207] area=0.0 perimeter=2.0 bbox=(574,695,1,2)
[MASK M1208] area=1.5 perimeter=8.2 bbox=(429,695,3,4)
[MASK M1209] area=0.5 perimeter=3.4 bbox=(123,695,2,2)
[MASK M1210] area=0.5 perimeter=3.4 bbox=(921,694,2,2)
[MASK M1211] area=0.5 perimeter=3.4 bbox=(883,694,2,2)
[MASK M1212] area=10.5 perimeter=15.1 bbox=(546,694,5,6)
[MASK M1213] area=21.0 perimeter=19.3 bbox=(438,694,5,9)
[MASK M1214] area=2.5 perimeter=6.2 bbox=(357,694,3,3)
[MASK M1215] area=48.5 perimeter=50.9 bbox=(184,694,13,11)
[MASK M1216] area=8.0 perimeter=13.7 bbox=(175,694,5,5)
[MASK M1217] area=2.0 perimeter=8.8 bbox=(1079,693,4,3)
[MASK M1218] area=1.0 perimeter=6.8 bbox=(986,693,2,4)
[MASK M1219] area=0.0 perimeter=0.0 bbox=(853,693,1,1)
[MASK M1220] area=1.5 perimeter=5.4 bbox=(849,693,3,2)
[MASK M1221] area=2.0 perimeter=6.8 bbox=(837,693,3,3)
[MASK M1222] area=10.0 perimeter=12.5 bbox=(754,693,5,5)
[MASK M1223] area=1.0 perimeter=4.0 bbox=(562,693,2,2)
[MASK M1224] area=1.0 perimeter=4.0 bbox=(294,693,2,2)
[MASK M1225] area=0.0 perimeter=2.0 bbox=(1303,692,1,2)
[MASK M1226] area=6.0 perimeter=10.8 bbox=(1235,692,5,3)
[MASK M1227] area=0.0 perimeter=2.0 bbox=(796,692,2,1)
[MASK M1228] area=6.5 perimeter=10.2 bbox=(687,692,3,5)
[MASK M1229] area=30.0 perimeter=37.0 bbox=(394,692,7,13)
[MASK M1230] area=11.0 perimeter=14.8 bbox=(764,691,3,7)
[MASK M1231] area=7.0 perimeter=13.7 bbox=(647,691,3,7)
[MASK M1232] area=5.5 perimeter=12.2 bbox=(283,691,4,5)
[MASK M1233] area=0.0 perimeter=4.0 bbox=(1185,690,3,1)
[MASK M1234] area=0.0 perimeter=4.0 bbox=(926,690,3,1)
[MASK M1235] area=0.0 perimeter=2.0 bbox=(841,689,1,2)
[MASK M1236] area=4.5 perimeter=15.1 bbox=(802,689,7,4)
[MASK M1237] area=0.0 perimeter=0.0 bbox=(691,689,1,1)
[MASK M1238] area=8.0 perimeter=12.8 bbox=(236,689,5,4)
[MASK M1239] area=47.0 perimeter=40.1 bbox=(1343,688,7,17)
[MASK M1240] area=0.0 perimeter=0.0 bbox=(1302,688,1,1)
[MASK M1241] area=0.0 perimeter=0.0 bbox=(1276,688,1,1)
[MASK M1242] area=1.0 perimeter=4.0 bbox=(855,688,2,2)
[MASK M1243] area=1.0 perimeter=4.8 bbox=(798,688,3,2)
[MASK M1244] area=1.5 perimeter=5.4 bbox=(695,688,2,3)
[MASK M1245] area=0.0 perimeter=0.0 bbox=(689,688,1,1)
[MASK M1246] area=0.0 perimeter=2.8 bbox=(429,688,2,2)
[MASK M1247] area=3.5 perimeter=10.2 bbox=(112,688,3,5)
[MASK M1248] area=20.0 perimeter=37.5 bbox=(695,687,10,10)
[MASK M1249] area=0.5 perimeter=3.4 bbox=(685,687,2,2)
[MASK M1250] area=20.5 perimeter=26.7 bbox=(604,687,7,9)
[MASK M1251] area=0.0 perimeter=0.0 bbox=(581,687,1,1)
[MASK M1252] area=0.0 perimeter=0.0 bbox=(574,687,1,1)
[MASK M1253] area=26.0 perimeter=37.3 bbox=(526,687,4,17)
[MASK M1254] area=29.0 perimeter=28.1 bbox=(1199,686,8,10)
[MASK M1255] area=0.5 perimeter=5.4 bbox=(1181,686,2,3)
[MASK M1256] area=1.0 perimeter=4.0 bbox=(1094,686,2,2)
[MASK M1257] area=39.5 perimeter=38.4 bbox=(635,686,10,11)
[MASK M1258] area=113.5 perimeter=57.4 bbox=(503,686,19,14)
[MASK M1259] area=0.0 perimeter=4.0 bbox=(492,686,3,1)
[MASK M1260] area=1.0 perimeter=7.7 bbox=(362,686,3,4)
[MASK M1261] area=2.0 perimeter=8.8 bbox=(153,686,2,5)
[MASK M1262] area=0.0 perimeter=0.0 bbox=(581,685,1,1)
[MASK M1263] area=0.0 perimeter=0.0 bbox=(327,685,1,1)
[MASK M1264] area=0.0 perimeter=2.0 bbox=(168,685,2,1)
[MASK M1265] area=0.0 perimeter=4.0 bbox=(123,685,1,3)
[MASK M1266] area=0.0 perimeter=0.0 bbox=(1159,684,1,1)
[MASK M1267] area=0.0 perimeter=0.0 bbox=(975,684,1,1)
[MASK M1268] area=8.0 perimeter=19.7 bbox=(1282,683,4,8)
[MASK M1269] area=0.5 perimeter=7.4 bbox=(1056,683,4,2)
[MASK M1270] area=3.0 perimeter=6.8 bbox=(1037,683,3,3)
[MASK M1271] area=0.0 perimeter=2.0 bbox=(904,683,1,2)
[MASK M1272] area=4.0 perimeter=8.8 bbox=(900,683,3,4)
[MASK M1273] area=0.0 perimeter=0.0 bbox=(463,683,1,1)
[MASK M1274] area=0.0 perimeter=2.0 bbox=(77,683,1,2)
[MASK M1275] area=2.0 perimeter=6.0 bbox=(1289,682,2,3)
[MASK M1276] area=132.0 perimeter=89.6 bbox=(740,682,14,36)
[MASK M1277] area=1.0 perimeter=4.0 bbox=(496,682,2,2)
[MASK M1278] area=1.0 perimeter=6.8 bbox=(490,682,3,3)
[MASK M1279] area=0.0 perimeter=2.0 bbox=(192,682,1,2)
[MASK M1280] area=6.0 perimeter=10.8 bbox=(1182,681,4,4)
[MASK M1281] area=1.0 perimeter=8.8 bbox=(460,681,2,5)
[MASK M1282] area=6.0 perimeter=11.7 bbox=(346,681,5,4)
[MASK M1283] area=2.0 perimeter=6.8 bbox=(275,681,3,3)
[MASK M1284] area=7.5 perimeter=12.2 bbox=(125,681,3,6)
[MASK M1285] area=1.0 perimeter=10.8 bbox=(1345,680,2,6)
[MASK M1286] area=54.5 perimeter=43.2 bbox=(614,680,13,13)
[MASK M1287] area=2.5 perimeter=7.4 bbox=(575,680,3,3)
[MASK M1288] area=0.0 perimeter=0.0 bbox=(390,680,1,1)
[MASK M1289] area=1.5 perimeter=5.4 bbox=(1006,679,2,3)
[MASK M1290] area=6.0 perimeter=13.7 bbox=(519,679,6,3)
[MASK M1291] area=3.0 perimeter=8.8 bbox=(257,679,3,4)
[MASK M1292] area=0.0 perimeter=0.0 bbox=(1336,678,1,1)
[MASK M1293] area=0.0 perimeter=0.0 bbox=(1181,678,1,1)
[MASK M1294] area=6.5 perimeter=10.2 bbox=(1125,678,5,3)
[MASK M1295] area=1.0 perimeter=4.0 bbox=(876,678,2,2)
[MASK M1296] area=0.0 perimeter=2.0 bbox=(780,678,2,1)
[MASK M1297] area=0.0 perimeter=0.0 bbox=(110,678,1,1)
[MASK M1298] area=14.5 perimeter=19.1 bbox=(1225,677,5,8)
[MASK M1299] area=6.0 perimeter=10.8 bbox=(1072,677,4,4)
[MASK M1300] area=67.0 perimeter=42.3 bbox=(727,677,15,13)
[MASK M1301] area=19.5 perimeter=19.9 bbox=(637,677,7,7)
[MASK M1302] area=9.5 perimeter=12.2 bbox=(532,677,4,5)
[MASK M1303] area=1.5 perimeter=5.4 bbox=(427,677,2,3)
[MASK M1304] area=26.5 perimeter=43.7 bbox=(210,677,8,14)
[MASK M1305] area=16.0 perimeter=18.5 bbox=(115,677,7,5)
[MASK M1306] area=12.5 perimeter=24.7 bbox=(1237,676,6,10)
[MASK M1307] area=77.0 perimeter=53.5 bbox=(983,676,10,18)
[MASK M1308] area=0.0 perimeter=2.0 bbox=(819,676,1,2)
[MASK M1309] area=0.0 perimeter=2.0 bbox=(460,676,1,2)
[MASK M1310] area=55.0 perimeter=45.8 bbox=(141,676,10,16)
[MASK M1311] area=2.0 perimeter=6.0 bbox=(133,676,3,2)
[MASK M1312] area=18.0 perimeter=23.3 bbox=(1214,675,6,9)
[MASK M1313] area=3.5 perimeter=8.2 bbox=(994,675,3,4)
[MASK M1314] area=65.0 perimeter=61.1 bbox=(951,675,11,19)
[MASK M1315] area=21.5 perimeter=21.9 bbox=(505,675,7,8)
[MASK M1316] area=0.5 perimeter=3.4 bbox=(384,675,2,2)
[MASK M1317] area=19.5 perimeter=30.7 bbox=(183,675,5,14)
[MASK M1318] area=13.0 perimeter=15.7 bbox=(174,675,6,5)
[MASK M1319] area=0.0 perimeter=0.0 bbox=(79,675,1,1)
[MASK M1320] area=0.0 perimeter=0.0 bbox=(62,675,1,1)
[MASK M1321] area=76.0 perimeter=51.1 bbox=(1248,674,13,17)
[MASK M1322] area=7.5 perimeter=10.2 bbox=(1224,674,4,4)
[MASK M1323] area=0.0 perimeter=2.0 bbox=(854,674,1,2)
[MASK M1324] area=0.0 perimeter=0.0 bbox=(806,674,1,1)
[MASK M1325] area=0.0 perimeter=0.0 bbox=(780,674,1,1)
[MASK M1326] area=0.0 perimeter=0.0 bbox=(593,674,1,1)
[MASK M1327] area=0.5 perimeter=3.4 bbox=(285,674,2,2)
[MASK M1328] area=0.0 perimeter=0.0 bbox=(800,673,1,1)
[MASK M1329] area=6.5 perimeter=13.1 bbox=(774,673,4,5)
[MASK M1330] area=9.0 perimeter=12.8 bbox=(747,673,3,6)
[MASK M1331] area=19.0 perimeter=22.5 bbox=(580,673,5,8)
[MASK M1332] area=29.5 perimeter=23.1 bbox=(399,673,6,9)
[MASK M1333] area=0.5 perimeter=3.4 bbox=(294,673,2,2)
[MASK M1334] area=0.0 perimeter=2.0 bbox=(229,673,2,1)
[MASK M1335] area=0.0 perimeter=2.0 bbox=(1135,672,2,1)
[MASK M1336] area=1.5 perimeter=7.4 bbox=(1095,672,4,2)
[MASK M1337] area=5.0 perimeter=9.7 bbox=(943,672,4,4)
[MASK M1338] area=0.0 perimeter=2.0 bbox=(809,672,1,2)
[MASK M1339] area=0.5 perimeter=3.4 bbox=(786,672,2,2)
[MASK M1340] area=0.0 perimeter=0.0 bbox=(725,672,1,1)
[MASK M1341] area=12.5 perimeter=15.4 bbox=(627,672,4,6)
[MASK M1342] area=5.0 perimeter=10.8 bbox=(108,672,3,5)
[MASK M1343] area=0.0 perimeter=0.0 bbox=(1055,671,1,1)
[MASK M1344] area=1.5 perimeter=5.4 bbox=(983,671,2,3)
[MASK M1345] area=88.5 perimeter=44.4 bbox=(648,671,11,16)
[MASK M1346] area=115.5 perimeter=58.4 bbox=(472,671,9,25)
[MASK M1347] area=1.0 perimeter=4.8 bbox=(330,671,2,3)
[MASK M1348] area=1.5 perimeter=6.2 bbox=(1329,670,3,3)
[MASK M1349] area=2.5 perimeter=7.4 bbox=(867,670,2,4)
[MASK M1350] area=0.5 perimeter=3.4 bbox=(734,670,2,2)
[MASK M1351] area=19.5 perimeter=21.1 bbox=(312,670,6,8)
[MASK M1352] area=0.0 perimeter=2.0 bbox=(109,669,1,2)
[MASK M1353] area=0.0 perimeter=0.0 bbox=(1149,668,1,1)
[MASK M1354] area=18.5 perimeter=23.9 bbox=(971,668,5,10)
[MASK M1355] area=2.0 perimeter=8.8 bbox=(606,668,2,5)
[MASK M1356] area=0.0 perimeter=2.0 bbox=(195,668,1,2)
[MASK M1357] area=32.0 perimeter=35.0 bbox=(149,668,7,16)
[MASK M1358] area=13.0 perimeter=15.7 bbox=(1231,667,6,5)
[MASK M1359] area=1.0 perimeter=4.0 bbox=(736,667,2,2)
[MASK M1360] area=0.5 perimeter=3.4 bbox=(318,667,2,2)
[MASK M1361] area=9.0 perimeter=18.8 bbox=(98,667,3,9)
[MASK M1362] area=12.5 perimeter=20.7 bbox=(726,666,8,7)
[MASK M1363] area=4.0 perimeter=8.8 bbox=(428,666,3,4)
[MASK M1364] area=0.0 perimeter=0.0 bbox=(354,666,1,1)
[MASK M1365] area=4.0 perimeter=7.7 bbox=(113,666,3,4)
[MASK M1366] area=41.0 perimeter=28.1 bbox=(1031,665,10,9)
[MASK M1367] area=6.0 perimeter=11.7 bbox=(884,665,5,4)
[MASK M1368] area=0.0 perimeter=2.0 bbox=(735,665,2,1)
[MASK M1369] area=147.5 perimeter=81.0 bbox=(669,665,18,27)
[MASK M1370] area=7.5 perimeter=11.1 bbox=(523,665,5,4)
[MASK M1371] area=1.0 perimeter=6.8 bbox=(145,665,2,4)
[MASK M1372] area=17.5 perimeter=32.7 bbox=(1344,664,4,13)
[MASK M1373] area=0.0 perimeter=0.0 bbox=(1199,664,1,1)
[MASK M1374] area=0.0 perimeter=0.0 bbox=(1058,664,1,1)
[MASK M1375] area=0.0 perimeter=0.0 bbox=(815,664,1,1)
[MASK M1376] area=0.0 perimeter=0.0 bbox=(743,664,1,1)
[MASK M1377] area=0.0 perimeter=2.8 bbox=(694,664,2,2)
[MASK M1378] area=0.5 perimeter=3.4 bbox=(405,664,2,2)
[MASK M1379] area=0.0 perimeter=0.0 bbox=(281,664,1,1)
[MASK M1380] area=0.0 perimeter=0.0 bbox=(817,663,1,1)
[MASK M1381] area=1.5 perimeter=5.4 bbox=(745,663,3,2)
[MASK M1382] area=0.0 perimeter=4.8 bbox=(708,663,3,2)
[MASK M1383] area=22.0 perimeter=19.7 bbox=(329,663,6,7)
[MASK M1384] area=27.0 perimeter=36.1 bbox=(131,663,11,11)
[MASK M1385] area=0.0 perimeter=4.0 bbox=(127,663,3,1)
[MASK M1386] area=2.0 perimeter=6.8 bbox=(104,663,3,3)
[MASK M1387] area=0.0 perimeter=0.0 bbox=(1001,662,1,1)
[MASK M1388] area=0.0 perimeter=0.0 bbox=(803,662,1,1)
[MASK M1389] area=47.0 perimeter=44.6 bbox=(630,662,16,9)
[MASK M1390] area=0.0 perimeter=2.0 bbox=(604,662,1,2)
[MASK M1391] area=100.5 perimeter=64.9 bbox=(538,662,10,28)
[MASK M1392] area=37.0 perimeter=23.7 bbox=(484,662,8,7)
[MASK M1393] area=3.0 perimeter=6.8 bbox=(362,662,3,3)
[MASK M1394] area=1.0 perimeter=4.0 bbox=(1297,661,2,2)
[MASK M1395] area=19.0 perimeter=17.7 bbox=(596,661,5,7)
[MASK M1396] area=0.0 perimeter=4.0 bbox=(593,661,1,3)
[MASK M1397] area=0.0 perimeter=6.8 bbox=(142,661,4,2)
[MASK M1398] area=8.0 perimeter=17.3 bbox=(713,660,7,4)
[MASK M1399] area=0.0 perimeter=6.8 bbox=(465,660,2,4)
[MASK M1400] area=213.0 perimeter=228.9 bbox=(453,660,12,108)
[MASK M1401] area=0.0 perimeter=0.0 bbox=(188,660,1,1)
[MASK M1402] area=7.0 perimeter=11.7 bbox=(108,660,4,5)
[MASK M1403] area=0.0 perimeter=0.0 bbox=(1346,659,1,1)
[MASK M1404] area=10.5 perimeter=19.1 bbox=(1235,659,6,6)
[MASK M1405] area=7.5 perimeter=12.2 bbox=(763,659,4,5)
[MASK M1406] area=0.0 perimeter=2.8 bbox=(479,659,2,2)
[MASK M1407] area=12.0 perimeter=16.8 bbox=(174,659,3,8)
[MASK M1408] area=16.5 perimeter=21.9 bbox=(1302,658,6,9)
[MASK M1409] area=0.0 perimeter=2.0 bbox=(583,658,1,2)
[MASK M1410] area=1.0 perimeter=4.8 bbox=(1215,657,3,2)
[MASK M1411] area=4.0 perimeter=16.5 bbox=(1035,657,7,5)
[MASK M1412] area=0.0 perimeter=2.0 bbox=(856,657,1,2)
[MASK M1413] area=40.0 perimeter=39.5 bbox=(532,657,11,11)
[MASK M1414] area=94.0 perimeter=44.1 bbox=(496,657,9,18)
[MASK M1415] area=0.0 perimeter=0.0 bbox=(466,657,1,1)
[MASK M1416] area=0.0 perimeter=0.0 bbox=(158,657,1,1)
[MASK M1417] area=5.0 perimeter=9.7 bbox=(132,657,4,4)
[MASK M1418] area=35.0 perimeter=50.3 bbox=(1249,656,8,18)
[MASK M1419] area=6.0 perimeter=11.7 bbox=(622,656,4,5)
[MASK M1420] area=17.5 perimeter=17.1 bbox=(604,656,7,5)
[MASK M1421] area=0.0 perimeter=0.0 bbox=(582,656,1,1)
[MASK M1422] area=0.0 perimeter=7.7 bbox=(510,656,3,3)
[MASK M1423] area=30.5 perimeter=23.1 bbox=(262,656,7,8)
[MASK M1424] area=0.0 perimeter=2.0 bbox=(1028,655,2,1)
[MASK M1425] area=19.5 perimeter=24.7 bbox=(840,655,7,9)
[MASK M1426] area=1.0 perimeter=4.8 bbox=(815,655,3,2)
[MASK M1427] area=29.5 perimeter=32.7 bbox=(751,655,10,10)
[MASK M1428] area=0.0 perimeter=2.0 bbox=(300,655,2,1)
[MASK M1429] area=4.5 perimeter=10.2 bbox=(246,655,3,5)
[MASK M1430] area=0.0 perimeter=6.0 bbox=(141,655,1,4)
[MASK M1431] area=12.0 perimeter=16.5 bbox=(99,655,6,6)
[MASK M1432] area=1.0 perimeter=6.8 bbox=(915,654,3,3)
[MASK M1433] area=0.0 perimeter=2.0 bbox=(505,654,1,2)
[MASK M1434] area=10.5 perimeter=15.1 bbox=(231,654,6,4)
[MASK M1435] area=26.5 perimeter=38.4 bbox=(178,654,8,15)
[MASK M1436] area=0.0 perimeter=0.0 bbox=(1276,653,1,1)
[MASK M1437] area=0.0 perimeter=2.0 bbox=(1175,653,2,1)
[MASK M1438] area=0.0 perimeter=0.0 bbox=(1062,653,1,1)
[MASK M1439] area=0.0 perimeter=2.0 bbox=(882,653,2,1)
[MASK M1440] area=0.0 perimeter=0.0 bbox=(876,653,1,1)
[MASK M1441] area=0.0 perimeter=0.0 bbox=(802,653,1,1)
[MASK M1442] area=0.0 perimeter=0.0 bbox=(793,653,1,1)
[MASK M1443] area=0.5 perimeter=3.4 bbox=(782,653,2,2)
[MASK M1444] area=16.5 perimeter=22.7 bbox=(676,653,6,8)
[MASK M1445] area=2.5 perimeter=7.4 bbox=(638,653,2,4)
[MASK M1446] area=0.0 perimeter=0.0 bbox=(429,653,1,1)
[MASK M1447] area=9.5 perimeter=13.1 bbox=(325,653,6,4)
[MASK M1448] area=5.0 perimeter=9.7 bbox=(285,653,4,4)
[MASK M1449] area=21.5 perimeter=21.9 bbox=(203,653,6,7)
[MASK M1450] area=0.0 perimeter=0.0 bbox=(1347,652,1,1)
[MASK M1451] area=1.5 perimeter=5.4 bbox=(1280,652,3,2)
[MASK M1452] area=0.0 perimeter=0.0 bbox=(1223,652,1,1)
[MASK M1453] area=0.0 perimeter=0.0 bbox=(663,652,1,1)
[MASK M1454] area=0.0 perimeter=2.0 bbox=(595,652,2,1)
[MASK M1455] area=0.0 perimeter=0.0 bbox=(61,652,1,1)
[MASK M1456] area=1.5 perimeter=5.4 bbox=(1163,651,3,2)
[MASK M1457] area=0.0 perimeter=0.0 bbox=(1100,651,1,1)
[MASK M1458] area=0.0 perimeter=0.0 bbox=(877,651,1,1)
[MASK M1459] area=2.5 perimeter=7.4 bbox=(624,651,3,3)
[MASK M1460] area=0.0 perimeter=0.0 bbox=(225,651,1,1)
[MASK M1461] area=17.0 perimeter=18.5 bbox=(1237,650,5,8)
[MASK M1462] area=3.5 perimeter=7.4 bbox=(1015,650,3,3)
[MASK M1463] area=0.0 perimeter=0.0 bbox=(588,650,1,1)
[MASK M1464] area=158.5 perimeter=106.2 bbox=(436,650,12,42)
[MASK M1465] area=0.0 perimeter=0.0 bbox=(123,650,1,1)
[MASK M1466] area=0.0 perimeter=2.0 bbox=(1187,649,1,2)
[MASK M1467] area=0.0 perimeter=0.0 bbox=(1060,649,1,1)
[MASK M1468] area=0.0 perimeter=2.0 bbox=(835,649,2,1)
[MASK M1469] area=4.0 perimeter=8.8 bbox=(816,649,4,3)
[MASK M1470] area=0.0 perimeter=0.0 bbox=(642,649,1,1)
[MASK M1471] area=0.5 perimeter=6.2 bbox=(119,649,3,2)
[MASK M1472] area=1.5 perimeter=5.4 bbox=(1246,648,3,2)
[MASK M1473] area=5.0 perimeter=8.8 bbox=(1181,648,4,3)
[MASK M1474] area=4.0 perimeter=16.8 bbox=(458,648,2,9)
[MASK M1475] area=3.0 perimeter=8.0 bbox=(202,648,2,4)
[MASK M1476] area=2.5 perimeter=6.2 bbox=(106,648,3,3)
[MASK M1477] area=2.5 perimeter=10.2 bbox=(1310,647,5,3)
[MASK M1478] area=0.0 perimeter=2.0 bbox=(1297,647,1,2)
[MASK M1479] area=0.0 perimeter=0.0 bbox=(1279,647,1,1)
[MASK M1480] area=30.5 perimeter=32.4 bbox=(1073,647,12,9)
[MASK M1481] area=0.0 perimeter=0.0 bbox=(993,647,1,1)
[MASK M1482] area=0.0 perimeter=0.0 bbox=(724,647,1,1)
[MASK M1483] area=1.0 perimeter=6.8 bbox=(502,647,2,4)
[MASK M1484] area=28.5 perimeter=27.6 bbox=(483,647,9,9)
[MASK M1485] area=5.5 perimeter=13.1 bbox=(462,647,5,5)
[MASK M1486] area=388.0 perimeter=295.8 bbox=(153,647,32,84)
[MASK M1487] area=84.0 perimeter=48.3 bbox=(959,646,13,15)
[MASK M1488] area=8.0 perimeter=22.5 bbox=(919,646,4,9)
[MASK M1489] area=2.0 perimeter=6.0 bbox=(776,646,2,3)
[MASK M1490] area=0.0 perimeter=2.0 bbox=(769,646,2,1)
[MASK M1491] area=1.0 perimeter=4.0 bbox=(575,646,2,2)
[MASK M1492] area=137.5 perimeter=88.9 bbox=(563,646,6,41)
[MASK M1493] area=19.0 perimeter=23.3 bbox=(542,646,5,10)
[MASK M1494] area=0.0 perimeter=2.0 bbox=(428,646,1,2)
[MASK M1495] area=1.0 perimeter=4.8 bbox=(327,646,3,2)
[MASK M1496] area=8.5 perimeter=15.9 bbox=(180,646,6,6)
[MASK M1497] area=11.5 perimeter=14.2 bbox=(1232,645,5,5)
[MASK M1498] area=1.0 perimeter=4.8 bbox=(893,645,3,2)
[MASK M1499] area=48.0 perimeter=33.0 bbox=(706,645,12,8)
[MASK M1500] area=0.0 perimeter=2.0 bbox=(704,645,1,2)
[MASK M1501] area=4.0 perimeter=8.8 bbox=(409,645,3,4)
[MASK M1502] area=0.0 perimeter=0.0 bbox=(217,645,1,1)
[MASK M1503] area=0.5 perimeter=3.4 bbox=(1043,644,2,2)
[MASK M1504] area=1.5 perimeter=5.4 bbox=(827,644,3,2)
[MASK M1505] area=0.0 perimeter=2.0 bbox=(447,644,1,2)
[MASK M1506] area=0.0 perimeter=0.0 bbox=(310,644,1,1)
[MASK M1507] area=18.0 perimeter=26.1 bbox=(165,644,9,7)
[MASK M1508] area=1.5 perimeter=5.4 bbox=(1285,643,3,2)
[MASK M1509] area=1.0 perimeter=6.8 bbox=(1223,643,3,3)
[MASK M1510] area=53.0 perimeter=39.3 bbox=(1207,643,7,14)
[MASK M1511] area=101.5 perimeter=81.0 bbox=(979,643,13,25)
[MASK M1512] area=0.5 perimeter=3.4 bbox=(598,643,2,2)
[MASK M1513] area=0.0 perimeter=2.8 bbox=(423,643,2,2)
[MASK M1514] area=0.0 perimeter=4.8 bbox=(317,643,3,2)
[MASK M1515] area=0.5 perimeter=8.2 bbox=(314,643,2,4)
[MASK M1516] area=1.5 perimeter=5.4 bbox=(253,643,2,3)
[MASK M1517] area=0.0 perimeter=2.0 bbox=(232,643,2,1)
[MASK M1518] area=5.5 perimeter=12.2 bbox=(177,643,4,5)
[MASK M1519] area=0.0 perimeter=4.8 bbox=(756,642,2,3)
[MASK M1520] area=3.0 perimeter=8.8 bbox=(431,642,3,3)
[MASK M1521] area=3.5 perimeter=7.4 bbox=(392,642,3,3)
[MASK M1522] area=1.0 perimeter=4.8 bbox=(279,642,2,3)
[MASK M1523] area=7.0 perimeter=12.8 bbox=(89,642,6,3)
[MASK M1524] area=2.5 perimeter=9.1 bbox=(849,641,3,4)
[MASK M1525] area=4.0 perimeter=10.8 bbox=(767,641,5,3)
[MASK M1526] area=0.0 perimeter=0.0 bbox=(605,641,1,1)
[MASK M1527] area=25.5 perimeter=19.9 bbox=(349,641,7,7)
[MASK M1528] area=0.0 perimeter=0.0 bbox=(1215,640,1,1)
[MASK M1529] area=0.0 perimeter=4.0 bbox=(488,640,1,3)
[MASK M1530] area=0.0 perimeter=2.0 bbox=(485,640,1,2)
[MASK M1531] area=3.0 perimeter=6.8 bbox=(333,640,3,3)
[MASK M1532] area=2.5 perimeter=9.4 bbox=(1306,639,2,5)
[MASK M1533] area=98.5 perimeter=84.2 bbox=(931,639,12,27)
[MASK M1534] area=36.0 perimeter=33.0 bbox=(736,639,7,13)
[MASK M1535] area=0.0 perimeter=0.0 bbox=(604,639,1,1)
[MASK M1536] area=9.5 perimeter=14.2 bbox=(1151,638,4,6)
[MASK M1537] area=0.0 perimeter=0.0 bbox=(802,638,1,1)
[MASK M1538] area=0.5 perimeter=5.4 bbox=(769,638,3,2)
[MASK M1539] area=0.0 perimeter=0.0 bbox=(592,638,1,1)
[MASK M1540] area=1.0 perimeter=4.8 bbox=(558,638,2,3)
[MASK M1541] area=0.0 perimeter=2.0 bbox=(812,637,1,2)
[MASK M1542] area=1.0 perimeter=4.8 bbox=(608,637,2,3)
[MASK M1543] area=20.5 perimeter=18.2 bbox=(214,637,5,7)
[MASK M1544] area=2.5 perimeter=15.1 bbox=(189,637,3,6)
[MASK M1545] area=1.5 perimeter=5.4 bbox=(92,637,2,3)
[MASK M1546] area=0.0 perimeter=0.0 bbox=(1306,636,1,1)
[MASK M1547] area=1.0 perimeter=4.0 bbox=(1257,636,2,2)
[MASK M1548] area=76.0 perimeter=60.1 bbox=(147,636,6,28)
[MASK M1549] area=0.0 perimeter=0.0 bbox=(1272,635,1,1)
[MASK M1550] area=0.0 perimeter=0.0 bbox=(832,635,1,1)
[MASK M1551] area=0.0 perimeter=0.0 bbox=(748,635,1,1)
[MASK M1552] area=57.5 perimeter=46.4 bbox=(619,635,11,12)
[MASK M1553] area=0.0 perimeter=0.0 bbox=(488,635,1,1)
[MASK M1554] area=39.5 perimeter=31.6 bbox=(295,635,12,8)
[MASK M1555] area=9.0 perimeter=11.7 bbox=(1233,634,4,5)
[MASK M1556] area=0.0 perimeter=2.0 bbox=(1090,634,2,1)
[MASK M1557] area=0.0 perimeter=0.0 bbox=(542,634,1,1)
[MASK M1558] area=2.5 perimeter=11.4 bbox=(502,634,2,6)
[MASK M1559] area=5.5 perimeter=10.2 bbox=(228,634,3,5)
[MASK M1560] area=4.0 perimeter=8.8 bbox=(177,634,3,4)
[MASK M1561] area=4.0 perimeter=14.5 bbox=(162,634,6,3)
[MASK M1562] area=2.5 perimeter=7.4 bbox=(96,634,2,4)
[MASK M1563] area=5.5 perimeter=12.2 bbox=(1200,633,3,6)
[MASK M1564] area=0.0 perimeter=2.8 bbox=(951,633,2,2)
[MASK M1565] area=29.5 perimeter=37.6 bbox=(920,633,8,12)
[MASK M1566] area=0.0 perimeter=2.0 bbox=(810,633,1,2)
[MASK M1567] area=1.0 perimeter=4.0 bbox=(710,633,2,2)
[MASK M1568] area=0.5 perimeter=5.4 bbox=(139,633,3,2)
[MASK M1569] area=9.5 perimeter=15.1 bbox=(1216,632,6,5)
[MASK M1570] area=3.5 perimeter=8.2 bbox=(1129,632,4,3)
[MASK M1571] area=13.5 perimeter=30.4 bbox=(1118,632,8,9)
[MASK M1572] area=0.0 perimeter=0.0 bbox=(971,632,1,1)
[MASK M1573] area=57.0 perimeter=55.6 bbox=(862,632,11,17)
[MASK M1574] area=0.0 perimeter=0.0 bbox=(769,632,1,1)
[MASK M1575] area=0.0 perimeter=2.0 bbox=(675,632,1,2)
[MASK M1576] area=3.0 perimeter=10.8 bbox=(576,632,4,4)
[MASK M1577] area=59.0 perimeter=43.5 bbox=(953,631,9,17)
[MASK M1578] area=32.5 perimeter=25.6 bbox=(756,631,9,9)
[MASK M1579] area=2.0 perimeter=6.0 bbox=(665,631,3,2)
[MASK M1580] area=5.0 perimeter=22.8 bbox=(498,631,2,12)
[MASK M1581] area=0.0 perimeter=0.0 bbox=(1306,630,1,1)
[MASK M1582] area=0.0 perimeter=0.0 bbox=(1291,630,1,1)
[MASK M1583] area=12.5 perimeter=19.9 bbox=(963,630,7,5)
[MASK M1584] area=3.5 perimeter=7.4 bbox=(744,630,3,3)
[MASK M1585] area=0.0 perimeter=0.0 bbox=(1208,629,1,1)
[MASK M1586] area=3.0 perimeter=16.8 bbox=(878,629,5,6)
[MASK M1587] area=0.0 perimeter=0.0 bbox=(818,629,1,1)
[MASK M1588] area=66.0 perimeter=39.5 bbox=(640,629,15,12)
[MASK M1589] area=0.5 perimeter=3.4 bbox=(463,629,2,2)
[MASK M1590] area=0.0 perimeter=0.0 bbox=(1311,628,1,1)
[MASK M1591] area=0.0 perimeter=2.0 bbox=(1300,628,1,2)
[MASK M1592] area=1.0 perimeter=4.0 bbox=(1150,628,2,2)
[MASK M1593] area=6.0 perimeter=9.7 bbox=(831,628,4,4)
[MASK M1594] area=0.0 perimeter=2.0 bbox=(810,628,1,2)
[MASK M1595] area=1.5 perimeter=12.2 bbox=(806,628,3,6)
[MASK M1596] area=1.0 perimeter=4.0 bbox=(636,628,2,2)
[MASK M1597] area=0.0 perimeter=0.0 bbox=(335,628,1,1)
[MASK M1598] area=0.0 perimeter=0.0 bbox=(1177,627,1,1)
[MASK M1599] area=28.0 perimeter=28.1 bbox=(1066,627,9,7)
[MASK M1600] area=0.0 perimeter=0.0 bbox=(788,627,1,1)
[MASK M1601] area=0.0 perimeter=2.0 bbox=(590,627,1,2)
[MASK M1602] area=0.0 perimeter=0.0 bbox=(219,627,1,1)
[MASK M1603] area=27.0 perimeter=28.1 bbox=(206,627,7,11)
[MASK M1604] area=0.0 perimeter=0.0 bbox=(146,627,1,1)
[MASK M1605] area=5.0 perimeter=8.8 bbox=(1236,626,3,4)
[MASK M1606] area=13.5 perimeter=21.9 bbox=(1224,626,6,9)
[MASK M1607] area=3.0 perimeter=6.8 bbox=(1046,626,3,3)
[MASK M1608] area=0.0 perimeter=0.0 bbox=(299,626,1,1)
[MASK M1609] area=0.0 perimeter=2.0 bbox=(134,626,1,2)
[MASK M1610] area=2.5 perimeter=10.2 bbox=(88,626,4,4)
[MASK M1611] area=0.0 perimeter=4.0 bbox=(969,625,1,3)
[MASK M1612] area=1.0 perimeter=4.8 bbox=(924,625,2,3)
[MASK M1613] area=0.5 perimeter=3.4 bbox=(848,625,2,2)
[MASK M1614] area=18.5 perimeter=24.7 bbox=(771,625,9,6)
[MASK M1615] area=0.0 perimeter=0.0 bbox=(714,625,1,1)
[MASK M1616] area=0.0 perimeter=0.0 bbox=(274,625,1,1)
[MASK M1617] area=11.0 perimeter=14.5 bbox=(190,625,6,5)
[MASK M1618] area=7.5 perimeter=12.2 bbox=(140,625,3,6)
[MASK M1619] area=2.5 perimeter=7.4 bbox=(1261,624,2,4)
[MASK M1620] area=3.5 perimeter=10.2 bbox=(1202,623,3,5)
[MASK M1621] area=0.0 perimeter=0.0 bbox=(831,623,1,1)
[MASK M1622] area=3.5 perimeter=7.4 bbox=(638,623,3,3)
[MASK M1623] area=0.0 perimeter=0.0 bbox=(491,623,1,1)
[MASK M1624] area=0.0 perimeter=4.8 bbox=(252,623,3,2)
[MASK M1625] area=2.0 perimeter=6.0 bbox=(1174,622,2,3)
[MASK M1626] area=1.0 perimeter=6.8 bbox=(1071,622,4,2)
[MASK M1627] area=5.0 perimeter=9.7 bbox=(1028,622,4,4)
[MASK M1628] area=1.0 perimeter=4.0 bbox=(781,622,2,2)
[MASK M1629] area=69.0 perimeter=42.6 bbox=(557,622,12,13)
[MASK M1630] area=4.0 perimeter=9.7 bbox=(539,622,3,5)
[MASK M1631] area=12.0 perimeter=22.1 bbox=(457,622,7,6)
[MASK M1632] area=0.0 perimeter=0.0 bbox=(265,622,1,1)
[MASK M1633] area=1.0 perimeter=4.0 bbox=(1310,621,2,2)
[MASK M1634] area=2.0 perimeter=6.8 bbox=(984,621,4,2)
[MASK M1635] area=0.0 perimeter=0.0 bbox=(729,621,1,1)
[MASK M1636] area=9.0 perimeter=14.5 bbox=(309,621,4,6)
[MASK M1637] area=11.0 perimeter=14.5 bbox=(1160,620,4,6)
[MASK M1638] area=4.0 perimeter=9.7 bbox=(867,620,5,3)
[MASK M1639] area=6.0 perimeter=11.7 bbox=(851,620,4,5)
[MASK M1640] area=12.5 perimeter=21.6 bbox=(756,620,8,6)
[MASK M1641] area=1.0 perimeter=4.0 bbox=(215,620,2,2)
[MASK M1642] area=20.0 perimeter=25.3 bbox=(174,620,8,8)
[MASK M1643] area=0.0 perimeter=2.0 bbox=(148,620,1,2)
[MASK M1644] area=2.5 perimeter=7.4 bbox=(1267,619,4,2)
[MASK M1645] area=2.5 perimeter=6.2 bbox=(1165,619,3,3)
[MASK M1646] area=10.5 perimeter=29.6 bbox=(1061,619,7,8)
[MASK M1647] area=8.5 perimeter=11.1 bbox=(945,619,5,4)
[MASK M1648] area=0.0 perimeter=0.0 bbox=(755,619,1,1)
[MASK M1649] area=0.5 perimeter=3.4 bbox=(633,619,2,2)
[MASK M1650] area=0.0 perimeter=0.0 bbox=(542,619,1,1)
[MASK M1651] area=54.0 perimeter=31.3 bbox=(437,619,7,12)
[MASK M1652] area=0.0 perimeter=0.0 bbox=(968,618,1,1)
[MASK M1653] area=14.5 perimeter=17.9 bbox=(815,618,7,6)
[MASK M1654] area=0.0 perimeter=0.0 bbox=(787,618,1,1)
[MASK M1655] area=0.0 perimeter=0.0 bbox=(729,618,1,1)
[MASK M1656] area=25.5 perimeter=19.9 bbox=(396,618,7,7)
[MASK M1657] area=0.0 perimeter=0.0 bbox=(1275,617,1,1)
[MASK M1658] area=0.0 perimeter=2.8 bbox=(984,617,2,2)
[MASK M1659] area=61.0 perimeter=36.1 bbox=(515,617,8,15)
[MASK M1660] area=1.5 perimeter=5.4 bbox=(354,617,3,2)
[MASK M1661] area=0.0 perimeter=0.0 bbox=(290,617,1,1)
[MASK M1662] area=79.5 perimeter=88.9 bbox=(1344,616,6,40)
[MASK M1663] area=12.0 perimeter=22.5 bbox=(1234,616,5,10)
[MASK M1664] area=1.0 perimeter=6.8 bbox=(1205,616,2,4)
[MASK M1665] area=15.5 perimeter=17.1 bbox=(1149,616,6,6)
[MASK M1666] area=0.0 perimeter=2.0 bbox=(923,616,1,2)
[MASK M1667] area=0.5 perimeter=5.4 bbox=(872,616,3,2)
[MASK M1668] area=1.0 perimeter=4.8 bbox=(207,616,3,2)
[MASK M1669] area=0.0 perimeter=2.0 bbox=(987,615,2,1)
[MASK M1670] area=87.0 perimeter=73.1 bbox=(682,615,12,31)
[MASK M1671] area=0.0 perimeter=2.0 bbox=(645,615,1,2)
[MASK M1672] area=1.5 perimeter=9.1 bbox=(1241,614,4,4)
[MASK M1673] area=18.0 perimeter=28.1 bbox=(1078,614,11,6)
[MASK M1674] area=9.5 perimeter=13.1 bbox=(756,614,4,5)
[MASK M1675] area=8.0 perimeter=10.8 bbox=(459,614,4,4)
[MASK M1676] area=0.0 perimeter=0.0 bbox=(178,614,1,1)
[MASK M1677] area=0.5 perimeter=6.2 bbox=(591,613,2,3)
[MASK M1678] area=0.0 perimeter=0.0 bbox=(372,613,1,1)
[MASK M1679] area=0.0 perimeter=2.0 bbox=(1219,612,1,2)
[MASK M1680] area=12.0 perimeter=13.7 bbox=(956,612,5,5)
[MASK M1681] area=13.0 perimeter=14.8 bbox=(736,612,4,6)
[MASK M1682] area=109.5 perimeter=50.4 bbox=(669,612,12,17)
[MASK M1683] area=0.0 perimeter=4.8 bbox=(262,612,2,3)
[MASK M1684] area=0.0 perimeter=0.0 bbox=(1335,611,1,1)
[MASK M1685] area=0.0 perimeter=0.0 bbox=(1301,611,1,1)
[MASK M1686] area=0.5 perimeter=3.4 bbox=(1281,611,2,2)
[MASK M1687] area=0.5 perimeter=3.4 bbox=(1270,611,2,2)
[MASK M1688] area=0.0 perimeter=2.0 bbox=(546,611,1,2)
[MASK M1689] area=2.0 perimeter=6.8 bbox=(523,611,3,3)
[MASK M1690] area=0.0 perimeter=4.0 bbox=(411,611,1,3)
[MASK M1691] area=0.0 perimeter=0.0 bbox=(216,611,1,1)
[MASK M1692] area=1.5 perimeter=5.4 bbox=(1317,610,2,3)
[MASK M1693] area=76.5 perimeter=82.5 bbox=(1246,610,11,35)
[MASK M1694] area=24.0 perimeter=25.3 bbox=(1168,610,6,9)
[MASK M1695] area=22.5 perimeter=23.6 bbox=(705,610,9,8)
[MASK M1696] area=0.0 perimeter=0.0 bbox=(1302,609,1,1)
[MASK M1697] area=26.5 perimeter=24.7 bbox=(1028,609,9,7)
[MASK M1698] area=32.0 perimeter=43.5 bbox=(766,609,13,11)
[MASK M1699] area=1.0 perimeter=4.0 bbox=(737,609,2,2)
[MASK M1700] area=0.5 perimeter=3.4 bbox=(359,609,2,2)
[MASK M1701] area=0.0 perimeter=0.0 bbox=(152,609,1,1)
[MASK M1702] area=4.0 perimeter=8.8 bbox=(1094,608,3,4)
[MASK M1703] area=135.0 perimeter=80.8 bbox=(931,608,14,29)
[MASK M1704] area=0.0 perimeter=4.0 bbox=(1157,607,3,1)
[MASK M1705] area=2.0 perimeter=10.8 bbox=(1144,607,5,3)
[MASK M1706] area=3.0 perimeter=8.0 bbox=(857,607,2,4)
[MASK M1707] area=0.0 perimeter=2.0 bbox=(832,607,2,1)
[MASK M1708] area=0.0 perimeter=0.0 bbox=(767,607,1,1)
[MASK M1709] area=4.0 perimeter=8.8 bbox=(661,607,3,4)
[MASK M1710] area=0.0 perimeter=0.0 bbox=(607,607,1,1)
[MASK M1711] area=0.0 perimeter=0.0 bbox=(56,607,1,1)
[MASK M1712] area=0.0 perimeter=4.0 bbox=(1334,606,1,3)
[MASK M1713] area=17.0 perimeter=17.7 bbox=(1216,606,7,5)
[MASK M1714] area=63.0 perimeter=47.8 bbox=(1192,606,19,9)
[MASK M1715] area=0.0 perimeter=0.0 bbox=(1110,606,1,1)
[MASK M1716] area=11.5 perimeter=15.1 bbox=(893,606,6,5)
[MASK M1717] area=0.0 perimeter=0.0 bbox=(890,606,1,1)
[MASK M1718] area=13.5 perimeter=19.1 bbox=(819,606,6,7)
[MASK M1719] area=0.0 perimeter=0.0 bbox=(440,606,1,1)
[MASK M1720] area=6.0 perimeter=9.7 bbox=(92,606,3,5)
[MASK M1721] area=5.0 perimeter=11.7 bbox=(1150,605,4,4)
[MASK M1722] area=52.5 perimeter=49.2 bbox=(1119,605,16,11)
[MASK M1723] area=0.5 perimeter=3.4 bbox=(728,605,2,2)
[MASK M1724] area=4.5 perimeter=20.2 bbox=(500,605,3,10)
[MASK M1725] area=6.0 perimeter=9.7 bbox=(217,605,4,4)
[MASK M1726] area=5.0 perimeter=19.7 bbox=(1344,604,3,10)
[MASK M1727] area=0.0 perimeter=0.0 bbox=(1010,604,1,1)
[MASK M1728] area=23.0 perimeter=36.1 bbox=(485,604,5,17)
[MASK M1729] area=95.0 perimeter=102.1 bbox=(451,604,5,49)
[MASK M1730] area=1.0 perimeter=6.8 bbox=(424,604,3,2)
[MASK M1731] area=2.0 perimeter=6.0 bbox=(174,604,2,3)
[MASK M1732] area=8.0 perimeter=11.7 bbox=(101,604,4,5)
[MASK M1733] area=9.5 perimeter=12.2 bbox=(1101,603,5,4)
[MASK M1734] area=1.5 perimeter=5.4 bbox=(1005,603,2,3)
[MASK M1735] area=1.0 perimeter=4.0 bbox=(973,603,2,2)
[MASK M1736] area=20.5 perimeter=21.9 bbox=(845,603,6,9)
[MASK M1737] area=0.0 perimeter=0.0 bbox=(671,603,1,1)
[MASK M1738] area=0.0 perimeter=0.0 bbox=(569,603,1,1)
[MASK M1739] area=0.0 perimeter=0.0 bbox=(1031,602,1,1)
[MASK M1740] area=181.0 perimeter=134.7 bbox=(151,602,19,40)
[MASK M1741] area=5.5 perimeter=12.2 bbox=(1254,601,3,6)
[MASK M1742] area=2.5 perimeter=8.2 bbox=(969,601,3,4)
[MASK M1743] area=0.5 perimeter=3.4 bbox=(947,601,2,2)
[MASK M1744] area=40.5 perimeter=40.4 bbox=(692,601,7,17)
[MASK M1745] area=0.0 perimeter=0.0 bbox=(568,601,1,1)
[MASK M1746] area=6.0 perimeter=10.0 bbox=(374,601,4,3)
[MASK M1747] area=0.0 perimeter=2.0 bbox=(1321,600,2,1)
[MASK M1748] area=4.5 perimeter=10.2 bbox=(1157,600,4,4)
[MASK M1749] area=1.5 perimeter=5.4 bbox=(917,600,2,3)
[MASK M1750] area=69.5 perimeter=58.2 bbox=(240,600,14,19)
[MASK M1751] area=14.5 perimeter=20.7 bbox=(702,599,5,8)
[MASK M1752] area=1.5 perimeter=5.4 bbox=(521,599,2,3)
[MASK M1753] area=11.0 perimeter=20.5 bbox=(457,599,6,8)
[MASK M1754] area=0.0 perimeter=2.0 bbox=(57,599,1,2)
[MASK M1755] area=1.0 perimeter=4.8 bbox=(1277,598,2,3)
[MASK M1756] area=8.0 perimeter=15.3 bbox=(1168,598,4,6)
[MASK M1757] area=2.0 perimeter=6.0 bbox=(848,598,3,2)
[MASK M1758] area=136.5 perimeter=81.8 bbox=(786,598,15,26)
[MASK M1759] area=14.0 perimeter=18.5 bbox=(681,598,8,4)
[MASK M1760] area=3.0 perimeter=6.8 bbox=(670,598,3,3)
[MASK M1761] area=2.5 perimeter=8.2 bbox=(650,598,3,4)
[MASK M1762] area=5.5 perimeter=11.1 bbox=(586,598,5,4)
[MASK M1763] area=0.0 perimeter=0.0 bbox=(424,598,1,1)
[MASK M1764] area=0.0 perimeter=0.0 bbox=(160,598,1,1)
[MASK M1765] area=0.0 perimeter=0.0 bbox=(1303,597,1,1)
[MASK M1766] area=11.0 perimeter=39.8 bbox=(1240,597,7,17)
[MASK M1767] area=0.0 perimeter=0.0 bbox=(1133,597,1,1)
[MASK M1768] area=1.0 perimeter=4.0 bbox=(1120,597,2,2)
[MASK M1769] area=0.0 perimeter=0.0 bbox=(970,597,1,1)
[MASK M1770] area=7.0 perimeter=10.8 bbox=(867,597,4,4)
[MASK M1771] area=5.0 perimeter=8.8 bbox=(165,597,3,4)
[MASK M1772] area=0.0 perimeter=0.0 bbox=(118,597,1,1)
[MASK M1773] area=0.0 perimeter=0.0 bbox=(1196,596,1,1)
[MASK M1774] area=0.0 perimeter=0.0 bbox=(972,596,1,1)
[MASK M1775] area=0.0 perimeter=0.0 bbox=(918,596,1,1)
[MASK M1776] area=1.0 perimeter=6.8 bbox=(813,596,2,4)
[MASK M1777] area=0.0 perimeter=2.0 bbox=(622,596,2,1)
[MASK M1778] area=8.5 perimeter=12.2 bbox=(409,596,5,4)
[MASK M1779] area=0.0 perimeter=2.0 bbox=(79,596,1,2)
[MASK M1780] area=0.5 perimeter=3.4 bbox=(1338,595,2,2)
[MASK M1781] area=0.5 perimeter=3.4 bbox=(1285,595,2,2)
[MASK M1782] area=0.0 perimeter=0.0 bbox=(1264,595,1,1)
[MASK M1783] area=1.5 perimeter=6.2 bbox=(766,595,3,3)
[MASK M1784] area=26.0 perimeter=26.1 bbox=(1086,594,9,6)
[MASK M1785] area=0.0 perimeter=2.0 bbox=(1050,594,1,2)
[MASK M1786] area=2.5 perimeter=8.2 bbox=(1002,594,4,3)
[MASK M1787] area=23.5 perimeter=25.9 bbox=(715,594,5,12)
[MASK M1788] area=0.0 perimeter=0.0 bbox=(1320,593,1,1)
[MASK M1789] area=5.5 perimeter=17.1 bbox=(1172,593,8,3)
[MASK M1790] area=1.0 perimeter=4.0 bbox=(1124,593,2,2)
[MASK M1791] area=0.0 perimeter=2.8 bbox=(909,593,2,2)
[MASK M1792] area=1.0 perimeter=4.0 bbox=(836,593,2,2)
[MASK M1793] area=2.0 perimeter=11.7 bbox=(827,593,4,4)
[MASK M1794] area=0.0 perimeter=0.0 bbox=(817,593,1,1)
[MASK M1795] area=0.0 perimeter=4.8 bbox=(644,593,2,3)
[MASK M1796] area=0.0 perimeter=0.0 bbox=(1160,592,1,1)
[MASK M1797] area=0.0 perimeter=2.0 bbox=(1091,592,2,1)
[MASK M1798] area=0.5 perimeter=3.4 bbox=(287,592,2,2)
[MASK M1799] area=6.5 perimeter=12.2 bbox=(278,592,3,6)
[MASK M1800] area=1.0 perimeter=4.8 bbox=(1266,591,2,3)
[MASK M1801] area=0.0 perimeter=2.0 bbox=(499,591,2,1)
[MASK M1802] area=28.0 perimeter=36.1 bbox=(1101,590,16,5)
[MASK M1803] area=48.0 perimeter=34.1 bbox=(929,590,9,13)
[MASK M1804] area=7.0 perimeter=14.5 bbox=(759,590,6,4)
[MASK M1805] area=0.0 perimeter=0.0 bbox=(728,590,1,1)
[MASK M1806] area=0.0 perimeter=0.0 bbox=(553,590,1,1)
[MASK M1807] area=6.0 perimeter=10.8 bbox=(485,590,3,5)
[MASK M1808] area=1.0 perimeter=6.8 bbox=(478,590,4,2)
[MASK M1809] area=17.5 perimeter=23.9 bbox=(1256,589,5,11)
[MASK M1810] area=19.0 perimeter=26.1 bbox=(1186,589,9,9)
[MASK M1811] area=45.0 perimeter=46.3 bbox=(1017,589,15,12)
[MASK M1812] area=0.0 perimeter=2.0 bbox=(911,589,1,2)
[MASK M1813] area=8.5 perimeter=13.1 bbox=(669,589,6,4)
[MASK M1814] area=6.0 perimeter=11.7 bbox=(54,589,3,6)
[MASK M1815] area=0.0 perimeter=0.0 bbox=(1086,588,1,1)
[MASK M1816] area=2.0 perimeter=6.8 bbox=(949,588,3,3)
[MASK M1817] area=0.0 perimeter=0.0 bbox=(942,588,1,1)
[MASK M1818] area=13.0 perimeter=22.5 bbox=(519,588,4,10)
[MASK M1819] area=0.5 perimeter=3.4 bbox=(424,588,2,2)
[MASK M1820] area=1.5 perimeter=5.4 bbox=(1302,587,2,3)
[MASK M1821] area=0.5 perimeter=3.4 bbox=(1294,587,2,2)
[MASK M1822] area=1.0 perimeter=4.8 bbox=(1266,587,3,2)
[MASK M1823] area=0.0 perimeter=0.0 bbox=(1254,586,1,1)
[MASK M1824] area=1.5 perimeter=7.4 bbox=(1067,586,4,2)
[MASK M1825] area=0.5 perimeter=3.4 bbox=(945,586,2,2)
[MASK M1826] area=50.0 perimeter=45.3 bbox=(734,586,4,21)
[MASK M1827] area=18.0 perimeter=17.3 bbox=(681,586,7,6)
[MASK M1828] area=0.0 perimeter=0.0 bbox=(525,586,1,1)
[MASK M1829] area=0.0 perimeter=0.0 bbox=(522,586,1,1)
[MASK M1830] area=47.0 perimeter=33.3 bbox=(449,586,6,15)
[MASK M1831] area=0.0 perimeter=0.0 bbox=(1234,585,1,1)
[MASK M1832] area=92.5 perimeter=66.9 bbox=(1223,585,8,29)
[MASK M1833] area=0.0 perimeter=0.0 bbox=(487,585,1,1)
[MASK M1834] area=0.0 perimeter=2.0 bbox=(402,585,2,1)
[MASK M1835] area=0.0 perimeter=0.0 bbox=(54,585,1,1)
[MASK M1836] area=5.0 perimeter=10.8 bbox=(1243,584,4,4)
[MASK M1837] area=0.0 perimeter=2.0 bbox=(1221,584,1,2)
[MASK M1838] area=0.0 perimeter=0.0 bbox=(1123,584,1,1)
[MASK M1839] area=4.5 perimeter=20.7 bbox=(1089,584,6,5)
[MASK M1840] area=0.0 perimeter=2.8 bbox=(48,584,2,2)
[MASK M1841] area=0.0 perimeter=2.0 bbox=(765,583,1,2)
[MASK M1842] area=15.5 perimeter=18.7 bbox=(707,583,5,7)
[MASK M1843] area=0.0 perimeter=0.0 bbox=(663,583,1,1)
[MASK M1844] area=0.0 perimeter=2.8 bbox=(524,583,2,2)
[MASK M1845] area=8.0 perimeter=28.5 bbox=(458,583,4,14)
[MASK M1846] area=0.0 perimeter=2.0 bbox=(442,583,1,2)
[MASK M1847] area=0.0 perimeter=0.0 bbox=(404,583,1,1)
[MASK M1848] area=6.0 perimeter=21.3 bbox=(161,583,8,6)
[MASK M1849] area=5.5 perimeter=9.4 bbox=(1263,582,3,4)
[MASK M1850] area=0.0 perimeter=2.0 bbox=(1177,582,1,2)
[MASK M1851] area=0.0 perimeter=0.0 bbox=(456,582,1,1)
[MASK M1852] area=5.5 perimeter=14.2 bbox=(115,582,4,6)
[MASK M1853] area=22.5 perimeter=42.7 bbox=(1344,581,5,20)
[MASK M1854] area=2.5 perimeter=6.2 bbox=(1255,581,3,3)
[MASK M1855] area=5.0 perimeter=8.8 bbox=(1151,581,4,3)
[MASK M1856] area=0.5 perimeter=3.4 bbox=(852,581,2,2)
[MASK M1857] area=3.0 perimeter=9.7 bbox=(714,581,5,3)
[MASK M1858] area=0.0 perimeter=0.0 bbox=(150,581,1,1)
[MASK M1859] area=0.5 perimeter=3.4 bbox=(51,581,2,2)
[MASK M1860] area=0.0 perimeter=2.0 bbox=(1348,580,1,2)
[MASK M1861] area=0.0 perimeter=2.8 bbox=(1051,580,2,2)
[MASK M1862] area=66.5 perimeter=39.2 bbox=(94,580,12,12)
[MASK M1863] area=0.0 perimeter=0.0 bbox=(1179,579,1,1)
[MASK M1864] area=0.0 perimeter=0.0 bbox=(1048,579,1,1)
[MASK M1865] area=0.0 perimeter=0.0 bbox=(876,579,1,1)
[MASK M1866] area=0.0 perimeter=0.0 bbox=(639,579,1,1)
[MASK M1867] area=0.5 perimeter=5.4 bbox=(586,579,2,3)
[MASK M1868] area=3.0 perimeter=6.8 bbox=(379,579,3,3)
[MASK M1869] area=9.5 perimeter=17.9 bbox=(1239,578,7,6)
[MASK M1870] area=0.0 perimeter=2.0 bbox=(996,578,2,1)
[MASK M1871] area=0.0 perimeter=2.0 bbox=(717,578,1,2)
[MASK M1872] area=0.0 perimeter=0.0 bbox=(480,578,1,1)
[MASK M1873] area=75.5 perimeter=39.9 bbox=(346,578,7,17)
[MASK M1874] area=1.0 perimeter=7.7 bbox=(825,577,3,4)
[MASK M1875] area=0.0 perimeter=0.0 bbox=(490,577,1,1)
[MASK M1876] area=0.0 perimeter=2.0 bbox=(455,577,2,1)
[MASK M1877] area=1.5 perimeter=6.2 bbox=(202,577,3,3)
[MASK M1878] area=0.0 perimeter=0.0 bbox=(123,577,1,1)
[MASK M1879] area=0.0 perimeter=0.0 bbox=(1265,576,1,1)
[MASK M1880] area=22.5 perimeter=23.9 bbox=(1185,576,6,9)
[MASK M1881] area=2.5 perimeter=6.2 bbox=(1154,576,3,3)
[MASK M1882] area=2.0 perimeter=6.8 bbox=(565,576,2,4)
[MASK M1883] area=7.0 perimeter=13.3 bbox=(396,576,6,5)
[MASK M1884] area=0.0 perimeter=0.0 bbox=(54,576,1,1)
[MASK M1885] area=55.0 perimeter=50.1 bbox=(1209,575,7,23)
[MASK M1886] area=24.0 perimeter=29.0 bbox=(1158,575,8,12)
[MASK M1887] area=13.0 perimeter=18.5 bbox=(611,575,4,7)
[MASK M1888] area=7.5 perimeter=12.2 bbox=(425,575,3,6)
[MASK M1889] area=1.5 perimeter=8.2 bbox=(165,575,4,3)
[MASK M1890] area=14.0 perimeter=29.8 bbox=(1106,574,8,9)
[MASK M1891] area=0.5 perimeter=6.2 bbox=(800,574,3,3)
[MASK M1892] area=0.0 perimeter=0.0 bbox=(727,574,1,1)
[MASK M1893] area=3.0 perimeter=9.7 bbox=(147,574,4,4)
[MASK M1894] area=0.5 perimeter=10.2 bbox=(1279,573,3,5)
[MASK M1895] area=42.5 perimeter=35.6 bbox=(933,573,15,7)
[MASK M1896] area=0.0 perimeter=0.0 bbox=(767,573,1,1)
[MASK M1897] area=38.5 perimeter=43.2 bbox=(617,573,14,10)
[MASK M1898] area=178.5 perimeter=125.8 bbox=(530,573,15,40)
[MASK M1899] area=1.5 perimeter=5.4 bbox=(480,573,2,3)
[MASK M1900] area=13.0 perimeter=15.7 bbox=(1236,572,6,5)
[MASK M1901] area=9.0 perimeter=19.7 bbox=(1198,572,5,8)
[MASK M1902] area=8.5 perimeter=23.9 bbox=(742,572,4,10)
[MASK M1903] area=153.5 perimeter=60.9 bbox=(309,572,16,20)
[MASK M1904] area=0.5 perimeter=5.4 bbox=(268,572,2,3)
[MASK M1905] area=7.0 perimeter=17.7 bbox=(1345,571,3,9)
[MASK M1906] area=1.5 perimeter=5.4 bbox=(1244,571,3,2)
[MASK M1907] area=0.0 perimeter=0.0 bbox=(492,571,1,1)
[MASK M1908] area=1.0 perimeter=4.0 bbox=(159,571,2,2)
[MASK M1909] area=5.5 perimeter=10.2 bbox=(1285,570,4,4)
[MASK M1910] area=0.0 perimeter=2.8 bbox=(1144,570,2,2)
[MASK M1911] area=0.0 perimeter=0.0 bbox=(956,570,1,1)
[MASK M1912] area=0.0 perimeter=2.0 bbox=(761,570,1,2)
[MASK M1913] area=5.0 perimeter=16.5 bbox=(1273,569,4,8)
[MASK M1914] area=5.5 perimeter=12.2 bbox=(1267,569,4,5)
[MASK M1915] area=1.0 perimeter=4.0 bbox=(1177,569,2,2)
[MASK M1916] area=0.5 perimeter=3.4 bbox=(1093,569,2,2)
[MASK M1917] area=2.0 perimeter=5.7 bbox=(930,569,3,3)
[MASK M1918] area=50.0 perimeter=45.8 bbox=(779,569,11,13)
[MASK M1919] area=0.0 perimeter=0.0 bbox=(333,569,1,1)
[MASK M1920] area=0.0 perimeter=0.0 bbox=(1313,568,1,1)
[MASK M1921] area=0.0 perimeter=0.0 bbox=(1191,568,1,1)
[MASK M1922] area=0.0 perimeter=4.0 bbox=(837,568,3,1)
[MASK M1923] area=15.0 perimeter=16.5 bbox=(436,568,5,7)
[MASK M1924] area=0.0 perimeter=2.0 bbox=(361,568,1,2)
[MASK M1925] area=6.0 perimeter=9.7 bbox=(738,567,4,4)
[MASK M1926] area=3.0 perimeter=8.8 bbox=(405,567,2,5)
[MASK M1927] area=0.0 perimeter=4.0 bbox=(1237,566,1,3)
[MASK M1928] area=0.0 perimeter=2.0 bbox=(1173,566,2,1)
[MASK M1929] area=5.0 perimeter=10.8 bbox=(1345,565,3,5)
[MASK M1930] area=3.0 perimeter=6.8 bbox=(1288,565,3,3)
[MASK M1931] area=3.0 perimeter=6.8 bbox=(1281,565,3,3)
[MASK M1932] area=3.0 perimeter=6.8 bbox=(1195,565,3,3)
[MASK M1933] area=1.0 perimeter=4.0 bbox=(1090,565,2,2)
[MASK M1934] area=0.0 perimeter=4.8 bbox=(309,565,2,3)
[MASK M1935] area=31.0 perimeter=22.5 bbox=(275,565,7,8)
[MASK M1936] area=35.5 perimeter=36.7 bbox=(1229,564,6,16)
[MASK M1937] area=0.0 perimeter=0.0 bbox=(581,564,1,1)
[MASK M1938] area=1.5 perimeter=5.4 bbox=(560,564,3,2)
[MASK M1939] area=0.5 perimeter=5.4 bbox=(125,564,2,3)
[MASK M1940] area=5.5 perimeter=9.1 bbox=(1157,563,4,4)
[MASK M1941] area=3.0 perimeter=9.7 bbox=(1081,563,3,5)
[MASK M1942] area=18.0 perimeter=21.3 bbox=(943,563,9,6)
[MASK M1943] area=9.0 perimeter=13.7 bbox=(1212,562,4,6)
[MASK M1944] area=2.0 perimeter=6.8 bbox=(520,562,3,3)
[MASK M1945] area=19.0 perimeter=18.5 bbox=(446,562,6,7)
[MASK M1946] area=1.0 perimeter=4.0 bbox=(348,562,2,2)
[MASK M1947] area=49.5 perimeter=40.4 bbox=(1294,561,9,14)
[MASK M1948] area=0.0 perimeter=2.0 bbox=(1234,561,1,2)
[MASK M1949] area=43.0 perimeter=29.3 bbox=(1131,561,11,8)
[MASK M1950] area=1.5 perimeter=7.4 bbox=(421,561,4,2)
[MASK M1951] area=11.0 perimeter=18.5 bbox=(584,560,5,7)
[MASK M1952] area=0.5 perimeter=3.4 bbox=(1193,559,2,2)
[MASK M1953] area=1.0 perimeter=4.8 bbox=(945,559,2,3)
[MASK M1954] area=0.0 perimeter=2.0 bbox=(633,559,2,1)
[MASK M1955] area=0.0 perimeter=2.0 bbox=(168,559,1,2)
[MASK M1956] area=0.0 perimeter=4.0 bbox=(1345,558,1,3)
[MASK M1957] area=3.0 perimeter=6.8 bbox=(1302,558,3,3)
[MASK M1958] area=13.5 perimeter=17.1 bbox=(1283,558,5,7)
[MASK M1959] area=2.5 perimeter=8.2 bbox=(1046,558,4,3)
[MASK M1960] area=111.0 perimeter=58.3 bbox=(675,558,11,21)
[MASK M1961] area=0.0 perimeter=2.8 bbox=(121,558,2,2)
[MASK M1962] area=7.0 perimeter=15.7 bbox=(101,558,3,7)
[MASK M1963] area=0.0 perimeter=0.0 bbox=(1043,557,1,1)
[MASK M1964] area=0.0 perimeter=0.0 bbox=(1039,557,1,1)
[MASK M1965] area=0.5 perimeter=3.4 bbox=(930,557,2,2)
[MASK M1966] area=3.5 perimeter=15.9 bbox=(773,557,7,5)
[MASK M1967] area=4.0 perimeter=9.7 bbox=(483,557,4,4)
[MASK M1968] area=405.5 perimeter=245.8 bbox=(468,557,13,98)
[MASK M1969] area=0.5 perimeter=7.4 bbox=(260,557,2,4)
[MASK M1970] area=0.5 perimeter=5.4 bbox=(127,557,3,2)
[MASK M1971] area=6.5 perimeter=14.2 bbox=(1254,556,3,7)
[MASK M1972] area=5.5 perimeter=11.1 bbox=(1237,556,4,5)
[MASK M1973] area=2.5 perimeter=10.2 bbox=(1222,556,3,5)
[MASK M1974] area=0.0 perimeter=2.0 bbox=(1196,556,1,2)
[MASK M1975] area=0.0 perimeter=2.8 bbox=(1088,556,2,2)
[MASK M1976] area=0.0 perimeter=0.0 bbox=(0,556,1,1)
[MASK M1977] area=0.5 perimeter=3.4 bbox=(1301,555,2,2)
[MASK M1978] area=0.5 perimeter=3.4 bbox=(1159,555,2,2)
[MASK M1979] area=0.0 perimeter=0.0 bbox=(1128,555,1,1)
[MASK M1980] area=0.5 perimeter=6.2 bbox=(1026,555,3,3)
[MASK M1981] area=0.0 perimeter=2.0 bbox=(951,555,2,1)
[MASK M1982] area=7.5 perimeter=12.2 bbox=(942,555,6,3)
[MASK M1983] area=13.0 perimeter=14.5 bbox=(691,555,5,6)
[MASK M1984] area=0.5 perimeter=3.4 bbox=(438,555,2,2)
[MASK M1985] area=0.0 perimeter=2.0 bbox=(390,555,2,1)
[MASK M1986] area=0.0 perimeter=2.0 bbox=(118,555,1,2)
[MASK M1987] area=0.0 perimeter=2.0 bbox=(11,555,2,1)
[MASK M1988] area=3.5 perimeter=7.4 bbox=(463,554,3,3)
[MASK M1989] area=0.5 perimeter=3.4 bbox=(260,554,2,2)
[MASK M1990] area=0.0 perimeter=7.7 bbox=(4,554,4,2)
[MASK M1991] area=0.0 perimeter=4.8 bbox=(1346,553,2,3)
[MASK M1992] area=23.0 perimeter=20.5 bbox=(1246,553,6,8)
[MASK M1993] area=0.5 perimeter=3.4 bbox=(1215,553,2,2)
[MASK M1994] area=110.0 perimeter=57.5 bbox=(696,553,11,21)
[MASK M1995] area=0.5 perimeter=3.4 bbox=(668,553,2,2)
[MASK M1996] area=116.5 perimeter=56.4 bbox=(531,553,15,17)
[MASK M1997] area=0.0 perimeter=2.0 bbox=(486,553,2,1)
[MASK M1998] area=8.0 perimeter=12.8 bbox=(135,553,3,6)
[MASK M1999] area=0.0 perimeter=2.8 bbox=(1,553,2,2)
[MASK M2000] area=0.0 perimeter=0.0 bbox=(649,552,1,1)
[MASK M2001] area=3.0 perimeter=6.8 bbox=(369,552,3,3)
[MASK M2002] area=0.0 perimeter=0.0 bbox=(303,552,1,1)
[MASK M2003] area=0.0 perimeter=0.0 bbox=(165,552,1,1)
[MASK M2004] area=0.0 perimeter=0.0 bbox=(23,552,1,1)
[MASK M2005] area=0.0 perimeter=0.0 bbox=(1185,551,1,1)
[MASK M2006] area=11.0 perimeter=18.5 bbox=(1163,551,5,8)
[MASK M2007] area=4.0 perimeter=11.7 bbox=(498,551,5,4)
[MASK M2008] area=5.0 perimeter=11.7 bbox=(469,551,5,4)
[MASK M2009] area=1.0 perimeter=4.0 bbox=(357,551,2,2)
[MASK M2010] area=1.5 perimeter=5.4 bbox=(34,551,2,3)
[MASK M2011] area=0.0 perimeter=0.0 bbox=(21,551,1,1)
[MASK M2012] area=1.5 perimeter=6.2 bbox=(13,551,3,3)
[MASK M2013] area=12.0 perimeter=19.7 bbox=(1273,550,4,9)
[MASK M2014] area=1.5 perimeter=5.4 bbox=(1257,550,3,2)
[MASK M2015] area=0.5 perimeter=3.4 bbox=(594,550,2,2)
[MASK M2016] area=2.5 perimeter=15.9 bbox=(508,550,5,4)
[MASK M2017] area=0.0 perimeter=2.0 bbox=(415,550,1,2)
[MASK M2018] area=2.0 perimeter=8.8 bbox=(27,550,2,5)
[MASK M2019] area=3.0 perimeter=6.8 bbox=(1145,549,3,3)
[MASK M2020] area=0.0 perimeter=0.0 bbox=(1026,549,1,1)
[MASK M2021] area=0.0 perimeter=2.8 bbox=(696,549,2,2)
[MASK M2022] area=4.0 perimeter=7.7 bbox=(43,549,3,4)
[MASK M2023] area=0.5 perimeter=3.4 bbox=(1292,548,2,2)
[MASK M2024] area=0.0 perimeter=2.0 bbox=(1191,548,1,2)
[MASK M2025] area=0.0 perimeter=2.0 bbox=(760,548,2,1)
[MASK M2026] area=0.0 perimeter=0.0 bbox=(475,548,1,1)
[MASK M2027] area=1.0 perimeter=4.8 bbox=(367,548,2,3)
[MASK M2028] area=27.5 perimeter=23.1 bbox=(1280,547,8,7)
[MASK M2029] area=10.0 perimeter=18.5 bbox=(1261,547,6,6)
[MASK M2030] area=4.5 perimeter=9.1 bbox=(1220,547,4,4)
[MASK M2031] area=0.0 perimeter=4.0 bbox=(1181,547,1,3)
[MASK M2032] area=0.5 perimeter=3.4 bbox=(955,547,2,2)
[MASK M2033] area=458.0 perimeter=231.7 bbox=(136,547,20,75)
[MASK M2034] area=0.0 perimeter=0.0 bbox=(110,547,1,1)
[MASK M2035] area=0.0 perimeter=2.0 bbox=(1310,546,1,2)
[MASK M2036] area=0.5 perimeter=3.4 bbox=(1147,546,2,2)
[MASK M2037] area=0.0 perimeter=0.0 bbox=(982,546,1,1)
[MASK M2038] area=5.5 perimeter=13.1 bbox=(714,546,4,5)
[MASK M2039] area=4.5 perimeter=11.4 bbox=(577,546,2,6)
[MASK M2040] area=1.0 perimeter=7.7 bbox=(519,546,3,4)
[MASK M2041] area=0.0 perimeter=0.0 bbox=(268,546,1,1)
[MASK M2042] area=3.0 perimeter=8.8 bbox=(124,546,2,5)
[MASK M2043] area=0.0 perimeter=0.0 bbox=(1319,545,1,1)
[MASK M2044] area=10.5 perimeter=15.9 bbox=(1205,545,6,5)
[MASK M2045] area=0.5 perimeter=3.4 bbox=(1075,545,2,2)
[MASK M2046] area=0.0 perimeter=0.0 bbox=(1063,545,1,1)
[MASK M2047] area=0.5 perimeter=5.4 bbox=(539,545,3,2)
[MASK M2048] area=15.0 perimeter=16.5 bbox=(103,545,6,6)
[MASK M2049] area=8.5 perimeter=13.1 bbox=(1296,544,4,6)
[MASK M2050] area=0.5 perimeter=3.4 bbox=(1053,544,2,2)
[MASK M2051] area=0.0 perimeter=0.0 bbox=(496,544,1,1)
[MASK M2052] area=2.0 perimeter=13.7 bbox=(1345,543,2,7)
[MASK M2053] area=12.0 perimeter=15.7 bbox=(1302,543,4,7)
[MASK M2054] area=4.5 perimeter=9.4 bbox=(1249,543,3,4)
[MASK M2055] area=62.5 perimeter=63.4 bbox=(743,543,19,12)
[MASK M2056] area=0.0 perimeter=2.0 bbox=(560,543,2,1)
[MASK M2057] area=1.5 perimeter=5.4 bbox=(275,543,3,2)
[MASK M2058] area=1.5 perimeter=5.4 bbox=(1273,542,3,2)
[MASK M2059] area=30.0 perimeter=23.3 bbox=(921,542,8,8)
[MASK M2060] area=14.0 perimeter=15.7 bbox=(75,542,5,6)
[MASK M2061] area=2.5 perimeter=7.4 bbox=(1134,541,4,2)
[MASK M2062] area=58.0 perimeter=29.3 bbox=(460,541,11,8)
[MASK M2063] area=0.0 perimeter=0.0 bbox=(291,541,1,1)
[MASK M2064] area=0.5 perimeter=3.4 bbox=(161,541,2,2)
[MASK M2065] area=0.0 perimeter=0.0 bbox=(98,541,1,1)
[MASK M2066] area=11.5 perimeter=13.9 bbox=(823,540,6,5)
[MASK M2067] area=0.0 perimeter=6.0 bbox=(701,540,1,4)
[MASK M2068] area=43.0 perimeter=55.8 bbox=(597,540,5,25)
[MASK M2069] area=0.0 perimeter=0.0 bbox=(138,540,1,1)
[MASK M2070] area=18.0 perimeter=22.5 bbox=(133,540,7,8)
[MASK M2071] area=0.0 perimeter=0.0 bbox=(126,540,1,1)
[MASK M2072] area=12.0 perimeter=16.5 bbox=(1331,539,7,5)
[MASK M2073] area=6.0 perimeter=10.8 bbox=(1267,539,3,5)
[MASK M2074] area=1.0 perimeter=4.8 bbox=(996,539,3,2)
[MASK M2075] area=0.0 perimeter=4.0 bbox=(901,539,1,3)
[MASK M2076] area=41.0 perimeter=36.5 bbox=(731,539,5,17)
[MASK M2077] area=0.0 perimeter=0.0 bbox=(704,539,1,1)
[MASK M2078] area=29.5 perimeter=22.7 bbox=(676,539,7,9)
[MASK M2079] area=0.0 perimeter=0.0 bbox=(486,539,1,1)
[MASK M2080] area=0.0 perimeter=0.0 bbox=(294,539,1,1)
[MASK M2081] area=0.0 perimeter=0.0 bbox=(111,539,1,1)
[MASK M2082] area=0.0 perimeter=0.0 bbox=(1299,538,1,1)
[MASK M2083] area=42.0 perimeter=53.1 bbox=(1230,538,13,11)
[MASK M2084] area=1.0 perimeter=4.8 bbox=(1188,538,2,3)
[MASK M2085] area=7.5 perimeter=15.1 bbox=(480,538,4,7)
[MASK M2086] area=0.0 perimeter=0.0 bbox=(371,538,1,1)
[MASK M2087] area=0.0 perimeter=0.0 bbox=(153,538,1,1)
[MASK M2088] area=2.0 perimeter=6.8 bbox=(1254,537,3,3)
[MASK M2089] area=0.0 perimeter=4.0 bbox=(678,537,3,1)
[MASK M2090] area=1.5 perimeter=6.2 bbox=(584,537,3,3)
[MASK M2091] area=0.0 perimeter=4.8 bbox=(559,537,3,2)
[MASK M2092] area=0.0 perimeter=0.0 bbox=(208,537,1,1)
[MASK M2093] area=0.5 perimeter=3.4 bbox=(141,537,2,2)
[MASK M2094] area=3.5 perimeter=8.2 bbox=(1304,536,3,4)
[MASK M2095] area=49.0 perimeter=33.8 bbox=(937,536,12,9)
[MASK M2096] area=0.0 perimeter=0.0 bbox=(82,536,1,1)
[MASK M2097] area=0.5 perimeter=3.4 bbox=(991,535,2,2)
[MASK M2098] area=0.0 perimeter=0.0 bbox=(141,535,1,1)
[MASK M2099] area=1.5 perimeter=5.4 bbox=(75,535,3,2)
[MASK M2100] area=27.0 perimeter=31.3 bbox=(1212,534,5,14)
[MASK M2101] area=0.0 perimeter=0.0 bbox=(356,534,1,1)
[MASK M2102] area=4.5 perimeter=8.2 bbox=(98,534,4,3)
[MASK M2103] area=0.0 perimeter=0.0 bbox=(65,534,1,1)
[MASK M2104] area=10.5 perimeter=14.2 bbox=(1163,533,5,5)
[MASK M2105] area=0.0 perimeter=2.0 bbox=(935,533,1,2)
[MASK M2106] area=0.0 perimeter=0.0 bbox=(565,533,1,1)
[MASK M2107] area=0.0 perimeter=0.0 bbox=(268,533,1,1)
[MASK M2108] area=12.0 perimeter=16.5 bbox=(1223,532,7,4)
[MASK M2109] area=1.0 perimeter=4.0 bbox=(1066,532,2,2)
[MASK M2110] area=6.5 perimeter=14.2 bbox=(718,532,6,4)
[MASK M2111] area=18.0 perimeter=33.0 bbox=(498,532,7,13)
[MASK M2112] area=2.5 perimeter=7.4 bbox=(435,532,2,4)
[MASK M2113] area=1.0 perimeter=4.8 bbox=(123,532,3,2)
[MASK M2114] area=7.0 perimeter=11.7 bbox=(1252,531,4,5)
[MASK M2115] area=0.0 perimeter=2.0 bbox=(939,531,1,2)
[MASK M2116] area=7.0 perimeter=13.7 bbox=(131,531,3,7)
[MASK M2117] area=0.0 perimeter=0.0 bbox=(1067,530,1,1)
[MASK M2118] area=1.0 perimeter=4.8 bbox=(712,530,3,2)
[MASK M2119] area=10.5 perimeter=16.7 bbox=(457,530,6,7)
[MASK M2120] area=19.5 perimeter=20.7 bbox=(467,529,8,7)
[MASK M2121] area=3.0 perimeter=8.8 bbox=(290,529,4,3)
[MASK M2122] area=0.0 perimeter=2.8 bbox=(1312,528,2,2)
[MASK M2123] area=0.5 perimeter=3.4 bbox=(1233,528,2,2)
[MASK M2124] area=0.5 perimeter=3.4 bbox=(1104,528,2,2)
[MASK M2125] area=0.5 perimeter=3.4 bbox=(919,528,2,2)
[MASK M2126] area=0.0 perimeter=0.0 bbox=(409,528,1,1)
[MASK M2127] area=0.0 perimeter=0.0 bbox=(361,528,1,1)
[MASK M2128] area=0.0 perimeter=2.0 bbox=(192,528,1,2)
[MASK M2129] area=43.5 perimeter=54.0 bbox=(1285,527,8,16)
[MASK M2130] area=0.0 perimeter=2.0 bbox=(1117,527,2,1)
[MASK M2131] area=2.0 perimeter=5.7 bbox=(716,527,3,3)
[MASK M2132] area=48.0 perimeter=37.8 bbox=(135,527,12,8)
[MASK M2133] area=4.5 perimeter=8.2 bbox=(1267,526,4,3)
[MASK M2134] area=0.5 perimeter=3.4 bbox=(1143,526,2,2)
[MASK M2135] area=0.0 perimeter=0.0 bbox=(1136,526,1,1)
[MASK M2136] area=8.5 perimeter=13.1 bbox=(121,526,5,5)
[MASK M2137] area=0.0 perimeter=2.8 bbox=(81,526,2,2)
[MASK M2138] area=0.0 perimeter=4.0 bbox=(1337,525,1,3)
[MASK M2139] area=2.0 perimeter=6.8 bbox=(1315,525,3,3)
[MASK M2140] area=2.0 perimeter=6.0 bbox=(1108,525,2,3)
[MASK M2141] area=0.0 perimeter=0.0 bbox=(903,525,1,1)
[MASK M2142] area=0.5 perimeter=11.1 bbox=(560,525,3,5)
[MASK M2143] area=0.5 perimeter=7.4 bbox=(156,525,3,3)
[MASK M2144] area=63.0 perimeter=39.8 bbox=(1022,524,14,10)
[MASK M2145] area=0.0 perimeter=0.0 bbox=(977,524,1,1)
[MASK M2146] area=1.0 perimeter=4.0 bbox=(786,524,2,2)
[MASK M2147] area=41.0 perimeter=31.0 bbox=(647,524,12,9)
[MASK M2148] area=14.5 perimeter=33.9 bbox=(576,524,3,16)
[MASK M2149] area=72.0 perimeter=51.5 bbox=(514,524,9,20)
[MASK M2150] area=0.0 perimeter=0.0 bbox=(928,523,1,1)
[MASK M2151] area=2.0 perimeter=7.7 bbox=(114,523,4,3)
[MASK M2152] area=3.5 perimeter=7.4 bbox=(1269,522,3,3)
[MASK M2153] area=1.5 perimeter=8.2 bbox=(1214,522,4,3)
[MASK M2154] area=2.0 perimeter=6.8 bbox=(1039,522,3,3)
[MASK M2155] area=7.0 perimeter=10.8 bbox=(954,522,4,4)
[MASK M2156] area=0.0 perimeter=0.0 bbox=(559,522,1,1)
[MASK M2157] area=0.0 perimeter=0.0 bbox=(84,522,1,1)
[MASK M2158] area=10.0 perimeter=20.5 bbox=(62,522,8,6)
[MASK M2159] area=7.5 perimeter=13.1 bbox=(1286,521,4,5)
[MASK M2160] area=2.0 perimeter=8.8 bbox=(1231,521,2,5)
[MASK M2161] area=0.0 perimeter=4.0 bbox=(1196,521,3,1)
[MASK M2162] area=0.0 perimeter=0.0 bbox=(1193,521,1,1)
[MASK M2163] area=0.5 perimeter=3.4 bbox=(1044,521,2,2)
[MASK M2164] area=0.0 perimeter=4.0 bbox=(981,521,3,1)
[MASK M2165] area=0.0 perimeter=0.0 bbox=(971,521,1,1)
[MASK M2166] area=1.5 perimeter=6.2 bbox=(930,521,3,3)
[MASK M2167] area=1.0 perimeter=4.8 bbox=(409,521,2,3)
[MASK M2168] area=96.5 perimeter=131.3 bbox=(49,521,14,44)
[MASK M2169] area=43.5 perimeter=34.4 bbox=(1005,520,10,11)
[MASK M2170] area=1.0 perimeter=4.0 bbox=(590,520,2,2)
[MASK M2171] area=38.0 perimeter=32.1 bbox=(548,520,6,15)
[MASK M2172] area=1.0 perimeter=4.0 bbox=(536,520,2,2)
[MASK M2173] area=108.5 perimeter=48.4 bbox=(436,520,21,9)
[MASK M2174] area=1.0 perimeter=4.8 bbox=(1095,519,3,2)
[MASK M2175] area=5.0 perimeter=11.7 bbox=(984,519,5,4)
[MASK M2176] area=4.0 perimeter=8.8 bbox=(598,519,4,3)
[MASK M2177] area=10.5 perimeter=14.2 bbox=(475,519,4,6)
[MASK M2178] area=0.5 perimeter=3.4 bbox=(384,519,2,2)
[MASK M2179] area=2.0 perimeter=6.0 bbox=(312,519,3,2)
[MASK M2180] area=0.0 perimeter=0.0 bbox=(1011,518,1,1)
[MASK M2181] area=0.0 perimeter=4.0 bbox=(76,518,3,1)
[MASK M2182] area=0.0 perimeter=0.0 bbox=(1008,517,1,1)
[MASK M2183] area=2.5 perimeter=8.2 bbox=(691,517,4,3)
[MASK M2184] area=0.0 perimeter=0.0 bbox=(419,517,1,1)
[MASK M2185] area=0.0 perimeter=0.0 bbox=(40,517,1,1)
[MASK M2186] area=0.0 perimeter=2.0 bbox=(639,516,2,1)
[MASK M2187] area=23.0 perimeter=31.3 bbox=(1258,515,8,12)
[MASK M2188] area=2.0 perimeter=6.0 bbox=(1240,515,2,3)
[MASK M2189] area=5.0 perimeter=8.8 bbox=(469,515,4,3)
[MASK M2190] area=2.5 perimeter=7.4 bbox=(1028,514,4,2)
[MASK M2191] area=2.0 perimeter=6.8 bbox=(1049,513,3,3)
[MASK M2192] area=0.5 perimeter=3.4 bbox=(192,513,2,2)
[MASK M2193] area=6.5 perimeter=12.2 bbox=(1090,512,3,6)
[MASK M2194] area=12.5 perimeter=15.1 bbox=(574,512,4,7)
[MASK M2195] area=7.0 perimeter=21.3 bbox=(1297,511,5,7)
[MASK M2196] area=16.5 perimeter=15.9 bbox=(983,511,6,6)
[MASK M2197] area=2.5 perimeter=6.2 bbox=(517,511,3,3)
[MASK M2198] area=14.0 perimeter=16.5 bbox=(153,511,5,7)
[MASK M2199] area=0.0 perimeter=2.0 bbox=(1227,510,1,2)
[MASK M2200] area=3.0 perimeter=6.8 bbox=(306,510,3,3)
[MASK M2201] area=0.0 perimeter=2.0 bbox=(113,510,2,1)
[MASK M2202] area=12.0 perimeter=26.1 bbox=(1265,509,7,11)
[MASK M2203] area=0.0 perimeter=0.0 bbox=(1144,509,1,1)
[MASK M2204] area=0.5 perimeter=3.4 bbox=(1031,509,2,2)
[MASK M2205] area=2.5 perimeter=11.1 bbox=(991,509,5,4)
[MASK M2206] area=6.0 perimeter=9.7 bbox=(1216,508,4,4)
[MASK M2207] area=0.0 perimeter=4.0 bbox=(1176,508,3,1)
[MASK M2208] area=27.0 perimeter=22.5 bbox=(959,508,9,6)
[MASK M2209] area=25.5 perimeter=32.7 bbox=(920,508,6,11)
[MASK M2210] area=2.5 perimeter=7.4 bbox=(521,508,4,2)
[MASK M2211] area=10.5 perimeter=16.2 bbox=(512,508,3,8)
[MASK M2212] area=76.5 perimeter=33.6 bbox=(337,508,9,13)
[MASK M2213] area=0.0 perimeter=2.0 bbox=(1287,507,1,2)
[MASK M2214] area=20.5 perimeter=31.1 bbox=(1278,507,4,15)
[MASK M2215] area=2.5 perimeter=7.4 bbox=(238,507,2,4)
[MASK M2216] area=1.0 perimeter=4.0 bbox=(11,507,2,2)
[MASK M2217] area=17.0 perimeter=37.8 bbox=(1016,506,11,9)
[MASK M2218] area=26.5 perimeter=21.9 bbox=(997,506,7,8)
[MASK M2219] area=116.5 perimeter=54.4 bbox=(726,506,11,22)
[MASK M2220] area=48.0 perimeter=43.0 bbox=(683,506,9,18)
[MASK M2221] area=0.0 perimeter=0.0 bbox=(575,506,1,1)
[MASK M2222] area=0.0 perimeter=0.0 bbox=(1280,505,1,1)
[MASK M2223] area=58.0 perimeter=61.5 bbox=(1239,505,9,22)
[MASK M2224] area=179.0 perimeter=78.3 bbox=(482,505,17,28)
[MASK M2225] area=5.5 perimeter=9.4 bbox=(268,505,4,3)
[MASK M2226] area=0.0 perimeter=2.0 bbox=(26,505,2,1)
[MASK M2227] area=3.0 perimeter=6.8 bbox=(1124,504,3,3)
[MASK M2228] area=0.0 perimeter=0.0 bbox=(740,504,1,1)
[MASK M2229] area=0.0 perimeter=2.0 bbox=(910,503,2,1)
[MASK M2230] area=0.0 perimeter=0.0 bbox=(836,503,1,1)
[MASK M2231] area=0.0 perimeter=4.8 bbox=(71,503,3,2)
[MASK M2232] area=1.5 perimeter=5.4 bbox=(1299,502,2,3)
[MASK M2233] area=0.0 perimeter=2.8 bbox=(971,502,2,2)
[MASK M2234] area=71.0 perimeter=45.0 bbox=(701,502,7,19)
[MASK M2235] area=0.0 perimeter=2.0 bbox=(665,502,2,1)
[MASK M2236] area=35.0 perimeter=28.1 bbox=(386,502,8,10)
[MASK M2237] area=2.5 perimeter=7.4 bbox=(362,502,4,2)
[MASK M2238] area=3.5 perimeter=8.2 bbox=(723,501,4,3)
[MASK M2239] area=3.0 perimeter=10.8 bbox=(719,501,3,5)
[MASK M2240] area=0.0 perimeter=0.0 bbox=(566,501,1,1)
[MASK M2241] area=17.5 perimeter=24.7 bbox=(482,501,8,7)
[MASK M2242] area=0.0 perimeter=2.8 bbox=(1168,500,2,2)
[MASK M2243] area=5.0 perimeter=20.5 bbox=(679,500,8,5)
[MASK M2244] area=1.0 perimeter=4.8 bbox=(136,500,3,2)
[MASK M2245] area=0.5 perimeter=12.2 bbox=(1173,499,6,3)
[MASK M2246] area=0.0 perimeter=4.0 bbox=(1001,499,1,3)
[MASK M2247] area=0.0 perimeter=2.0 bbox=(397,499,1,2)
[MASK M2248] area=14.0 perimeter=26.1 bbox=(151,499,4,11)
[MASK M2249] area=5.5 perimeter=12.2 bbox=(80,499,3,5)
[MASK M2250] area=0.0 perimeter=6.0 bbox=(28,499,4,1)
[MASK M2251] area=49.0 perimeter=40.6 bbox=(1063,498,13,12)
[MASK M2252] area=8.0 perimeter=26.1 bbox=(934,498,10,5)
[MASK M2253] area=0.0 perimeter=2.0 bbox=(526,498,1,2)
[MASK M2254] area=85.0 perimeter=43.5 bbox=(423,498,15,11)
[MASK M2255] area=6.0 perimeter=11.7 bbox=(87,498,5,4)
[MASK M2256] area=0.0 perimeter=0.0 bbox=(35,498,1,1)
[MASK M2257] area=25.5 perimeter=42.4 bbox=(1097,497,9,11)
[MASK M2258] area=0.5 perimeter=3.4 bbox=(922,497,2,2)
[MASK M2259] area=0.0 perimeter=0.0 bbox=(822,497,1,1)
[MASK M2260] area=20.0 perimeter=21.7 bbox=(118,497,4,10)
[MASK M2261] area=1.5 perimeter=6.2 bbox=(448,496,3,3)
[MASK M2262] area=154.0 perimeter=126.2 bbox=(128,496,25,30)
[MASK M2263] area=0.0 perimeter=2.0 bbox=(1298,495,1,2)
[MASK M2264] area=1.5 perimeter=7.4 bbox=(1279,495,4,2)
[MASK M2265] area=5.0 perimeter=10.8 bbox=(1221,495,3,5)
[MASK M2266] area=15.5 perimeter=27.6 bbox=(1157,495,11,6)
[MASK M2267] area=0.0 perimeter=0.0 bbox=(741,495,1,1)
[MASK M2268] area=0.0 perimeter=2.0 bbox=(669,495,2,1)
[MASK M2269] area=0.5 perimeter=3.4 bbox=(486,495,2,2)
[MASK M2270] area=1.5 perimeter=5.4 bbox=(73,495,2,3)
[MASK M2271] area=0.0 perimeter=0.0 bbox=(981,494,1,1)
[MASK M2272] area=0.0 perimeter=0.0 bbox=(77,494,1,1)
[MASK M2273] area=25.0 perimeter=22.5 bbox=(1198,493,8,7)
[MASK M2274] area=9.5 perimeter=19.9 bbox=(507,493,4,8)
[MASK M2275] area=0.0 perimeter=6.8 bbox=(0,493,2,4)
[MASK M2276] area=0.5 perimeter=3.4 bbox=(1061,492,2,2)
[MASK M2277] area=0.5 perimeter=3.4 bbox=(669,492,2,2)
[MASK M2278] area=121.5 perimeter=62.9 bbox=(547,492,16,21)
[MASK M2279] area=109.5 perimeter=42.9 bbox=(461,492,17,11)
[MASK M2280] area=10.5 perimeter=14.2 bbox=(730,491,4,6)
[MASK M2281] area=25.0 perimeter=21.3 bbox=(408,491,8,7)
[MASK M2282] area=2.0 perimeter=6.8 bbox=(138,491,3,3)
[MASK M2283] area=1.0 perimeter=4.8 bbox=(122,491,3,2)
[MASK M2284] area=0.0 perimeter=0.0 bbox=(1107,490,1,1)
[MASK M2285] area=9.5 perimeter=12.2 bbox=(1099,490,5,4)
[MASK M2286] area=0.0 perimeter=2.0 bbox=(1067,490,1,2)
[MASK M2287] area=0.5 perimeter=3.4 bbox=(446,490,2,2)
[MASK M2288] area=0.0 perimeter=0.0 bbox=(6,490,1,1)
[MASK M2289] area=0.0 perimeter=0.0 bbox=(1236,489,1,1)
[MASK M2290] area=4.5 perimeter=10.2 bbox=(1008,489,5,3)
[MASK M2291] area=0.0 perimeter=0.0 bbox=(947,489,1,1)
[MASK M2292] area=0.0 perimeter=2.0 bbox=(919,489,2,1)
[MASK M2293] area=57.0 perimeter=35.0 bbox=(631,489,13,9)
[MASK M2294] area=0.0 perimeter=0.0 bbox=(461,489,1,1)
[MASK M2295] area=0.0 perimeter=2.0 bbox=(435,489,2,1)
[MASK M2296] area=3.5 perimeter=7.4 bbox=(348,489,3,3)
[MASK M2297] area=5.0 perimeter=11.7 bbox=(325,489,5,4)
[MASK M2298] area=0.0 perimeter=4.0 bbox=(190,489,1,3)
[MASK M2299] area=0.0 perimeter=2.0 bbox=(88,488,1,2)
[MASK M2300] area=0.0 perimeter=2.0 bbox=(1299,487,1,2)
[MASK M2301] area=27.5 perimeter=52.9 bbox=(1269,487,9,16)
[MASK M2302] area=14.0 perimeter=15.7 bbox=(995,487,6,5)
[MASK M2303] area=20.5 perimeter=19.1 bbox=(955,487,5,8)
[MASK M2304] area=9.5 perimeter=16.2 bbox=(700,487,4,7)
[MASK M2305] area=62.0 perimeter=38.1 bbox=(492,487,8,16)
[MASK M2306] area=1.0 perimeter=4.8 bbox=(1186,486,3,2)
[MASK M2307] area=0.0 perimeter=0.0 bbox=(712,485,1,1)
[MASK M2308] area=0.0 perimeter=0.0 bbox=(326,485,1,1)
[MASK M2309] area=0.0 perimeter=2.8 bbox=(190,485,2,2)
[MASK M2310] area=5.5 perimeter=10.2 bbox=(122,485,4,4)
[MASK M2311] area=0.5 perimeter=3.4 bbox=(1284,484,2,2)
[MASK M2312] area=12.5 perimeter=18.2 bbox=(1254,484,5,7)
[MASK M2313] area=0.0 perimeter=0.0 bbox=(1240,484,1,1)
[MASK M2314] area=19.5 perimeter=20.7 bbox=(1194,484,7,8)
[MASK M2315] area=2.0 perimeter=6.0 bbox=(1181,484,2,3)
[MASK M2316] area=91.5 perimeter=47.2 bbox=(572,484,14,15)
[MASK M2317] area=0.0 perimeter=0.0 bbox=(567,484,1,1)
[MASK M2318] area=0.0 perimeter=0.0 bbox=(483,484,1,1)
[MASK M2319] area=0.0 perimeter=0.0 bbox=(324,484,1,1)
[MASK M2320] area=1.0 perimeter=4.0 bbox=(91,484,2,2)
[MASK M2321] area=15.0 perimeter=17.7 bbox=(72,484,4,8)
[MASK M2322] area=0.0 perimeter=0.0 bbox=(923,483,1,1)
[MASK M2323] area=1.0 perimeter=4.0 bbox=(704,483,2,2)
[MASK M2324] area=2.0 perimeter=6.8 bbox=(1268,482,3,3)
[MASK M2325] area=0.0 perimeter=0.0 bbox=(561,482,1,1)
[MASK M2326] area=0.0 perimeter=2.0 bbox=(129,482,1,2)
[MASK M2327] area=0.0 perimeter=2.0 bbox=(1297,481,1,2)
[MASK M2328] area=0.0 perimeter=2.0 bbox=(1261,481,2,1)
[MASK M2329] area=0.0 perimeter=0.0 bbox=(1153,481,1,1)
[MASK M2330] area=0.0 perimeter=2.0 bbox=(1139,481,1,2)
[MASK M2331] area=20.0 perimeter=24.1 bbox=(1060,481,7,8)
[MASK M2332] area=0.0 perimeter=0.0 bbox=(623,481,1,1)
[MASK M2333] area=4.0 perimeter=8.0 bbox=(1245,480,3,3)
[MASK M2334] area=0.0 perimeter=0.0 bbox=(954,480,1,1)
[MASK M2335] area=0.0 perimeter=2.0 bbox=(1249,479,1,2)
[MASK M2336] area=0.0 perimeter=0.0 bbox=(1158,479,1,1)
[MASK M2337] area=0.5 perimeter=6.2 bbox=(1049,479,3,3)
[MASK M2338] area=34.0 perimeter=31.8 bbox=(714,479,6,13)
[MASK M2339] area=1.0 perimeter=4.0 bbox=(649,479,2,2)
[MASK M2340] area=0.0 perimeter=0.0 bbox=(197,479,1,1)
[MASK M2341] area=40.5 perimeter=38.0 bbox=(114,479,6,16)
[MASK M2342] area=0.0 perimeter=0.0 bbox=(1127,478,1,1)
[MASK M2343] area=0.0 perimeter=2.0 bbox=(935,478,1,2)
[MASK M2344] area=26.0 perimeter=38.1 bbox=(148,478,6,17)
[MASK M2345] area=0.0 perimeter=0.0 bbox=(1251,477,1,1)
[MASK M2346] area=0.5 perimeter=3.4 bbox=(1184,477,2,2)
[MASK M2347] area=10.0 perimeter=12.5 bbox=(782,477,6,4)
[MASK M2348] area=0.0 perimeter=2.0 bbox=(381,477,2,1)
[MASK M2349] area=0.0 perimeter=0.0 bbox=(84,477,1,1)
[MASK M2350] area=0.5 perimeter=3.4 bbox=(1297,476,2,2)
[MASK M2351] area=6.5 perimeter=13.1 bbox=(1072,476,5,5)
[MASK M2352] area=1.0 perimeter=4.8 bbox=(947,476,3,2)
[MASK M2353] area=13.0 perimeter=16.5 bbox=(927,476,7,5)
[MASK M2354] area=9.0 perimeter=11.7 bbox=(569,476,4,5)
[MASK M2355] area=41.5 perimeter=31.6 bbox=(531,476,7,13)
[MASK M2356] area=1.5 perimeter=5.4 bbox=(1258,475,3,2)
[MASK M2357] area=2.0 perimeter=8.8 bbox=(1216,475,2,5)
[MASK M2358] area=18.5 perimeter=19.9 bbox=(1202,475,5,8)
[MASK M2359] area=2.0 perimeter=6.8 bbox=(1062,475,4,2)
[MASK M2360] area=0.0 perimeter=0.0 bbox=(285,475,1,1)
[MASK M2361] area=7.0 perimeter=14.8 bbox=(953,474,7,3)
[MASK M2362] area=0.0 perimeter=4.0 bbox=(270,474,1,3)
[MASK M2363] area=0.0 perimeter=0.0 bbox=(91,474,1,1)
[MASK M2364] area=0.0 perimeter=2.0 bbox=(1131,473,2,1)
[MASK M2365] area=0.0 perimeter=0.0 bbox=(805,473,1,1)
[MASK M2366] area=2.5 perimeter=6.2 bbox=(432,473,3,3)
[MASK M2367] area=0.5 perimeter=3.4 bbox=(261,473,2,2)
[MASK M2368] area=12.0 perimeter=16.5 bbox=(70,473,4,7)
[MASK M2369] area=0.0 perimeter=0.0 bbox=(51,473,1,1)
[MASK M2370] area=1.5 perimeter=6.2 bbox=(511,472,3,3)
[MASK M2371] area=1.0 perimeter=4.0 bbox=(908,471,2,2)
[MASK M2372] area=80.5 perimeter=47.2 bbox=(678,471,10,18)
[MASK M2373] area=18.0 perimeter=21.3 bbox=(491,471,6,9)
[MASK M2374] area=3.5 perimeter=10.2 bbox=(117,471,3,5)
[MASK M2375] area=131.5 perimeter=104.7 bbox=(42,471,20,43)
[MASK M2376] area=0.0 perimeter=0.0 bbox=(41,471,1,1)
[MASK M2377] area=2.5 perimeter=7.4 bbox=(1279,470,3,3)
[MASK M2378] area=0.0 perimeter=6.0 bbox=(330,470,1,4)
[MASK M2379] area=22.5 perimeter=24.7 bbox=(1268,469,8,9)
[MASK M2380] area=0.5 perimeter=3.4 bbox=(1256,469,2,2)
[MASK M2381] area=0.0 perimeter=0.0 bbox=(1118,469,1,1)
[MASK M2382] area=4.0 perimeter=11.7 bbox=(486,469,4,5)
[MASK M2383] area=29.0 perimeter=23.3 bbox=(475,469,6,10)
[MASK M2384] area=0.5 perimeter=3.4 bbox=(430,469,2,2)
[MASK M2385] area=0.0 perimeter=0.0 bbox=(107,469,1,1)
[MASK M2386] area=9.0 perimeter=13.7 bbox=(1196,468,6,4)
[MASK M2387] area=76.5 perimeter=40.4 bbox=(338,468,9,16)
[MASK M2388] area=5.0 perimeter=14.5 bbox=(1189,467,6,5)
[MASK M2389] area=6.5 perimeter=15.9 bbox=(754,467,6,6)
[MASK M2390] area=3.5 perimeter=8.2 bbox=(714,467,4,3)
[MASK M2391] area=17.5 perimeter=17.1 bbox=(124,467,6,6)
[MASK M2392] area=0.0 perimeter=0.0 bbox=(50,467,1,1)
[MASK M2393] area=70.0 perimeter=36.1 bbox=(1016,466,10,13)
[MASK M2394] area=0.0 perimeter=2.0 bbox=(918,466,1,2)
[MASK M2395] area=0.0 perimeter=0.0 bbox=(406,466,1,1)
[MASK M2396] area=17.0 perimeter=23.3 bbox=(1205,465,9,7)
[MASK M2397] area=0.0 perimeter=2.8 bbox=(42,465,2,2)
[MASK M2398] area=1.0 perimeter=4.8 bbox=(1136,464,3,2)
[MASK M2399] area=1.5 perimeter=5.4 bbox=(1098,464,2,3)
[MASK M2400] area=0.0 perimeter=0.0 bbox=(558,464,1,1)
[MASK M2401] area=83.5 perimeter=38.4 bbox=(445,464,10,15)
[MASK M2402] area=0.0 perimeter=2.0 bbox=(333,464,1,2)
[MASK M2403] area=3.0 perimeter=10.8 bbox=(53,464,2,6)
[MASK M2404] area=11.0 perimeter=15.7 bbox=(1260,463,4,7)
[MASK M2405] area=0.0 perimeter=2.0 bbox=(1224,463,2,1)
[MASK M2406] area=0.0 perimeter=0.0 bbox=(989,463,1,1)
[MASK M2407] area=0.0 perimeter=2.0 bbox=(75,463,1,2)
[MASK M2408] area=0.0 perimeter=0.0 bbox=(1085,462,1,1)
[MASK M2409] area=0.5 perimeter=3.4 bbox=(560,462,2,2)
[MASK M2410] area=90.5 perimeter=58.9 bbox=(132,462,10,23)
[MASK M2411] area=10.0 perimeter=16.8 bbox=(93,462,3,8)
[MASK M2412] area=0.5 perimeter=3.4 bbox=(79,462,2,2)
[MASK M2413] area=1.0 perimeter=4.8 bbox=(1007,461,3,2)
[MASK M2414] area=75.0 perimeter=46.6 bbox=(722,461,11,18)
[MASK M2415] area=93.5 perimeter=47.2 bbox=(657,461,10,17)
[MASK M2416] area=0.0 perimeter=0.0 bbox=(202,461,1,1)
[MASK M2417] area=0.0 perimeter=0.0 bbox=(1325,460,1,1)
[MASK M2418] area=0.0 perimeter=2.0 bbox=(1239,460,1,2)
[MASK M2419] area=0.0 perimeter=0.0 bbox=(1227,460,1,1)
[MASK M2420] area=0.0 perimeter=0.0 bbox=(1288,459,1,1)
[MASK M2421] area=0.0 perimeter=0.0 bbox=(1138,459,1,1)
[MASK M2422] area=0.0 perimeter=2.0 bbox=(1088,459,2,1)
[MASK M2423] area=9.0 perimeter=14.5 bbox=(922,459,5,5)
[MASK M2424] area=17.5 perimeter=17.9 bbox=(1248,458,6,7)
[MASK M2425] area=14.0 perimeter=17.7 bbox=(1199,458,5,7)
[MASK M2426] area=8.5 perimeter=14.2 bbox=(934,458,7,3)
[MASK M2427] area=0.5 perimeter=3.4 bbox=(717,458,2,2)
[MASK M2428] area=35.0 perimeter=31.8 bbox=(627,458,10,11)
[MASK M2429] area=0.0 perimeter=0.0 bbox=(409,458,1,1)
[MASK M2430] area=0.0 perimeter=0.0 bbox=(190,458,1,1)
[MASK M2431] area=0.5 perimeter=3.4 bbox=(49,458,2,2)
[MASK M2432] area=1.5 perimeter=10.2 bbox=(41,458,3,5)
[MASK M2433] area=0.0 perimeter=0.0 bbox=(1278,457,1,1)
[MASK M2434] area=0.0 perimeter=2.0 bbox=(1103,457,1,2)
[MASK M2435] area=16.5 perimeter=28.7 bbox=(678,457,6,13)
[MASK M2436] area=0.0 perimeter=2.0 bbox=(655,457,1,2)
[MASK M2437] area=37.5 perimeter=25.9 bbox=(140,457,9,8)
[MASK M2438] area=0.5 perimeter=3.4 bbox=(1262,456,2,2)
[MASK M2439] area=0.0 perimeter=0.0 bbox=(902,456,1,1)
[MASK M2440] area=0.5 perimeter=3.4 bbox=(746,456,2,2)
[MASK M2441] area=0.5 perimeter=5.4 bbox=(712,456,2,3)
[MASK M2442] area=3.5 perimeter=10.2 bbox=(534,456,3,5)
[MASK M2443] area=2.0 perimeter=6.8 bbox=(125,456,4,2)
[MASK M2444] area=2.5 perimeter=7.4 bbox=(1236,455,3,3)
[MASK M2445] area=0.5 perimeter=3.4 bbox=(863,455,2,2)
[MASK M2446] area=0.0 perimeter=0.0 bbox=(729,455,1,1)
[MASK M2447] area=3.0 perimeter=13.7 bbox=(650,455,5,5)
[MASK M2448] area=41.5 perimeter=26.7 bbox=(483,455,7,11)
[MASK M2449] area=0.0 perimeter=0.0 bbox=(473,455,1,1)
[MASK M2450] area=0.0 perimeter=2.0 bbox=(439,455,1,2)
[MASK M2451] area=1.5 perimeter=5.4 bbox=(1270,454,3,2)
[MASK M2452] area=1.0 perimeter=4.0 bbox=(658,454,2,2)
[MASK M2453] area=0.5 perimeter=3.4 bbox=(623,454,2,2)
[MASK M2454] area=31.5 perimeter=41.9 bbox=(1191,453,20,5)
[MASK M2455] area=0.0 perimeter=2.0 bbox=(1051,453,2,1)
[MASK M2456] area=1.5 perimeter=6.2 bbox=(119,453,3,3)
[MASK M2457] area=0.5 perimeter=3.4 bbox=(101,453,2,2)
[MASK M2458] area=0.0 perimeter=0.0 bbox=(495,452,1,1)
[MASK M2459] area=4.5 perimeter=11.1 bbox=(445,452,5,4)
[MASK M2460] area=4.5 perimeter=10.2 bbox=(1101,451,5,3)
[MASK M2461] area=5.5 perimeter=11.1 bbox=(1088,451,4,5)
[MASK M2462] area=2.5 perimeter=8.2 bbox=(949,451,4,3)
[MASK M2463] area=18.5 perimeter=19.9 bbox=(917,451,9,5)
[MASK M2464] area=1.5 perimeter=5.4 bbox=(727,451,2,3)
[MASK M2465] area=0.0 perimeter=2.0 bbox=(574,451,2,1)
[MASK M2466] area=5.0 perimeter=11.7 bbox=(1123,450,6,3)
[MASK M2467] area=0.5 perimeter=3.4 bbox=(1021,450,2,2)
[MASK M2468] area=0.0 perimeter=2.0 bbox=(459,450,2,1)
[MASK M2469] area=0.0 perimeter=0.0 bbox=(400,450,1,1)
[MASK M2470] area=0.0 perimeter=2.0 bbox=(189,450,1,2)
[MASK M2471] area=1.0 perimeter=4.8 bbox=(1247,449,3,2)
[MASK M2472] area=0.0 perimeter=0.0 bbox=(1228,449,1,1)
[MASK M2473] area=0.0 perimeter=6.8 bbox=(1046,449,2,4)
[MASK M2474] area=1.0 perimeter=4.0 bbox=(795,449,2,2)
[MASK M2475] area=16.5 perimeter=17.1 bbox=(762,449,7,5)
[MASK M2476] area=0.0 perimeter=2.8 bbox=(659,449,2,2)
[MASK M2477] area=0.0 perimeter=0.0 bbox=(42,449,1,1)
[MASK M2478] area=3.5 perimeter=8.2 bbox=(1240,448,4,3)
[MASK M2479] area=0.0 perimeter=0.0 bbox=(401,448,1,1)
[MASK M2480] area=0.0 perimeter=2.0 bbox=(1291,447,1,2)
[MASK M2481] area=0.0 perimeter=2.0 bbox=(1161,447,2,1)
[MASK M2482] area=10.0 perimeter=16.8 bbox=(69,447,3,8)
[MASK M2483] area=0.0 perimeter=4.0 bbox=(1223,446,1,3)
[MASK M2484] area=0.0 perimeter=0.0 bbox=(190,446,1,1)
[MASK M2485] area=0.0 perimeter=0.0 bbox=(100,446,1,1)
[MASK M2486] area=36.0 perimeter=27.3 bbox=(84,446,7,11)
[MASK M2487] area=2.0 perimeter=6.0 bbox=(62,446,3,2)
[MASK M2488] area=0.0 perimeter=0.0 bbox=(1262,445,1,1)
[MASK M2489] area=1.0 perimeter=4.0 bbox=(1254,445,2,2)
[MASK M2490] area=1.5 perimeter=6.2 bbox=(1151,445,3,3)
[MASK M2491] area=3.5 perimeter=7.4 bbox=(146,445,3,3)
[MASK M2492] area=0.0 perimeter=2.8 bbox=(678,444,2,2)
[MASK M2493] area=0.0 perimeter=0.0 bbox=(964,443,1,1)
[MASK M2494] area=0.0 perimeter=2.8 bbox=(706,443,2,2)
[MASK M2495] area=3.5 perimeter=8.2 bbox=(1090,442,3,4)
[MASK M2496] area=1.0 perimeter=4.8 bbox=(1266,441,2,3)
[MASK M2497] area=0.0 perimeter=2.8 bbox=(1261,441,2,2)
[MASK M2498] area=0.0 perimeter=0.0 bbox=(763,441,1,1)
[MASK M2499] area=0.5 perimeter=3.4 bbox=(1247,440,2,2)
[MASK M2500] area=5.0 perimeter=11.7 bbox=(1101,440,3,6)
[MASK M2501] area=2.0 perimeter=6.8 bbox=(407,440,2,4)
[MASK M2502] area=0.0 perimeter=0.0 bbox=(162,440,1,1)
[MASK M2503] area=0.0 perimeter=0.0 bbox=(50,440,1,1)
[MASK M2504] area=0.0 perimeter=0.0 bbox=(1350,439,1,1)
[MASK M2505] area=0.5 perimeter=3.4 bbox=(1133,439,2,2)
[MASK M2506] area=1.0 perimeter=8.8 bbox=(1087,439,3,4)
[MASK M2507] area=1.5 perimeter=5.4 bbox=(1023,439,3,2)
[MASK M2508] area=2.0 perimeter=5.7 bbox=(442,439,3,3)
[MASK M2509] area=0.0 perimeter=2.0 bbox=(1254,438,2,1)
[MASK M2510] area=63.0 perimeter=48.6 bbox=(590,438,9,18)
[MASK M2511] area=0.0 perimeter=2.0 bbox=(373,438,1,2)
[MASK M2512] area=0.0 perimeter=0.0 bbox=(233,438,1,1)
[MASK M2513] area=18.5 perimeter=17.1 bbox=(93,438,5,7)
[MASK M2514] area=0.0 perimeter=2.8 bbox=(1296,437,2,2)
[MASK M2515] area=2.0 perimeter=11.7 bbox=(1231,437,4,4)
[MASK M2516] area=0.0 perimeter=0.0 bbox=(77,437,1,1)
[MASK M2517] area=0.0 perimeter=0.0 bbox=(903,436,1,1)
[MASK M2518] area=1.0 perimeter=4.0 bbox=(816,436,2,2)
[MASK M2519] area=35.0 perimeter=36.6 bbox=(479,436,9,10)
[MASK M2520] area=0.0 perimeter=0.0 bbox=(413,436,1,1)
[MASK M2521] area=1.0 perimeter=4.0 bbox=(401,436,2,2)
[MASK M2522] area=1.5 perimeter=5.4 bbox=(385,436,3,2)
[MASK M2523] area=0.0 perimeter=2.0 bbox=(74,436,2,1)
[MASK M2524] area=0.0 perimeter=4.0 bbox=(742,435,1,3)
[MASK M2525] area=0.5 perimeter=3.4 bbox=(120,435,2,2)
[MASK M2526] area=1.0 perimeter=4.0 bbox=(1320,434,2,2)
[MASK M2527] area=0.0 perimeter=0.0 bbox=(1294,434,1,1)
[MASK M2528] area=0.0 perimeter=0.0 bbox=(945,434,1,1)
[MASK M2529] area=0.0 perimeter=0.0 bbox=(924,434,1,1)
[MASK M2530] area=2.0 perimeter=14.5 bbox=(187,434,5,4)
[MASK M2531] area=0.0 perimeter=6.8 bbox=(1110,433,2,4)
[MASK M2532] area=10.5 perimeter=15.1 bbox=(915,433,6,5)
[MASK M2533] area=13.0 perimeter=18.5 bbox=(471,433,8,5)
[MASK M2534] area=0.5 perimeter=3.4 bbox=(411,433,2,2)
[MASK M2535] area=0.0 perimeter=0.0 bbox=(1098,431,1,1)
[MASK M2536] area=188.0 perimeter=139.4 bbox=(542,431,14,52)
[MASK M2537] area=0.5 perimeter=3.4 bbox=(190,431,2,2)
[MASK M2538] area=58.5 perimeter=44.5 bbox=(672,430,14,13)
[MASK M2539] area=1.0 perimeter=6.8 bbox=(399,430,2,4)
[MASK M2540] area=2.0 perimeter=6.8 bbox=(588,429,3,3)
[MASK M2541] area=22.0 perimeter=22.1 bbox=(143,429,6,9)
[MASK M2542] area=8.5 perimeter=12.2 bbox=(95,429,5,4)
[MASK M2543] area=0.0 perimeter=0.0 bbox=(90,429,1,1)
[MASK M2544] area=0.0 perimeter=0.0 bbox=(75,429,1,1)
[MASK M2545] area=1.5 perimeter=5.4 bbox=(1105,428,2,3)
[MASK M2546] area=0.0 perimeter=2.0 bbox=(1175,427,1,2)
[MASK M2547] area=0.0 perimeter=0.0 bbox=(898,427,1,1)
[MASK M2548] area=0.0 perimeter=0.0 bbox=(712,427,1,1)
[MASK M2549] area=0.0 perimeter=0.0 bbox=(520,427,1,1)
[MASK M2550] area=0.0 perimeter=0.0 bbox=(409,427,1,1)
[MASK M2551] area=0.0 perimeter=0.0 bbox=(57,427,1,1)
[MASK M2552] area=1.0 perimeter=4.8 bbox=(1114,426,3,2)
[MASK M2553] area=0.0 perimeter=0.0 bbox=(662,426,1,1)
[MASK M2554] area=0.0 perimeter=2.0 bbox=(76,426,1,2)
[MASK M2555] area=0.0 perimeter=2.0 bbox=(1329,425,1,2)
[MASK M2556] area=4.0 perimeter=9.7 bbox=(1274,425,4,4)
[MASK M2557] area=3.0 perimeter=7.7 bbox=(1260,425,3,4)
[MASK M2558] area=0.0 perimeter=0.0 bbox=(513,425,1,1)
[MASK M2559] area=0.0 perimeter=4.0 bbox=(485,425,1,3)
[MASK M2560] area=18.5 perimeter=25.9 bbox=(436,425,4,11)
[MASK M2561] area=5.0 perimeter=13.7 bbox=(988,424,6,4)
[MASK M2562] area=0.5 perimeter=3.4 bbox=(71,424,2,2)
[MASK M2563] area=1.0 perimeter=8.8 bbox=(1325,423,3,4)
[MASK M2564] area=0.0 perimeter=0.0 bbox=(920,423,1,1)
[MASK M2565] area=1.0 perimeter=4.8 bbox=(713,423,3,2)
[MASK M2566] area=0.0 perimeter=0.0 bbox=(463,423,1,1)
[MASK M2567] area=2.0 perimeter=6.8 bbox=(442,423,3,3)
[MASK M2568] area=0.0 perimeter=2.0 bbox=(176,423,1,2)
[MASK M2569] area=0.0 perimeter=0.0 bbox=(125,423,1,1)
[MASK M2570] area=0.5 perimeter=3.4 bbox=(1219,422,2,2)
[MASK M2571] area=22.0 perimeter=21.3 bbox=(264,422,7,7)
[MASK M2572] area=3.5 perimeter=10.2 bbox=(195,422,3,5)
[MASK M2573] area=0.0 perimeter=2.0 bbox=(114,422,2,1)
[MASK M2574] area=0.0 perimeter=0.0 bbox=(1326,421,1,1)
[MASK M2575] area=0.0 perimeter=2.8 bbox=(687,421,2,2)
[MASK M2576] area=0.0 perimeter=0.0 bbox=(668,421,1,1)
[MASK M2577] area=0.0 perimeter=0.0 bbox=(1243,420,1,1)
[MASK M2578] area=2.5 perimeter=7.4 bbox=(1191,420,2,4)
[MASK M2579] area=0.5 perimeter=3.4 bbox=(987,420,2,2)
[MASK M2580] area=0.0 perimeter=2.0 bbox=(1079,419,1,2)
[MASK M2581] area=0.0 perimeter=0.0 bbox=(937,419,1,1)
[MASK M2582] area=12.0 perimeter=16.5 bbox=(914,419,7,5)
[MASK M2583] area=0.0 perimeter=0.0 bbox=(126,419,1,1)
[MASK M2584] area=0.0 perimeter=0.0 bbox=(117,419,1,1)
[MASK M2585] area=0.0 perimeter=2.0 bbox=(1296,418,1,2)
[MASK M2586] area=0.0 perimeter=0.0 bbox=(1149,418,1,1)
[MASK M2587] area=166.5 perimeter=82.2 bbox=(718,418,11,35)
[MASK M2588] area=11.0 perimeter=16.5 bbox=(472,417,6,6)
[MASK M2589] area=0.5 perimeter=3.4 bbox=(1019,416,2,2)
[MASK M2590] area=0.0 perimeter=0.0 bbox=(931,416,1,1)
[MASK M2591] area=1.0 perimeter=4.8 bbox=(405,416,2,3)
[MASK M2592] area=7.5 perimeter=13.9 bbox=(70,416,6,5)
[MASK M2593] area=0.0 perimeter=0.0 bbox=(38,416,1,1)
[MASK M2594] area=0.0 perimeter=0.0 bbox=(249,415,1,1)
[MASK M2595] area=2.0 perimeter=6.8 bbox=(1107,414,4,2)
[MASK M2596] area=0.0 perimeter=2.0 bbox=(930,414,2,1)
[MASK M2597] area=1.5 perimeter=5.4 bbox=(923,414,2,3)
[MASK M2598] area=16.0 perimeter=18.5 bbox=(105,414,7,6)
[MASK M2599] area=9.0 perimeter=13.7 bbox=(458,413,4,5)
[MASK M2600] area=0.0 perimeter=0.0 bbox=(332,413,1,1)
[MASK M2601] area=0.0 perimeter=0.0 bbox=(110,413,1,1)
[MASK M2602] area=0.0 perimeter=2.0 bbox=(73,413,1,2)
[MASK M2603] area=0.0 perimeter=2.0 bbox=(38,413,1,2)
[MASK M2604] area=0.5 perimeter=3.4 bbox=(926,412,2,2)
[MASK M2605] area=2.5 perimeter=7.4 bbox=(918,412,2,4)
[MASK M2606] area=0.0 perimeter=0.0 bbox=(404,412,1,1)
[MASK M2607] area=1.5 perimeter=13.1 bbox=(1268,411,4,6)
[MASK M2608] area=0.0 perimeter=0.0 bbox=(627,410,1,1)
[MASK M2609] area=0.0 perimeter=2.0 bbox=(493,410,1,2)
[MASK M2610] area=0.0 perimeter=4.0 bbox=(431,410,1,3)
[MASK M2611] area=0.0 perimeter=2.0 bbox=(1336,409,1,2)
[MASK M2612] area=1.0 perimeter=4.8 bbox=(1134,408,3,2)
[MASK M2613] area=1.0 perimeter=4.0 bbox=(1104,408,2,2)
[MASK M2614] area=24.0 perimeter=23.0 bbox=(682,408,8,9)
[MASK M2615] area=0.0 perimeter=4.0 bbox=(296,408,1,3)
[MASK M2616] area=0.0 perimeter=0.0 bbox=(37,408,1,1)
[MASK M2617] area=0.0 perimeter=0.0 bbox=(1292,407,1,1)
[MASK M2618] area=0.0 perimeter=0.0 bbox=(934,407,1,1)
[MASK M2619] area=0.0 perimeter=4.0 bbox=(473,407,3,1)
[MASK M2620] area=9.5 perimeter=16.2 bbox=(438,407,3,8)
[MASK M2621] area=143.5 perimeter=68.0 bbox=(419,407,9,28)
[MASK M2622] area=21.5 perimeter=21.9 bbox=(723,406,5,10)
[MASK M2623] area=0.0 perimeter=0.0 bbox=(928,405,1,1)
[MASK M2624] area=0.0 perimeter=0.0 bbox=(417,405,1,1)
[MASK M2625] area=1.5 perimeter=5.4 bbox=(1323,404,3,2)
[MASK M2626] area=1.5 perimeter=5.4 bbox=(1044,404,2,3)
[MASK M2627] area=0.5 perimeter=3.4 bbox=(1009,404,2,2)
[MASK M2628] area=16.5 perimeter=19.1 bbox=(630,404,5,8)
[MASK M2629] area=0.0 perimeter=0.0 bbox=(1290,403,1,1)
[MASK M2630] area=2.0 perimeter=11.7 bbox=(1049,403,3,5)
[MASK M2631] area=0.5 perimeter=7.4 bbox=(732,403,2,4)
[MASK M2632] area=0.5 perimeter=3.4 bbox=(1304,402,2,2)
[MASK M2633] area=0.0 perimeter=0.0 bbox=(1208,402,1,1)
[MASK M2634] area=0.0 perimeter=0.0 bbox=(1289,401,1,1)
[MASK M2635] area=1.0 perimeter=4.0 bbox=(1269,401,2,2)
[MASK M2636] area=0.0 perimeter=0.0 bbox=(1062,401,1,1)
[MASK M2637] area=64.5 perimeter=37.2 bbox=(448,401,11,14)
[MASK M2638] area=0.0 perimeter=2.0 bbox=(1263,400,2,1)
[MASK M2639] area=3.5 perimeter=7.4 bbox=(1256,400,3,3)
[MASK M2640] area=3.5 perimeter=7.4 bbox=(1191,400,3,3)
[MASK M2641] area=0.5 perimeter=3.4 bbox=(783,400,2,2)
[MASK M2642] area=0.0 perimeter=2.0 bbox=(261,400,1,2)
[MASK M2643] area=3.0 perimeter=8.8 bbox=(223,400,3,4)
[MASK M2644] area=0.5 perimeter=3.4 bbox=(1275,398,2,2)
[MASK M2645] area=1.0 perimeter=4.8 bbox=(637,398,2,3)
[MASK M2646] area=0.0 perimeter=0.0 bbox=(442,398,1,1)
[MASK M2647] area=2.0 perimeter=6.8 bbox=(437,398,2,4)
[MASK M2648] area=0.0 perimeter=0.0 bbox=(415,398,1,1)
[MASK M2649] area=1.0 perimeter=14.5 bbox=(36,398,2,7)
[MASK M2650] area=2.5 perimeter=6.2 bbox=(1219,397,3,3)
[MASK M2651] area=3.5 perimeter=8.2 bbox=(790,397,3,4)
[MASK M2652] area=1.0 perimeter=4.8 bbox=(419,397,2,3)
[MASK M2653] area=7.5 perimeter=13.1 bbox=(1100,396,5,5)
[MASK M2654] area=0.0 perimeter=0.0 bbox=(36,396,1,1)
[MASK M2655] area=0.0 perimeter=4.0 bbox=(1291,395,1,3)
[MASK M2656] area=0.5 perimeter=5.4 bbox=(1178,395,3,2)
[MASK M2657] area=22.0 perimeter=28.1 bbox=(1064,395,6,12)
[MASK M2658] area=0.0 perimeter=0.0 bbox=(1095,394,1,1)
[MASK M2659] area=0.5 perimeter=3.4 bbox=(689,394,2,2)
[MASK M2660] area=19.5 perimeter=19.9 bbox=(671,394,7,7)
[MASK M2661] area=3.0 perimeter=9.7 bbox=(422,394,3,5)
[MASK M2662] area=0.0 perimeter=0.0 bbox=(1293,393,1,1)
[MASK M2663] area=0.0 perimeter=2.0 bbox=(1066,393,2,1)
[MASK M2664] area=0.0 perimeter=2.0 bbox=(493,393,1,2)
[MASK M2665] area=49.0 perimeter=51.5 bbox=(77,393,13,13)
[MASK M2666] area=4.5 perimeter=14.2 bbox=(66,393,3,7)
[MASK M2667] area=0.0 perimeter=2.8 bbox=(993,392,2,2)
[MASK M2668] area=0.0 perimeter=2.0 bbox=(36,392,1,2)
[MASK M2669] area=0.0 perimeter=2.0 bbox=(1309,391,2,1)
[MASK M2670] area=0.0 perimeter=2.0 bbox=(981,391,2,1)
[MASK M2671] area=0.0 perimeter=2.0 bbox=(93,391,2,1)
[MASK M2672] area=0.5 perimeter=3.4 bbox=(1270,390,2,2)
[MASK M2673] area=0.0 perimeter=4.0 bbox=(729,388,1,3)
[MASK M2674] area=67.0 perimeter=36.6 bbox=(706,388,11,14)
[MASK M2675] area=0.0 perimeter=0.0 bbox=(676,388,1,1)
[MASK M2676] area=0.0 perimeter=0.0 bbox=(523,388,1,1)
[MASK M2677] area=169.5 perimeter=74.5 bbox=(506,387,12,30)
[MASK M2678] area=0.5 perimeter=3.4 bbox=(461,387,2,2)
[MASK M2679] area=6.5 perimeter=15.4 bbox=(441,387,2,8)
[MASK M2680] area=1.0 perimeter=4.8 bbox=(1293,386,3,2)
[MASK M2681] area=0.0 perimeter=2.0 bbox=(818,386,1,2)
[MASK M2682] area=8.5 perimeter=15.9 bbox=(402,386,4,6)
[MASK M2683] area=3.5 perimeter=10.2 bbox=(380,386,3,4)
[MASK M2684] area=0.0 perimeter=2.0 bbox=(676,385,1,2)
[MASK M2685] area=0.0 perimeter=0.0 bbox=(1309,384,1,1)
[MASK M2686] area=0.0 perimeter=0.0 bbox=(1082,383,1,1)
[MASK M2687] area=0.0 perimeter=0.0 bbox=(899,383,1,1)
[MASK M2688] area=1.5 perimeter=5.4 bbox=(667,382,2,3)
[MASK M2689] area=2.0 perimeter=19.3 bbox=(34,382,3,9)
[MASK M2690] area=0.0 perimeter=2.0 bbox=(1225,381,2,1)
[MASK M2691] area=0.0 perimeter=0.0 bbox=(958,381,1,1)
[MASK M2692] area=0.0 perimeter=0.0 bbox=(890,381,1,1)
[MASK M2693] area=0.5 perimeter=3.4 bbox=(676,381,2,2)
[MASK M2694] area=0.0 perimeter=0.0 bbox=(1321,380,1,1)
[MASK M2695] area=12.0 perimeter=14.5 bbox=(1245,380,5,6)
[MASK M2696] area=0.0 perimeter=0.0 bbox=(1178,379,1,1)
[MASK M2697] area=0.0 perimeter=2.0 bbox=(953,379,1,2)
[MASK M2698] area=0.5 perimeter=3.4 bbox=(948,379,2,2)
[MASK M2699] area=1.0 perimeter=6.8 bbox=(916,379,2,4)
[MASK M2700] area=0.0 perimeter=0.0 bbox=(824,379,1,1)
[MASK M2701] area=1.5 perimeter=5.4 bbox=(367,379,2,3)
[MASK M2702] area=2.0 perimeter=6.0 bbox=(123,379,2,3)
[MASK M2703] area=7.5 perimeter=17.1 bbox=(1287,378,5,7)
[MASK M2704] area=1.0 perimeter=4.8 bbox=(1231,378,3,2)
[MASK M2705] area=6.0 perimeter=11.7 bbox=(682,378,3,5)
[MASK M2706] area=0.0 perimeter=0.0 bbox=(69,378,1,1)
[MASK M2707] area=0.0 perimeter=4.0 bbox=(35,378,1,3)
[MASK M2708] area=0.5 perimeter=8.2 bbox=(1075,377,4,2)
[MASK M2709] area=0.0 perimeter=0.0 bbox=(1291,376,1,1)
[MASK M2710] area=2.5 perimeter=6.2 bbox=(1235,376,3,3)
[MASK M2711] area=0.0 perimeter=2.0 bbox=(1214,376,2,1)
[MASK M2712] area=0.0 perimeter=0.0 bbox=(1205,376,1,1)
[MASK M2713] area=0.0 perimeter=0.0 bbox=(898,376,1,1)
[MASK M2714] area=0.0 perimeter=0.0 bbox=(1305,375,1,1)
[MASK M2715] area=5.0 perimeter=8.8 bbox=(728,375,3,4)
[MASK M2716] area=1.0 perimeter=4.8 bbox=(723,375,2,3)
[MASK M2717] area=0.0 perimeter=0.0 bbox=(378,375,1,1)
[MASK M2718] area=17.5 perimeter=23.9 bbox=(1265,374,10,6)
[MASK M2719] area=0.0 perimeter=0.0 bbox=(1238,374,1,1)
[MASK M2720] area=0.0 perimeter=2.0 bbox=(1176,374,2,1)
[MASK M2721] area=33.0 perimeter=33.0 bbox=(79,374,14,8)
[MASK M2722] area=56.0 perimeter=50.3 bbox=(73,374,10,17)
[MASK M2723] area=0.0 perimeter=0.0 bbox=(1306,373,1,1)
[MASK M2724] area=0.0 perimeter=0.0 bbox=(1239,372,1,1)
[MASK M2725] area=0.0 perimeter=0.0 bbox=(911,372,1,1)
[MASK M2726] area=0.0 perimeter=0.0 bbox=(747,372,1,1)
[MASK M2727] area=0.0 perimeter=0.0 bbox=(183,372,1,1)
[MASK M2728] area=141.0 perimeter=164.4 bbox=(38,372,12,74)
[MASK M2729] area=0.0 perimeter=2.0 bbox=(1291,371,1,2)
[MASK M2730] area=0.5 perimeter=5.4 bbox=(1182,371,2,3)
[MASK M2731] area=0.0 perimeter=0.0 bbox=(1133,370,1,1)
[MASK M2732] area=5.0 perimeter=18.5 bbox=(420,370,4,9)
[MASK M2733] area=0.0 perimeter=0.0 bbox=(139,370,1,1)
[MASK M2734] area=12.5 perimeter=15.9 bbox=(1252,369,7,4)
[MASK M2735] area=0.5 perimeter=3.4 bbox=(501,369,2,2)
[MASK M2736] area=3.0 perimeter=6.8 bbox=(377,368,3,3)
[MASK M2737] area=0.0 perimeter=2.0 bbox=(1134,367,1,2)
[MASK M2738] area=0.0 perimeter=2.0 bbox=(939,367,2,1)
[MASK M2739] area=0.0 perimeter=0.0 bbox=(447,367,1,1)
[MASK M2740] area=0.0 perimeter=0.0 bbox=(1316,366,1,1)
[MASK M2741] area=53.5 perimeter=39.2 bbox=(675,366,11,14)
[MASK M2742] area=0.0 perimeter=2.0 bbox=(1320,365,1,2)
[MASK M2743] area=0.0 perimeter=0.0 bbox=(1326,364,1,1)
[MASK M2744] area=1.5 perimeter=5.4 bbox=(917,364,3,2)
[MASK M2745] area=0.5 perimeter=3.4 bbox=(911,364,2,2)
[MASK M2746] area=15.5 perimeter=19.9 bbox=(669,364,6,8)
[MASK M2747] area=0.0 perimeter=0.0 bbox=(1230,363,1,1)
[MASK M2748] area=0.0 perimeter=0.0 bbox=(902,363,1,1)
[MASK M2749] area=1.0 perimeter=4.0 bbox=(678,363,2,2)
[MASK M2750] area=1.5 perimeter=5.4 bbox=(1212,362,3,2)
[MASK M2751] area=0.0 perimeter=0.0 bbox=(1041,362,1,1)
[MASK M2752] area=0.0 perimeter=2.0 bbox=(850,362,2,1)
[MASK M2753] area=5.0 perimeter=9.7 bbox=(586,362,4,4)
[MASK M2754] area=1.5 perimeter=5.4 bbox=(1271,361,2,3)
[MASK M2755] area=1.0 perimeter=6.8 bbox=(699,361,4,2)
[MASK M2756] area=13.5 perimeter=19.1 bbox=(406,361,5,8)
[MASK M2757] area=4.0 perimeter=8.8 bbox=(64,360,3,4)
[MASK M2758] area=0.0 perimeter=0.0 bbox=(1198,359,1,1)
[MASK M2759] area=1.5 perimeter=7.4 bbox=(1152,359,4,2)
[MASK M2760] area=0.0 perimeter=0.0 bbox=(1172,358,1,1)
[MASK M2761] area=0.0 perimeter=0.0 bbox=(1164,358,1,1)
[MASK M2762] area=158.0 perimeter=81.8 bbox=(430,358,8,36)
[MASK M2763] area=0.5 perimeter=5.4 bbox=(1217,357,2,3)
[MASK M2764] area=0.0 perimeter=0.0 bbox=(121,357,1,1)
[MASK M2765] area=5.5 perimeter=11.1 bbox=(700,356,5,4)
[MASK M2766] area=45.0 perimeter=35.0 bbox=(479,356,7,14)
[MASK M2767] area=1.5 perimeter=5.4 bbox=(1184,355,3,2)
[MASK M2768] area=3.0 perimeter=10.8 bbox=(404,355,2,6)
[MASK M2769] area=0.5 perimeter=3.4 bbox=(373,355,2,2)
[MASK M2770] area=0.0 perimeter=0.0 bbox=(118,355,1,1)
[MASK M2771] area=49.5 perimeter=37.2 bbox=(73,355,10,13)
[MASK M2772] area=6.5 perimeter=13.1 bbox=(1287,354,4,6)
[MASK M2773] area=0.0 perimeter=5.7 bbox=(1311,353,3,3)
[MASK M2774] area=0.0 perimeter=0.0 bbox=(252,353,1,1)
[MASK M2775] area=3.5 perimeter=8.2 bbox=(248,353,4,3)
[MASK M2776] area=0.0 perimeter=0.0 bbox=(1320,352,1,1)
[MASK M2777] area=0.0 perimeter=0.0 bbox=(982,352,1,1)
[MASK M2778] area=0.0 perimeter=2.8 bbox=(79,352,2,2)
[MASK M2779] area=3.0 perimeter=9.7 bbox=(67,352,5,3)
[MASK M2780] area=0.0 perimeter=0.0 bbox=(1093,351,1,1)
[MASK M2781] area=0.0 perimeter=2.0 bbox=(744,351,1,2)
[MASK M2782] area=4.0 perimeter=10.0 bbox=(398,351,2,5)
[MASK M2783] area=1.5 perimeter=5.4 bbox=(948,350,3,2)
[MASK M2784] area=0.0 perimeter=2.0 bbox=(1270,349,1,2)
[MASK M2785] area=40.0 perimeter=29.3 bbox=(417,349,6,11)
[MASK M2786] area=2.5 perimeter=8.2 bbox=(1166,348,4,3)
[MASK M2787] area=1.0 perimeter=4.8 bbox=(826,348,2,3)
[MASK M2788] area=0.0 perimeter=0.0 bbox=(524,348,1,1)
[MASK M2789] area=0.0 perimeter=0.0 bbox=(397,348,1,1)
[MASK M2790] area=0.0 perimeter=2.0 bbox=(1305,347,1,2)
[MASK M2791] area=0.0 perimeter=4.0 bbox=(1174,347,3,1)
[MASK M2792] area=0.0 perimeter=0.0 bbox=(1068,346,1,1)
[MASK M2793] area=0.0 perimeter=0.0 bbox=(526,346,1,1)
[MASK M2794] area=0.0 perimeter=0.0 bbox=(524,346,1,1)
[MASK M2795] area=12.0 perimeter=20.5 bbox=(62,346,4,8)
[MASK M2796] area=0.0 perimeter=2.0 bbox=(1213,345,2,1)
[MASK M2797] area=12.5 perimeter=22.7 bbox=(1001,345,9,6)
[MASK M2798] area=8.5 perimeter=16.2 bbox=(435,345,3,8)
[MASK M2799] area=4.0 perimeter=8.8 bbox=(410,345,3,4)
[MASK M2800] area=0.5 perimeter=3.4 bbox=(59,345,2,2)
[MASK M2801] area=9.0 perimeter=15.7 bbox=(1317,344,4,6)
[MASK M2802] area=0.0 perimeter=2.0 bbox=(694,344,2,1)
[MASK M2803] area=1.5 perimeter=5.4 bbox=(392,344,2,3)
[MASK M2804] area=0.0 perimeter=0.0 bbox=(76,344,1,1)
[MASK M2805] area=0.0 perimeter=0.0 bbox=(1030,343,1,1)
[MASK M2806] area=0.0 perimeter=0.0 bbox=(411,343,1,1)
[MASK M2807] area=1.5 perimeter=5.4 bbox=(1118,342,3,2)
[MASK M2808] area=0.0 perimeter=2.0 bbox=(58,342,1,2)
[MASK M2809] area=13.0 perimeter=31.0 bbox=(1250,341,8,11)
[MASK M2810] area=14.0 perimeter=19.3 bbox=(624,340,5,9)
[MASK M2811] area=0.0 perimeter=0.0 bbox=(1116,339,1,1)
[MASK M2812] area=0.0 perimeter=0.0 bbox=(396,338,1,1)
[MASK M2813] area=0.5 perimeter=3.4 bbox=(297,338,2,2)
[MASK M2814] area=5.0 perimeter=13.7 bbox=(1317,337,4,6)
[MASK M2815] area=0.0 perimeter=0.0 bbox=(22,337,1,1)
[MASK M2816] area=1.5 perimeter=5.4 bbox=(1236,336,2,3)
[MASK M2817] area=6.0 perimeter=9.7 bbox=(411,336,4,4)
[MASK M2818] area=1.5 perimeter=6.2 bbox=(1322,334,3,3)
[MASK M2819] area=0.0 perimeter=0.0 bbox=(1175,334,1,1)
[MASK M2820] area=0.0 perimeter=2.0 bbox=(1109,334,2,1)
[MASK M2821] area=16.0 perimeter=29.7 bbox=(423,334,3,15)
[MASK M2822] area=1.5 perimeter=5.4 bbox=(1311,333,2,3)
[MASK M2823] area=0.0 perimeter=0.0 bbox=(1255,333,1,1)
[MASK M2824] area=141.0 perimeter=99.6 bbox=(25,333,11,43)
[MASK M2825] area=133.5 perimeter=69.4 bbox=(717,332,10,28)
[MASK M2826] area=0.0 perimeter=0.0 bbox=(451,332,1,1)
[MASK M2827] area=6.5 perimeter=19.1 bbox=(435,332,4,8)
[MASK M2828] area=0.0 perimeter=2.0 bbox=(539,331,2,1)
[MASK M2829] area=1.5 perimeter=5.4 bbox=(114,330,2,3)
[MASK M2830] area=0.0 perimeter=0.0 bbox=(1322,329,1,1)
[MASK M2831] area=6.5 perimeter=13.1 bbox=(1214,329,4,6)
[MASK M2832] area=0.0 perimeter=4.8 bbox=(717,329,2,3)
[MASK M2833] area=0.0 perimeter=2.0 bbox=(451,328,2,1)
[MASK M2834] area=2.5 perimeter=7.4 bbox=(412,328,2,4)
[MASK M2835] area=0.0 perimeter=2.0 bbox=(27,328,1,2)
[MASK M2836] area=0.0 perimeter=0.0 bbox=(1270,327,1,1)
[MASK M2837] area=1.5 perimeter=5.4 bbox=(1128,327,2,3)
[MASK M2838] area=0.0 perimeter=0.0 bbox=(1039,327,1,1)
[MASK M2839] area=0.5 perimeter=3.4 bbox=(372,327,2,2)
[MASK M2840] area=0.0 perimeter=0.0 bbox=(1281,325,1,1)
[MASK M2841] area=0.0 perimeter=0.0 bbox=(1236,325,1,1)
[MASK M2842] area=0.0 perimeter=2.0 bbox=(1135,325,2,1)
[MASK M2843] area=0.0 perimeter=0.0 bbox=(1040,325,1,1)
[MASK M2844] area=0.0 perimeter=2.0 bbox=(69,325,1,2)
[MASK M2845] area=23.0 perimeter=32.1 bbox=(1287,324,5,15)
[MASK M2846] area=1.5 perimeter=5.4 bbox=(758,324,2,3)
[MASK M2847] area=16.5 perimeter=19.1 bbox=(661,323,6,7)
[MASK M2848] area=30.5 perimeter=36.4 bbox=(393,323,7,13)
[MASK M2849] area=0.0 perimeter=2.0 bbox=(939,322,2,1)
[MASK M2850] area=4.0 perimeter=11.7 bbox=(410,322,3,5)
[MASK M2851] area=0.5 perimeter=3.4 bbox=(116,322,2,2)
[MASK M2852] area=1.5 perimeter=11.1 bbox=(1313,321,4,5)
[MASK M2853] area=2.0 perimeter=6.8 bbox=(1253,321,3,3)
[MASK M2854] area=1.5 perimeter=8.2 bbox=(900,321,3,4)
[MASK M2855] area=6.5 perimeter=14.2 bbox=(450,321,4,6)
[MASK M2856] area=0.0 perimeter=2.0 bbox=(442,321,1,2)
[MASK M2857] area=6.0 perimeter=12.5 bbox=(401,321,5,4)
[MASK M2858] area=19.0 perimeter=19.3 bbox=(1212,320,6,7)
[MASK M2859] area=0.0 perimeter=0.0 bbox=(950,320,1,1)
[MASK M2860] area=0.0 perimeter=2.0 bbox=(788,320,1,2)
[MASK M2861] area=16.5 perimeter=19.9 bbox=(470,320,7,7)
[MASK M2862] area=0.0 perimeter=0.0 bbox=(1322,318,1,1)
[MASK M2863] area=0.0 perimeter=2.0 bbox=(1008,318,2,1)
[MASK M2864] area=0.5 perimeter=3.4 bbox=(782,317,2,2)
[MASK M2865] area=21.0 perimeter=21.7 bbox=(538,317,9,5)
[MASK M2866] area=0.5 perimeter=3.4 bbox=(454,317,2,2)
[MASK M2867] area=91.0 perimeter=59.9 bbox=(54,317,11,22)
[MASK M2868] area=2.0 perimeter=6.0 bbox=(379,316,2,3)
[MASK M2869] area=2.5 perimeter=6.2 bbox=(1268,315,3,3)
[MASK M2870] area=0.0 perimeter=0.0 bbox=(547,315,1,1)
[MASK M2871] area=0.5 perimeter=3.4 bbox=(396,315,2,2)
[MASK M2872] area=1.5 perimeter=10.2 bbox=(1001,314,4,4)
[MASK M2873] area=0.0 perimeter=0.0 bbox=(375,314,1,1)
[MASK M2874] area=2.5 perimeter=7.4 bbox=(1253,313,2,4)
[MASK M2875] area=0.0 perimeter=0.0 bbox=(135,313,1,1)
[MASK M2876] area=0.0 perimeter=2.0 bbox=(814,311,1,2)
[MASK M2877] area=6.5 perimeter=10.2 bbox=(1233,309,5,3)
[MASK M2878] area=1.0 perimeter=6.8 bbox=(1004,309,4,2)
[MASK M2879] area=0.0 perimeter=0.0 bbox=(672,309,1,1)
[MASK M2880] area=3.0 perimeter=8.8 bbox=(442,309,2,5)
[MASK M2881] area=0.0 perimeter=2.0 bbox=(383,309,1,2)
[MASK M2882] area=50.0 perimeter=31.0 bbox=(720,308,11,10)
[MASK M2883] area=0.0 perimeter=2.8 bbox=(1134,307,2,2)
[MASK M2884] area=0.0 perimeter=0.0 bbox=(1016,307,1,1)
[MASK M2885] area=121.5 perimeter=62.9 bbox=(426,307,15,21)
[MASK M2886] area=6.0 perimeter=9.7 bbox=(720,306,4,4)
[MASK M2887] area=15.0 perimeter=20.8 bbox=(1288,305,3,10)
[MASK M2888] area=5.0 perimeter=14.8 bbox=(407,304,3,7)
[MASK M2889] area=2.5 perimeter=7.4 bbox=(976,303,3,3)
[MASK M2890] area=0.0 perimeter=0.0 bbox=(1269,302,1,1)
[MASK M2891] area=16.5 perimeter=30.7 bbox=(1215,302,7,11)
[MASK M2892] area=30.0 perimeter=24.1 bbox=(685,302,8,9)
[MASK M2893] area=105.5 perimeter=93.4 bbox=(30,301,10,41)
[MASK M2894] area=1.0 perimeter=10.8 bbox=(1253,300,2,6)
[MASK M2895] area=0.5 perimeter=3.4 bbox=(1290,299,2,2)
[MASK M2896] area=0.0 perimeter=2.0 bbox=(480,299,1,2)
[MASK M2897] area=0.0 perimeter=0.0 bbox=(371,299,1,1)
[MASK M2898] area=0.0 perimeter=6.8 bbox=(116,298,2,4)
[MASK M2899] area=3.0 perimeter=8.8 bbox=(422,297,4,3)
[MASK M2900] area=2.0 perimeter=6.8 bbox=(709,296,3,3)
[MASK M2901] area=0.0 perimeter=2.0 bbox=(917,295,1,2)
[MASK M2902] area=0.0 perimeter=0.0 bbox=(774,295,1,1)
[MASK M2903] area=1.0 perimeter=4.0 bbox=(20,293,2,2)
[MASK M2904] area=21.0 perimeter=22.5 bbox=(518,292,6,9)
[MASK M2905] area=2.0 perimeter=6.8 bbox=(428,292,3,3)
[MASK M2906] area=6.0 perimeter=9.7 bbox=(712,291,4,4)
[MASK M2907] area=3.0 perimeter=8.8 bbox=(1267,289,3,4)
[MASK M2908] area=0.0 perimeter=0.0 bbox=(1232,289,1,1)
[MASK M2909] area=0.0 perimeter=0.0 bbox=(793,289,1,1)
[MASK M2910] area=1.5 perimeter=5.4 bbox=(398,289,2,3)
[MASK M2911] area=0.5 perimeter=3.4 bbox=(453,288,2,2)
[MASK M2912] area=15.0 perimeter=33.7 bbox=(405,288,4,15)
[MASK M2913] area=0.0 perimeter=0.0 bbox=(127,288,1,1)
[MASK M2914] area=6.0 perimeter=10.8 bbox=(1252,287,3,5)
[MASK M2915] area=0.0 perimeter=0.0 bbox=(373,287,1,1)
[MASK M2916] area=11.5 perimeter=16.2 bbox=(1215,286,3,8)
[MASK M2917] area=16.5 perimeter=21.9 bbox=(1287,285,4,10)
[MASK M2918] area=0.0 perimeter=2.0 bbox=(1003,285,2,1)
[MASK M2919] area=45.5 perimeter=29.6 bbox=(493,284,8,12)
[MASK M2920] area=2.5 perimeter=8.2 bbox=(924,281,4,3)
[MASK M2921] area=0.0 perimeter=0.0 bbox=(887,281,1,1)
[MASK M2922] area=0.0 perimeter=0.0 bbox=(764,281,1,1)
[MASK M2923] area=26.5 perimeter=32.7 bbox=(33,281,8,11)
[MASK M2924] area=1.5 perimeter=6.2 bbox=(728,279,3,3)
[MASK M2925] area=0.0 perimeter=0.0 bbox=(521,279,1,1)
[MASK M2926] area=0.5 perimeter=8.2 bbox=(1215,278,3,4)
[MASK M2927] area=61.0 perimeter=44.6 bbox=(736,277,10,16)
[MASK M2928] area=0.0 perimeter=2.0 bbox=(396,277,1,2)
[MASK M2929] area=4.0 perimeter=11.7 bbox=(498,275,6,3)
[MASK M2930] area=10.5 perimeter=13.1 bbox=(477,275,5,5)
[MASK M2931] area=37.5 perimeter=30.4 bbox=(422,275,7,12)
[MASK M2932] area=0.0 perimeter=0.0 bbox=(1215,274,1,1)
[MASK M2933] area=6.0 perimeter=11.7 bbox=(1187,274,5,4)
[MASK M2934] area=0.0 perimeter=2.0 bbox=(1155,274,2,1)
[MASK M2935] area=3.0 perimeter=7.7 bbox=(998,274,3,4)
[MASK M2936] area=4.5 perimeter=8.2 bbox=(405,274,3,4)
[MASK M2937] area=0.0 perimeter=0.0 bbox=(372,274,1,1)
[MASK M2938] area=0.0 perimeter=2.0 bbox=(734,271,2,1)
[MASK M2939] area=0.0 perimeter=0.0 bbox=(394,270,1,1)
[MASK M2940] area=1.5 perimeter=10.2 bbox=(436,269,3,5)
[MASK M2941] area=0.0 perimeter=2.0 bbox=(1216,268,1,2)
[MASK M2942] area=0.0 perimeter=0.0 bbox=(452,268,1,1)
[MASK M2943] area=0.5 perimeter=3.4 bbox=(404,268,2,2)
[MASK M2944] area=0.0 perimeter=0.0 bbox=(1001,266,1,1)
[MASK M2945] area=0.0 perimeter=4.8 bbox=(491,266,3,2)
[MASK M2946] area=0.0 perimeter=0.0 bbox=(393,265,1,1)
[MASK M2947] area=1.5 perimeter=7.4 bbox=(376,264,2,4)
[MASK M2948] area=1.5 perimeter=5.4 bbox=(372,264,2,3)
[MASK M2949] area=2.5 perimeter=6.2 bbox=(395,263,3,3)
[MASK M2950] area=0.0 perimeter=0.0 bbox=(1276,262,1,1)
[MASK M2951] area=0.0 perimeter=0.0 bbox=(680,262,1,1)
[MASK M2952] area=0.0 perimeter=2.0 bbox=(389,262,1,2)
[MASK M2953] area=0.0 perimeter=0.0 bbox=(131,262,1,1)
[MASK M2954] area=12.5 perimeter=26.7 bbox=(20,261,4,12)
[MASK M2955] area=0.0 perimeter=0.0 bbox=(388,260,1,1)
[MASK M2956] area=5.0 perimeter=9.7 bbox=(736,259,5,3)
[MASK M2957] area=16.0 perimeter=19.3 bbox=(492,259,7,7)
[MASK M2958] area=1.0 perimeter=4.8 bbox=(749,258,2,3)
[MASK M2959] area=0.5 perimeter=5.4 bbox=(457,258,2,3)
[MASK M2960] area=12.5 perimeter=17.9 bbox=(403,257,5,8)
[MASK M2961] area=3.5 perimeter=12.2 bbox=(392,257,3,6)
[MASK M2962] area=2.0 perimeter=6.8 bbox=(375,257,3,3)
[MASK M2963] area=0.0 perimeter=0.0 bbox=(14,257,1,1)
[MASK M2964] area=0.0 perimeter=0.0 bbox=(858,256,1,1)
[MASK M2965] area=0.0 perimeter=0.0 bbox=(487,255,1,1)
[MASK M2966] area=0.0 perimeter=0.0 bbox=(391,255,1,1)
[MASK M2967] area=0.0 perimeter=0.0 bbox=(21,255,1,1)
[MASK M2968] area=27.0 perimeter=22.5 bbox=(714,254,7,8)
[MASK M2969] area=0.0 perimeter=0.0 bbox=(530,254,1,1)
[MASK M2970] area=0.0 perimeter=2.0 bbox=(1216,253,2,1)
[MASK M2971] area=0.0 perimeter=2.0 bbox=(1026,253,1,2)
[MASK M2972] area=2.5 perimeter=7.4 bbox=(1001,253,4,2)
[MASK M2973] area=0.5 perimeter=8.2 bbox=(408,253,4,2)
[MASK M2974] area=20.5 perimeter=21.9 bbox=(461,252,7,8)
[MASK M2975] area=0.5 perimeter=3.4 bbox=(377,252,2,2)
[MASK M2976] area=0.0 perimeter=2.0 bbox=(21,252,1,2)
[MASK M2977] area=109.5 perimeter=50.4 bbox=(421,250,8,22)
[MASK M2978] area=0.5 perimeter=3.4 bbox=(799,249,2,2)
[MASK M2979] area=0.0 perimeter=0.0 bbox=(13,249,1,1)
[MASK M2980] area=6.5 perimeter=12.2 bbox=(406,248,5,4)
[MASK M2981] area=1.0 perimeter=13.7 bbox=(387,248,3,7)
[MASK M2982] area=0.0 perimeter=0.0 bbox=(473,247,1,1)
[MASK M2983] area=1.0 perimeter=4.8 bbox=(414,246,2,3)
[MASK M2984] area=0.0 perimeter=0.0 bbox=(752,245,1,1)
[MASK M2985] area=0.0 perimeter=4.0 bbox=(735,245,3,1)
[MASK M2986] area=0.5 perimeter=3.4 bbox=(712,245,2,2)
[MASK M2987] area=41.0 perimeter=73.8 bbox=(1288,242,4,35)
[MASK M2988] area=0.0 perimeter=2.0 bbox=(429,242,2,1)
[MASK M2989] area=39.0 perimeter=33.8 bbox=(531,241,11,10)
[MASK M2990] area=2.0 perimeter=6.8 bbox=(399,241,3,3)
[MASK M2991] area=7.0 perimeter=10.8 bbox=(480,240,3,5)
[MASK M2992] area=1.0 perimeter=4.0 bbox=(403,240,2,2)
[MASK M2993] area=7.0 perimeter=16.5 bbox=(392,240,5,6)
[MASK M2994] area=0.0 perimeter=0.0 bbox=(143,240,1,1)
[MASK M2995] area=0.0 perimeter=0.0 bbox=(704,239,1,1)
[MASK M2996] area=0.0 perimeter=0.0 bbox=(1231,238,1,1)
[MASK M2997] area=0.0 perimeter=2.0 bbox=(1021,238,2,1)
[MASK M2998] area=0.0 perimeter=2.0 bbox=(767,238,1,2)
[MASK M2999] area=0.0 perimeter=0.0 bbox=(430,238,1,1)
[MASK M3000] area=7.0 perimeter=16.8 bbox=(471,236,3,8)
[MASK M3001] area=0.0 perimeter=0.0 bbox=(412,236,1,1)
[MASK M3002] area=4.5 perimeter=8.2 bbox=(403,236,4,3)
[MASK M3003] area=29.0 perimeter=37.3 bbox=(15,236,7,14)
[MASK M3004] area=0.0 perimeter=2.0 bbox=(163,235,2,1)
[MASK M3005] area=0.0 perimeter=2.0 bbox=(1237,233,1,2)
[MASK M3006] area=3.0 perimeter=8.8 bbox=(996,233,4,3)
[MASK M3007] area=0.0 perimeter=0.0 bbox=(1006,232,1,1)
[MASK M3008] area=0.0 perimeter=2.0 bbox=(444,232,1,2)
[MASK M3009] area=0.0 perimeter=0.0 bbox=(1199,231,1,1)
[MASK M3010] area=0.5 perimeter=3.4 bbox=(446,231,2,2)
[MASK M3011] area=53.0 perimeter=29.8 bbox=(724,230,11,10)
[MASK M3012] area=14.0 perimeter=16.5 bbox=(517,230,6,6)
[MASK M3013] area=27.5 perimeter=27.6 bbox=(1213,229,7,11)
[MASK M3014] area=21.0 perimeter=23.3 bbox=(386,228,5,10)
[MASK M3015] area=0.5 perimeter=18.7 bbox=(16,226,4,8)
[MASK M3016] area=0.0 perimeter=2.0 bbox=(805,225,2,1)
[MASK M3017] area=0.0 perimeter=0.0 bbox=(582,225,1,1)
[MASK M3018] area=0.5 perimeter=3.4 bbox=(518,225,2,2)
[MASK M3019] area=0.0 perimeter=2.0 bbox=(1021,224,2,1)
[MASK M3020] area=0.0 perimeter=0.0 bbox=(780,224,1,1)
[MASK M3021] area=1.5 perimeter=5.4 bbox=(450,224,2,3)
[MASK M3022] area=3.5 perimeter=12.2 bbox=(408,223,3,6)
[MASK M3023] area=0.0 perimeter=2.0 bbox=(15,223,1,2)
[MASK M3024] area=0.0 perimeter=0.0 bbox=(539,221,1,1)
[MASK M3025] area=3.0 perimeter=8.8 bbox=(384,221,3,4)
[MASK M3026] area=0.0 perimeter=2.0 bbox=(862,220,1,2)
[MASK M3027] area=93.0 perimeter=45.5 bbox=(649,219,14,12)
[MASK M3028] area=0.0 perimeter=0.0 bbox=(709,218,1,1)
[MASK M3029] area=1.5 perimeter=5.4 bbox=(389,218,2,3)
[MASK M3030] area=39.5 perimeter=28.7 bbox=(676,216,9,10)
[MASK M3031] area=1.0 perimeter=4.0 bbox=(1107,215,2,2)
[MASK M3032] area=0.0 perimeter=2.0 bbox=(1099,215,1,2)
[MASK M3033] area=0.0 perimeter=0.0 bbox=(704,215,1,1)
[MASK M3034] area=0.0 perimeter=2.8 bbox=(403,215,2,2)
[MASK M3035] area=1.0 perimeter=4.8 bbox=(1215,214,2,3)
[MASK M3036] area=30.5 perimeter=50.4 bbox=(1286,213,5,23)
[MASK M3037] area=0.0 perimeter=4.0 bbox=(993,213,1,3)
[MASK M3038] area=6.5 perimeter=11.4 bbox=(530,213,3,5)
[MASK M3039] area=76.5 perimeter=56.0 bbox=(437,213,12,17)
[MASK M3040] area=0.0 perimeter=0.0 bbox=(439,213,1,1)
[MASK M3041] area=26.5 perimeter=24.7 bbox=(417,212,7,10)
[MASK M3042] area=6.5 perimeter=10.2 bbox=(534,211,4,4)
[MASK M3043] area=3.0 perimeter=6.8 bbox=(404,211,3,3)
[MASK M3044] area=3.5 perimeter=10.2 bbox=(1214,207,3,5)
[MASK M3045] area=0.5 perimeter=3.4 bbox=(80,207,2,2)
[MASK M3046] area=0.0 perimeter=0.0 bbox=(371,203,1,1)
[MASK M3047] area=3.0 perimeter=8.8 bbox=(420,199,3,4)
[MASK M3048] area=5.5 perimeter=12.2 bbox=(1214,197,3,6)
[MASK M3049] area=23.5 perimeter=30.7 bbox=(463,196,10,9)
[MASK M3050] area=0.0 perimeter=0.0 bbox=(1218,195,1,1)
[MASK M3051] area=0.0 perimeter=2.0 bbox=(972,195,2,1)
[MASK M3052] area=0.0 perimeter=0.0 bbox=(565,195,1,1)
[MASK M3053] area=0.0 perimeter=2.0 bbox=(365,195,2,1)
[MASK M3054] area=2.5 perimeter=6.2 bbox=(766,194,3,3)
[MASK M3055] area=0.0 perimeter=0.0 bbox=(392,194,1,1)
[MASK M3056] area=2.5 perimeter=12.2 bbox=(419,192,3,6)
[MASK M3057] area=0.0 perimeter=2.0 bbox=(150,192,2,1)
[MASK M3058] area=3.0 perimeter=8.8 bbox=(1090,191,4,3)
[MASK M3059] area=0.0 perimeter=2.0 bbox=(852,191,2,1)
[MASK M3060] area=0.5 perimeter=3.4 bbox=(764,191,2,2)
[MASK M3061] area=1.5 perimeter=5.4 bbox=(722,191,2,3)
[MASK M3062] area=0.0 perimeter=0.0 bbox=(647,191,1,1)
[MASK M3063] area=5.0 perimeter=10.8 bbox=(1333,190,4,4)
[MASK M3064] area=0.5 perimeter=3.4 bbox=(863,189,2,2)
[MASK M3065] area=1.5 perimeter=5.4 bbox=(876,188,2,3)
[MASK M3066] area=0.0 perimeter=2.0 bbox=(714,188,1,2)
[MASK M3067] area=0.0 perimeter=0.0 bbox=(1334,187,1,1)
[MASK M3068] area=34.5 perimeter=48.7 bbox=(1288,186,4,23)
[MASK M3069] area=0.5 perimeter=3.4 bbox=(60,186,2,2)
[MASK M3070] area=6.0 perimeter=13.3 bbox=(527,185,4,5)
[MASK M3071] area=0.0 perimeter=0.0 bbox=(521,185,1,1)
[MASK M3072] area=0.0 perimeter=0.0 bbox=(393,185,1,1)
[MASK M3073] area=0.0 perimeter=2.0 bbox=(894,184,2,1)
[MASK M3074] area=4.0 perimeter=7.7 bbox=(396,184,4,3)
[MASK M3075] area=0.0 perimeter=2.0 bbox=(865,183,1,2)
[MASK M3076] area=0.0 perimeter=0.0 bbox=(848,183,1,1)
[MASK M3077] area=0.0 perimeter=0.0 bbox=(527,183,1,1)
[MASK M3078] area=15.0 perimeter=23.0 bbox=(647,182,8,8)
[MASK M3079] area=2.0 perimeter=6.8 bbox=(997,181,3,3)
[MASK M3080] area=0.0 perimeter=0.0 bbox=(845,181,1,1)
[MASK M3081] area=41.5 perimeter=31.6 bbox=(660,181,8,12)
[MASK M3082] area=2.5 perimeter=6.2 bbox=(419,177,3,3)
[MASK M3083] area=1.0 perimeter=4.8 bbox=(369,177,2,3)
[MASK M3084] area=0.0 perimeter=0.0 bbox=(367,176,1,1)
[MASK M3085] area=0.0 perimeter=4.0 bbox=(1216,175,1,3)
[MASK M3086] area=0.0 perimeter=2.0 bbox=(648,173,1,2)
[MASK M3087] area=0.0 perimeter=2.0 bbox=(1232,171,2,1)
[MASK M3088] area=3.0 perimeter=7.7 bbox=(383,171,4,3)
[MASK M3089] area=313.0 perimeter=253.0 bbox=(21,171,21,109)
[MASK M3090] area=6.0 perimeter=10.8 bbox=(755,169,3,5)
[MASK M3091] area=53.5 perimeter=36.4 bbox=(427,169,11,12)
[MASK M3092] area=0.0 perimeter=0.0 bbox=(405,169,1,1)
[MASK M3093] area=0.0 perimeter=0.0 bbox=(143,169,1,1)
[MASK M3094] area=0.0 perimeter=0.0 bbox=(1333,167,1,1)
[MASK M3095] area=12.0 perimeter=17.7 bbox=(418,167,4,8)
[MASK M3096] area=3.5 perimeter=7.4 bbox=(758,166,3,3)
[MASK M3097] area=2.5 perimeter=10.2 bbox=(1214,165,3,5)
[MASK M3098] area=0.0 perimeter=2.0 bbox=(825,164,2,1)
[MASK M3099] area=1.0 perimeter=6.8 bbox=(993,163,4,2)
[MASK M3100] area=0.0 perimeter=0.0 bbox=(816,163,1,1)
[MASK M3101] area=3.0 perimeter=7.7 bbox=(384,163,3,4)
[MASK M3102] area=0.0 perimeter=2.0 bbox=(21,163,1,2)
[MASK M3103] area=20.5 perimeter=40.4 bbox=(1287,162,5,17)
[MASK M3104] area=25.0 perimeter=23.3 bbox=(658,162,9,7)
[MASK M3105] area=0.0 perimeter=0.0 bbox=(368,162,1,1)
[MASK M3106] area=0.0 perimeter=0.0 bbox=(514,160,1,1)
[MASK M3107] area=0.0 perimeter=2.0 bbox=(480,160,2,1)
[MASK M3108] area=1.0 perimeter=4.0 bbox=(978,159,2,2)
[MASK M3109] area=0.0 perimeter=0.0 bbox=(382,159,1,1)
[MASK M3110] area=0.0 perimeter=2.0 bbox=(365,159,1,2)
[MASK M3111] area=0.0 perimeter=4.0 bbox=(20,159,1,3)
[MASK M3112] area=0.0 perimeter=2.0 bbox=(1214,158,1,2)
[MASK M3113] area=1.0 perimeter=4.0 bbox=(1083,158,2,2)
[MASK M3114] area=0.5 perimeter=3.4 bbox=(759,158,2,2)
[MASK M3115] area=0.0 perimeter=0.0 bbox=(514,156,1,1)
[MASK M3116] area=4.5 perimeter=11.9 bbox=(735,155,5,4)
[MASK M3117] area=10.0 perimeter=20.1 bbox=(404,155,7,6)
[MASK M3118] area=1.5 perimeter=5.4 bbox=(1231,154,3,2)
[MASK M3119] area=0.0 perimeter=0.0 bbox=(741,153,1,1)
[MASK M3120] area=42.0 perimeter=49.5 bbox=(575,153,15,12)
[MASK M3121] area=1.0 perimeter=4.8 bbox=(123,153,2,3)
[MASK M3122] area=3.5 perimeter=8.2 bbox=(602,152,4,3)
[MASK M3123] area=2.0 perimeter=6.8 bbox=(362,152,3,3)
[MASK M3124] area=0.5 perimeter=3.4 bbox=(186,152,2,2)
[MASK M3125] area=1.0 perimeter=4.8 bbox=(1215,151,2,3)
[MASK M3126] area=0.0 perimeter=0.0 bbox=(127,151,1,1)
[MASK M3127] area=0.5 perimeter=3.4 bbox=(583,150,2,2)
[MASK M3128] area=0.0 perimeter=2.0 bbox=(20,150,1,2)
[MASK M3129] area=4.5 perimeter=17.1 bbox=(417,149,4,8)
[MASK M3130] area=1.5 perimeter=5.4 bbox=(186,149,3,2)
[MASK M3131] area=0.0 perimeter=0.0 bbox=(8,149,1,1)
[MASK M3132] area=18.0 perimeter=25.3 bbox=(1287,148,4,12)
[MASK M3133] area=57.5 perimeter=30.7 bbox=(425,148,10,10)
[MASK M3134] area=0.5 perimeter=3.4 bbox=(828,147,2,2)
[MASK M3135] area=0.5 perimeter=3.4 bbox=(363,147,2,2)
[MASK M3136] area=39.0 perimeter=31.0 bbox=(1219,144,13,8)
[MASK M3137] area=8.0 perimeter=23.3 bbox=(513,144,4,10)
[MASK M3138] area=0.0 perimeter=0.0 bbox=(442,143,1,1)
[MASK M3139] area=3.5 perimeter=8.2 bbox=(418,143,3,4)
[MASK M3140] area=4.5 perimeter=10.2 bbox=(996,142,4,4)
[MASK M3141] area=1.5 perimeter=5.4 bbox=(513,141,3,2)
[MASK M3142] area=0.0 perimeter=2.0 bbox=(503,141,2,1)
[MASK M3143] area=5.5 perimeter=10.2 bbox=(1288,140,3,5)
[MASK M3144] area=1.5 perimeter=5.4 bbox=(1162,139,3,2)
[MASK M3145] area=4.5 perimeter=8.2 bbox=(433,139,3,4)
[MASK M3146] area=27.0 perimeter=29.3 bbox=(387,139,8,11)
[MASK M3147] area=0.0 perimeter=0.0 bbox=(1290,138,1,1)
[MASK M3148] area=0.0 perimeter=0.0 bbox=(417,138,1,1)
[MASK M3149] area=0.0 perimeter=0.0 bbox=(361,138,1,1)
[MASK M3150] area=8.0 perimeter=16.5 bbox=(661,137,6,4)
[MASK M3151] area=0.0 perimeter=2.0 bbox=(390,137,2,1)
[MASK M3152] area=0.0 perimeter=6.0 bbox=(18,137,1,4)
[MASK M3153] area=0.0 perimeter=4.8 bbox=(402,136,2,3)
[MASK M3154] area=7.0 perimeter=11.7 bbox=(393,136,5,4)
[MASK M3155] area=0.0 perimeter=2.0 bbox=(108,136,1,2)
[MASK M3156] area=30.0 perimeter=24.5 bbox=(738,135,8,8)
[MASK M3157] area=0.0 perimeter=0.0 bbox=(18,135,1,1)
[MASK M3158] area=0.0 perimeter=0.0 bbox=(8,135,1,1)
[MASK M3159] area=1.5 perimeter=5.4 bbox=(1288,134,2,3)
[MASK M3160] area=4.0 perimeter=8.8 bbox=(384,134,3,4)
[MASK M3161] area=0.0 perimeter=0.0 bbox=(147,134,1,1)
[MASK M3162] area=0.0 perimeter=2.0 bbox=(858,133,1,2)
[MASK M3163] area=0.0 perimeter=0.0 bbox=(447,133,1,1)
[MASK M3164] area=0.0 perimeter=0.0 bbox=(1135,132,1,1)
[MASK M3165] area=4.0 perimeter=12.5 bbox=(405,131,3,6)
[MASK M3166] area=5.0 perimeter=10.8 bbox=(394,131,4,4)
[MASK M3167] area=0.0 perimeter=0.0 bbox=(1288,130,1,1)
[MASK M3168] area=0.0 perimeter=2.0 bbox=(404,128,2,1)
[MASK M3169] area=0.0 perimeter=0.0 bbox=(362,128,1,1)
[MASK M3170] area=0.0 perimeter=0.0 bbox=(498,127,1,1)
[MASK M3171] area=0.5 perimeter=3.4 bbox=(502,126,2,2)
[MASK M3172] area=0.0 perimeter=2.0 bbox=(105,126,1,2)
[MASK M3173] area=1.0 perimeter=4.8 bbox=(308,125,2,3)
[MASK M3174] area=0.0 perimeter=0.0 bbox=(1335,124,1,1)
[MASK M3175] area=39.0 perimeter=43.8 bbox=(468,124,11,13)
[MASK M3176] area=0.5 perimeter=5.4 bbox=(388,124,2,3)
[MASK M3177] area=32.0 perimeter=23.3 bbox=(607,123,9,7)
[MASK M3178] area=0.0 perimeter=0.0 bbox=(809,122,1,1)
[MASK M3179] area=0.5 perimeter=3.4 bbox=(569,122,2,2)
[MASK M3180] area=0.5 perimeter=9.1 bbox=(403,121,4,4)
[MASK M3181] area=5.5 perimeter=10.2 bbox=(1287,120,4,4)
[MASK M3182] area=0.0 perimeter=0.0 bbox=(388,120,1,1)
[MASK M3183] area=0.0 perimeter=2.0 bbox=(363,120,1,2)
[MASK M3184] area=2.5 perimeter=6.2 bbox=(1214,119,3,3)
[MASK M3185] area=41.5 perimeter=44.0 bbox=(712,119,8,13)
[MASK M3186] area=11.5 perimeter=28.7 bbox=(659,119,6,10)
[MASK M3187] area=68.0 perimeter=73.0 bbox=(373,119,6,33)
[MASK M3188] area=0.0 perimeter=0.0 bbox=(127,118,1,1)
[MASK M3189] area=0.0 perimeter=0.0 bbox=(1074,117,1,1)
[MASK M3190] area=1106.0 perimeter=505.8 bbox=(1324,116,18,209)
[MASK M3191] area=0.0 perimeter=2.0 bbox=(715,116,2,1)
[MASK M3192] area=0.5 perimeter=6.2 bbox=(567,116,3,3)
[MASK M3193] area=0.0 perimeter=4.0 bbox=(1214,115,3,1)
[MASK M3194] area=2.0 perimeter=6.8 bbox=(719,115,3,3)
[MASK M3195] area=0.0 perimeter=0.0 bbox=(649,115,1,1)
[MASK M3196] area=0.0 perimeter=2.0 bbox=(651,114,1,2)
[MASK M3197] area=103.0 perimeter=61.9 bbox=(424,114,11,20)
[MASK M3198] area=0.0 perimeter=2.0 bbox=(114,114,1,2)
[MASK M3199] area=4.0 perimeter=11.7 bbox=(372,112,4,4)
[MASK M3200] area=0.0 perimeter=2.0 bbox=(1214,111,2,1)
[MASK M3201] area=0.0 perimeter=2.0 bbox=(568,111,1,2)
[MASK M3202] area=2.5 perimeter=8.2 bbox=(387,111,3,4)
[MASK M3203] area=0.0 perimeter=2.8 bbox=(727,108,2,2)
[MASK M3204] area=6.5 perimeter=13.1 bbox=(463,108,4,6)
[MASK M3205] area=1.5 perimeter=5.4 bbox=(1288,107,2,3)
[MASK M3206] area=38.0 perimeter=29.0 bbox=(680,107,8,11)
[MASK M3207] area=45.0 perimeter=29.3 bbox=(311,107,8,11)
[MASK M3208] area=6.0 perimeter=10.5 bbox=(372,105,4,5)
[MASK M3209] area=4.0 perimeter=8.8 bbox=(1213,104,3,4)
[MASK M3210] area=1.0 perimeter=4.8 bbox=(822,104,3,2)
[MASK M3211] area=1.0 perimeter=6.8 bbox=(802,104,3,3)
[MASK M3212] area=1.0 perimeter=8.8 bbox=(510,104,2,5)
[MASK M3213] area=0.0 perimeter=2.0 bbox=(514,103,1,2)
[MASK M3214] area=31.0 perimeter=23.3 bbox=(407,102,8,7)
[MASK M3215] area=7.0 perimeter=26.1 bbox=(387,102,7,6)
[MASK M3216] area=0.0 perimeter=2.0 bbox=(118,100,2,1)
[MASK M3217] area=0.0 perimeter=2.0 bbox=(1288,99,1,2)
[MASK M3218] area=0.0 perimeter=0.0 bbox=(172,97,1,1)
[MASK M3219] area=28.5 perimeter=26.7 bbox=(602,96,10,6)
[MASK M3220] area=0.0 perimeter=0.0 bbox=(1001,95,1,1)
[MASK M3221] area=0.0 perimeter=0.0 bbox=(995,95,1,1)
[MASK M3222] area=0.0 perimeter=2.0 bbox=(1289,94,1,2)
[MASK M3223] area=3.5 perimeter=7.4 bbox=(991,94,3,3)
[MASK M3224] area=1.5 perimeter=5.4 bbox=(806,94,3,2)
[MASK M3225] area=0.0 perimeter=0.0 bbox=(103,94,1,1)
[MASK M3226] area=6.0 perimeter=11.7 bbox=(384,93,4,5)
[MASK M3227] area=4.5 perimeter=9.4 bbox=(72,93,3,4)
[MASK M3228] area=2.0 perimeter=9.7 bbox=(1212,92,3,5)
[MASK M3229] area=1.0 perimeter=4.0 bbox=(737,92,2,2)
[MASK M3230] area=0.5 perimeter=3.4 bbox=(112,92,2,2)
[MASK M3231] area=0.0 perimeter=0.0 bbox=(984,91,1,1)
[MASK M3232] area=60.0 perimeter=35.8 bbox=(423,91,13,10)
[MASK M3233] area=0.0 perimeter=0.0 bbox=(159,90,1,1)
[MASK M3234] area=7.5 perimeter=13.9 bbox=(359,88,6,4)
[MASK M3235] area=0.0 perimeter=2.0 bbox=(1,88,1,2)
[MASK M3236] area=14.5 perimeter=32.4 bbox=(628,87,6,10)
[MASK M3237] area=2.5 perimeter=6.2 bbox=(810,85,3,3)
[MASK M3238] area=12.0 perimeter=19.3 bbox=(644,85,8,6)
[MASK M3239] area=0.0 perimeter=0.0 bbox=(1289,84,1,1)
[MASK M3240] area=1.0 perimeter=4.0 bbox=(975,83,2,2)
[MASK M3241] area=0.0 perimeter=2.0 bbox=(973,83,1,2)
[MASK M3242] area=0.0 perimeter=2.8 bbox=(967,83,2,2)
[MASK M3243] area=0.0 perimeter=0.0 bbox=(13,83,1,1)
[MASK M3244] area=0.0 perimeter=0.0 bbox=(514,82,1,1)
[MASK M3245] area=0.0 perimeter=0.0 bbox=(110,82,1,1)
[MASK M3246] area=0.0 perimeter=0.0 bbox=(364,80,1,1)
[MASK M3247] area=0.0 perimeter=0.0 bbox=(51,80,1,1)
[MASK M3248] area=0.0 perimeter=0.0 bbox=(949,78,1,1)
[MASK M3249] area=0.0 perimeter=0.0 bbox=(692,78,1,1)
[MASK M3250] area=11.5 perimeter=20.7 bbox=(66,78,5,8)
[MASK M3251] area=1.5 perimeter=5.4 bbox=(38,78,2,3)
[MASK M3252] area=1.0 perimeter=4.0 bbox=(1214,77,2,2)
[MASK M3253] area=8.5 perimeter=19.1 bbox=(949,77,8,5)
[MASK M3254] area=2.5 perimeter=6.2 bbox=(580,77,3,3)
[MASK M3255] area=0.0 perimeter=2.0 bbox=(484,77,1,2)
[MASK M3256] area=0.0 perimeter=0.0 bbox=(425,77,1,1)
[MASK M3257] area=0.0 perimeter=0.0 bbox=(688,76,1,1)
[MASK M3258] area=37.5 perimeter=41.6 bbox=(383,76,7,15)
[MASK M3259] area=0.5 perimeter=3.4 bbox=(0,76,2,2)
[MASK M3260] area=0.0 perimeter=0.0 bbox=(88,75,1,1)
[MASK M3261] area=0.0 perimeter=2.0 bbox=(733,73,1,2)
[MASK M3262] area=0.5 perimeter=3.4 bbox=(384,73,2,2)
[MASK M3263] area=9.5 perimeter=15.1 bbox=(465,70,5,6)
[MASK M3264] area=1.0 perimeter=4.8 bbox=(389,70,3,2)
[MASK M3265] area=0.0 perimeter=4.0 bbox=(833,69,3,1)
[MASK M3266] area=6.5 perimeter=19.9 bbox=(428,69,7,7)
[MASK M3267] area=2.0 perimeter=6.8 bbox=(375,69,2,4)
[MASK M3268] area=1.0 perimeter=4.8 bbox=(734,68,2,3)
[MASK M3269] area=0.0 perimeter=0.0 bbox=(420,67,1,1)
[MASK M3270] area=3.0 perimeter=8.0 bbox=(359,66,2,4)
[MASK M3271] area=1.0 perimeter=7.7 bbox=(122,66,3,3)
[MASK M3272] area=1.0 perimeter=4.8 bbox=(102,66,2,3)
[MASK M3273] area=1.0 perimeter=4.0 bbox=(69,66,2,2)
[MASK M3274] area=5.5 perimeter=12.2 bbox=(391,65,5,4)
[MASK M3275] area=17.0 perimeter=19.3 bbox=(839,64,8,6)
[MASK M3276] area=28.5 perimeter=39.2 bbox=(47,64,11,12)
[MASK M3277] area=14.5 perimeter=15.1 bbox=(1206,62,5,6)
[MASK M3278] area=20.5 perimeter=28.7 bbox=(824,62,9,9)
[MASK M3279] area=23.5 perimeter=22.7 bbox=(687,62,9,7)
[MASK M3280] area=49.0 perimeter=35.0 bbox=(627,62,9,12)
[MASK M3281] area=0.0 perimeter=0.0 bbox=(628,62,1,1)
[MASK M3282] area=0.0 perimeter=0.0 bbox=(86,62,1,1)
[MASK M3283] area=2.5 perimeter=11.1 bbox=(79,62,3,5)
[MASK M3284] area=35.5 perimeter=23.9 bbox=(1212,59,9,7)
[MASK M3285] area=12.0 perimeter=29.0 bbox=(522,59,10,10)
[MASK M3286] area=0.0 perimeter=0.0 bbox=(462,59,1,1)
[MASK M3287] area=2.5 perimeter=13.1 bbox=(356,59,4,6)
[MASK M3288] area=0.0 perimeter=0.0 bbox=(96,59,1,1)
[MASK M3289] area=24.5 perimeter=49.2 bbox=(803,58,19,7)
[MASK M3290] area=0.5 perimeter=3.4 bbox=(171,58,2,2)
[MASK M3291] area=0.0 perimeter=4.8 bbox=(65,58,2,3)
[MASK M3292] area=5.5 perimeter=11.1 bbox=(44,56,4,5)
[MASK M3293] area=14.0 perimeter=21.3 bbox=(685,55,7,6)
[MASK M3294] area=0.0 perimeter=0.0 bbox=(359,55,1,1)
[MASK M3295] area=0.0 perimeter=2.8 bbox=(147,55,2,2)
[MASK M3296] area=1.0 perimeter=4.8 bbox=(54,55,3,2)
[MASK M3297] area=14.5 perimeter=15.1 bbox=(35,55,6,5)
[MASK M3298] area=0.0 perimeter=0.0 bbox=(398,53,1,1)
[MASK M3299] area=0.0 perimeter=0.0 bbox=(149,53,1,1)
[MASK M3300] area=0.0 perimeter=8.0 bbox=(1329,52,1,5)
[MASK M3301] area=119.0 perimeter=49.5 bbox=(419,52,14,16)
[MASK M3302] area=10.5 perimeter=25.1 bbox=(392,52,4,11)
[MASK M3303] area=0.5 perimeter=3.4 bbox=(8,52,2,2)
[MASK M3304] area=3.0 perimeter=7.7 bbox=(442,51,3,4)
[MASK M3305] area=0.0 perimeter=0.0 bbox=(172,50,1,1)
[MASK M3306] area=51.0 perimeter=29.0 bbox=(1203,49,10,10)
[MASK M3307] area=0.0 perimeter=2.0 bbox=(818,49,2,1)
[MASK M3308] area=3.5 perimeter=8.2 bbox=(675,49,3,4)
[MASK M3309] area=0.0 perimeter=2.0 bbox=(811,48,2,1)
[MASK M3310] area=30.5 perimeter=29.9 bbox=(462,48,7,11)
[MASK M3311] area=68.0 perimeter=48.6 bbox=(371,48,7,20)
[MASK M3312] area=2.0 perimeter=7.7 bbox=(148,48,3,4)
[MASK M3313] area=7.5 perimeter=20.7 bbox=(39,48,7,7)
[MASK M3314] area=1.0 perimeter=4.0 bbox=(393,47,2,2)
[MASK M3315] area=0.0 perimeter=0.0 bbox=(796,46,1,1)
[MASK M3316] area=0.0 perimeter=0.0 bbox=(749,46,1,1)
[MASK M3317] area=0.0 perimeter=2.8 bbox=(441,46,2,2)
[MASK M3318] area=6.0 perimeter=15.3 bbox=(77,46,4,6)
[MASK M3319] area=1.5 perimeter=5.4 bbox=(50,46,3,2)
[MASK M3320] area=0.0 perimeter=0.0 bbox=(989,44,1,1)
[MASK M3321] area=3.5 perimeter=8.2 bbox=(798,44,3,4)
[MASK M3322] area=0.0 perimeter=0.0 bbox=(284,44,1,1)
[MASK M3323] area=0.0 perimeter=2.0 bbox=(739,43,1,2)
[MASK M3324] area=0.5 perimeter=3.4 bbox=(1039,42,2,2)
[MASK M3325] area=35.5 perimeter=60.4 bbox=(108,42,5,28)
[MASK M3326] area=0.0 perimeter=2.8 bbox=(797,41,2,2)
[MASK M3327] area=2.0 perimeter=6.0 bbox=(660,41,3,2)
[MASK M3328] area=4.0 perimeter=8.8 bbox=(1213,39,4,3)
[MASK M3329] area=8.5 perimeter=17.9 bbox=(28,38,6,7)
[MASK M3330] area=1.0 perimeter=7.7 bbox=(783,37,3,4)
[MASK M3331] area=1.0 perimeter=4.0 bbox=(779,37,2,2)
[MASK M3332] area=1.5 perimeter=5.4 bbox=(457,37,2,3)
[MASK M3333] area=11.5 perimeter=13.9 bbox=(482,36,6,5)
[MASK M3334] area=0.0 perimeter=2.8 bbox=(142,36,2,2)
[MASK M3335] area=0.0 perimeter=2.0 bbox=(427,35,2,1)
[MASK M3336] area=14.5 perimeter=25.9 bbox=(767,34,9,5)
[MASK M3337] area=2.5 perimeter=8.2 bbox=(659,34,3,4)
[MASK M3338] area=7.5 perimeter=12.2 bbox=(377,34,3,6)
[MASK M3339] area=0.0 perimeter=0.0 bbox=(350,34,1,1)
[MASK M3340] area=0.0 perimeter=0.0 bbox=(201,33,1,1)
[MASK M3341] area=0.0 perimeter=6.8 bbox=(745,32,4,2)
[MASK M3342] area=21.5 perimeter=35.2 bbox=(428,32,7,11)
[MASK M3343] area=13.5 perimeter=27.9 bbox=(365,32,3,13)
[MASK M3344] area=0.0 perimeter=0.0 bbox=(131,32,1,1)
[MASK M3345] area=2.5 perimeter=8.2 bbox=(754,31,4,3)
[MASK M3346] area=16.0 perimeter=21.3 bbox=(609,31,7,8)
[MASK M3347] area=17.5 perimeter=25.6 bbox=(495,30,9,7)
[MASK M3348] area=27.0 perimeter=24.1 bbox=(21,29,7,10)
[MASK M3349] area=0.0 perimeter=4.0 bbox=(989,28,1,3)
[MASK M3350] area=0.0 perimeter=2.0 bbox=(280,27,2,1)
[MASK M3351] area=0.0 perimeter=2.0 bbox=(1,27,2,1)
[MASK M3352] area=0.0 perimeter=0.0 bbox=(939,26,1,1)
[MASK M3353] area=0.0 perimeter=0.0 bbox=(327,26,1,1)
[MASK M3354] area=0.0 perimeter=0.0 bbox=(276,26,1,1)
[MASK M3355] area=0.0 perimeter=0.0 bbox=(162,26,1,1)
[MASK M3356] area=0.0 perimeter=0.0 bbox=(220,25,1,1)
[MASK M3357] area=20.5 perimeter=29.9 bbox=(182,25,11,7)
[MASK M3358] area=0.0 perimeter=0.0 bbox=(39,25,1,1)
[MASK M3359] area=1.5 perimeter=5.4 bbox=(719,23,3,2)
[MASK M3360] area=41.5 perimeter=51.2 bbox=(388,23,7,22)
[MASK M3361] area=2.0 perimeter=6.8 bbox=(32,23,4,2)
[MASK M3362] area=0.0 perimeter=2.0 bbox=(189,22,2,1)
[MASK M3363] area=0.5 perimeter=5.4 bbox=(1,22,3,2)
[MASK M3364] area=0.0 perimeter=0.0 bbox=(1242,21,1,1)
[MASK M3365] area=1.0 perimeter=12.5 bbox=(117,21,6,3)
[MASK M3366] area=43.5 perimeter=35.2 bbox=(67,21,12,11)
[MASK M3367] area=71.5 perimeter=43.6 bbox=(44,21,7,19)
[MASK M3368] area=128.0 perimeter=92.6 bbox=(3,21,21,25)
[MASK M3369] area=0.0 perimeter=0.0 bbox=(1204,20,1,1)
[MASK M3370] area=68.0 perimeter=49.5 bbox=(344,20,17,12)
[MASK M3371] area=13.5 perimeter=17.9 bbox=(268,20,8,5)
[MASK M3372] area=60.0 perimeter=39.8 bbox=(166,20,15,9)
[MASK M3373] area=80.0 perimeter=74.6 bbox=(127,20,33,7)
[MASK M3374] area=178.5 perimeter=100.3 bbox=(75,20,29,23)
[MASK M3375] area=4.0 perimeter=9.7 bbox=(724,19,4,4)
[MASK M3376] area=58.0 perimeter=55.1 bbox=(449,19,18,11)
[MASK M3377] area=52.0 perimeter=57.8 bbox=(419,19,27,5)
[MASK M3378] area=5.0 perimeter=9.7 bbox=(389,19,3,5)
[MASK M3379] area=88.0 perimeter=106.8 bbox=(292,19,48,8)
[MASK M3380] area=17.5 perimeter=17.1 bbox=(283,19,6,6)
[MASK M3381] area=145.0 perimeter=130.4 bbox=(206,19,57,8)
[MASK M3382] area=2.0 perimeter=12.5 bbox=(705,18,6,2)
[MASK M3383] area=7.5 perimeter=17.9 bbox=(465,17,8,4)
[MASK M3384] area=37.0 perimeter=37.0 bbox=(400,17,16,5)
[MASK M3385] area=0.0 perimeter=2.0 bbox=(709,16,2,1)
[MASK M3386] area=0.0 perimeter=0.0 bbox=(559,16,1,1)
[MASK M3387] area=3.5 perimeter=7.4 bbox=(19,16,3,3)
[MASK M3388] area=15.0 perimeter=17.7 bbox=(0,16,7,4)
[MASK M3389] area=0.0 perimeter=0.0 bbox=(729,15,1,1)
[MASK M3390] area=0.0 perimeter=0.0 bbox=(572,15,1,1)
[MASK M3391] area=0.0 perimeter=0.0 bbox=(564,15,1,1)
[MASK M3392] area=5.0 perimeter=10.8 bbox=(475,15,5,3)
[MASK M3393] area=0.0 perimeter=6.0 bbox=(329,15,4,1)
[MASK M3394] area=24.0 perimeter=31.7 bbox=(312,15,16,3)
[MASK M3395] area=0.0 perimeter=2.0 bbox=(283,15,2,1)
[MASK M3396] area=19.5 perimeter=31.1 bbox=(162,15,15,4)
[MASK M3397] area=9.5 perimeter=12.2 bbox=(152,15,5,4)
[MASK M3398] area=68.0 perimeter=41.0 bbox=(73,15,17,8)
[MASK M3399] area=4.0 perimeter=9.7 bbox=(9,15,4,4)
[MASK M3400] area=0.0 perimeter=2.0 bbox=(1049,14,2,1)
[MASK M3401] area=0.0 perimeter=2.0 bbox=(837,14,2,1)
[MASK M3402] area=0.0 perimeter=2.0 bbox=(731,14,1,2)
[MASK M3403] area=54.5 perimeter=39.2 bbox=(368,14,13,13)
[MASK M3404] area=0.0 perimeter=0.0 bbox=(340,14,1,1)
[MASK M3405] area=13.0 perimeter=15.7 bbox=(126,14,6,5)
[MASK M3406] area=24.0 perimeter=21.3 bbox=(64,14,8,7)
[MASK M3407] area=54.0 perimeter=32.1 bbox=(28,14,13,8)
[MASK M3408] area=67.5 perimeter=49.2 bbox=(884,13,22,6)
[MASK M3409] area=53.0 perimeter=55.0 bbox=(843,13,26,5)
[MASK M3410] area=1.5 perimeter=5.4 bbox=(576,13,3,2)
[MASK M3411] area=72.0 perimeter=65.5 bbox=(490,13,29,7)
[MASK M3412] area=24.0 perimeter=24.5 bbox=(181,13,10,6)
[MASK M3413] area=0.0 perimeter=0.0 bbox=(166,13,1,1)
[MASK M3414] area=0.0 perimeter=2.0 bbox=(816,12,2,1)
[MASK M3415] area=26.5 perimeter=30.4 bbox=(696,12,12,5)
[MASK M3416] area=5.0 perimeter=10.8 bbox=(209,12,3,5)
[MASK M3417] area=52.5 perimeter=33.9 bbox=(194,12,12,8)
[MASK M3418] area=35.5 perimeter=25.9 bbox=(138,12,8,8)
[MASK M3419] area=1.0 perimeter=4.8 bbox=(808,11,3,2)
[MASK M3420] area=1.0 perimeter=6.8 bbox=(532,11,4,2)
[MASK M3421] area=0.0 perimeter=0.0 bbox=(527,11,1,1)
[MASK M3422] area=0.0 perimeter=2.0 bbox=(184,11,2,1)
[MASK M3423] area=98.0 perimeter=47.8 bbox=(97,11,17,12)
[MASK M3424] area=10.0 perimeter=12.8 bbox=(91,11,4,5)
[MASK M3425] area=3.5 perimeter=13.4 bbox=(539,10,7,2)
[MASK M3426] area=2.5 perimeter=6.2 bbox=(439,10,3,3)
[MASK M3427] area=0.0 perimeter=2.0 bbox=(385,10,1,2)
[MASK M3428] area=1.0 perimeter=6.8 bbox=(215,10,2,4)
[MASK M3429] area=0.0 perimeter=2.0 bbox=(189,10,2,1)
[MASK M3430] area=83.5 perimeter=48.9 bbox=(45,10,18,14)
[MASK M3431] area=0.0 perimeter=2.0 bbox=(680,9,1,2)
[MASK M3432] area=0.5 perimeter=3.4 bbox=(396,9,2,2)
[MASK M3433] area=26.5 perimeter=24.7 bbox=(271,9,7,9)
[MASK M3434] area=17.5 perimeter=25.9 bbox=(169,9,12,3)
[MASK M3435] area=0.0 perimeter=0.0 bbox=(853,8,1,1)
[MASK M3436] area=1.5 perimeter=11.1 bbox=(682,8,4,4)
[MASK M3437] area=48.5 perimeter=29.9 bbox=(456,8,12,7)
[MASK M3438] area=46.5 perimeter=35.6 bbox=(422,8,11,11)
[MASK M3439] area=5.0 perimeter=8.8 bbox=(316,8,3,4)
[MASK M3440] area=3.0 perimeter=6.8 bbox=(306,8,3,3)
[MASK M3441] area=112.5 perimeter=66.5 bbox=(246,8,23,12)
[MASK M3442] area=80.0 perimeter=61.1 bbox=(221,8,19,10)
[MASK M3443] area=9.5 perimeter=21.1 bbox=(1213,7,3,10)
[MASK M3444] area=2.5 perimeter=8.2 bbox=(364,7,4,3)
[MASK M3445] area=94.5 perimeter=67.4 bbox=(346,7,20,12)
[MASK M3446] area=0.0 perimeter=2.0 bbox=(339,7,2,1)
[MASK M3447] area=7.5 perimeter=17.1 bbox=(152,7,7,4)
[MASK M3448] area=0.0 perimeter=2.0 bbox=(70,7,2,1)
[MASK M3449] area=5.0 perimeter=9.7 bbox=(186,6,5,3)
[MASK M3450] area=8.0 perimeter=12.5 bbox=(127,6,6,4)
[MASK M3451] area=91.5 perimeter=45.6 bbox=(288,5,14,12)
[MASK M3452] area=1.0 perimeter=4.0 bbox=(442,4,2,2)
[MASK M3453] area=0.0 perimeter=2.0 bbox=(284,4,1,2)
[MASK M3454] area=0.0 perimeter=2.0 bbox=(218,3,2,1)
[MASK M3455] area=3.0 perimeter=8.8 bbox=(207,3,4,3)
[MASK M3456] area=11.5 perimeter=19.9 bbox=(197,3,9,4)
[MASK M3457] area=0.0 perimeter=16.0 bbox=(132,3,9,1)
[MASK M3458] area=2.0 perimeter=6.8 bbox=(115,3,4,2)
[MASK M3459] area=2.5 perimeter=7.4 bbox=(109,3,4,2)
[MASK M3460] area=0.0 perimeter=2.8 bbox=(456,2,2,2)
[MASK M3461] area=1.5 perimeter=5.4 bbox=(257,2,3,2)
[MASK M3462] area=17.0 perimeter=23.3 bbox=(34,2,9,7)
[MASK M3463] area=361.5 perimeter=195.4 bbox=(817,1,75,12)
[MASK M3464] area=0.0 perimeter=2.0 bbox=(311,1,2,1)
[MASK M3465] area=2003.5 perimeter=1152.7 bbox=(1345,0,11,539)
[MASK M3466] area=381.0 perimeter=269.9 bbox=(1335,0,8,114)
[MASK M3467] area=2.0 perimeter=10.8 bbox=(1093,0,6,2)
[MASK M3468] area=26.0 perimeter=62.8 bbox=(1059,0,32,2)
[MASK M3469] area=13.0 perimeter=30.8 bbox=(1042,0,16,2)
[MASK M3470] area=374.5 perimeter=290.9 bbox=(896,0,141,7)
[MASK M3471] area=296.0 perimeter=252.6 bbox=(693,0,122,6)
[MASK M3472] area=6.0 perimeter=14.0 bbox=(684,0,7,2)
[MASK M3473] area=154.5 perimeter=170.0 bbox=(600,0,80,6)
[MASK M3474] area=281.0 perimeter=286.2 bbox=(466,0,133,6)
[MASK M3475] area=4.0 perimeter=8.8 bbox=(415,0,4,3)
[MASK M3476] area=12.0 perimeter=19.7 bbox=(399,0,9,4)
[MASK M3477] area=6.0 perimeter=14.8 bbox=(383,0,8,2)
[MASK M3478] area=1.0 perimeter=6.8 bbox=(377,0,4,2)
[MASK M3479] area=0.0 perimeter=4.8 bbox=(314,0,3,2)
[MASK M3480] area=18.0 perimeter=22.5 bbox=(84,0,10,5)
[MASK M3481] area=2.0 perimeter=6.0 bbox=(75,0,3,2)
[MASK M3482] area=7.5 perimeter=11.4 bbox=(64,0,5,3)
[MASK M3483] area=0.0 perimeter=2.0 bbox=(32,0,1,2)
[MASK M3484] area=1.5 perimeter=5.4 bbox=(21,0,2,3)
[CLEAN C0] type=Rejected area=0.0 perimeter=4.0 bbox=(606,943,3,1) long=2.0 box_short=0.0 box_aspect=inf skeleton_width=2.00 skeleton_range=2.00-2.00 skeleton_aspect=1.000 circularity=0.000
[CLEAN C0] REJECT Scratch: area 0.0 < 20; 旋转包围框存在零边长; skeleton_aspect 1.000 < 2.5
[CLEAN C0] REJECT Pit: area 0.0 < 32; 旋转包围框存在零边长
[CLEAN C1] type=Rejected area=0.0 perimeter=4.0 bbox=(495,943,3,1) long=2.0 box_short=0.0 box_aspect=inf skeleton_width=2.00 skeleton_range=2.00-2.00 skeleton_aspect=1.000 circularity=0.000
[CLEAN C1] REJECT Scratch: area 0.0 < 20; 旋转包围框存在零边长; skeleton_aspect 1.000 < 2.5
[CLEAN C1] REJECT Pit: area 0.0 < 32; 旋转包围框存在零边长
[CLEAN C2] type=Rejected area=1.0 perimeter=4.0 bbox=(746,942,2,2) long=1.0 box_short=1.0 box_aspect=1.000 skeleton_width=2.00 skeleton_range=2.00-2.00 skeleton_aspect=0.500 circularity=0.785
[CLEAN C2] REJECT Scratch: area 1.0 < 20; long_side 1.0 < 10; skeleton_aspect 0.500 < 2.5
[CLEAN C2] REJECT Pit: area 1.0 < 32
[CLEAN C3] type=Rejected area=1.0 perimeter=4.0 bbox=(479,942,2,2) long=1.0 box_short=1.0 box_aspect=1.000 skeleton_width=2.00 skeleton_range=2.00-2.00 skeleton_aspect=0.500 circularity=0.785
[CLEAN C3] REJECT Scratch: area 1.0 < 20; long_side 1.0 < 10; skeleton_aspect 0.500 < 2.5
[CLEAN C3] REJECT Pit: area 1.0 < 32
[CLEAN C4] type=Rejected area=7.0 perimeter=14.8 bbox=(373,941,7,3) long=6.0 box_short=2.0 box_aspect=3.000 skeleton_width=2.00 skeleton_range=2.00-4.00 skeleton_aspect=3.000 circularity=0.400
[CLEAN C4] REJECT Scratch: area 7.0 < 20; long_side 6.0 < 10
[CLEAN C4] REJECT Pit: area 7.0 < 32; circularity 0.400 < 0.55
[CLEAN C5] type=Scratch area=20.0 perimeter=73.3 bbox=(278,941,36,3) long=35.0 box_short=2.0 box_aspect=17.500 skeleton_width=2.00 skeleton_range=2.00-4.00 skeleton_aspect=17.500 circularity=0.047
[MEASURE C5] Scratch width=0.071906 mm valid=False
[CLEAN C6] type=Rejected area=19.0 perimeter=20.8 bbox=(1157,940,9,4) long=8.0 box_short=3.0 box_aspect=2.667 skeleton_width=3.40 skeleton_range=2.00-4.00 skeleton_aspect=2.353 circularity=0.550
[CLEAN C6] REJECT Scratch: area 19.0 < 20; long_side 8.0 < 10; skeleton_aspect 2.353 < 2.5
[CLEAN C6] REJECT Pit: area 19.0 < 32
[CLEAN C7] type=Rejected area=15.0 perimeter=16.8 bbox=(1140,940,7,4) long=6.0 box_short=3.0 box_aspect=2.000 skeleton_width=3.40 skeleton_range=2.00-4.00 skeleton_aspect=1.765 circularity=0.666
[CLEAN C7] REJECT Scratch: area 15.0 < 20; long_side 6.0 < 10; skeleton_aspect 1.765 < 2.5
[CLEAN C7] REJECT Pit: area 15.0 < 32
[CLEAN C8] type=Rejected area=4.0 perimeter=10.0 bbox=(40,940,5,2) long=4.0 box_short=1.0 box_aspect=4.000 skeleton_width=2.00 skeleton_range=2.00-2.00 skeleton_aspect=2.000 circularity=0.503
[CLEAN C8] REJECT Scratch: area 4.0 < 20; long_side 4.0 < 10; skeleton_aspect 2.000 < 2.5
[CLEAN C8] REJECT Pit: area 4.0 < 32; circularity 0.503 < 0.55
[CLEAN C9] type=Rejected area=13.5 perimeter=16.2 bbox=(387,939,6,5) long=5.0 box_short=4.0 box_aspect=1.250 skeleton_width=2.80 skeleton_range=2.00-4.00 skeleton_aspect=1.786 circularity=0.643
[CLEAN C9] REJECT Scratch: area 13.5 < 20; long_side 5.0 < 10; skeleton_aspect 1.786 < 2.5
[CLEAN C9] REJECT Pit: area 13.5 < 32
[CLEAN C10] type=Scratch area=67.5 perimeter=71.9 bbox=(319,939,34,5) long=33.0 box_short=4.0 box_aspect=8.250 skeleton_width=4.00 skeleton_range=2.00-6.00 skeleton_aspect=8.250 circularity=0.164
[MEASURE C10] Scratch width=0.116240 mm valid=False
[CLEAN C11] type=Rejected area=5.5 perimeter=9.4 bbox=(1205,938,4,3) long=3.0 box_short=2.0 box_aspect=1.500 skeleton_width=2.00 skeleton_range=2.00-4.00 skeleton_aspect=1.500 circularity=0.780
[CLEAN C11] REJECT Scratch: area 5.5 < 20; long_side 3.0 < 10; skeleton_aspect 1.500 < 2.5
[CLEAN C11] REJECT Pit: area 5.5 < 32
[CLEAN C12] type=Scratch area=62.5 perimeter=66.0 bbox=(1173,938,27,6) long=26.0 box_short=5.0 box_aspect=5.200 skeleton_width=2.80 skeleton_range=2.00-5.60 skeleton_aspect=9.286 circularity=0.180
[MEASURE C12] Scratch 不可测: 划痕最大宽度点超出中央有效测量区域
[CLEAN C13] type=Scratch area=79.0 perimeter=143.5 bbox=(946,938,65,6) long=64.0 box_short=5.0 box_aspect=12.800 skeleton_width=2.00 skeleton_range=2.00-4.00 skeleton_aspect=32.000 circularity=0.048
[MEASURE C13] Scratch width=0.071903 mm valid=False
[CLEAN C14] type=Rejected area=4.0 perimeter=10.0 bbox=(268,938,5,2) long=4.0 box_short=1.0 box_aspect=4.000 skeleton_width=2.00 skeleton_range=2.00-2.00 skeleton_aspect=2.000 circularity=0.503
[CLEAN C14] REJECT Scratch: area 4.0 < 20; long_side 4.0 < 10; skeleton_aspect 2.000 < 2.5
[CLEAN C14] REJECT Pit: area 4.0 < 32; circularity 0.503 < 0.55
[CLEAN C15] type=Rejected area=15.0 perimeter=21.7 bbox=(356,937,7,7) long=7.3 box_short=4.4 box_aspect=1.643 skeleton_width=2.40 skeleton_range=2.00-4.00 skeleton_aspect=3.031 circularity=0.402
[CLEAN C15] REJECT Scratch: area 15.0 < 20; long_side 7.3 < 10
[CLEAN C15] REJECT Pit: area 15.0 < 32; circularity 0.402 < 0.55
[CLEAN C16] type=Scratch area=119.0 perimeter=103.1 bbox=(1211,936,44,6) long=43.0 box_short=5.0 box_aspect=8.600 skeleton_width=4.00 skeleton_range=2.00-5.60 skeleton_aspect=10.750 circularity=0.141
[MEASURE C16] Scratch 不可测: 划痕最大宽度点超出中央有效测量区域
[CLEAN C17] type=Rejected area=5.5 perimeter=9.4 bbox=(1025,936,4,3) long=3.0 box_short=2.0 box_aspect=1.500 skeleton_width=2.00 skeleton_range=2.00-4.00 skeleton_aspect=1.500 circularity=0.780
[CLEAN C17] REJECT Scratch: area 5.5 < 20; long_side 3.0 < 10; skeleton_aspect 1.500 < 2.5
[CLEAN C17] REJECT Pit: area 5.5 < 32
[CLEAN C18] type=Rejected area=2.0 perimeter=6.0 bbox=(1012,936,3,2) long=2.0 box_short=1.0 box_aspect=2.000 skeleton_width=2.00 skeleton_range=2.00-2.00 skeleton_aspect=1.000 circularity=0.698
[CLEAN C18] REJECT Scratch: area 2.0 < 20; long_side 2.0 < 10; skeleton_aspect 1.000 < 2.5
[CLEAN C18] REJECT Pit: area 2.0 < 32
[CLEAN C19] type=Rejected area=23.5 perimeter=21.9 bbox=(778,936,7,8) long=9.2 box_short=4.2 box_aspect=2.167 skeleton_width=4.00 skeleton_range=2.00-4.39 skeleton_aspect=2.298 circularity=0.616
[CLEAN C19] REJECT Scratch: long_side 9.2 < 10; skeleton_aspect 2.298 < 2.5
[CLEAN C19] REJECT Pit: area 23.5 < 32
[CLEAN C20] type=Scratch area=26.5 perimeter=27.1 bbox=(1261,935,12,5) long=11.2 box_short=3.8 box_aspect=2.957 skeleton_width=4.00 skeleton_range=2.00-4.00 skeleton_aspect=2.795 circularity=0.454
[MEASURE C20] Scratch 不可测: 划痕最大宽度点超出中央有效测量区域
[CLEAN C21] type=Pit area=39.5 perimeter=27.1 bbox=(588,935,8,9) long=8.0 box_short=7.0 box_aspect=1.143 skeleton_width=4.00 skeleton_range=2.00-6.39 skeleton_aspect=2.000 circularity=0.677
[MEASURE C21] Pit diameter=0.236213 mm valid=False
[CLEAN C22] type=Scratch area=92.5 perimeter=67.2 bbox=(1275,934,28,7) long=27.0 box_short=6.0 box_aspect=4.500 skeleton_width=4.00 skeleton_range=2.00-6.00 skeleton_aspect=6.750 circularity=0.257
[MEASURE C22] Scratch 不可测: 划痕最大宽度点超出中央有效测量区域
[CLEAN C23] type=Rejected area=3.0 perimeter=8.0 bbox=(55,934,4,2) long=3.0 box_short=1.0 box_aspect=3.000 skeleton_width=2.00 skeleton_range=2.00-2.00 skeleton_aspect=1.500 circularity=0.589
[CLEAN C23] REJECT Scratch: area 3.0 < 20; long_side 3.0 < 10; skeleton_aspect 1.500 < 2.5
[CLEAN C23] REJECT Pit: area 3.0 < 32
[CLEAN C24] type=Rejected area=13.0 perimeter=14.8 bbox=(693,933,4,6) long=5.0 box_short=3.0 box_aspect=1.667 skeleton_width=3.40 skeleton_range=2.00-4.00 skeleton_aspect=1.471 circularity=0.743
[CLEAN C24] REJECT Scratch: area 13.0 < 20; long_side 5.0 < 10; skeleton_aspect 1.471 < 2.5
[CLEAN C24] REJECT Pit: area 13.0 < 32
[CLEAN C25] type=Rejected area=7.0 perimeter=11.7 bbox=(247,933,5,4) long=4.4 box_short=2.5 box_aspect=1.750 skeleton_width=2.80 skeleton_range=2.00-2.80 skeleton_aspect=1.581 circularity=0.647
[CLEAN C25] REJECT Scratch: area 7.0 < 20; long_side 4.4 < 10; skeleton_aspect 1.581 < 2.5
[CLEAN C25] REJECT Pit: area 7.0 < 32
[CLEAN C26] type=Scratch area=137.0 perimeter=97.1 bbox=(1312,932,44,6) long=43.0 box_short=4.9 box_aspect=8.796 skeleton_width=4.00 skeleton_range=2.00-6.00 skeleton_aspect=10.761 circularity=0.183
[MEASURE C26] Scratch 不可测: 划痕最大宽度点超出中央有效测量区域
[CLEAN C27] type=Rejected area=10.0 perimeter=12.8 bbox=(231,931,4,5) long=4.0 box_short=3.0 box_aspect=1.333 skeleton_width=2.80 skeleton_range=2.00-4.00 skeleton_aspect=1.429 circularity=0.764
[CLEAN C27] REJECT Scratch: area 10.0 < 20; long_side 4.0 < 10; skeleton_aspect 1.429 < 2.5
[CLEAN C27] REJECT Pit: area 10.0 < 32
[CLEAN C28] type=Rejected area=3.5 perimeter=7.4 bbox=(1201,930,3,3) long=2.0 box_short=2.0 box_aspect=1.000 skeleton_width=2.00 skeleton_range=2.00-2.80 skeleton_aspect=1.000 circularity=0.800
[CLEAN C28] REJECT Scratch: area 3.5 < 20; long_side 2.0 < 10; skeleton_aspect 1.000 < 2.5
[CLEAN C28] REJECT Pit: area 3.5 < 32
[CLEAN C29] type=Rejected area=16.5 perimeter=18.2 bbox=(701,930,4,8) long=7.0 box_short=3.0 box_aspect=2.333 skeleton_width=3.40 skeleton_range=2.00-4.00 skeleton_aspect=2.059 circularity=0.623
[CLEAN C29] REJECT Scratch: area 16.5 < 20; long_side 7.0 < 10; skeleton_aspect 2.059 < 2.5
[CLEAN C29] REJECT Pit: area 16.5 < 32
[CLEAN C30] type=Rejected area=9.0 perimeter=16.8 bbox=(619,930,3,8) long=7.0 box_short=2.0 box_aspect=3.500 skeleton_width=2.00 skeleton_range=2.00-2.80 skeleton_aspect=3.500 circularity=0.399
[CLEAN C30] REJECT Scratch: area 9.0 < 20; long_side 7.0 < 10
[CLEAN C30] REJECT Pit: area 9.0 < 32; circularity 0.399 < 0.55
[CLEAN C31] type=Rejected area=8.5 perimeter=14.2 bbox=(216,930,5,5) long=5.7 box_short=2.8 box_aspect=2.000 skeleton_width=2.00 skeleton_range=2.00-2.80 skeleton_aspect=2.828 circularity=0.527
[CLEAN C31] REJECT Scratch: area 8.5 < 20; long_side 5.7 < 10
[CLEAN C31] REJECT Pit: area 8.5 < 32; circularity 0.527 < 0.55
[CLEAN C32] type=Rejected area=3.0 perimeter=8.0 bbox=(346,929,4,2) long=3.0 box_short=1.0 box_aspect=3.000 skeleton_width=2.00 skeleton_range=2.00-2.00 skeleton_aspect=1.500 circularity=0.589
[CLEAN C32] REJECT Scratch: area 3.0 < 20; long_side 3.0 < 10; skeleton_aspect 1.500 < 2.5
[CLEAN C32] REJECT Pit: area 3.0 < 32
[CLEAN C33] type=Rejected area=14.0 perimeter=15.7 bbox=(751,928,5,6) long=5.1 box_short=3.8 box_aspect=1.333 skeleton_width=2.80 skeleton_range=2.00-4.39 skeleton_aspect=1.807 circularity=0.718
[CLEAN C33] REJECT Scratch: area 14.0 < 20; long_side 5.1 < 10; skeleton_aspect 1.807 < 2.5
[CLEAN C33] REJECT Pit: area 14.0 < 32
[CLEAN C34] type=Scratch area=65.0 perimeter=40.5 bbox=(517,928,8,16) long=16.0 box_short=5.7 box_aspect=2.797 skeleton_width=5.60 skeleton_range=2.00-6.00 skeleton_aspect=2.859 circularity=0.498
[MEASURE C34] Scratch width=0.119207 mm valid=False
[CLEAN C35] type=Rejected area=14.5 perimeter=15.4 bbox=(768,927,4,6) long=5.0 box_short=3.0 box_aspect=1.667 skeleton_width=4.00 skeleton_range=2.00-4.00 skeleton_aspect=1.250 circularity=0.767
[CLEAN C35] REJECT Scratch: area 14.5 < 20; long_side 5.0 < 10; skeleton_aspect 1.250 < 2.5
[CLEAN C35] REJECT Pit: area 14.5 < 32
[CLEAN C36] type=Rejected area=7.5 perimeter=11.4 bbox=(207,927,5,3) long=4.0 box_short=2.0 box_aspect=2.000 skeleton_width=2.40 skeleton_range=2.00-4.00 skeleton_aspect=1.667 circularity=0.723
[CLEAN C36] REJECT Scratch: area 7.5 < 20; long_side 4.0 < 10; skeleton_aspect 1.667 < 2.5
[CLEAN C36] REJECT Pit: area 7.5 < 32
[CLEAN C37] type=Rejected area=4.0 perimeter=10.0 bbox=(201,927,2,5) long=4.0 box_short=1.0 box_aspect=4.000 skeleton_width=2.00 skeleton_range=2.00-2.00 skeleton_aspect=2.000 circularity=0.503
[CLEAN C37] REJECT Scratch: area 4.0 < 20; long_side 4.0 < 10; skeleton_aspect 2.000 < 2.5
[CLEAN C37] REJECT Pit: area 4.0 < 32; circularity 0.503 < 0.55
[CLEAN C38] type=Rejected area=1.0 perimeter=4.0 bbox=(1250,926,2,2) long=1.0 box_short=1.0 box_aspect=1.000 skeleton_width=2.00 skeleton_range=2.00-2.00 skeleton_aspect=0.500 circularity=0.785
[CLEAN C38] REJECT Scratch: area 1.0 < 20; long_side 1.0 < 10; skeleton_aspect 0.500 < 2.5
[CLEAN C38] REJECT Pit: area 1.0 < 32
[CLEAN C39] type=Rejected area=2.0 perimeter=6.0 bbox=(1059,925,3,2) long=2.0 box_short=1.0 box_aspect=2.000 skeleton_width=2.00 skeleton_range=2.00-2.00 skeleton_aspect=1.000 circularity=0.698
[CLEAN C39] REJECT Scratch: area 2.0 < 20; long_side 2.0 < 10; skeleton_aspect 1.000 < 2.5
[CLEAN C39] REJECT Pit: area 2.0 < 32
[CLEAN C40] type=Rejected area=5.0 perimeter=12.0 bbox=(1295,924,6,2) long=5.0 box_short=1.0 box_aspect=5.000 skeleton_width=2.00 skeleton_range=2.00-2.00 skeleton_aspect=2.500 circularity=0.436
[CLEAN C40] REJECT Scratch: area 5.0 < 20; long_side 5.0 < 10
[CLEAN C40] REJECT Pit: area 5.0 < 32; circularity 0.436 < 0.55
[CLEAN C41] type=Rejected area=2.0 perimeter=6.0 bbox=(1254,924,3,2) long=2.0 box_short=1.0 box_aspect=2.000 skeleton_width=2.00 skeleton_range=2.00-2.00 skeleton_aspect=1.000 circularity=0.698
[CLEAN C41] REJECT Scratch: area 2.0 < 20; long_side 2.0 < 10; skeleton_aspect 1.000 < 2.5
[CLEAN C41] REJECT Pit: area 2.0 < 32
[CLEAN C42] type=Scratch area=34.5 perimeter=26.2 bbox=(156,924,11,5) long=10.0 box_short=4.0 box_aspect=2.500 skeleton_width=4.00 skeleton_range=2.00-6.00 skeleton_aspect=2.500 circularity=0.630
[MEASURE C42] Scratch 不可测: 划痕最大宽度点超出中央有效测量区域
[CLEAN C43] type=Rejected area=10.5 perimeter=14.2 bbox=(1243,923,6,4) long=5.0 box_short=3.0 box_aspect=1.667 skeleton_width=2.80 skeleton_range=2.00-4.00 skeleton_aspect=1.786 circularity=0.650
[CLEAN C43] REJECT Scratch: area 10.5 < 20; long_side 5.0 < 10; skeleton_aspect 1.786 < 2.5
[CLEAN C43] REJECT Pit: area 10.5 < 32
[CLEAN C44] type=Rejected area=11.5 perimeter=16.2 bbox=(1066,923,7,4) long=6.0 box_short=3.0 box_aspect=2.000 skeleton_width=2.80 skeleton_range=2.00-4.00 skeleton_aspect=2.143 circularity=0.548
[CLEAN C44] REJECT Scratch: area 11.5 < 20; long_side 6.0 < 10; skeleton_aspect 2.143 < 2.5
[CLEAN C44] REJECT Pit: area 11.5 < 32; circularity 0.548 < 0.55
[CLEAN C45] type=Rejected area=5.0 perimeter=8.8 bbox=(794,921,3,4) long=3.0 box_short=2.0 box_aspect=1.500 skeleton_width=2.40 skeleton_range=2.00-2.80 skeleton_aspect=1.250 circularity=0.806
[CLEAN C45] REJECT Scratch: area 5.0 < 20; long_side 3.0 < 10; skeleton_aspect 1.250 < 2.5
[CLEAN C45] REJECT Pit: area 5.0 < 32
[CLEAN C46] type=Rejected area=1.0 perimeter=4.0 bbox=(299,920,2,2) long=1.0 box_short=1.0 box_aspect=1.000 skeleton_width=2.00 skeleton_range=2.00-2.00 skeleton_aspect=0.500 circularity=0.785
[CLEAN C46] REJECT Scratch: area 1.0 < 20; long_side 1.0 < 10; skeleton_aspect 0.500 < 2.5
[CLEAN C46] REJECT Pit: area 1.0 < 32
[CLEAN C47] type=Scratch area=57.5 perimeter=51.2 bbox=(173,920,21,8) long=20.2 box_short=5.5 box_aspect=3.679 skeleton_width=4.00 skeleton_range=2.00-5.60 skeleton_aspect=5.050 circularity=0.275
[MEASURE C47] Scratch 不可测: 划痕最大宽度点超出中央有效测量区域
[CLEAN C48] type=Rejected area=2.0 perimeter=6.0 bbox=(144,920,3,2) long=2.0 box_short=1.0 box_aspect=2.000 skeleton_width=2.00 skeleton_range=2.00-2.00 skeleton_aspect=1.000 circularity=0.698
[CLEAN C48] REJECT Scratch: area 2.0 < 20; long_side 2.0 < 10; skeleton_aspect 1.000 < 2.5
[CLEAN C48] REJECT Pit: area 2.0 < 32
[CLEAN C49] type=Rejected area=11.5 perimeter=16.2 bbox=(1086,919,6,5) long=5.0 box_short=4.0 box_aspect=1.250 skeleton_width=2.00 skeleton_range=2.00-4.00 skeleton_aspect=2.500 circularity=0.548
[CLEAN C49] REJECT Scratch: area 11.5 < 20; long_side 5.0 < 10
[CLEAN C49] REJECT Pit: area 11.5 < 32; circularity 0.548 < 0.55
[CLEAN C50] type=Scratch area=327.5 perimeter=292.3 bbox=(0,919,138,9) long=137.1 box_short=4.9 box_aspect=28.088 skeleton_width=4.00 skeleton_range=2.00-5.60 skeleton_aspect=34.282 circularity=0.048
[MEASURE C50] Scratch 不可测: 划痕最大宽度点超出中央有效测量区域
[CLEAN C51] type=Scratch area=30.5 perimeter=33.1 bbox=(1094,918,13,5) long=12.0 box_short=4.0 box_aspect=3.000 skeleton_width=2.80 skeleton_range=2.00-4.39 skeleton_aspect=4.286 circularity=0.350
[MEASURE C51] Scratch 不可测: 划痕最大宽度点超出中央有效测量区域
[CLEAN C52] type=Pit area=39.0 perimeter=28.5 bbox=(1111,917,10,8) long=9.0 box_short=7.0 box_aspect=1.286 skeleton_width=4.39 skeleton_range=2.00-6.00 skeleton_aspect=2.048 circularity=0.604
[MEASURE C52] Pit 不可测: 凹点中心超出中央有效测量区域
[CLEAN C53] type=Rejected area=3.5 perimeter=7.4 bbox=(940,917,3,3) long=2.0 box_short=2.0 box_aspect=1.000 skeleton_width=2.00 skeleton_range=2.00-2.80 skeleton_aspect=1.000 circularity=0.800
[CLEAN C53] REJECT Scratch: area 3.5 < 20; long_side 2.0 < 10; skeleton_aspect 1.000 < 2.5
[CLEAN C53] REJECT Pit: area 3.5 < 32
[CLEAN C54] type=Scratch area=113.0 perimeter=92.6 bbox=(1123,916,41,7) long=40.0 box_short=6.0 box_aspect=6.705 skeleton_width=4.00 skeleton_range=2.00-6.00 skeleton_aspect=9.991 circularity=0.166
[MEASURE C54] Scratch 不可测: 划痕最大宽度点超出中央有效测量区域
[CLEAN C55] type=Rejected area=20.5 perimeter=23.1 bbox=(1170,915,10,5) long=9.8 box_short=3.6 box_aspect=2.750 skeleton_width=2.40 skeleton_range=2.00-4.39 skeleton_aspect=4.099 circularity=0.484
[CLEAN C55] REJECT Scratch: long_side 9.8 < 10
[CLEAN C55] REJECT Pit: area 20.5 < 32; circularity 0.484 < 0.55
[CLEAN C56] type=Scratch area=38.5 perimeter=35.9 bbox=(957,914,15,5) long=14.0 box_short=4.0 box_aspect=3.500 skeleton_width=4.00 skeleton_range=2.00-5.60 skeleton_aspect=3.500 circularity=0.375
[MEASURE C56] Scratch width=0.116347 mm valid=False
[CLEAN C57] type=Pit area=34.5 perimeter=23.9 bbox=(703,913,8,8) long=7.0 box_short=7.0 box_aspect=1.000 skeleton_width=4.39 skeleton_range=2.00-6.39 skeleton_aspect=1.593 circularity=0.759
[MEASURE C57] Pit diameter=0.190576 mm valid=False
[CLEAN C58] type=Rejected area=5.0 perimeter=8.8 bbox=(77,913,4,3) long=3.0 box_short=2.0 box_aspect=1.500 skeleton_width=2.40 skeleton_range=2.00-2.80 skeleton_aspect=1.250 circularity=0.806
[CLEAN C58] REJECT Scratch: area 5.0 < 20; long_side 3.0 < 10; skeleton_aspect 1.250 < 2.5
[CLEAN C58] REJECT Pit: area 5.0 < 32
[CLEAN C59] type=Rejected area=3.0 perimeter=8.0 bbox=(53,912,4,2) long=3.0 box_short=1.0 box_aspect=3.000 skeleton_width=2.00 skeleton_range=2.00-2.00 skeleton_aspect=1.500 circularity=0.589
[CLEAN C59] REJECT Scratch: area 3.0 < 20; long_side 3.0 < 10; skeleton_aspect 1.500 < 2.5
[CLEAN C59] REJECT Pit: area 3.0 < 32
[CLEAN C60] type=Scratch area=101.5 perimeter=46.7 bbox=(477,911,8,19) long=18.0 box_short=7.0 box_aspect=2.571 skeleton_width=6.39 skeleton_range=2.00-8.00 skeleton_aspect=2.815 circularity=0.584
[MEASURE C60] Scratch width=0.167549 mm valid=False
[CLEAN C61] type=Rejected area=10.0 perimeter=18.8 bbox=(1184,910,9,3) long=8.0 box_short=2.0 box_aspect=4.000 skeleton_width=2.00 skeleton_range=2.00-2.80 skeleton_aspect=4.000 circularity=0.354
[CLEAN C61] REJECT Scratch: area 10.0 < 20; long_side 8.0 < 10
[CLEAN C61] REJECT Pit: area 10.0 < 32; circularity 0.354 < 0.55
[CLEAN C62] type=Scratch area=131.5 perimeter=97.2 bbox=(137,910,44,8) long=43.0 box_short=6.5 box_aspect=6.657 skeleton_width=4.00 skeleton_range=2.00-6.00 skeleton_aspect=10.758 circularity=0.175
[MEASURE C62] Scratch 不可测: 划痕最大宽度点超出中央有效测量区域
[CLEAN C63] type=Rejected area=1.0 perimeter=4.0 bbox=(981,909,2,2) long=1.0 box_short=1.0 box_aspect=1.000 skeleton_width=2.00 skeleton_range=2.00-2.00 skeleton_aspect=0.500 circularity=0.785
[CLEAN C63] REJECT Scratch: area 1.0 < 20; long_side 1.0 < 10; skeleton_aspect 0.500 < 2.5
[CLEAN C63] REJECT Pit: area 1.0 < 32
[CLEAN C64] type=Scratch area=24.5 perimeter=27.1 bbox=(780,909,5,12) long=11.3 box_short=3.9 box_aspect=2.914 skeleton_width=3.40 skeleton_range=2.00-4.00 skeleton_aspect=3.313 circularity=0.420
[MEASURE C64] Scratch width=0.072772 mm valid=False
[CLEAN C65] type=Rejected area=1.0 perimeter=4.0 bbox=(218,909,2,2) long=1.0 box_short=1.0 box_aspect=1.000 skeleton_width=2.00 skeleton_range=2.00-2.00 skeleton_aspect=0.500 circularity=0.785
[CLEAN C65] REJECT Scratch: area 1.0 < 20; long_side 1.0 < 10; skeleton_aspect 0.500 < 2.5
[CLEAN C65] REJECT Pit: area 1.0 < 32
[CLEAN C66] type=Rejected area=16.0 perimeter=29.7 bbox=(1124,907,14,3) long=13.0 box_short=2.0 box_aspect=6.500 skeleton_width=2.00 skeleton_range=2.00-4.00 skeleton_aspect=6.500 circularity=0.229
[CLEAN C66] REJECT Scratch: area 16.0 < 20
[CLEAN C66] REJECT Pit: area 16.0 < 32; circularity 0.229 < 0.55; aspect_ratio 6.500 > 5.0
[CLEAN C67] type=Rejected area=6.0 perimeter=10.0 bbox=(209,907,4,3) long=3.0 box_short=2.0 box_aspect=1.500 skeleton_width=2.00 skeleton_range=2.00-4.00 skeleton_aspect=1.500 circularity=0.754
[CLEAN C67] REJECT Scratch: area 6.0 < 20; long_side 3.0 < 10; skeleton_aspect 1.500 < 2.5
[CLEAN C67] REJECT Pit: area 6.0 < 32
[CLEAN C68] type=Rejected area=3.5 perimeter=7.4 bbox=(997,906,3,3) long=2.0 box_short=2.0 box_aspect=1.000 skeleton_width=2.00 skeleton_range=2.00-2.80 skeleton_aspect=1.000 circularity=0.800
[CLEAN C68] REJECT Scratch: area 3.5 < 20; long_side 2.0 < 10; skeleton_aspect 1.000 < 2.5
[CLEAN C68] REJECT Pit: area 3.5 < 32
[CLEAN C69] type=Rejected area=4.5 perimeter=9.4 bbox=(537,906,3,4) long=3.0 box_short=2.0 box_aspect=1.500 skeleton_width=2.00 skeleton_range=2.00-2.80 skeleton_aspect=1.500 circularity=0.638
[CLEAN C69] REJECT Scratch: area 4.5 < 20; long_side 3.0 < 10; skeleton_aspect 1.500 < 2.5
[CLEAN C69] REJECT Pit: area 4.5 < 32
[CLEAN C70] type=Rejected area=11.0 perimeter=14.8 bbox=(1174,905,7,3) long=6.0 box_short=2.0 box_aspect=3.000 skeleton_width=2.80 skeleton_range=2.00-4.00 skeleton_aspect=2.143 circularity=0.629
[CLEAN C70] REJECT Scratch: area 11.0 < 20; long_side 6.0 < 10; skeleton_aspect 2.143 < 2.5
[CLEAN C70] REJECT Pit: area 11.0 < 32
[CLEAN C71] type=Rejected area=11.5 perimeter=17.4 bbox=(1163,905,8,3) long=7.0 box_short=2.0 box_aspect=3.500 skeleton_width=2.00 skeleton_range=2.00-4.00 skeleton_aspect=3.500 circularity=0.477
[CLEAN C71] REJECT Scratch: area 11.5 < 20; long_side 7.0 < 10
[CLEAN C71] REJECT Pit: area 11.5 < 32; circularity 0.477 < 0.55
[CLEAN C72] type=Scratch area=32.0 perimeter=35.3 bbox=(1140,905,16,5) long=15.0 box_short=4.0 box_aspect=3.750 skeleton_width=2.80 skeleton_range=2.00-4.39 skeleton_aspect=5.357 circularity=0.322
[MEASURE C72] Scratch 不可测: 划痕最大宽度点超出中央有效测量区域
[CLEAN C73] type=Rejected area=17.0 perimeter=19.7 bbox=(984,905,8,5) long=7.5 box_short=3.5 box_aspect=2.111 skeleton_width=2.80 skeleton_range=2.00-4.00 skeleton_aspect=2.662 circularity=0.553
[CLEAN C73] REJECT Scratch: area 17.0 < 20; long_side 7.5 < 10
[CLEAN C73] REJECT Pit: area 17.0 < 32
[CLEAN C74] type=Rejected area=1.0 perimeter=4.0 bbox=(729,905,2,2) long=1.0 box_short=1.0 box_aspect=1.000 skeleton_width=2.00 skeleton_range=2.00-2.00 skeleton_aspect=0.500 circularity=0.785
[CLEAN C74] REJECT Scratch: area 1.0 < 20; long_side 1.0 < 10; skeleton_aspect 0.500 < 2.5
[CLEAN C74] REJECT Pit: area 1.0 < 32
[CLEAN C75] type=Rejected area=9.5 perimeter=15.4 bbox=(1189,904,7,3) long=6.0 box_short=2.0 box_aspect=3.000 skeleton_width=2.00 skeleton_range=2.00-4.00 skeleton_aspect=3.000 circularity=0.502
[CLEAN C75] REJECT Scratch: area 9.5 < 20; long_side 6.0 < 10
[CLEAN C75] REJECT Pit: area 9.5 < 32; circularity 0.502 < 0.55
[CLEAN C76] type=Rejected area=3.5 perimeter=7.4 bbox=(533,904,3,3) long=2.0 box_short=2.0 box_aspect=1.000 skeleton_width=2.00 skeleton_range=2.00-2.80 skeleton_aspect=1.000 circularity=0.800
[CLEAN C76] REJECT Scratch: area 3.5 < 20; long_side 2.0 < 10; skeleton_aspect 1.000 < 2.5
[CLEAN C76] REJECT Pit: area 3.5 < 32
[CLEAN C77] type=Scratch area=333.0 perimeter=273.6 bbox=(1195,903,125,9) long=124.0 box_short=8.0 box_aspect=15.500 skeleton_width=4.00 skeleton_range=2.00-6.39 skeleton_aspect=31.000 circularity=0.056
[MEASURE C77] Scratch 不可测: 划痕最大宽度点超出中央有效测量区域
[CLEAN C78] type=Scratch area=66.5 perimeter=38.4 bbox=(761,903,9,16) long=15.7 box_short=6.3 box_aspect=2.500 skeleton_width=5.00 skeleton_range=2.00-7.19 skeleton_aspect=3.132 circularity=0.567
[MEASURE C78] Scratch width=0.161620 mm valid=False
[CLEAN C79] type=Rejected area=2.0 perimeter=6.0 bbox=(452,903,2,3) long=2.0 box_short=1.0 box_aspect=2.000 skeleton_width=2.00 skeleton_range=2.00-2.00 skeleton_aspect=1.000 circularity=0.698
[CLEAN C79] REJECT Scratch: area 2.0 < 20; long_side 2.0 < 10; skeleton_aspect 1.000 < 2.5
[CLEAN C79] REJECT Pit: area 2.0 < 32
[CLEAN C80] type=Rejected area=6.0 perimeter=10.8 bbox=(139,903,5,3) long=4.0 box_short=2.0 box_aspect=2.000 skeleton_width=2.00 skeleton_range=2.00-2.80 skeleton_aspect=2.000 circularity=0.643
[CLEAN C80] REJECT Scratch: area 6.0 < 20; long_side 4.0 < 10; skeleton_aspect 2.000 < 2.5
[CLEAN C80] REJECT Pit: area 6.0 < 32
[CLEAN C81] type=Rejected area=16.5 perimeter=17.1 bbox=(970,902,6,6) long=5.7 box_short=4.2 box_aspect=1.333 skeleton_width=3.40 skeleton_range=2.00-4.39 skeleton_aspect=1.664 circularity=0.711
[CLEAN C81] REJECT Scratch: area 16.5 < 20; long_side 5.7 < 10; skeleton_aspect 1.664 < 2.5
[CLEAN C81] REJECT Pit: area 16.5 < 32
[CLEAN C82] type=Rejected area=12.5 perimeter=14.2 bbox=(940,902,5,5) long=4.0 box_short=4.0 box_aspect=1.000 skeleton_width=3.00 skeleton_range=2.00-4.39 skeleton_aspect=1.333 circularity=0.774
[CLEAN C82] REJECT Scratch: area 12.5 < 20; long_side 4.0 < 10; skeleton_aspect 1.333 < 2.5
[CLEAN C82] REJECT Pit: area 12.5 < 32
[CLEAN C83] type=Scratch area=36.5 perimeter=39.9 bbox=(190,902,15,9) long=16.1 box_short=4.6 box_aspect=3.527 skeleton_width=2.80 skeleton_range=2.00-4.39 skeleton_aspect=5.734 circularity=0.288
[MEASURE C83] Scratch 不可测: 划痕最大宽度点超出中央有效测量区域
[CLEAN C84] type=Rejected area=3.5 perimeter=7.4 bbox=(6,902,3,3) long=2.0 box_short=2.0 box_aspect=1.000 skeleton_width=2.00 skeleton_range=2.00-2.80 skeleton_aspect=1.000 circularity=0.800
[CLEAN C84] REJECT Scratch: area 3.5 < 20; long_side 2.0 < 10; skeleton_aspect 1.000 < 2.5
[CLEAN C84] REJECT Pit: area 3.5 < 32
[CLEAN C85] type=Rejected area=7.0 perimeter=12.8 bbox=(1244,901,6,3) long=5.0 box_short=2.0 box_aspect=2.500 skeleton_width=2.00 skeleton_range=2.00-2.80 skeleton_aspect=2.500 circularity=0.535
[CLEAN C85] REJECT Scratch: area 7.0 < 20; long_side 5.0 < 10
[CLEAN C85] REJECT Pit: area 7.0 < 32; circularity 0.535 < 0.55
[CLEAN C86] type=Rejected area=2.0 perimeter=6.0 bbox=(30,901,3,2) long=2.0 box_short=1.0 box_aspect=2.000 skeleton_width=2.00 skeleton_range=2.00-2.00 skeleton_aspect=1.000 circularity=0.698
[CLEAN C86] REJECT Scratch: area 2.0 < 20; long_side 2.0 < 10; skeleton_aspect 1.000 < 2.5
[CLEAN C86] REJECT Pit: area 2.0 < 32
[CLEAN C87] type=Rejected area=6.0 perimeter=10.8 bbox=(47,900,4,4) long=3.0 box_short=3.0 box_aspect=1.000 skeleton_width=2.00 skeleton_range=2.00-4.00 skeleton_aspect=1.500 circularity=0.643
[CLEAN C87] REJECT Scratch: area 6.0 < 20; long_side 3.0 < 10; skeleton_aspect 1.500 < 2.5
[CLEAN C87] REJECT Pit: area 6.0 < 32
[CLEAN C88] type=Rejected area=1.0 perimeter=4.0 bbox=(1334,899,2,2) long=1.0 box_short=1.0 box_aspect=1.000 skeleton_width=2.00 skeleton_range=2.00-2.00 skeleton_aspect=0.500 circularity=0.785
[CLEAN C88] REJECT Scratch: area 1.0 < 20; long_side 1.0 < 10; skeleton_aspect 0.500 < 2.5
[CLEAN C88] REJECT Pit: area 1.0 < 32
[CLEAN C89] type=Scratch area=96.5 perimeter=46.7 bbox=(516,898,8,20) long=19.3 box_short=6.6 box_aspect=2.918 skeleton_width=6.00 skeleton_range=2.00-8.00 skeleton_aspect=3.214 circularity=0.555
[MEASURE C89] Scratch width=0.164838 mm valid=False
[CLEAN C90] type=Scratch area=51.0 perimeter=43.3 bbox=(121,898,18,6) long=17.0 box_short=5.0 box_aspect=3.400 skeleton_width=2.80 skeleton_range=2.00-6.00 skeleton_aspect=6.071 circularity=0.342
[MEASURE C90] Scratch 不可测: 划痕最大宽度点超出中央有效测量区域
[CLEAN C91] type=Rejected area=1.0 perimeter=4.0 bbox=(96,898,2,2) long=1.0 box_short=1.0 box_aspect=1.000 skeleton_width=2.00 skeleton_range=2.00-2.00 skeleton_aspect=0.500 circularity=0.785
[CLEAN C91] REJECT Scratch: area 1.0 < 20; long_side 1.0 < 10; skeleton_aspect 0.500 < 2.5
[CLEAN C91] REJECT Pit: area 1.0 < 32
[CLEAN C92] type=Rejected area=4.0 perimeter=8.0 bbox=(211,897,3,3) long=2.0 box_short=2.0 box_aspect=1.000 skeleton_width=2.00 skeleton_range=2.00-4.00 skeleton_aspect=1.000 circularity=0.785
[CLEAN C92] REJECT Scratch: area 4.0 < 20; long_side 2.0 < 10; skeleton_aspect 1.000 < 2.5
[CLEAN C92] REJECT Pit: area 4.0 < 32
[CLEAN C93] type=Rejected area=4.0 perimeter=10.0 bbox=(1282,896,5,2) long=4.0 box_short=1.0 box_aspect=4.000 skeleton_width=2.00 skeleton_range=2.00-2.00 skeleton_aspect=2.000 circularity=0.503
[CLEAN C93] REJECT Scratch: area 4.0 < 20; long_side 4.0 < 10; skeleton_aspect 2.000 < 2.5
[CLEAN C93] REJECT Pit: area 4.0 < 32; circularity 0.503 < 0.55
[CLEAN C94] type=Rejected area=5.5 perimeter=9.4 bbox=(177,896,3,4) long=3.0 box_short=2.0 box_aspect=1.500 skeleton_width=2.00 skeleton_range=2.00-4.00 skeleton_aspect=1.500 circularity=0.780
[CLEAN C94] REJECT Scratch: area 5.5 < 20; long_side 3.0 < 10; skeleton_aspect 1.500 < 2.5
[CLEAN C94] REJECT Pit: area 5.5 < 32
[CLEAN C95] type=Scratch area=46.0 perimeter=55.7 bbox=(604,895,4,27) long=26.0 box_short=3.0 box_aspect=8.667 skeleton_width=2.00 skeleton_range=2.00-4.00 skeleton_aspect=13.000 circularity=0.187
[MEASURE C95] Scratch width=0.088997 mm valid=False
[CLEAN C96] type=Rejected area=1.0 perimeter=4.0 bbox=(64,895,2,2) long=1.0 box_short=1.0 box_aspect=1.000 skeleton_width=2.00 skeleton_range=2.00-2.00 skeleton_aspect=0.500 circularity=0.785
[CLEAN C96] REJECT Scratch: area 1.0 < 20; long_side 1.0 < 10; skeleton_aspect 0.500 < 2.5
[CLEAN C96] REJECT Pit: area 1.0 < 32
[CLEAN C97] type=Rejected area=4.0 perimeter=10.0 bbox=(1331,894,5,2) long=4.0 box_short=1.0 box_aspect=4.000 skeleton_width=2.00 skeleton_range=2.00-2.00 skeleton_aspect=2.000 circularity=0.503
[CLEAN C97] REJECT Scratch: area 4.0 < 20; long_side 4.0 < 10; skeleton_aspect 2.000 < 2.5
[CLEAN C97] REJECT Pit: area 4.0 < 32; circularity 0.503 < 0.55
[CLEAN C98] type=Pit area=49.5 perimeter=26.7 bbox=(660,894,9,9) long=8.0 box_short=8.0 box_aspect=1.000 skeleton_width=5.00 skeleton_range=2.00-8.39 skeleton_aspect=1.601 circularity=0.871
[MEASURE C98] Pit diameter=0.206082 mm valid=False
[CLEAN C99] type=Rejected area=7.5 perimeter=11.4 bbox=(23,893,5,3) long=4.0 box_short=2.0 box_aspect=2.000 skeleton_width=2.40 skeleton_range=2.00-4.00 skeleton_aspect=1.667 circularity=0.723
[CLEAN C99] REJECT Scratch: area 7.5 < 20; long_side 4.0 < 10; skeleton_aspect 1.667 < 2.5
[CLEAN C99] REJECT Pit: area 7.5 < 32
[CLEAN C100] type=Rejected area=3.0 perimeter=8.0 bbox=(696,892,2,4) long=3.0 box_short=1.0 box_aspect=3.000 skeleton_width=2.00 skeleton_range=2.00-2.00 skeleton_aspect=1.500 circularity=0.589
[CLEAN C100] REJECT Scratch: area 3.0 < 20; long_side 3.0 < 10; skeleton_aspect 1.500 < 2.5
[CLEAN C100] REJECT Pit: area 3.0 < 32
[CLEAN C101] type=Rejected area=1.0 perimeter=4.0 bbox=(211,892,2,2) long=1.0 box_short=1.0 box_aspect=1.000 skeleton_width=2.00 skeleton_range=2.00-2.00 skeleton_aspect=0.500 circularity=0.785
[CLEAN C101] REJECT Scratch: area 1.0 < 20; long_side 1.0 < 10; skeleton_aspect 0.500 < 2.5
[CLEAN C101] REJECT Pit: area 1.0 < 32
[CLEAN C102] type=Scratch area=27.0 perimeter=24.5 bbox=(184,891,6,10) long=10.1 box_short=4.4 box_aspect=2.286 skeleton_width=4.00 skeleton_range=2.00-4.39 skeleton_aspect=2.530 circularity=0.566
[MEASURE C102] Scratch 不可测: 划痕最大宽度点超出中央有效测量区域
[CLEAN C103] type=Rejected area=10.0 perimeter=18.8 bbox=(74,891,9,3) long=8.0 box_short=2.0 box_aspect=4.000 skeleton_width=2.00 skeleton_range=2.00-2.80 skeleton_aspect=4.000 circularity=0.354
[CLEAN C103] REJECT Scratch: area 10.0 < 20; long_side 8.0 < 10
[CLEAN C103] REJECT Pit: area 10.0 < 32; circularity 0.354 < 0.55
[CLEAN C104] type=Scratch area=58.5 perimeter=64.0 bbox=(952,890,18,16) long=20.8 box_short=10.7 box_aspect=1.947 skeleton_width=2.80 skeleton_range=2.00-6.00 skeleton_aspect=7.431 circularity=0.179
[MEASURE C104] Scratch width=0.126404 mm valid=False
[CLEAN C105] type=Rejected area=9.0 perimeter=15.7 bbox=(54,890,6,4) long=5.0 box_short=3.0 box_aspect=1.667 skeleton_width=2.00 skeleton_range=2.00-2.80 skeleton_aspect=2.500 circularity=0.461
[CLEAN C105] REJECT Scratch: area 9.0 < 20; long_side 5.0 < 10
[CLEAN C105] REJECT Pit: area 9.0 < 32; circularity 0.461 < 0.55
[CLEAN C106] type=Rejected area=2.0 perimeter=6.0 bbox=(1321,889,3,2) long=2.0 box_short=1.0 box_aspect=2.000 skeleton_width=2.00 skeleton_range=2.00-2.00 skeleton_aspect=1.000 circularity=0.698
[CLEAN C106] REJECT Scratch: area 2.0 < 20; long_side 2.0 < 10; skeleton_aspect 1.000 < 2.5
[CLEAN C106] REJECT Pit: area 2.0 < 32
[CLEAN C107] type=Rejected area=10.0 perimeter=11.7 bbox=(274,889,5,4) long=4.0 box_short=3.0 box_aspect=1.333 skeleton_width=2.80 skeleton_range=2.80-4.00 skeleton_aspect=1.429 circularity=0.925
[CLEAN C107] REJECT Scratch: area 10.0 < 20; long_side 4.0 < 10; skeleton_aspect 1.429 < 2.5
[CLEAN C107] REJECT Pit: area 10.0 < 32
[CLEAN C108] type=Rejected area=1.0 perimeter=4.0 bbox=(1354,888,2,2) long=1.0 box_short=1.0 box_aspect=1.000 skeleton_width=2.00 skeleton_range=2.00-2.00 skeleton_aspect=0.500 circularity=0.785
[CLEAN C108] REJECT Scratch: area 1.0 < 20; long_side 1.0 < 10; skeleton_aspect 0.500 < 2.5
[CLEAN C108] REJECT Pit: area 1.0 < 32
[CLEAN C109] type=Rejected area=1.0 perimeter=4.0 bbox=(746,887,2,2) long=1.0 box_short=1.0 box_aspect=1.000 skeleton_width=2.00 skeleton_range=2.00-2.00 skeleton_aspect=0.500 circularity=0.785
[CLEAN C109] REJECT Scratch: area 1.0 < 20; long_side 1.0 < 10; skeleton_aspect 0.500 < 2.5
[CLEAN C109] REJECT Pit: area 1.0 < 32
[CLEAN C110] type=Scratch area=122.5 perimeter=76.0 bbox=(90,887,34,7) long=33.0 box_short=6.0 box_aspect=5.500 skeleton_width=4.39 skeleton_range=2.00-6.00 skeleton_aspect=7.511 circularity=0.266
[MEASURE C110] Scratch 不可测: 划痕最大宽度点超出中央有效测量区域
[CLEAN C111] type=Rejected area=2.0 perimeter=6.0 bbox=(980,886,3,2) long=2.0 box_short=1.0 box_aspect=2.000 skeleton_width=2.00 skeleton_range=2.00-2.00 skeleton_aspect=1.000 circularity=0.698
[CLEAN C111] REJECT Scratch: area 2.0 < 20; long_side 2.0 < 10; skeleton_aspect 1.000 < 2.5
[CLEAN C111] REJECT Pit: area 2.0 < 32
[CLEAN C112] type=Scratch area=28.5 perimeter=33.4 bbox=(0,886,16,3) long=15.0 box_short=2.0 box_aspect=7.500 skeleton_width=4.00 skeleton_range=2.00-4.00 skeleton_aspect=3.750 circularity=0.321
[MEASURE C112] Scratch 不可测: 划痕最大宽度点超出中央有效测量区域
[CLEAN C113] type=Scratch area=95.5 perimeter=56.0 bbox=(545,885,20,10) long=19.1 box_short=8.3 box_aspect=2.293 skeleton_width=4.39 skeleton_range=2.00-8.39 skeleton_aspect=4.348 circularity=0.382
[MEASURE C113] Scratch width=0.199604 mm valid=False
[CLEAN C114] type=Rejected area=1.0 perimeter=4.0 bbox=(519,885,2,2) long=1.0 box_short=1.0 box_aspect=1.000 skeleton_width=2.00 skeleton_range=2.00-2.00 skeleton_aspect=0.500 circularity=0.785
[CLEAN C114] REJECT Scratch: area 1.0 < 20; long_side 1.0 < 10; skeleton_aspect 0.500 < 2.5
[CLEAN C114] REJECT Pit: area 1.0 < 32
[CLEAN C115] type=Rejected area=3.0 perimeter=8.0 bbox=(1202,884,4,2) long=3.0 box_short=1.0 box_aspect=3.000 skeleton_width=2.00 skeleton_range=2.00-2.00 skeleton_aspect=1.500 circularity=0.589
[CLEAN C115] REJECT Scratch: area 3.0 < 20; long_side 3.0 < 10; skeleton_aspect 1.500 < 2.5
[CLEAN C115] REJECT Pit: area 3.0 < 32
[CLEAN C116] type=Rejected area=32.0 perimeter=27.3 bbox=(995,884,7,11) long=10.2 box_short=5.8 box_aspect=1.762 skeleton_width=4.20 skeleton_range=2.00-5.60 skeleton_aspect=2.422 circularity=0.539
[CLEAN C116] REJECT Scratch: skeleton_aspect 2.422 < 2.5
[CLEAN C116] REJECT Pit: circularity 0.539 < 0.55
[CLEAN C117] type=Rejected area=15.5 perimeter=15.1 bbox=(903,884,6,5) long=5.0 box_short=4.0 box_aspect=1.250 skeleton_width=2.80 skeleton_range=2.80-4.39 skeleton_aspect=1.786 circularity=0.858
[CLEAN C117] REJECT Scratch: area 15.5 < 20; long_side 5.0 < 10; skeleton_aspect 1.786 < 2.5
[CLEAN C117] REJECT Pit: area 15.5 < 32
[CLEAN C118] type=Rejected area=1.0 perimeter=4.0 bbox=(742,884,2,2) long=1.0 box_short=1.0 box_aspect=1.000 skeleton_width=2.00 skeleton_range=2.00-2.00 skeleton_aspect=0.500 circularity=0.785
[CLEAN C118] REJECT Scratch: area 1.0 < 20; long_side 1.0 < 10; skeleton_aspect 0.500 < 2.5
[CLEAN C118] REJECT Pit: area 1.0 < 32
[CLEAN C119] type=Rejected area=1.0 perimeter=4.0 bbox=(735,884,2,2) long=1.0 box_short=1.0 box_aspect=1.000 skeleton_width=2.00 skeleton_range=2.00-2.00 skeleton_aspect=0.500 circularity=0.785
[CLEAN C119] REJECT Scratch: area 1.0 < 20; long_side 1.0 < 10; skeleton_aspect 0.500 < 2.5
[CLEAN C119] REJECT Pit: area 1.0 < 32
[CLEAN C120] type=Scratch area=38.5 perimeter=43.9 bbox=(30,884,20,4) long=19.0 box_short=3.0 box_aspect=6.333 skeleton_width=4.00 skeleton_range=2.00-4.00 skeleton_aspect=4.750 circularity=0.251
[MEASURE C120] Scratch 不可测: 划痕最大宽度点超出中央有效测量区域
[CLEAN C121] type=Rejected area=3.5 perimeter=7.4 bbox=(1351,883,3,3) long=2.0 box_short=2.0 box_aspect=1.000 skeleton_width=2.00 skeleton_range=2.00-2.80 skeleton_aspect=1.000 circularity=0.800
[CLEAN C121] REJECT Scratch: area 3.5 < 20; long_side 2.0 < 10; skeleton_aspect 1.000 < 2.5
[CLEAN C121] REJECT Pit: area 3.5 < 32
[CLEAN C122] type=Rejected area=1.0 perimeter=4.0 bbox=(1266,882,2,2) long=1.0 box_short=1.0 box_aspect=1.000 skeleton_width=2.00 skeleton_range=2.00-2.00 skeleton_aspect=0.500 circularity=0.785
[CLEAN C122] REJECT Scratch: area 1.0 < 20; long_side 1.0 < 10; skeleton_aspect 0.500 < 2.5
[CLEAN C122] REJECT Pit: area 1.0 < 32
[CLEAN C123] type=Rejected area=2.0 perimeter=6.0 bbox=(1129,882,3,2) long=2.0 box_short=1.0 box_aspect=2.000 skeleton_width=2.00 skeleton_range=2.00-2.00 skeleton_aspect=1.000 circularity=0.698
[CLEAN C123] REJECT Scratch: area 2.0 < 20; long_side 2.0 < 10; skeleton_aspect 1.000 < 2.5
[CLEAN C123] REJECT Pit: area 2.0 < 32
[CLEAN C124] type=Rejected area=2.0 perimeter=6.0 bbox=(965,882,3,2) long=2.0 box_short=1.0 box_aspect=2.000 skeleton_width=2.00 skeleton_range=2.00-2.00 skeleton_aspect=1.000 circularity=0.698
[CLEAN C124] REJECT Scratch: area 2.0 < 20; long_side 2.0 < 10; skeleton_aspect 1.000 < 2.5
[CLEAN C124] REJECT Pit: area 2.0 < 32
[CLEAN C125] type=Rejected area=13.0 perimeter=17.7 bbox=(154,882,5,7) long=6.1 box_short=3.6 box_aspect=1.667 skeleton_width=2.80 skeleton_range=2.00-4.00 skeleton_aspect=2.165 circularity=0.524
[CLEAN C125] REJECT Scratch: area 13.0 < 20; long_side 6.1 < 10; skeleton_aspect 2.165 < 2.5
[CLEAN C125] REJECT Pit: area 13.0 < 32; circularity 0.524 < 0.55
[CLEAN C126] type=Rejected area=1.0 perimeter=4.0 bbox=(178,881,2,2) long=1.0 box_short=1.0 box_aspect=1.000 skeleton_width=2.00 skeleton_range=2.00-2.00 skeleton_aspect=0.500 circularity=0.785
[CLEAN C126] REJECT Scratch: area 1.0 < 20; long_side 1.0 < 10; skeleton_aspect 0.500 < 2.5
[CLEAN C126] REJECT Pit: area 1.0 < 32
[CLEAN C127] type=Rejected area=3.0 perimeter=8.0 bbox=(1328,880,4,2) long=3.0 box_short=1.0 box_aspect=3.000 skeleton_width=2.00 skeleton_range=2.00-2.00 skeleton_aspect=1.500 circularity=0.589
[CLEAN C127] REJECT Scratch: area 3.0 < 20; long_side 3.0 < 10; skeleton_aspect 1.500 < 2.5
[CLEAN C127] REJECT Pit: area 3.0 < 32
[CLEAN C128] type=Rejected area=1.0 perimeter=4.0 bbox=(283,879,2,2) long=1.0 box_short=1.0 box_aspect=1.000 skeleton_width=2.00 skeleton_range=2.00-2.00 skeleton_aspect=0.500 circularity=0.785
[CLEAN C128] REJECT Scratch: area 1.0 < 20; long_side 1.0 < 10; skeleton_aspect 0.500 < 2.5
[CLEAN C128] REJECT Pit: area 1.0 < 32
[CLEAN C129] type=Rejected area=22.5 perimeter=25.1 bbox=(136,879,10,6) long=9.5 box_short=4.3 box_aspect=2.217 skeleton_width=2.80 skeleton_range=2.00-4.00 skeleton_aspect=3.382 circularity=0.450
[CLEAN C129] REJECT Scratch: long_side 9.5 < 10
[CLEAN C129] REJECT Pit: area 22.5 < 32; circularity 0.450 < 0.55
[CLEAN C130] type=Rejected area=23.0 perimeter=20.5 bbox=(1249,878,9,5) long=8.0 box_short=4.0 box_aspect=2.000 skeleton_width=4.00 skeleton_range=2.00-5.60 skeleton_aspect=2.000 circularity=0.689
[CLEAN C130] REJECT Scratch: long_side 8.0 < 10; skeleton_aspect 2.000 < 2.5
[CLEAN C130] REJECT Pit: area 23.0 < 32
[CLEAN C131] type=Scratch area=50.0 perimeter=57.0 bbox=(1220,878,20,9) long=19.5 box_short=7.6 box_aspect=2.551 skeleton_width=2.80 skeleton_range=2.00-5.60 skeleton_aspect=6.947 circularity=0.194
[MEASURE C131] Scratch 不可测: 划痕最大宽度点超出中央有效测量区域
[CLEAN C132] type=Rejected area=4.0 perimeter=8.8 bbox=(1131,877,3,4) long=3.0 box_short=2.0 box_aspect=1.500 skeleton_width=2.00 skeleton_range=2.00-2.80 skeleton_aspect=1.500 circularity=0.645
[CLEAN C132] REJECT Scratch: area 4.0 < 20; long_side 3.0 < 10; skeleton_aspect 1.500 < 2.5
[CLEAN C132] REJECT Pit: area 4.0 < 32
[CLEAN C133] type=Rejected area=6.5 perimeter=12.2 bbox=(1334,876,4,5) long=4.0 box_short=3.0 box_aspect=1.333 skeleton_width=2.00 skeleton_range=2.00-2.80 skeleton_aspect=2.000 circularity=0.545
[CLEAN C133] REJECT Scratch: area 6.5 < 20; long_side 4.0 < 10; skeleton_aspect 2.000 < 2.5
[CLEAN C133] REJECT Pit: area 6.5 < 32; circularity 0.545 < 0.55
[CLEAN C134] type=Rejected area=16.5 perimeter=27.1 bbox=(983,876,7,8) long=7.4 box_short=5.4 box_aspect=1.364 skeleton_width=2.00 skeleton_range=2.00-4.00 skeleton_aspect=3.699 circularity=0.283
[CLEAN C134] REJECT Scratch: area 16.5 < 20; long_side 7.4 < 10
[CLEAN C134] REJECT Pit: area 16.5 < 32; circularity 0.283 < 0.55
[CLEAN C135] type=Rejected area=1.0 perimeter=4.0 bbox=(64,876,2,2) long=1.0 box_short=1.0 box_aspect=1.000 skeleton_width=2.00 skeleton_range=2.00-2.00 skeleton_aspect=0.500 circularity=0.785
[CLEAN C135] REJECT Scratch: area 1.0 < 20; long_side 1.0 < 10; skeleton_aspect 0.500 < 2.5
[CLEAN C135] REJECT Pit: area 1.0 < 32
[CLEAN C136] type=Rejected area=9.0 perimeter=16.8 bbox=(591,875,3,8) long=7.0 box_short=2.0 box_aspect=3.500 skeleton_width=2.00 skeleton_range=2.00-2.80 skeleton_aspect=3.500 circularity=0.399
[CLEAN C136] REJECT Scratch: area 9.0 < 20; long_side 7.0 < 10
[CLEAN C136] REJECT Pit: area 9.0 < 32; circularity 0.399 < 0.55
[CLEAN C137] type=Rejected area=15.5 perimeter=16.2 bbox=(74,875,7,4) long=6.0 box_short=3.0 box_aspect=2.000 skeleton_width=4.00 skeleton_range=2.00-4.00 skeleton_aspect=1.500 circularity=0.738
[CLEAN C137] REJECT Scratch: area 15.5 < 20; long_side 6.0 < 10; skeleton_aspect 1.500 < 2.5
[CLEAN C137] REJECT Pit: area 15.5 < 32
[CLEAN C138] type=Rejected area=1.0 perimeter=4.0 bbox=(290,874,2,2) long=1.0 box_short=1.0 box_aspect=1.000 skeleton_width=2.00 skeleton_range=2.00-2.00 skeleton_aspect=0.500 circularity=0.785
[CLEAN C138] REJECT Scratch: area 1.0 < 20; long_side 1.0 < 10; skeleton_aspect 0.500 < 2.5
[CLEAN C138] REJECT Pit: area 1.0 < 32
[CLEAN C139] type=Rejected area=11.0 perimeter=14.8 bbox=(171,874,6,4) long=5.0 box_short=3.0 box_aspect=1.667 skeleton_width=2.80 skeleton_range=2.00-4.00 skeleton_aspect=1.786 circularity=0.629
[CLEAN C139] REJECT Scratch: area 11.0 < 20; long_side 5.0 < 10; skeleton_aspect 1.786 < 2.5
[CLEAN C139] REJECT Pit: area 11.0 < 32
[CLEAN C140] type=Scratch area=28.5 perimeter=27.1 bbox=(1343,873,11,6) long=10.2 box_short=4.9 box_aspect=2.100 skeleton_width=3.40 skeleton_range=2.00-6.00 skeleton_aspect=2.996 circularity=0.489
[MEASURE C140] Scratch 不可测: 划痕最大宽度点超出中央有效测量区域
[CLEAN C141] type=Rejected area=1.0 perimeter=4.0 bbox=(1108,873,2,2) long=1.0 box_short=1.0 box_aspect=1.000 skeleton_width=2.00 skeleton_range=2.00-2.00 skeleton_aspect=0.500 circularity=0.785
[CLEAN C141] REJECT Scratch: area 1.0 < 20; long_side 1.0 < 10; skeleton_aspect 0.500 < 2.5
[CLEAN C141] REJECT Pit: area 1.0 < 32
[CLEAN C142] type=Scratch area=57.5 perimeter=33.1 bbox=(90,873,12,8) long=11.0 box_short=7.0 box_aspect=1.571 skeleton_width=4.39 skeleton_range=2.00-8.00 skeleton_aspect=2.504 circularity=0.661
[MEASURE C142] Scratch 不可测: 划痕最大宽度点超出中央有效测量区域
[CLEAN C143] type=Rejected area=21.0 perimeter=18.8 bbox=(938,872,5,7) long=6.0 box_short=4.0 box_aspect=1.500 skeleton_width=4.00 skeleton_range=2.00-5.60 skeleton_aspect=1.500 circularity=0.744
[CLEAN C143] REJECT Scratch: long_side 6.0 < 10; skeleton_aspect 1.500 < 2.5
[CLEAN C143] REJECT Pit: area 21.0 < 32
[CLEAN C144] type=Rejected area=2.0 perimeter=6.0 bbox=(4,872,3,2) long=2.0 box_short=1.0 box_aspect=2.000 skeleton_width=2.00 skeleton_range=2.00-2.00 skeleton_aspect=1.000 circularity=0.698
[CLEAN C144] REJECT Scratch: area 2.0 < 20; long_side 2.0 < 10; skeleton_aspect 1.000 < 2.5
[CLEAN C144] REJECT Pit: area 2.0 < 32
[CLEAN C145] type=Scratch area=34.0 perimeter=38.5 bbox=(950,871,7,15) long=14.9 box_short=4.3 box_aspect=3.455 skeleton_width=2.80 skeleton_range=2.00-4.39 skeleton_aspect=5.323 circularity=0.288
[MEASURE C145] Scratch width=0.096497 mm valid=False
[CLEAN C146] type=Rejected area=5.0 perimeter=8.8 bbox=(687,871,3,4) long=3.0 box_short=2.0 box_aspect=1.500 skeleton_width=2.40 skeleton_range=2.00-2.80 skeleton_aspect=1.250 circularity=0.806
[CLEAN C146] REJECT Scratch: area 5.0 < 20; long_side 3.0 < 10; skeleton_aspect 1.250 < 2.5
[CLEAN C146] REJECT Pit: area 5.0 < 32
[CLEAN C147] type=Rejected area=11.0 perimeter=16.8 bbox=(11,871,8,3) long=7.0 box_short=2.0 box_aspect=3.500 skeleton_width=2.00 skeleton_range=2.00-4.00 skeleton_aspect=3.500 circularity=0.488
[CLEAN C147] REJECT Scratch: area 11.0 < 20; long_side 7.0 < 10
[CLEAN C147] REJECT Pit: area 11.0 < 32; circularity 0.488 < 0.55
[CLEAN C148] type=Rejected area=11.0 perimeter=14.8 bbox=(1340,870,7,3) long=6.0 box_short=2.0 box_aspect=3.000 skeleton_width=2.80 skeleton_range=2.00-4.00 skeleton_aspect=2.143 circularity=0.629
[CLEAN C148] REJECT Scratch: area 11.0 < 20; long_side 6.0 < 10; skeleton_aspect 2.143 < 2.5
[CLEAN C148] REJECT Pit: area 11.0 < 32
[CLEAN C149] type=Rejected area=13.5 perimeter=15.1 bbox=(149,870,6,5) long=6.4 box_short=2.8 box_aspect=2.250 skeleton_width=3.40 skeleton_range=2.00-4.39 skeleton_aspect=1.872 circularity=0.747
[CLEAN C149] REJECT Scratch: area 13.5 < 20; long_side 6.4 < 10; skeleton_aspect 1.872 < 2.5
[CLEAN C149] REJECT Pit: area 13.5 < 32
[CLEAN C150] type=Rejected area=7.0 perimeter=12.8 bbox=(37,870,6,3) long=5.0 box_short=2.0 box_aspect=2.500 skeleton_width=2.00 skeleton_range=2.00-2.80 skeleton_aspect=2.500 circularity=0.535
[CLEAN C150] REJECT Scratch: area 7.0 < 20; long_side 5.0 < 10
[CLEAN C150] REJECT Pit: area 7.0 < 32; circularity 0.535 < 0.55
[CLEAN C151] type=Scratch area=26.0 perimeter=32.5 bbox=(1322,869,15,4) long=14.0 box_short=3.0 box_aspect=4.667 skeleton_width=2.80 skeleton_range=2.00-4.00 skeleton_aspect=5.000 circularity=0.310
[MEASURE C151] Scratch 不可测: 划痕最大宽度点超出中央有效测量区域
[CLEAN C152] type=Scratch area=122.0 perimeter=127.1 bbox=(1268,869,52,11) long=51.1 box_short=9.6 box_aspect=5.311 skeleton_width=2.80 skeleton_range=2.00-6.00 skeleton_aspect=18.267 circularity=0.095
[MEASURE C152] Scratch 不可测: 划痕最大宽度点超出中央有效测量区域
[CLEAN C153] type=Rejected area=2.0 perimeter=6.0 bbox=(817,869,2,3) long=2.0 box_short=1.0 box_aspect=2.000 skeleton_width=2.00 skeleton_range=2.00-2.00 skeleton_aspect=1.000 circularity=0.698
[CLEAN C153] REJECT Scratch: area 2.0 < 20; long_side 2.0 < 10; skeleton_aspect 1.000 < 2.5
[CLEAN C153] REJECT Pit: area 2.0 < 32
[CLEAN C154] type=Pit area=110.5 perimeter=42.4 bbox=(697,869,11,16) long=15.0 box_short=10.0 box_aspect=1.500 skeleton_width=7.19 skeleton_range=2.80-9.99 skeleton_aspect=2.085 circularity=0.773
[MEASURE C154] Pit diameter=0.357654 mm valid=True
Pit: area = 110.5 diameter_mm = 0.3576541543006897 circularity = 0.7729517058678664
[CLEAN C155] type=Scratch area=75.0 perimeter=86.5 bbox=(616,869,5,42) long=41.1 box_short=3.2 box_aspect=12.822 skeleton_width=2.80 skeleton_range=2.00-4.00 skeleton_aspect=14.682 circularity=0.126
[MEASURE C155] Scratch width=0.094392 mm valid=False
[CLEAN C156] type=Rejected area=1.0 perimeter=4.0 bbox=(396,869,2,2) long=1.0 box_short=1.0 box_aspect=1.000 skeleton_width=2.00 skeleton_range=2.00-2.00 skeleton_aspect=0.500 circularity=0.785
[CLEAN C156] REJECT Scratch: area 1.0 < 20; long_side 1.0 < 10; skeleton_aspect 0.500 < 2.5
[CLEAN C156] REJECT Pit: area 1.0 < 32
[CLEAN C157] type=Rejected area=2.0 perimeter=6.0 bbox=(1353,868,3,2) long=2.0 box_short=1.0 box_aspect=2.000 skeleton_width=2.00 skeleton_range=2.00-2.00 skeleton_aspect=1.000 circularity=0.698
[CLEAN C157] REJECT Scratch: area 2.0 < 20; long_side 2.0 < 10; skeleton_aspect 1.000 < 2.5
[CLEAN C157] REJECT Pit: area 2.0 < 32
[CLEAN C158] type=Rejected area=1.0 perimeter=4.0 bbox=(1315,868,2,2) long=1.0 box_short=1.0 box_aspect=1.000 skeleton_width=2.00 skeleton_range=2.00-2.00 skeleton_aspect=0.500 circularity=0.785
[CLEAN C158] REJECT Scratch: area 1.0 < 20; long_side 1.0 < 10; skeleton_aspect 0.500 < 2.5
[CLEAN C158] REJECT Pit: area 1.0 < 32
[CLEAN C159] type=Rejected area=3.5 perimeter=7.4 bbox=(207,868,3,3) long=2.0 box_short=2.0 box_aspect=1.000 skeleton_width=2.00 skeleton_range=2.00-2.80 skeleton_aspect=1.000 circularity=0.800
[CLEAN C159] REJECT Scratch: area 3.5 < 20; long_side 2.0 < 10; skeleton_aspect 1.000 < 2.5
[CLEAN C159] REJECT Pit: area 3.5 < 32
[CLEAN C160] type=Scratch area=34.5 perimeter=41.9 bbox=(1234,867,17,6) long=16.0 box_short=5.0 box_aspect=3.200 skeleton_width=2.00 skeleton_range=2.00-4.39 skeleton_aspect=8.000 circularity=0.247
[MEASURE C160] Scratch 不可测: 划痕最大宽度点超出中央有效测量区域
[CLEAN C161] type=Rejected area=24.5 perimeter=21.1 bbox=(739,867,6,8) long=7.9 box_short=4.4 box_aspect=1.786 skeleton_width=4.00 skeleton_range=2.00-5.60 skeleton_aspect=1.976 circularity=0.693
[CLEAN C161] REJECT Scratch: long_side 7.9 < 10; skeleton_aspect 1.976 < 2.5
[CLEAN C161] REJECT Pit: area 24.5 < 32
[CLEAN C162] type=Rejected area=1.0 perimeter=4.0 bbox=(1282,866,2,2) long=1.0 box_short=1.0 box_aspect=1.000 skeleton_width=2.00 skeleton_range=2.00-2.00 skeleton_aspect=0.500 circularity=0.785
[CLEAN C162] REJECT Scratch: area 1.0 < 20; long_side 1.0 < 10; skeleton_aspect 0.500 < 2.5
[CLEAN C162] REJECT Pit: area 1.0 < 32
[CLEAN C163] type=Rejected area=19.0 perimeter=37.3 bbox=(1253,866,17,6) long=16.7 box_short=2.3 box_aspect=7.242 skeleton_width=2.00 skeleton_range=2.00-2.80 skeleton_aspect=8.346 circularity=0.171
[CLEAN C163] REJECT Scratch: area 19.0 < 20
[CLEAN C163] REJECT Pit: area 19.0 < 32; circularity 0.171 < 0.55; aspect_ratio 7.242 > 5.0
[CLEAN C164] type=Rejected area=1.0 perimeter=4.0 bbox=(50,865,2,2) long=1.0 box_short=1.0 box_aspect=1.000 skeleton_width=2.00 skeleton_range=2.00-2.00 skeleton_aspect=0.500 circularity=0.785
[CLEAN C164] REJECT Scratch: area 1.0 < 20; long_side 1.0 < 10; skeleton_aspect 0.500 < 2.5
[CLEAN C164] REJECT Pit: area 1.0 < 32
[CLEAN C165] type=Rejected area=1.0 perimeter=4.0 bbox=(9,865,2,2) long=1.0 box_short=1.0 box_aspect=1.000 skeleton_width=2.00 skeleton_range=2.00-2.00 skeleton_aspect=0.500 circularity=0.785
[CLEAN C165] REJECT Scratch: area 1.0 < 20; long_side 1.0 < 10; skeleton_aspect 0.500 < 2.5
[CLEAN C165] REJECT Pit: area 1.0 < 32
[CLEAN C166] type=Rejected area=3.0 perimeter=8.0 bbox=(1320,864,4,2) long=3.0 box_short=1.0 box_aspect=3.000 skeleton_width=2.00 skeleton_range=2.00-2.00 skeleton_aspect=1.500 circularity=0.589
[CLEAN C166] REJECT Scratch: area 3.0 < 20; long_side 3.0 < 10; skeleton_aspect 1.500 < 2.5
[CLEAN C166] REJECT Pit: area 3.0 < 32
[CLEAN C167] type=Rejected area=6.0 perimeter=10.0 bbox=(1109,864,4,3) long=3.0 box_short=2.0 box_aspect=1.500 skeleton_width=2.00 skeleton_range=2.00-4.00 skeleton_aspect=1.500 circularity=0.754
[CLEAN C167] REJECT Scratch: area 6.0 < 20; long_side 3.0 < 10; skeleton_aspect 1.500 < 2.5
[CLEAN C167] REJECT Pit: area 6.0 < 32
[CLEAN C168] type=Rejected area=2.0 perimeter=6.0 bbox=(1255,863,3,2) long=2.0 box_short=1.0 box_aspect=2.000 skeleton_width=2.00 skeleton_range=2.00-2.00 skeleton_aspect=1.000 circularity=0.698
[CLEAN C168] REJECT Scratch: area 2.0 < 20; long_side 2.0 < 10; skeleton_aspect 1.000 < 2.5
[CLEAN C168] REJECT Pit: area 2.0 < 32
[CLEAN C169] type=Rejected area=2.0 perimeter=6.0 bbox=(946,863,3,2) long=2.0 box_short=1.0 box_aspect=2.000 skeleton_width=2.00 skeleton_range=2.00-2.00 skeleton_aspect=1.000 circularity=0.698
[CLEAN C169] REJECT Scratch: area 2.0 < 20; long_side 2.0 < 10; skeleton_aspect 1.000 < 2.5
[CLEAN C169] REJECT Pit: area 2.0 < 32
[CLEAN C170] type=Rejected area=7.5 perimeter=13.4 bbox=(67,863,6,3) long=5.0 box_short=2.0 box_aspect=2.500 skeleton_width=2.00 skeleton_range=2.00-4.00 skeleton_aspect=2.500 circularity=0.524
[CLEAN C170] REJECT Scratch: area 7.5 < 20; long_side 5.0 < 10
[CLEAN C170] REJECT Pit: area 7.5 < 32; circularity 0.524 < 0.55
[CLEAN C171] type=Rejected area=2.0 perimeter=6.0 bbox=(653,862,3,2) long=2.0 box_short=1.0 box_aspect=2.000 skeleton_width=2.00 skeleton_range=2.00-2.00 skeleton_aspect=1.000 circularity=0.698
[CLEAN C171] REJECT Scratch: area 2.0 < 20; long_side 2.0 < 10; skeleton_aspect 1.000 < 2.5
[CLEAN C171] REJECT Pit: area 2.0 < 32
[CLEAN C172] type=Scratch area=27.5 perimeter=42.2 bbox=(602,862,4,20) long=19.1 box_short=2.6 box_aspect=7.243 skeleton_width=2.00 skeleton_range=2.00-4.00 skeleton_aspect=9.547 circularity=0.194
[MEASURE C172] Scratch width=0.072329 mm valid=False
[CLEAN C173] type=Scratch area=53.5 perimeter=31.6 bbox=(457,862,8,13) long=12.6 box_short=6.4 box_aspect=1.969 skeleton_width=5.00 skeleton_range=2.00-7.19 skeleton_aspect=2.522 circularity=0.675
[MEASURE C173] Scratch width=0.144321 mm valid=False
[CLEAN C174] type=Rejected area=12.5 perimeter=17.4 bbox=(1339,861,8,3) long=7.0 box_short=2.0 box_aspect=3.500 skeleton_width=2.40 skeleton_range=2.00-4.00 skeleton_aspect=2.917 circularity=0.518
[CLEAN C174] REJECT Scratch: area 12.5 < 20; long_side 7.0 < 10
[CLEAN C174] REJECT Pit: area 12.5 < 32; circularity 0.518 < 0.55
[CLEAN C175] type=Rejected area=1.0 perimeter=4.0 bbox=(534,861,2,2) long=1.0 box_short=1.0 box_aspect=1.000 skeleton_width=2.00 skeleton_range=2.00-2.00 skeleton_aspect=0.500 circularity=0.785
[CLEAN C175] REJECT Scratch: area 1.0 < 20; long_side 1.0 < 10; skeleton_aspect 0.500 < 2.5
[CLEAN C175] REJECT Pit: area 1.0 < 32
[CLEAN C176] type=Rejected area=6.0 perimeter=14.0 bbox=(1283,860,7,2) long=6.0 box_short=1.0 box_aspect=6.000 skeleton_width=2.00 skeleton_range=2.00-2.00 skeleton_aspect=3.000 circularity=0.385
[CLEAN C176] REJECT Scratch: area 6.0 < 20; long_side 6.0 < 10
[CLEAN C176] REJECT Pit: area 6.0 < 32; circularity 0.385 < 0.55; aspect_ratio 6.000 > 5.0
[CLEAN C177] type=Rejected area=14.0 perimeter=24.5 bbox=(1261,860,11,4) long=10.0 box_short=3.0 box_aspect=3.333 skeleton_width=2.00 skeleton_range=2.00-2.80 skeleton_aspect=5.000 circularity=0.293
[CLEAN C177] REJECT Scratch: area 14.0 < 20
[CLEAN C177] REJECT Pit: area 14.0 < 32; circularity 0.293 < 0.55
[CLEAN C178] type=Rejected area=25.0 perimeter=20.5 bbox=(1148,860,8,6) long=7.3 box_short=4.6 box_aspect=1.579 skeleton_width=4.20 skeleton_range=2.00-5.60 skeleton_aspect=1.734 circularity=0.749
[CLEAN C178] REJECT Scratch: long_side 7.3 < 10; skeleton_aspect 1.734 < 2.5
[CLEAN C178] REJECT Pit: area 25.0 < 32
[CLEAN C179] type=Rejected area=5.5 perimeter=9.4 bbox=(821,860,3,4) long=3.0 box_short=2.0 box_aspect=1.500 skeleton_width=2.00 skeleton_range=2.00-4.00 skeleton_aspect=1.500 circularity=0.780
[CLEAN C179] REJECT Scratch: area 5.5 < 20; long_side 3.0 < 10; skeleton_aspect 1.500 < 2.5
[CLEAN C179] REJECT Pit: area 5.5 < 32
[CLEAN C180] type=Rejected area=2.0 perimeter=6.0 bbox=(619,860,2,3) long=2.0 box_short=1.0 box_aspect=2.000 skeleton_width=2.00 skeleton_range=2.00-2.00 skeleton_aspect=1.000 circularity=0.698
[CLEAN C180] REJECT Scratch: area 2.0 < 20; long_side 2.0 < 10; skeleton_aspect 1.000 < 2.5
[CLEAN C180] REJECT Pit: area 2.0 < 32
[CLEAN C181] type=Rejected area=1.0 perimeter=4.0 bbox=(236,860,2,2) long=1.0 box_short=1.0 box_aspect=1.000 skeleton_width=2.00 skeleton_range=2.00-2.00 skeleton_aspect=0.500 circularity=0.785
[CLEAN C181] REJECT Scratch: area 1.0 < 20; long_side 1.0 < 10; skeleton_aspect 0.500 < 2.5
[CLEAN C181] REJECT Pit: area 1.0 < 32
[CLEAN C182] type=Rejected area=21.0 perimeter=23.7 bbox=(80,860,9,6) long=8.4 box_short=4.3 box_aspect=1.955 skeleton_width=2.80 skeleton_range=2.00-4.00 skeleton_aspect=3.012 circularity=0.472
[CLEAN C182] REJECT Scratch: long_side 8.4 < 10
[CLEAN C182] REJECT Pit: area 21.0 < 32; circularity 0.472 < 0.55
[CLEAN C183] type=Rejected area=6.0 perimeter=10.8 bbox=(1294,859,5,3) long=4.0 box_short=2.0 box_aspect=2.000 skeleton_width=2.00 skeleton_range=2.00-2.80 skeleton_aspect=2.000 circularity=0.643
[CLEAN C183] REJECT Scratch: area 6.0 < 20; long_side 4.0 < 10; skeleton_aspect 2.000 < 2.5
[CLEAN C183] REJECT Pit: area 6.0 < 32
[CLEAN C184] type=Rejected area=2.0 perimeter=6.0 bbox=(1027,858,3,2) long=2.0 box_short=1.0 box_aspect=2.000 skeleton_width=2.00 skeleton_range=2.00-2.00 skeleton_aspect=1.000 circularity=0.698
[CLEAN C184] REJECT Scratch: area 2.0 < 20; long_side 2.0 < 10; skeleton_aspect 1.000 < 2.5
[CLEAN C184] REJECT Pit: area 2.0 < 32
[CLEAN C185] type=Rejected area=1.0 perimeter=4.0 bbox=(660,857,2,2) long=1.0 box_short=1.0 box_aspect=1.000 skeleton_width=2.00 skeleton_range=2.00-2.00 skeleton_aspect=0.500 circularity=0.785
[CLEAN C185] REJECT Scratch: area 1.0 < 20; long_side 1.0 < 10; skeleton_aspect 0.500 < 2.5
[CLEAN C185] REJECT Pit: area 1.0 < 32
[CLEAN C186] type=Rejected area=5.5 perimeter=9.4 bbox=(606,857,3,4) long=3.0 box_short=2.0 box_aspect=1.500 skeleton_width=2.00 skeleton_range=2.00-4.00 skeleton_aspect=1.500 circularity=0.780
[CLEAN C186] REJECT Scratch: area 5.5 < 20; long_side 3.0 < 10; skeleton_aspect 1.500 < 2.5
[CLEAN C186] REJECT Pit: area 5.5 < 32
[CLEAN C187] type=Rejected area=5.0 perimeter=8.8 bbox=(229,857,3,4) long=3.0 box_short=2.0 box_aspect=1.500 skeleton_width=2.40 skeleton_range=2.00-2.80 skeleton_aspect=1.250 circularity=0.806
[CLEAN C187] REJECT Scratch: area 5.0 < 20; long_side 3.0 < 10; skeleton_aspect 1.250 < 2.5
[CLEAN C187] REJECT Pit: area 5.0 < 32
[CLEAN C188] type=Rejected area=1.0 perimeter=4.0 bbox=(28,857,2,2) long=1.0 box_short=1.0 box_aspect=1.000 skeleton_width=2.00 skeleton_range=2.00-2.00 skeleton_aspect=0.500 circularity=0.785
[CLEAN C188] REJECT Scratch: area 1.0 < 20; long_side 1.0 < 10; skeleton_aspect 0.500 < 2.5
[CLEAN C188] REJECT Pit: area 1.0 < 32
[CLEAN C189] type=Rejected area=3.0 perimeter=8.8 bbox=(748,856,3,4) long=3.6 box_short=1.3 box_aspect=2.667 skeleton_width=2.00 skeleton_range=2.00-2.00 skeleton_aspect=1.789 circularity=0.484
[CLEAN C189] REJECT Scratch: area 3.0 < 20; long_side 3.6 < 10; skeleton_aspect 1.789 < 2.5
[CLEAN C189] REJECT Pit: area 3.0 < 32; circularity 0.484 < 0.55
[CLEAN C190] type=Rejected area=3.0 perimeter=6.8 bbox=(585,856,3,3) long=2.8 box_short=1.4 box_aspect=2.000 skeleton_width=2.00 skeleton_range=2.00-2.80 skeleton_aspect=1.414 circularity=0.809
[CLEAN C190] REJECT Scratch: area 3.0 < 20; long_side 2.8 < 10; skeleton_aspect 1.414 < 2.5
[CLEAN C190] REJECT Pit: area 3.0 < 32
[CLEAN C191] type=Rejected area=3.5 perimeter=7.4 bbox=(223,856,3,3) long=2.0 box_short=2.0 box_aspect=1.000 skeleton_width=2.00 skeleton_range=2.00-2.80 skeleton_aspect=1.000 circularity=0.800
[CLEAN C191] REJECT Scratch: area 3.5 < 20; long_side 2.0 < 10; skeleton_aspect 1.000 < 2.5
[CLEAN C191] REJECT Pit: area 3.5 < 32
[CLEAN C192] type=Scratch area=25.0 perimeter=40.5 bbox=(1302,855,19,3) long=18.0 box_short=2.0 box_aspect=9.000 skeleton_width=2.00 skeleton_range=2.00-4.00 skeleton_aspect=9.000 circularity=0.192
[MEASURE C192] Scratch 不可测: 划痕最大宽度点超出中央有效测量区域
[CLEAN C193] type=Rejected area=5.0 perimeter=13.7 bbox=(191,855,6,4) long=5.8 box_short=1.8 box_aspect=3.250 skeleton_width=2.00 skeleton_range=2.00-2.80 skeleton_aspect=2.907 circularity=0.337
[CLEAN C193] REJECT Scratch: area 5.0 < 20; long_side 5.8 < 10
[CLEAN C193] REJECT Pit: area 5.0 < 32; circularity 0.337 < 0.55
[CLEAN C194] type=Rejected area=0.0 perimeter=2.0 bbox=(1355,854,1,2) long=1.0 box_short=0.0 box_aspect=inf skeleton_width=2.00 skeleton_range=2.00-2.00 skeleton_aspect=0.500 circularity=0.000
[CLEAN C194] REJECT Scratch: area 0.0 < 20; 旋转包围框存在零边长; skeleton_aspect 0.500 < 2.5
[CLEAN C194] REJECT Pit: area 0.0 < 32; 旋转包围框存在零边长
[CLEAN C195] type=Rejected area=1.0 perimeter=4.0 bbox=(649,854,2,2) long=1.0 box_short=1.0 box_aspect=1.000 skeleton_width=2.00 skeleton_range=2.00-2.00 skeleton_aspect=0.500 circularity=0.785
[CLEAN C195] REJECT Scratch: area 1.0 < 20; long_side 1.0 < 10; skeleton_aspect 0.500 < 2.5
[CLEAN C195] REJECT Pit: area 1.0 < 32
[CLEAN C196] type=Scratch area=65.5 perimeter=63.9 bbox=(1323,853,30,6) long=29.2 box_short=4.0 box_aspect=7.213 skeleton_width=4.00 skeleton_range=2.00-4.39 skeleton_aspect=7.288 circularity=0.202
[MEASURE C196] Scratch 不可测: 划痕最大宽度点超出中央有效测量区域
[CLEAN C197] type=Scratch area=61.5 perimeter=55.1 bbox=(515,853,5,26) long=25.1 box_short=3.6 box_aspect=7.000 skeleton_width=4.00 skeleton_range=2.00-4.00 skeleton_aspect=6.286 circularity=0.255
[MEASURE C197] Scratch width=0.073972 mm valid=False
[CLEAN C198] type=Scratch area=30.0 perimeter=36.1 bbox=(983,852,6,15) long=14.0 box_short=5.0 box_aspect=2.800 skeleton_width=2.80 skeleton_range=2.00-4.00 skeleton_aspect=5.000 circularity=0.289
[MEASURE C198] Scratch width=0.080814 mm valid=False
[CLEAN C199] type=Rejected area=8.0 perimeter=22.8 bbox=(1208,851,4,10) long=9.5 box_short=2.4 box_aspect=3.923 skeleton_width=2.00 skeleton_range=2.00-2.00 skeleton_aspect=4.735 circularity=0.193
[CLEAN C199] REJECT Scratch: area 8.0 < 20; long_side 9.5 < 10
[CLEAN C199] REJECT Pit: area 8.0 < 32; circularity 0.193 < 0.55
[CLEAN C200] type=Pit area=33.0 perimeter=25.3 bbox=(202,851,7,10) long=9.4 box_short=5.4 box_aspect=1.750 skeleton_width=2.80 skeleton_range=2.00-6.39 skeleton_aspect=3.354 circularity=0.647
[MEASURE C200] Pit 不可测: 凹点中心超出中央有效测量区域
[CLEAN C201] type=Scratch area=1011.0 perimeter=626.2 bbox=(104,851,200,88) long=212.6 box_short=30.9 box_aspect=6.882 skeleton_width=4.20 skeleton_range=2.00-8.79 skeleton_aspect=50.659 circularity=0.032
[MEASURE C201] Scratch 不可测: 划痕最大宽度点超出中央有效测量区域
[CLEAN C202] type=Scratch area=28.0 perimeter=28.5 bbox=(933,850,8,10) long=11.4 box_short=4.7 box_aspect=2.433 skeleton_width=2.80 skeleton_range=2.00-4.00 skeleton_aspect=4.072 circularity=0.434
[MEASURE C202] Scratch width=0.117023 mm valid=False
[CLEAN C203] type=Rejected area=1.0 perimeter=4.0 bbox=(729,850,2,2) long=1.0 box_short=1.0 box_aspect=1.000 skeleton_width=2.00 skeleton_range=2.00-2.00 skeleton_aspect=0.500 circularity=0.785
[CLEAN C203] REJECT Scratch: area 1.0 < 20; long_side 1.0 < 10; skeleton_aspect 0.500 < 2.5
[CLEAN C203] REJECT Pit: area 1.0 < 32
[CLEAN C204] type=Rejected area=3.5 perimeter=7.4 bbox=(595,850,3,3) long=2.0 box_short=2.0 box_aspect=1.000 skeleton_width=2.00 skeleton_range=2.00-2.80 skeleton_aspect=1.000 circularity=0.800
[CLEAN C204] REJECT Scratch: area 3.5 < 20; long_side 2.0 < 10; skeleton_aspect 1.000 < 2.5
[CLEAN C204] REJECT Pit: area 3.5 < 32
[CLEAN C205] type=Rejected area=4.0 perimeter=8.8 bbox=(772,849,4,3) long=3.0 box_short=2.0 box_aspect=1.500 skeleton_width=2.00 skeleton_range=2.00-2.80 skeleton_aspect=1.500 circularity=0.645
[CLEAN C205] REJECT Scratch: area 4.0 < 20; long_side 3.0 < 10; skeleton_aspect 1.500 < 2.5
[CLEAN C205] REJECT Pit: area 4.0 < 32
[CLEAN C206] type=Rejected area=1.0 perimeter=4.0 bbox=(93,849,2,2) long=1.0 box_short=1.0 box_aspect=1.000 skeleton_width=2.00 skeleton_range=2.00-2.00 skeleton_aspect=0.500 circularity=0.785
[CLEAN C206] REJECT Scratch: area 1.0 < 20; long_side 1.0 < 10; skeleton_aspect 0.500 < 2.5
[CLEAN C206] REJECT Pit: area 1.0 < 32
[CLEAN C207] type=Rejected area=1.0 perimeter=4.0 bbox=(761,848,2,2) long=1.0 box_short=1.0 box_aspect=1.000 skeleton_width=2.00 skeleton_range=2.00-2.00 skeleton_aspect=0.500 circularity=0.785
[CLEAN C207] REJECT Scratch: area 1.0 < 20; long_side 1.0 < 10; skeleton_aspect 0.500 < 2.5
[CLEAN C207] REJECT Pit: area 1.0 < 32
[CLEAN C208] type=Rejected area=9.5 perimeter=20.2 bbox=(671,848,5,8) long=7.2 box_short=3.5 box_aspect=2.095 skeleton_width=2.00 skeleton_range=2.00-4.00 skeleton_aspect=3.617 circularity=0.291
[CLEAN C208] REJECT Scratch: area 9.5 < 20; long_side 7.2 < 10
[CLEAN C208] REJECT Pit: area 9.5 < 32; circularity 0.291 < 0.55
[CLEAN C209] type=Rejected area=11.0 perimeter=24.5 bbox=(1302,847,11,5) long=10.8 box_short=2.5 box_aspect=4.250 skeleton_width=2.00 skeleton_range=2.00-2.80 skeleton_aspect=5.376 circularity=0.231
[CLEAN C209] REJECT Scratch: area 11.0 < 20
[CLEAN C209] REJECT Pit: area 11.0 < 32; circularity 0.231 < 0.55
[CLEAN C210] type=Scratch area=50.5 perimeter=64.4 bbox=(1273,847,27,9) long=26.0 box_short=6.1 box_aspect=4.280 skeleton_width=2.80 skeleton_range=2.00-4.00 skeleton_aspect=9.268 circularity=0.153
[MEASURE C210] Scratch 不可测: 划痕最大宽度点超出中央有效测量区域
[CLEAN C211] type=Rejected area=15.5 perimeter=22.2 bbox=(1131,847,7,7) long=7.8 box_short=4.2 box_aspect=1.857 skeleton_width=2.00 skeleton_range=2.00-4.00 skeleton_aspect=3.900 circularity=0.394
[CLEAN C211] REJECT Scratch: area 15.5 < 20; long_side 7.8 < 10
[CLEAN C211] REJECT Pit: area 15.5 < 32; circularity 0.394 < 0.55
[CLEAN C212] type=Rejected area=2.0 perimeter=6.0 bbox=(1330,846,3,2) long=2.0 box_short=1.0 box_aspect=2.000 skeleton_width=2.00 skeleton_range=2.00-2.00 skeleton_aspect=1.000 circularity=0.698
[CLEAN C212] REJECT Scratch: area 2.0 < 20; long_side 2.0 < 10; skeleton_aspect 1.000 < 2.5
[CLEAN C212] REJECT Pit: area 2.0 < 32
[CLEAN C213] type=Scratch area=99.5 perimeter=75.6 bbox=(995,846,6,35) long=34.0 box_short=5.0 box_aspect=6.800 skeleton_width=4.00 skeleton_range=2.00-6.00 skeleton_aspect=8.500 circularity=0.219
[MEASURE C213] Scratch width=0.156795 mm valid=False
[CLEAN C214] type=Rejected area=7.5 perimeter=12.2 bbox=(852,846,5,4) long=4.4 box_short=2.5 box_aspect=1.750 skeleton_width=2.40 skeleton_range=2.00-2.80 skeleton_aspect=1.845 circularity=0.629
[CLEAN C214] REJECT Scratch: area 7.5 < 20; long_side 4.4 < 10; skeleton_aspect 1.845 < 2.5
[CLEAN C214] REJECT Pit: area 7.5 < 32
[CLEAN C215] type=Rejected area=3.5 perimeter=7.4 bbox=(835,846,3,3) long=2.0 box_short=2.0 box_aspect=1.000 skeleton_width=2.00 skeleton_range=2.00-2.80 skeleton_aspect=1.000 circularity=0.800
[CLEAN C215] REJECT Scratch: area 3.5 < 20; long_side 2.0 < 10; skeleton_aspect 1.000 < 2.5
[CLEAN C215] REJECT Pit: area 3.5 < 32
[CLEAN C216] type=Scratch area=229.0 perimeter=122.8 bbox=(752,846,19,42) long=41.9 box_short=15.6 box_aspect=2.684 skeleton_width=4.39 skeleton_range=2.00-10.00 skeleton_aspect=9.541 circularity=0.191
[MEASURE C216] Scratch width=0.206082 mm valid=False
[CLEAN C217] type=Pit area=47.5 perimeter=27.6 bbox=(549,846,9,10) long=9.4 box_short=6.9 box_aspect=1.375 skeleton_width=5.00 skeleton_range=2.00-7.19 skeleton_aspect=1.888 circularity=0.786
[MEASURE C217] Pit diameter=0.216295 mm valid=False
[CLEAN C218] type=Rejected area=8.5 perimeter=11.4 bbox=(236,846,4,4) long=3.0 box_short=3.0 box_aspect=1.000 skeleton_width=2.80 skeleton_range=2.00-4.00 skeleton_aspect=1.071 circularity=0.820
[CLEAN C218] REJECT Scratch: area 8.5 < 20; long_side 3.0 < 10; skeleton_aspect 1.071 < 2.5
[CLEAN C218] REJECT Pit: area 8.5 < 32
[CLEAN C219] type=Rejected area=6.5 perimeter=16.2 bbox=(1195,845,5,6) long=6.3 box_short=2.7 box_aspect=2.333 skeleton_width=2.00 skeleton_range=2.00-4.00 skeleton_aspect=3.130 circularity=0.310
[CLEAN C219] REJECT Scratch: area 6.5 < 20; long_side 6.3 < 10
[CLEAN C219] REJECT Pit: area 6.5 < 32; circularity 0.310 < 0.55
[CLEAN C220] type=Pit area=41.5 perimeter=27.1 bbox=(473,845,6,11) long=10.0 box_short=5.0 box_aspect=2.000 skeleton_width=5.60 skeleton_range=2.00-6.00 skeleton_aspect=1.786 circularity=0.712
[MEASURE C220] Pit diameter=0.249951 mm valid=False
[CLEAN C221] type=Rejected area=10.5 perimeter=13.4 bbox=(1110,844,5,4) long=4.0 box_short=3.0 box_aspect=1.333 skeleton_width=2.80 skeleton_range=2.00-4.00 skeleton_aspect=1.429 circularity=0.733
[CLEAN C221] REJECT Scratch: area 10.5 < 20; long_side 4.0 < 10; skeleton_aspect 1.429 < 2.5
[CLEAN C221] REJECT Pit: area 10.5 < 32
[CLEAN C222] type=Rejected area=8.0 perimeter=12.8 bbox=(794,844,3,6) long=5.0 box_short=2.0 box_aspect=2.500 skeleton_width=2.00 skeleton_range=2.00-4.00 skeleton_aspect=2.500 circularity=0.611
[CLEAN C222] REJECT Scratch: area 8.0 < 20; long_side 5.0 < 10
[CLEAN C222] REJECT Pit: area 8.0 < 32
[CLEAN C223] type=Rejected area=11.5 perimeter=15.4 bbox=(722,844,3,7) long=6.0 box_short=2.0 box_aspect=3.000 skeleton_width=3.40 skeleton_range=2.00-4.00 skeleton_aspect=1.765 circularity=0.608
[CLEAN C223] REJECT Scratch: area 11.5 < 20; long_side 6.0 < 10; skeleton_aspect 1.765 < 2.5
[CLEAN C223] REJECT Pit: area 11.5 < 32
[CLEAN C224] type=Rejected area=4.0 perimeter=14.8 bbox=(520,844,4,6) long=5.6 box_short=2.2 box_aspect=2.556 skeleton_width=2.00 skeleton_range=2.00-2.00 skeleton_aspect=2.789 circularity=0.229
[CLEAN C224] REJECT Scratch: area 4.0 < 20; long_side 5.6 < 10
[CLEAN C224] REJECT Pit: area 4.0 < 32; circularity 0.229 < 0.55
[CLEAN C225] type=Rejected area=7.5 perimeter=11.4 bbox=(502,844,5,3) long=4.0 box_short=2.0 box_aspect=2.000 skeleton_width=2.40 skeleton_range=2.00-4.00 skeleton_aspect=1.667 circularity=0.723
[CLEAN C225] REJECT Scratch: area 7.5 < 20; long_side 4.0 < 10; skeleton_aspect 1.667 < 2.5
[CLEAN C225] REJECT Pit: area 7.5 < 32
[CLEAN C226] type=Rejected area=3.0 perimeter=6.8 bbox=(228,844,3,3) long=2.8 box_short=1.4 box_aspect=2.000 skeleton_width=2.00 skeleton_range=2.00-2.80 skeleton_aspect=1.414 circularity=0.809
[CLEAN C226] REJECT Scratch: area 3.0 < 20; long_side 2.8 < 10; skeleton_aspect 1.414 < 2.5
[CLEAN C226] REJECT Pit: area 3.0 < 32
[CLEAN C227] type=Rejected area=1.0 perimeter=4.0 bbox=(771,843,2,2) long=1.0 box_short=1.0 box_aspect=1.000 skeleton_width=2.00 skeleton_range=2.00-2.00 skeleton_aspect=0.500 circularity=0.785
[CLEAN C227] REJECT Scratch: area 1.0 < 20; long_side 1.0 < 10; skeleton_aspect 0.500 < 2.5
[CLEAN C227] REJECT Pit: area 1.0 < 32
[CLEAN C228] type=Rejected area=0.0 perimeter=2.0 bbox=(1355,842,1,2) long=1.0 box_short=0.0 box_aspect=inf skeleton_width=2.00 skeleton_range=2.00-2.00 skeleton_aspect=0.500 circularity=0.000
[CLEAN C228] REJECT Scratch: area 0.0 < 20; 旋转包围框存在零边长; skeleton_aspect 0.500 < 2.5
[CLEAN C228] REJECT Pit: area 0.0 < 32; 旋转包围框存在零边长
[CLEAN C229] type=Scratch area=21.0 perimeter=25.7 bbox=(572,842,5,11) long=10.3 box_short=3.5 box_aspect=2.964 skeleton_width=2.80 skeleton_range=2.00-4.00 skeleton_aspect=3.677 circularity=0.401
[MEASURE C229] Scratch width=0.095140 mm valid=False
[CLEAN C230] type=Rejected area=7.0 perimeter=18.8 bbox=(1338,841,9,3) long=8.2 box_short=1.7 box_aspect=4.833 skeleton_width=2.00 skeleton_range=2.00-2.00 skeleton_aspect=4.101 circularity=0.248
[CLEAN C230] REJECT Scratch: area 7.0 < 20; long_side 8.2 < 10
[CLEAN C230] REJECT Pit: area 7.0 < 32; circularity 0.248 < 0.55
[CLEAN C231] type=Rejected area=1.0 perimeter=4.0 bbox=(1030,841,2,2) long=1.0 box_short=1.0 box_aspect=1.000 skeleton_width=2.00 skeleton_range=2.00-2.00 skeleton_aspect=0.500 circularity=0.785
[CLEAN C231] REJECT Scratch: area 1.0 < 20; long_side 1.0 < 10; skeleton_aspect 0.500 < 2.5
[CLEAN C231] REJECT Pit: area 1.0 < 32
[CLEAN C232] type=Rejected area=1.0 perimeter=4.0 bbox=(1034,840,2,2) long=1.0 box_short=1.0 box_aspect=1.000 skeleton_width=2.00 skeleton_range=2.00-2.00 skeleton_aspect=0.500 circularity=0.785
[CLEAN C232] REJECT Scratch: area 1.0 < 20; long_side 1.0 < 10; skeleton_aspect 0.500 < 2.5
[CLEAN C232] REJECT Pit: area 1.0 < 32
[CLEAN C233] type=Rejected area=16.0 perimeter=17.7 bbox=(927,840,7,5) long=6.0 box_short=4.0 box_aspect=1.500 skeleton_width=2.80 skeleton_range=2.00-4.00 skeleton_aspect=2.143 circularity=0.645
[CLEAN C233] REJECT Scratch: area 16.0 < 20; long_side 6.0 < 10; skeleton_aspect 2.143 < 2.5
[CLEAN C233] REJECT Pit: area 16.0 < 32
[CLEAN C234] type=Rejected area=1.0 perimeter=4.0 bbox=(68,840,2,2) long=1.0 box_short=1.0 box_aspect=1.000 skeleton_width=2.00 skeleton_range=2.00-2.00 skeleton_aspect=0.500 circularity=0.785
[CLEAN C234] REJECT Scratch: area 1.0 < 20; long_side 1.0 < 10; skeleton_aspect 0.500 < 2.5
[CLEAN C234] REJECT Pit: area 1.0 < 32
[CLEAN C235] type=Rejected area=1.0 perimeter=4.0 bbox=(1123,839,2,2) long=1.0 box_short=1.0 box_aspect=1.000 skeleton_width=2.00 skeleton_range=2.00-2.00 skeleton_aspect=0.500 circularity=0.785
[CLEAN C235] REJECT Scratch: area 1.0 < 20; long_side 1.0 < 10; skeleton_aspect 0.500 < 2.5
[CLEAN C235] REJECT Pit: area 1.0 < 32
[CLEAN C236] type=Rejected area=2.0 perimeter=6.0 bbox=(755,839,3,2) long=2.0 box_short=1.0 box_aspect=2.000 skeleton_width=2.00 skeleton_range=2.00-2.00 skeleton_aspect=1.000 circularity=0.698
[CLEAN C236] REJECT Scratch: area 2.0 < 20; long_side 2.0 < 10; skeleton_aspect 1.000 < 2.5
[CLEAN C236] REJECT Pit: area 2.0 < 32
[CLEAN C237] type=Scratch area=163.5 perimeter=74.5 bbox=(682,839,11,31) long=30.3 box_short=9.2 box_aspect=3.295 skeleton_width=6.39 skeleton_range=2.00-8.39 skeleton_aspect=4.731 circularity=0.370
[MEASURE C237] Scratch width=0.182539 mm valid=False
[CLEAN C238] type=Scratch area=71.5 perimeter=48.4 bbox=(612,839,10,19) long=16.8 box_short=9.1 box_aspect=1.843 skeleton_width=3.40 skeleton_range=2.00-8.00 skeleton_aspect=4.941 circularity=0.384
[MEASURE C238] Scratch width=0.161070 mm valid=False
[CLEAN C239] type=Scratch area=43.0 perimeter=53.0 bbox=(1305,838,19,10) long=18.9 box_short=6.4 box_aspect=2.967 skeleton_width=2.80 skeleton_range=2.00-4.00 skeleton_aspect=6.735 circularity=0.193
[MEASURE C239] Scratch 不可测: 划痕最大宽度点超出中央有效测量区域
[CLEAN C240] type=Rejected area=1.0 perimeter=4.0 bbox=(936,838,2,2) long=1.0 box_short=1.0 box_aspect=1.000 skeleton_width=2.00 skeleton_range=2.00-2.00 skeleton_aspect=0.500 circularity=0.785
[CLEAN C240] REJECT Scratch: area 1.0 < 20; long_side 1.0 < 10; skeleton_aspect 0.500 < 2.5
[CLEAN C240] REJECT Pit: area 1.0 < 32
[CLEAN C241] type=Pit area=127.0 perimeter=47.8 bbox=(651,838,19,11) long=18.2 box_short=8.9 box_aspect=2.056 skeleton_width=8.39 skeleton_range=2.80-10.00 skeleton_aspect=2.174 circularity=0.699
[MEASURE C241] Pit diameter=0.404066 mm valid=True
Pit: area = 127.0 diameter_mm = 0.40406572818756104 circularity = 0.698515673851804
[CLEAN C242] type=Rejected area=4.0 perimeter=8.0 bbox=(507,838,3,3) long=2.0 box_short=2.0 box_aspect=1.000 skeleton_width=2.00 skeleton_range=2.00-4.00 skeleton_aspect=1.000 circularity=0.785
[CLEAN C242] REJECT Scratch: area 4.0 < 20; long_side 2.0 < 10; skeleton_aspect 1.000 < 2.5
[CLEAN C242] REJECT Pit: area 4.0 < 32
[CLEAN C243] type=Scratch area=78.0 perimeter=85.9 bbox=(87,838,19,23) long=25.0 box_short=9.4 box_aspect=2.647 skeleton_width=2.80 skeleton_range=2.00-4.39 skeleton_aspect=8.915 circularity=0.133
[MEASURE C243] Scratch 不可测: 划痕最大宽度点超出中央有效测量区域
[CLEAN C244] type=Rejected area=16.5 perimeter=23.1 bbox=(54,838,8,7) long=9.2 box_short=3.7 box_aspect=2.458 skeleton_width=2.80 skeleton_range=2.00-4.00 skeleton_aspect=3.291 circularity=0.390
[CLEAN C244] REJECT Scratch: area 16.5 < 20; long_side 9.2 < 10
[CLEAN C244] REJECT Pit: area 16.5 < 32; circularity 0.390 < 0.55
[CLEAN C245] type=Rejected area=4.5 perimeter=9.4 bbox=(1314,837,4,3) long=3.0 box_short=2.0 box_aspect=1.500 skeleton_width=2.00 skeleton_range=2.00-2.80 skeleton_aspect=1.500 circularity=0.638
[CLEAN C245] REJECT Scratch: area 4.5 < 20; long_side 3.0 < 10; skeleton_aspect 1.500 < 2.5
[CLEAN C245] REJECT Pit: area 4.5 < 32
[CLEAN C246] type=Rejected area=2.0 perimeter=6.0 bbox=(798,837,3,2) long=2.0 box_short=1.0 box_aspect=2.000 skeleton_width=2.00 skeleton_range=2.00-2.00 skeleton_aspect=1.000 circularity=0.698
[CLEAN C246] REJECT Scratch: area 2.0 < 20; long_side 2.0 < 10; skeleton_aspect 1.000 < 2.5
[CLEAN C246] REJECT Pit: area 2.0 < 32
[CLEAN C247] type=Rejected area=6.0 perimeter=12.8 bbox=(743,837,3,6) long=5.0 box_short=2.0 box_aspect=2.500 skeleton_width=2.00 skeleton_range=2.00-2.80 skeleton_aspect=2.500 circularity=0.458
[CLEAN C247] REJECT Scratch: area 6.0 < 20; long_side 5.0 < 10
[CLEAN C247] REJECT Pit: area 6.0 < 32; circularity 0.458 < 0.55
[CLEAN C248] type=Rejected area=2.0 perimeter=6.0 bbox=(1161,836,3,2) long=2.0 box_short=1.0 box_aspect=2.000 skeleton_width=2.00 skeleton_range=2.00-2.00 skeleton_aspect=1.000 circularity=0.698
[CLEAN C248] REJECT Scratch: area 2.0 < 20; long_side 2.0 < 10; skeleton_aspect 1.000 < 2.5
[CLEAN C248] REJECT Pit: area 2.0 < 32
[CLEAN C249] type=Rejected area=1.0 perimeter=4.0 bbox=(212,836,2,2) long=1.0 box_short=1.0 box_aspect=1.000 skeleton_width=2.00 skeleton_range=2.00-2.00 skeleton_aspect=0.500 circularity=0.785
[CLEAN C249] REJECT Scratch: area 1.0 < 20; long_side 1.0 < 10; skeleton_aspect 0.500 < 2.5
[CLEAN C249] REJECT Pit: area 1.0 < 32
[CLEAN C250] type=Rejected area=3.5 perimeter=7.4 bbox=(995,835,3,3) long=2.0 box_short=2.0 box_aspect=1.000 skeleton_width=2.00 skeleton_range=2.00-2.80 skeleton_aspect=1.000 circularity=0.800
[CLEAN C250] REJECT Scratch: area 3.5 < 20; long_side 2.0 < 10; skeleton_aspect 1.000 < 2.5
[CLEAN C250] REJECT Pit: area 3.5 < 32
[CLEAN C251] type=Scratch area=114.5 perimeter=62.9 bbox=(947,835,9,24) long=23.0 box_short=8.0 box_aspect=2.875 skeleton_width=4.39 skeleton_range=2.00-8.40 skeleton_aspect=5.235 circularity=0.364
[MEASURE C251] Scratch width=0.223525 mm valid=False
[CLEAN C252] type=Rejected area=12.0 perimeter=19.7 bbox=(601,835,4,9) long=8.5 box_short=2.2 box_aspect=3.857 skeleton_width=2.00 skeleton_range=2.00-2.80 skeleton_aspect=4.269 circularity=0.390
[CLEAN C252] REJECT Scratch: area 12.0 < 20; long_side 8.5 < 10
[CLEAN C252] REJECT Pit: area 12.0 < 32; circularity 0.390 < 0.55
[CLEAN C253] type=Rejected area=17.5 perimeter=21.1 bbox=(197,835,5,9) long=8.9 box_short=3.5 box_aspect=2.545 skeleton_width=2.80 skeleton_range=2.00-4.00 skeleton_aspect=3.162 circularity=0.495
[CLEAN C253] REJECT Scratch: area 17.5 < 20; long_side 8.9 < 10
[CLEAN C253] REJECT Pit: area 17.5 < 32; circularity 0.495 < 0.55
[CLEAN C254] type=Rejected area=7.5 perimeter=11.4 bbox=(817,834,5,3) long=4.0 box_short=2.0 box_aspect=2.000 skeleton_width=2.40 skeleton_range=2.00-4.00 skeleton_aspect=1.667 circularity=0.723
[CLEAN C254] REJECT Scratch: area 7.5 < 20; long_side 4.0 < 10; skeleton_aspect 1.667 < 2.5
[CLEAN C254] REJECT Pit: area 7.5 < 32
[CLEAN C255] type=Scratch area=110.0 perimeter=117.9 bbox=(176,834,16,41) long=40.4 box_short=14.4 box_aspect=2.800 skeleton_width=2.80 skeleton_range=2.00-5.60 skeleton_aspect=14.442 circularity=0.099
[MEASURE C255] Scratch 不可测: 划痕最大宽度点超出中央有效测量区域
[CLEAN C256] type=Rejected area=7.0 perimeter=20.8 bbox=(1321,833,7,6) long=6.0 box_short=5.0 box_aspect=1.200 skeleton_width=2.00 skeleton_range=2.00-2.00 skeleton_aspect=3.000 circularity=0.203
[CLEAN C256] REJECT Scratch: area 7.0 < 20; long_side 6.0 < 10
[CLEAN C256] REJECT Pit: area 7.0 < 32; circularity 0.203 < 0.55
[CLEAN C257] type=Rejected area=5.5 perimeter=9.4 bbox=(1166,833,3,4) long=3.0 box_short=2.0 box_aspect=1.500 skeleton_width=2.00 skeleton_range=2.00-4.00 skeleton_aspect=1.500 circularity=0.780
[CLEAN C257] REJECT Scratch: area 5.5 < 20; long_side 3.0 < 10; skeleton_aspect 1.500 < 2.5
[CLEAN C257] REJECT Pit: area 5.5 < 32
[CLEAN C258] type=Rejected area=5.0 perimeter=12.0 bbox=(596,833,2,6) long=5.0 box_short=1.0 box_aspect=5.000 skeleton_width=2.00 skeleton_range=2.00-2.00 skeleton_aspect=2.500 circularity=0.436
[CLEAN C258] REJECT Scratch: area 5.0 < 20; long_side 5.0 < 10
[CLEAN C258] REJECT Pit: area 5.0 < 32; circularity 0.436 < 0.55
[CLEAN C259] type=Rejected area=5.0 perimeter=12.0 bbox=(563,833,2,6) long=5.0 box_short=1.0 box_aspect=5.000 skeleton_width=2.00 skeleton_range=2.00-2.00 skeleton_aspect=2.500 circularity=0.436
[CLEAN C259] REJECT Scratch: area 5.0 < 20; long_side 5.0 < 10
[CLEAN C259] REJECT Pit: area 5.0 < 32; circularity 0.436 < 0.55
[CLEAN C260] type=Rejected area=1.0 perimeter=4.0 bbox=(193,833,2,2) long=1.0 box_short=1.0 box_aspect=1.000 skeleton_width=2.00 skeleton_range=2.00-2.00 skeleton_aspect=0.500 circularity=0.785
[CLEAN C260] REJECT Scratch: area 1.0 < 20; long_side 1.0 < 10; skeleton_aspect 0.500 < 2.5
[CLEAN C260] REJECT Pit: area 1.0 < 32
[CLEAN C261] type=Rejected area=3.5 perimeter=7.4 bbox=(705,832,3,3) long=2.0 box_short=2.0 box_aspect=1.000 skeleton_width=2.00 skeleton_range=2.00-2.80 skeleton_aspect=1.000 circularity=0.800
[CLEAN C261] REJECT Scratch: area 3.5 < 20; long_side 2.0 < 10; skeleton_aspect 1.000 < 2.5
[CLEAN C261] REJECT Pit: area 3.5 < 32
[CLEAN C262] type=Rejected area=3.0 perimeter=6.8 bbox=(553,832,3,3) long=2.8 box_short=1.4 box_aspect=2.000 skeleton_width=2.00 skeleton_range=2.00-2.80 skeleton_aspect=1.414 circularity=0.809
[CLEAN C262] REJECT Scratch: area 3.0 < 20; long_side 2.8 < 10; skeleton_aspect 1.414 < 2.5
[CLEAN C262] REJECT Pit: area 3.0 < 32
[CLEAN C263] type=Rejected area=1.0 perimeter=4.0 bbox=(1101,831,2,2) long=1.0 box_short=1.0 box_aspect=1.000 skeleton_width=2.00 skeleton_range=2.00-2.00 skeleton_aspect=0.500 circularity=0.785
[CLEAN C263] REJECT Scratch: area 1.0 < 20; long_side 1.0 < 10; skeleton_aspect 0.500 < 2.5
[CLEAN C263] REJECT Pit: area 1.0 < 32
[CLEAN C264] type=Rejected area=18.5 perimeter=24.2 bbox=(719,831,6,9) long=8.9 box_short=4.4 box_aspect=2.000 skeleton_width=2.40 skeleton_range=2.00-4.00 skeleton_aspect=3.689 circularity=0.396
[CLEAN C264] REJECT Scratch: area 18.5 < 20; long_side 8.9 < 10
[CLEAN C264] REJECT Pit: area 18.5 < 32; circularity 0.396 < 0.55
[CLEAN C265] type=Rejected area=3.0 perimeter=8.0 bbox=(617,831,2,4) long=3.0 box_short=1.0 box_aspect=3.000 skeleton_width=2.00 skeleton_range=2.00-2.00 skeleton_aspect=1.500 circularity=0.589
[CLEAN C265] REJECT Scratch: area 3.0 < 20; long_side 3.0 < 10; skeleton_aspect 1.500 < 2.5
[CLEAN C265] REJECT Pit: area 3.0 < 32
[CLEAN C266] type=Rejected area=3.0 perimeter=6.8 bbox=(403,831,3,3) long=2.8 box_short=1.4 box_aspect=2.000 skeleton_width=2.00 skeleton_range=2.00-2.80 skeleton_aspect=1.414 circularity=0.809
[CLEAN C266] REJECT Scratch: area 3.0 < 20; long_side 2.8 < 10; skeleton_aspect 1.414 < 2.5
[CLEAN C266] REJECT Pit: area 3.0 < 32
[CLEAN C267] type=Rejected area=4.5 perimeter=9.4 bbox=(994,829,4,3) long=3.0 box_short=2.0 box_aspect=1.500 skeleton_width=2.00 skeleton_range=2.00-2.80 skeleton_aspect=1.500 circularity=0.638
[CLEAN C267] REJECT Scratch: area 4.5 < 20; long_side 3.0 < 10; skeleton_aspect 1.500 < 2.5
[CLEAN C267] REJECT Pit: area 4.5 < 32
[CLEAN C268] type=Rejected area=1.0 perimeter=4.0 bbox=(652,829,2,2) long=1.0 box_short=1.0 box_aspect=1.000 skeleton_width=2.00 skeleton_range=2.00-2.00 skeleton_aspect=0.500 circularity=0.785
[CLEAN C268] REJECT Scratch: area 1.0 < 20; long_side 1.0 < 10; skeleton_aspect 0.500 < 2.5
[CLEAN C268] REJECT Pit: area 1.0 < 32
[CLEAN C269] type=Rejected area=1.0 perimeter=4.0 bbox=(208,829,2,2) long=1.0 box_short=1.0 box_aspect=1.000 skeleton_width=2.00 skeleton_range=2.00-2.00 skeleton_aspect=0.500 circularity=0.785
[CLEAN C269] REJECT Scratch: area 1.0 < 20; long_side 1.0 < 10; skeleton_aspect 0.500 < 2.5
[CLEAN C269] REJECT Pit: area 1.0 < 32
[CLEAN C270] type=Rejected area=6.5 perimeter=12.2 bbox=(1005,828,4,5) long=4.5 box_short=2.7 box_aspect=1.667 skeleton_width=2.00 skeleton_range=2.00-2.80 skeleton_aspect=2.236 circularity=0.545
[CLEAN C270] REJECT Scratch: area 6.5 < 20; long_side 4.5 < 10; skeleton_aspect 2.236 < 2.5
[CLEAN C270] REJECT Pit: area 6.5 < 32; circularity 0.545 < 0.55
[CLEAN C271] type=Pit area=42.5 perimeter=28.7 bbox=(674,828,10,9) long=9.7 box_short=7.3 box_aspect=1.333 skeleton_width=4.39 skeleton_range=2.00-6.39 skeleton_aspect=2.208 circularity=0.647
[MEASURE C271] Pit diameter=0.224258 mm valid=False
[CLEAN C272] type=Rejected area=16.0 perimeter=26.8 bbox=(1326,827,13,3) long=12.0 box_short=2.0 box_aspect=6.000 skeleton_width=2.00 skeleton_range=2.00-4.00 skeleton_aspect=6.000 circularity=0.279
[CLEAN C272] REJECT Scratch: area 16.0 < 20
[CLEAN C272] REJECT Pit: area 16.0 < 32; circularity 0.279 < 0.55; aspect_ratio 6.000 > 5.0
[CLEAN C273] type=Rejected area=10.0 perimeter=16.8 bbox=(1314,827,8,3) long=7.0 box_short=2.0 box_aspect=3.500 skeleton_width=2.00 skeleton_range=2.00-4.00 skeleton_aspect=3.500 circularity=0.444
[CLEAN C273] REJECT Scratch: area 10.0 < 20; long_side 7.0 < 10
[CLEAN C273] REJECT Pit: area 10.0 < 32; circularity 0.444 < 0.55
[CLEAN C274] type=Scratch area=125.5 perimeter=90.9 bbox=(513,827,21,29) long=32.4 box_short=16.1 box_aspect=2.010 skeleton_width=4.00 skeleton_range=2.00-7.19 skeleton_aspect=8.092 circularity=0.191
[MEASURE C274] Scratch width=0.176991 mm valid=False
[CLEAN C275] type=Rejected area=2.0 perimeter=6.0 bbox=(686,826,3,2) long=2.0 box_short=1.0 box_aspect=2.000 skeleton_width=2.00 skeleton_range=2.00-2.00 skeleton_aspect=1.000 circularity=0.698
[CLEAN C275] REJECT Scratch: area 2.0 < 20; long_side 2.0 < 10; skeleton_aspect 1.000 < 2.5
[CLEAN C275] REJECT Pit: area 2.0 < 32
[CLEAN C276] type=Rejected area=1.0 perimeter=4.0 bbox=(595,826,2,2) long=1.0 box_short=1.0 box_aspect=1.000 skeleton_width=2.00 skeleton_range=2.00-2.00 skeleton_aspect=0.500 circularity=0.785
[CLEAN C276] REJECT Scratch: area 1.0 < 20; long_side 1.0 < 10; skeleton_aspect 0.500 < 2.5
[CLEAN C276] REJECT Pit: area 1.0 < 32
[CLEAN C277] type=Rejected area=31.0 perimeter=34.5 bbox=(533,826,9,10) long=9.0 box_short=8.0 box_aspect=1.125 skeleton_width=2.00 skeleton_range=2.00-6.00 skeleton_aspect=4.500 circularity=0.328
[CLEAN C277] REJECT Scratch: long_side 9.0 < 10
[CLEAN C277] REJECT Pit: area 31.0 < 32; circularity 0.328 < 0.55
[CLEAN C278] type=Rejected area=23.5 perimeter=22.2 bbox=(779,825,8,6) long=7.0 box_short=5.0 box_aspect=1.400 skeleton_width=4.00 skeleton_range=2.00-4.39 skeleton_aspect=1.750 circularity=0.597
[CLEAN C278] REJECT Scratch: long_side 7.0 < 10; skeleton_aspect 1.750 < 2.5
[CLEAN C278] REJECT Pit: area 23.5 < 32
[CLEAN C279] type=Rejected area=2.0 perimeter=6.0 bbox=(647,825,2,3) long=2.0 box_short=1.0 box_aspect=2.000 skeleton_width=2.00 skeleton_range=2.00-2.00 skeleton_aspect=1.000 circularity=0.698
[CLEAN C279] REJECT Scratch: area 2.0 < 20; long_side 2.0 < 10; skeleton_aspect 1.000 < 2.5
[CLEAN C279] REJECT Pit: area 2.0 < 32
[CLEAN C280] type=Rejected area=8.5 perimeter=12.2 bbox=(200,825,4,5) long=4.0 box_short=3.0 box_aspect=1.333 skeleton_width=2.80 skeleton_range=2.00-4.00 skeleton_aspect=1.429 circularity=0.713
[CLEAN C280] REJECT Scratch: area 8.5 < 20; long_side 4.0 < 10; skeleton_aspect 1.429 < 2.5
[CLEAN C280] REJECT Pit: area 8.5 < 32
[CLEAN C281] type=Rejected area=0.0 perimeter=2.0 bbox=(1355,824,1,2) long=1.0 box_short=0.0 box_aspect=inf skeleton_width=2.00 skeleton_range=2.00-2.00 skeleton_aspect=0.500 circularity=0.000
[CLEAN C281] REJECT Scratch: area 0.0 < 20; 旋转包围框存在零边长; skeleton_aspect 0.500 < 2.5
[CLEAN C281] REJECT Pit: area 0.0 < 32; 旋转包围框存在零边长
[CLEAN C282] type=Rejected area=22.0 perimeter=19.7 bbox=(664,824,6,7) long=6.0 box_short=5.0 box_aspect=1.200 skeleton_width=4.00 skeleton_range=2.00-5.60 skeleton_aspect=1.500 circularity=0.715
[CLEAN C282] REJECT Scratch: long_side 6.0 < 10; skeleton_aspect 1.500 < 2.5
[CLEAN C282] REJECT Pit: area 22.0 < 32
[CLEAN C283] type=Rejected area=8.0 perimeter=14.8 bbox=(628,824,3,7) long=6.0 box_short=2.0 box_aspect=3.000 skeleton_width=2.00 skeleton_range=2.00-2.80 skeleton_aspect=3.000 circularity=0.457
[CLEAN C283] REJECT Scratch: area 8.0 < 20; long_side 6.0 < 10
[CLEAN C283] REJECT Pit: area 8.0 < 32; circularity 0.457 < 0.55
[CLEAN C284] type=Scratch area=135.5 perimeter=56.4 bbox=(78,824,17,14) long=16.2 box_short=12.8 box_aspect=1.272 skeleton_width=6.20 skeleton_range=2.00-10.39 skeleton_aspect=2.622 circularity=0.536
[MEASURE C284] Scratch 不可测: 划痕最大宽度点超出中央有效测量区域
[CLEAN C285] type=Rejected area=1.0 perimeter=4.0 bbox=(57,824,2,2) long=1.0 box_short=1.0 box_aspect=1.000 skeleton_width=2.00 skeleton_range=2.00-2.00 skeleton_aspect=0.500 circularity=0.785
[CLEAN C285] REJECT Scratch: area 1.0 < 20; long_side 1.0 < 10; skeleton_aspect 0.500 < 2.5
[CLEAN C285] REJECT Pit: area 1.0 < 32
[CLEAN C286] type=Pit area=50.5 perimeter=30.7 bbox=(769,823,7,13) long=12.0 box_short=6.0 box_aspect=2.000 skeleton_width=5.60 skeleton_range=2.00-6.00 skeleton_aspect=2.143 circularity=0.672
[MEASURE C286] Pit diameter=0.280320 mm valid=True
Pit: area = 50.5 diameter_mm = 0.28031960129737854 circularity = 0.6721014923353582
[CLEAN C287] type=Rejected area=1.0 perimeter=4.0 bbox=(927,822,2,2) long=1.0 box_short=1.0 box_aspect=1.000 skeleton_width=2.00 skeleton_range=2.00-2.00 skeleton_aspect=0.500 circularity=0.785
[CLEAN C287] REJECT Scratch: area 1.0 < 20; long_side 1.0 < 10; skeleton_aspect 0.500 < 2.5
[CLEAN C287] REJECT Pit: area 1.0 < 32
[CLEAN C288] type=Rejected area=10.5 perimeter=15.4 bbox=(738,822,3,7) long=6.0 box_short=2.0 box_aspect=3.000 skeleton_width=2.00 skeleton_range=2.00-4.00 skeleton_aspect=3.000 circularity=0.555
[CLEAN C288] REJECT Scratch: area 10.5 < 20; long_side 6.0 < 10
[CLEAN C288] REJECT Pit: area 10.5 < 32
[CLEAN C289] type=Rejected area=4.0 perimeter=8.8 bbox=(708,822,3,4) long=3.0 box_short=2.0 box_aspect=1.500 skeleton_width=2.00 skeleton_range=2.00-2.80 skeleton_aspect=1.500 circularity=0.645
[CLEAN C289] REJECT Scratch: area 4.0 < 20; long_side 3.0 < 10; skeleton_aspect 1.500 < 2.5
[CLEAN C289] REJECT Pit: area 4.0 < 32
[CLEAN C290] type=Rejected area=3.0 perimeter=6.8 bbox=(263,822,3,3) long=2.8 box_short=1.4 box_aspect=2.000 skeleton_width=2.00 skeleton_range=2.00-2.80 skeleton_aspect=1.414 circularity=0.809
[CLEAN C290] REJECT Scratch: area 3.0 < 20; long_side 2.8 < 10; skeleton_aspect 1.414 < 2.5
[CLEAN C290] REJECT Pit: area 3.0 < 32
[CLEAN C291] type=Rejected area=20.5 perimeter=21.1 bbox=(932,821,6,8) long=7.0 box_short=5.0 box_aspect=1.400 skeleton_width=2.80 skeleton_range=2.00-4.39 skeleton_aspect=2.500 circularity=0.580
[CLEAN C291] REJECT Scratch: long_side 7.0 < 10
[CLEAN C291] REJECT Pit: area 20.5 < 32
[CLEAN C292] type=Rejected area=13.5 perimeter=15.1 bbox=(671,821,6,5) long=5.0 box_short=4.0 box_aspect=1.250 skeleton_width=2.80 skeleton_range=2.00-4.39 skeleton_aspect=1.786 circularity=0.747
[CLEAN C292] REJECT Scratch: area 13.5 < 20; long_side 5.0 < 10; skeleton_aspect 1.786 < 2.5
[CLEAN C292] REJECT Pit: area 13.5 < 32
[CLEAN C293] type=Rejected area=3.0 perimeter=8.0 bbox=(1249,820,2,4) long=3.0 box_short=1.0 box_aspect=3.000 skeleton_width=2.00 skeleton_range=2.00-2.00 skeleton_aspect=1.500 circularity=0.589
[CLEAN C293] REJECT Scratch: area 3.0 < 20; long_side 3.0 < 10; skeleton_aspect 1.500 < 2.5
[CLEAN C293] REJECT Pit: area 3.0 < 32
[CLEAN C294] type=Scratch area=97.0 perimeter=73.8 bbox=(980,820,9,29) long=27.9 box_short=7.9 box_aspect=3.519 skeleton_width=2.80 skeleton_range=2.00-8.00 skeleton_aspect=9.962 circularity=0.224
[MEASURE C294] Scratch width=0.154437 mm valid=False
[CLEAN C295] type=Scratch area=54.0 perimeter=40.1 bbox=(831,820,15,7) long=14.0 box_short=6.0 box_aspect=2.333 skeleton_width=4.00 skeleton_range=2.00-5.60 skeleton_aspect=3.500 circularity=0.421
[MEASURE C295] Scratch width=0.116175 mm valid=False
[CLEAN C296] type=Rejected area=1.0 perimeter=4.0 bbox=(520,820,2,2) long=1.0 box_short=1.0 box_aspect=1.000 skeleton_width=2.00 skeleton_range=2.00-2.00 skeleton_aspect=0.500 circularity=0.785
[CLEAN C296] REJECT Scratch: area 1.0 < 20; long_side 1.0 < 10; skeleton_aspect 0.500 < 2.5
[CLEAN C296] REJECT Pit: area 1.0 < 32
[CLEAN C297] type=Rejected area=18.5 perimeter=16.2 bbox=(463,820,5,6) long=5.0 box_short=4.0 box_aspect=1.250 skeleton_width=2.80 skeleton_range=2.00-5.60 skeleton_aspect=1.786 circularity=0.881
[CLEAN C297] REJECT Scratch: area 18.5 < 20; long_side 5.0 < 10; skeleton_aspect 1.786 < 2.5
[CLEAN C297] REJECT Pit: area 18.5 < 32
[CLEAN C298] type=Rejected area=22.0 perimeter=19.3 bbox=(451,820,6,8) long=7.1 box_short=4.2 box_aspect=1.667 skeleton_width=3.60 skeleton_range=2.00-4.39 skeleton_aspect=1.966 circularity=0.741
[CLEAN C298] REJECT Scratch: long_side 7.1 < 10; skeleton_aspect 1.966 < 2.5
[CLEAN C298] REJECT Pit: area 22.0 < 32
[CLEAN C299] type=Rejected area=3.5 perimeter=7.4 bbox=(997,819,3,3) long=2.0 box_short=2.0 box_aspect=1.000 skeleton_width=2.00 skeleton_range=2.00-2.80 skeleton_aspect=1.000 circularity=0.800
[CLEAN C299] REJECT Scratch: area 3.5 < 20; long_side 2.0 < 10; skeleton_aspect 1.000 < 2.5
[CLEAN C299] REJECT Pit: area 3.5 < 32
[CLEAN C300] type=Scratch area=50.5 perimeter=31.6 bbox=(951,819,11,10) long=12.0 box_short=6.8 box_aspect=1.765 skeleton_width=4.39 skeleton_range=2.00-7.19 skeleton_aspect=2.731 circularity=0.637
[MEASURE C300] Scratch width=0.176991 mm valid=False
[CLEAN C301] type=Rejected area=1.0 perimeter=4.0 bbox=(815,819,2,2) long=1.0 box_short=1.0 box_aspect=1.000 skeleton_width=2.00 skeleton_range=2.00-2.00 skeleton_aspect=0.500 circularity=0.785
[CLEAN C301] REJECT Scratch: area 1.0 < 20; long_side 1.0 < 10; skeleton_aspect 0.500 < 2.5
[CLEAN C301] REJECT Pit: area 1.0 < 32
[CLEAN C302] type=Rejected area=3.5 perimeter=7.4 bbox=(722,819,3,3) long=2.0 box_short=2.0 box_aspect=1.000 skeleton_width=2.00 skeleton_range=2.00-2.80 skeleton_aspect=1.000 circularity=0.800
[CLEAN C302] REJECT Scratch: area 3.5 < 20; long_side 2.0 < 10; skeleton_aspect 1.000 < 2.5
[CLEAN C302] REJECT Pit: area 3.5 < 32
[CLEAN C303] type=Scratch area=31.5 perimeter=32.4 bbox=(185,819,8,12) long=11.6 box_short=5.8 box_aspect=2.000 skeleton_width=2.80 skeleton_range=2.00-4.39 skeleton_aspect=4.160 circularity=0.377
[MEASURE C303] Scratch 不可测: 划痕最大宽度点超出中央有效测量区域
[CLEAN C304] type=Rejected area=8.5 perimeter=13.4 bbox=(680,818,3,6) long=5.0 box_short=2.0 box_aspect=2.500 skeleton_width=2.00 skeleton_range=2.00-4.00 skeleton_aspect=2.500 circularity=0.594
[CLEAN C304] REJECT Scratch: area 8.5 < 20; long_side 5.0 < 10
[CLEAN C304] REJECT Pit: area 8.5 < 32
[CLEAN C305] type=Scratch area=192.0 perimeter=69.5 bbox=(569,818,20,17) long=19.0 box_short=16.0 box_aspect=1.188 skeleton_width=7.19 skeleton_range=2.00-10.39 skeleton_aspect=2.641 circularity=0.500
[MEASURE C305] Scratch width=0.288138 mm valid=True
Scratch: area = 192.0 width_px = 7.19379997253418 width_mm = 0.28813771654470954 ratio = 2.6411632339711577
[CLEAN C306] type=Rejected area=1.0 perimeter=4.0 bbox=(4,818,2,2) long=1.0 box_short=1.0 box_aspect=1.000 skeleton_width=2.00 skeleton_range=2.00-2.00 skeleton_aspect=0.500 circularity=0.785
[CLEAN C306] REJECT Scratch: area 1.0 < 20; long_side 1.0 < 10; skeleton_aspect 0.500 < 2.5
[CLEAN C306] REJECT Pit: area 1.0 < 32
[CLEAN C307] type=Pit area=38.0 perimeter=25.3 bbox=(818,817,8,9) long=8.7 box_short=6.3 box_aspect=1.385 skeleton_width=4.39 skeleton_range=2.00-6.39 skeleton_aspect=1.987 circularity=0.745
[MEASURE C307] Pit diameter=0.208479 mm valid=False
[CLEAN C308] type=Rejected area=1.0 perimeter=4.0 bbox=(740,817,2,2) long=1.0 box_short=1.0 box_aspect=1.000 skeleton_width=2.00 skeleton_range=2.00-2.00 skeleton_aspect=0.500 circularity=0.785
[CLEAN C308] REJECT Scratch: area 1.0 < 20; long_side 1.0 < 10; skeleton_aspect 0.500 < 2.5
[CLEAN C308] REJECT Pit: area 1.0 < 32
[CLEAN C309] type=Rejected area=9.5 perimeter=19.4 bbox=(527,817,3,9) long=8.0 box_short=2.0 box_aspect=4.000 skeleton_width=2.00 skeleton_range=2.00-2.80 skeleton_aspect=4.000 circularity=0.317
[CLEAN C309] REJECT Scratch: area 9.5 < 20; long_side 8.0 < 10
[CLEAN C309] REJECT Pit: area 9.5 < 32; circularity 0.317 < 0.55
[CLEAN C310] type=Rejected area=30.0 perimeter=34.1 bbox=(875,816,10,8) long=9.0 box_short=7.0 box_aspect=1.286 skeleton_width=2.80 skeleton_range=2.00-4.39 skeleton_aspect=3.214 circularity=0.323
[CLEAN C310] REJECT Scratch: long_side 9.0 < 10
[CLEAN C310] REJECT Pit: area 30.0 < 32; circularity 0.323 < 0.55
[CLEAN C311] type=Rejected area=6.5 perimeter=12.2 bbox=(135,816,4,5) long=4.9 box_short=2.2 box_aspect=2.200 skeleton_width=2.00 skeleton_range=2.00-2.80 skeleton_aspect=2.460 circularity=0.545
[CLEAN C311] REJECT Scratch: area 6.5 < 20; long_side 4.9 < 10; skeleton_aspect 2.460 < 2.5
[CLEAN C311] REJECT Pit: area 6.5 < 32; circularity 0.545 < 0.55
[CLEAN C312] type=Scratch area=260.5 perimeter=104.5 bbox=(18,816,30,17) long=29.0 box_short=16.0 box_aspect=1.812 skeleton_width=6.39 skeleton_range=2.00-10.79 skeleton_aspect=4.536 circularity=0.300
[MEASURE C312] Scratch 不可测: 划痕最大宽度点超出中央有效测量区域
[CLEAN C313] type=Rejected area=2.0 perimeter=6.0 bbox=(1274,815,3,2) long=2.0 box_short=1.0 box_aspect=2.000 skeleton_width=2.00 skeleton_range=2.00-2.00 skeleton_aspect=1.000 circularity=0.698
[CLEAN C313] REJECT Scratch: area 2.0 < 20; long_side 2.0 < 10; skeleton_aspect 1.000 < 2.5
[CLEAN C313] REJECT Pit: area 2.0 < 32
[CLEAN C314] type=Scratch area=71.0 perimeter=37.3 bbox=(853,815,10,13) long=12.0 box_short=8.8 box_aspect=1.371 skeleton_width=4.20 skeleton_range=2.00-8.40 skeleton_aspect=2.864 circularity=0.641
[MEASURE C314] Scratch width=0.176719 mm valid=False
[CLEAN C315] type=Scratch area=56.0 perimeter=36.1 bbox=(498,815,12,11) long=13.6 box_short=7.5 box_aspect=1.813 skeleton_width=4.20 skeleton_range=2.00-6.39 skeleton_aspect=3.237 circularity=0.539
[MEASURE C315] Scratch width=0.141269 mm valid=False
[CLEAN C316] type=Rejected area=1.0 perimeter=4.0 bbox=(417,815,2,2) long=1.0 box_short=1.0 box_aspect=1.000 skeleton_width=2.00 skeleton_range=2.00-2.00 skeleton_aspect=0.500 circularity=0.785
[CLEAN C316] REJECT Scratch: area 1.0 < 20; long_side 1.0 < 10; skeleton_aspect 0.500 < 2.5
[CLEAN C316] REJECT Pit: area 1.0 < 32
[CLEAN C317] type=Rejected area=1.0 perimeter=4.0 bbox=(69,814,2,2) long=1.0 box_short=1.0 box_aspect=1.000 skeleton_width=2.00 skeleton_range=2.00-2.00 skeleton_aspect=0.500 circularity=0.785
[CLEAN C317] REJECT Scratch: area 1.0 < 20; long_side 1.0 < 10; skeleton_aspect 0.500 < 2.5
[CLEAN C317] REJECT Pit: area 1.0 < 32
[CLEAN C318] type=Rejected area=11.5 perimeter=14.2 bbox=(204,813,4,6) long=5.0 box_short=3.0 box_aspect=1.667 skeleton_width=2.80 skeleton_range=2.00-4.00 skeleton_aspect=1.786 circularity=0.712
[CLEAN C318] REJECT Scratch: area 11.5 < 20; long_side 5.0 < 10; skeleton_aspect 1.786 < 2.5
[CLEAN C318] REJECT Pit: area 11.5 < 32
[CLEAN C319] type=Rejected area=2.0 perimeter=6.0 bbox=(748,812,2,3) long=2.0 box_short=1.0 box_aspect=2.000 skeleton_width=2.00 skeleton_range=2.00-2.00 skeleton_aspect=1.000 circularity=0.698
[CLEAN C319] REJECT Scratch: area 2.0 < 20; long_side 2.0 < 10; skeleton_aspect 1.000 < 2.5
[CLEAN C319] REJECT Pit: area 2.0 < 32
[CLEAN C320] type=Rejected area=16.0 perimeter=27.7 bbox=(51,812,6,11) long=10.6 box_short=4.1 box_aspect=2.586 skeleton_width=2.00 skeleton_range=2.00-4.00 skeleton_aspect=5.303 circularity=0.263
[CLEAN C320] REJECT Scratch: area 16.0 < 20
[CLEAN C320] REJECT Pit: area 16.0 < 32; circularity 0.263 < 0.55
[CLEAN C321] type=Rejected area=2.0 perimeter=6.0 bbox=(1287,811,3,2) long=2.0 box_short=1.0 box_aspect=2.000 skeleton_width=2.00 skeleton_range=2.00-2.00 skeleton_aspect=1.000 circularity=0.698
[CLEAN C321] REJECT Scratch: area 2.0 < 20; long_side 2.0 < 10; skeleton_aspect 1.000 < 2.5
[CLEAN C321] REJECT Pit: area 2.0 < 32
[CLEAN C322] type=Scratch area=76.0 perimeter=89.6 bbox=(1229,811,20,35) long=38.9 box_short=6.3 box_aspect=6.214 skeleton_width=2.80 skeleton_range=2.00-5.60 skeleton_aspect=13.896 circularity=0.119
[MEASURE C322] Scratch 不可测: 划痕最大宽度点超出中央有效测量区域
[CLEAN C323] type=Rejected area=1.0 perimeter=4.0 bbox=(1165,811,2,2) long=1.0 box_short=1.0 box_aspect=1.000 skeleton_width=2.00 skeleton_range=2.00-2.00 skeleton_aspect=0.500 circularity=0.785
[CLEAN C323] REJECT Scratch: area 1.0 < 20; long_side 1.0 < 10; skeleton_aspect 0.500 < 2.5
[CLEAN C323] REJECT Pit: area 1.0 < 32
[CLEAN C324] type=Rejected area=1.0 perimeter=4.0 bbox=(994,811,2,2) long=1.0 box_short=1.0 box_aspect=1.000 skeleton_width=2.00 skeleton_range=2.00-2.00 skeleton_aspect=0.500 circularity=0.785
[CLEAN C324] REJECT Scratch: area 1.0 < 20; long_side 1.0 < 10; skeleton_aspect 0.500 < 2.5
[CLEAN C324] REJECT Pit: area 1.0 < 32
[CLEAN C325] type=Rejected area=5.0 perimeter=8.8 bbox=(891,811,4,3) long=3.0 box_short=2.0 box_aspect=1.500 skeleton_width=2.40 skeleton_range=2.00-2.80 skeleton_aspect=1.250 circularity=0.806
[CLEAN C325] REJECT Scratch: area 5.0 < 20; long_side 3.0 < 10; skeleton_aspect 1.250 < 2.5
[CLEAN C325] REJECT Pit: area 5.0 < 32
[CLEAN C326] type=Rejected area=4.0 perimeter=8.0 bbox=(768,811,3,3) long=2.0 box_short=2.0 box_aspect=1.000 skeleton_width=2.00 skeleton_range=2.00-4.00 skeleton_aspect=1.000 circularity=0.785
[CLEAN C326] REJECT Scratch: area 4.0 < 20; long_side 2.0 < 10; skeleton_aspect 1.000 < 2.5
[CLEAN C326] REJECT Pit: area 4.0 < 32
[CLEAN C327] type=Scratch area=45.5 perimeter=51.6 bbox=(1325,810,19,12) long=20.5 box_short=5.2 box_aspect=3.911 skeleton_width=2.00 skeleton_range=2.00-5.60 skeleton_aspect=10.230 circularity=0.215
[MEASURE C327] Scratch 不可测: 划痕最大宽度点超出中央有效测量区域
[CLEAN C328] type=Scratch area=25.0 perimeter=39.0 bbox=(756,810,10,12) long=14.2 box_short=5.7 box_aspect=2.507 skeleton_width=2.80 skeleton_range=2.00-4.00 skeleton_aspect=5.062 circularity=0.207
[MEASURE C328] Scratch width=0.083380 mm valid=False
[CLEAN C329] type=Rejected area=2.0 perimeter=6.0 bbox=(587,810,2,3) long=2.0 box_short=1.0 box_aspect=2.000 skeleton_width=2.00 skeleton_range=2.00-2.00 skeleton_aspect=1.000 circularity=0.698
[CLEAN C329] REJECT Scratch: area 2.0 < 20; long_side 2.0 < 10; skeleton_aspect 1.000 < 2.5
[CLEAN C329] REJECT Pit: area 2.0 < 32
[CLEAN C330] type=Rejected area=6.0 perimeter=10.8 bbox=(82,810,5,3) long=4.0 box_short=2.0 box_aspect=2.000 skeleton_width=2.00 skeleton_range=2.00-2.80 skeleton_aspect=2.000 circularity=0.643
[CLEAN C330] REJECT Scratch: area 6.0 < 20; long_side 4.0 < 10; skeleton_aspect 2.000 < 2.5
[CLEAN C330] REJECT Pit: area 6.0 < 32
[CLEAN C331] type=Rejected area=0.0 perimeter=2.0 bbox=(1355,809,1,2) long=1.0 box_short=0.0 box_aspect=inf skeleton_width=2.00 skeleton_range=2.00-2.00 skeleton_aspect=0.500 circularity=0.000
[CLEAN C331] REJECT Scratch: area 0.0 < 20; 旋转包围框存在零边长; skeleton_aspect 0.500 < 2.5
[CLEAN C331] REJECT Pit: area 0.0 < 32; 旋转包围框存在零边长
[CLEAN C332] type=Rejected area=4.0 perimeter=10.0 bbox=(1019,809,2,5) long=4.0 box_short=1.0 box_aspect=4.000 skeleton_width=2.00 skeleton_range=2.00-2.00 skeleton_aspect=2.000 circularity=0.503
[CLEAN C332] REJECT Scratch: area 4.0 < 20; long_side 4.0 < 10; skeleton_aspect 2.000 < 2.5
[CLEAN C332] REJECT Pit: area 4.0 < 32; circularity 0.503 < 0.55
[CLEAN C333] type=Rejected area=4.0 perimeter=10.0 bbox=(897,809,5,2) long=4.0 box_short=1.0 box_aspect=4.000 skeleton_width=2.00 skeleton_range=2.00-2.00 skeleton_aspect=2.000 circularity=0.503
[CLEAN C333] REJECT Scratch: area 4.0 < 20; long_side 4.0 < 10; skeleton_aspect 2.000 < 2.5
[CLEAN C333] REJECT Pit: area 4.0 < 32; circularity 0.503 < 0.55
[CLEAN C334] type=Rejected area=1.0 perimeter=4.0 bbox=(886,809,2,2) long=1.0 box_short=1.0 box_aspect=1.000 skeleton_width=2.00 skeleton_range=2.00-2.00 skeleton_aspect=0.500 circularity=0.785
[CLEAN C334] REJECT Scratch: area 1.0 < 20; long_side 1.0 < 10; skeleton_aspect 0.500 < 2.5
[CLEAN C334] REJECT Pit: area 1.0 < 32
[CLEAN C335] type=Scratch area=31.5 perimeter=40.7 bbox=(656,809,8,16) long=16.1 box_short=4.9 box_aspect=3.269 skeleton_width=2.80 skeleton_range=2.00-4.00 skeleton_aspect=5.750 circularity=0.239
[MEASURE C335] Scratch width=0.077455 mm valid=False
[CLEAN C336] type=Rejected area=1.0 perimeter=4.0 bbox=(639,809,2,2) long=1.0 box_short=1.0 box_aspect=1.000 skeleton_width=2.00 skeleton_range=2.00-2.00 skeleton_aspect=0.500 circularity=0.785
[CLEAN C336] REJECT Scratch: area 1.0 < 20; long_side 1.0 < 10; skeleton_aspect 0.500 < 2.5
[CLEAN C336] REJECT Pit: area 1.0 < 32
[CLEAN C337] type=Rejected area=10.0 perimeter=16.8 bbox=(539,808,6,5) long=5.0 box_short=4.0 box_aspect=1.250 skeleton_width=2.00 skeleton_range=2.00-4.00 skeleton_aspect=2.500 circularity=0.444
[CLEAN C337] REJECT Scratch: area 10.0 < 20; long_side 5.0 < 10
[CLEAN C337] REJECT Pit: area 10.0 < 32; circularity 0.444 < 0.55
[CLEAN C338] type=Scratch area=45.0 perimeter=45.3 bbox=(172,808,6,21) long=20.2 box_short=4.2 box_aspect=4.767 skeleton_width=2.80 skeleton_range=2.00-5.60 skeleton_aspect=7.223 circularity=0.275
[MEASURE C338] Scratch 不可测: 划痕最大宽度点超出中央有效测量区域
[CLEAN C339] type=Rejected area=5.5 perimeter=9.4 bbox=(159,808,3,4) long=3.0 box_short=2.0 box_aspect=1.500 skeleton_width=2.00 skeleton_range=2.00-4.00 skeleton_aspect=1.500 circularity=0.780
[CLEAN C339] REJECT Scratch: area 5.5 < 20; long_side 3.0 < 10; skeleton_aspect 1.500 < 2.5
[CLEAN C339] REJECT Pit: area 5.5 < 32
[CLEAN C340] type=Rejected area=28.5 perimeter=21.1 bbox=(719,807,6,8) long=7.0 box_short=5.0 box_aspect=1.400 skeleton_width=4.39 skeleton_range=2.00-6.00 skeleton_aspect=1.593 circularity=0.807
[CLEAN C340] REJECT Scratch: long_side 7.0 < 10; skeleton_aspect 1.593 < 2.5
[CLEAN C340] REJECT Pit: area 28.5 < 32
[CLEAN C341] type=Rejected area=1.0 perimeter=4.0 bbox=(1263,806,2,2) long=1.0 box_short=1.0 box_aspect=1.000 skeleton_width=2.00 skeleton_range=2.00-2.00 skeleton_aspect=0.500 circularity=0.785
[CLEAN C341] REJECT Scratch: area 1.0 < 20; long_side 1.0 < 10; skeleton_aspect 0.500 < 2.5
[CLEAN C341] REJECT Pit: area 1.0 < 32
[CLEAN C342] type=Rejected area=12.5 perimeter=14.2 bbox=(561,806,4,6) long=5.0 box_short=3.0 box_aspect=1.667 skeleton_width=2.80 skeleton_range=2.00-4.00 skeleton_aspect=1.786 circularity=0.774
[CLEAN C342] REJECT Scratch: area 12.5 < 20; long_side 5.0 < 10; skeleton_aspect 1.786 < 2.5
[CLEAN C342] REJECT Pit: area 12.5 < 32
[CLEAN C343] type=Rejected area=20.5 perimeter=25.1 bbox=(473,806,8,8) long=7.3 box_short=6.7 box_aspect=1.088 skeleton_width=2.00 skeleton_range=2.00-4.39 skeleton_aspect=3.628 circularity=0.410
[CLEAN C343] REJECT Scratch: long_side 7.3 < 10
[CLEAN C343] REJECT Pit: area 20.5 < 32; circularity 0.410 < 0.55
[CLEAN C344] type=Scratch area=38.0 perimeter=27.3 bbox=(981,805,6,12) long=11.0 box_short=5.0 box_aspect=2.200 skeleton_width=4.39 skeleton_range=2.00-6.00 skeleton_aspect=2.504 circularity=0.640
[MEASURE C344] Scratch width=0.129663 mm valid=False
[CLEAN C345] type=Rejected area=2.0 perimeter=6.0 bbox=(869,805,2,3) long=2.0 box_short=1.0 box_aspect=2.000 skeleton_width=2.00 skeleton_range=2.00-2.00 skeleton_aspect=1.000 circularity=0.698
[CLEAN C345] REJECT Scratch: area 2.0 < 20; long_side 2.0 < 10; skeleton_aspect 1.000 < 2.5
[CLEAN C345] REJECT Pit: area 2.0 < 32
[CLEAN C346] type=Rejected area=3.0 perimeter=8.0 bbox=(815,805,2,4) long=3.0 box_short=1.0 box_aspect=3.000 skeleton_width=2.00 skeleton_range=2.00-2.00 skeleton_aspect=1.500 circularity=0.589
[CLEAN C346] REJECT Scratch: area 3.0 < 20; long_side 3.0 < 10; skeleton_aspect 1.500 < 2.5
[CLEAN C346] REJECT Pit: area 3.0 < 32
[CLEAN C347] type=Scratch area=51.0 perimeter=60.3 bbox=(770,805,22,14) long=24.6 box_short=5.4 box_aspect=4.583 skeleton_width=2.80 skeleton_range=2.00-4.00 skeleton_aspect=8.785 circularity=0.176
[MEASURE C347] Scratch width=0.099808 mm valid=False
[CLEAN C348] type=Rejected area=3.0 perimeter=8.0 bbox=(531,805,2,4) long=3.0 box_short=1.0 box_aspect=3.000 skeleton_width=2.00 skeleton_range=2.00-2.00 skeleton_aspect=1.500 circularity=0.589
[CLEAN C348] REJECT Scratch: area 3.0 < 20; long_side 3.0 < 10; skeleton_aspect 1.500 < 2.5
[CLEAN C348] REJECT Pit: area 3.0 < 32
[CLEAN C349] type=Pit area=91.0 perimeter=39.0 bbox=(512,805,11,14) long=13.0 box_short=10.0 box_aspect=1.300 skeleton_width=6.00 skeleton_range=2.00-9.99 skeleton_aspect=2.167 circularity=0.753
[MEASURE C349] Pit diameter=0.307899 mm valid=True
Pit: area = 91.0 diameter_mm = 0.3078992962837219 circularity = 0.7529704122645494
[CLEAN C350] type=Rejected area=6.5 perimeter=12.2 bbox=(1103,804,4,5) long=4.9 box_short=2.2 box_aspect=2.200 skeleton_width=2.00 skeleton_range=2.00-2.80 skeleton_aspect=2.460 circularity=0.545
[CLEAN C350] REJECT Scratch: area 6.5 < 20; long_side 4.9 < 10; skeleton_aspect 2.460 < 2.5
[CLEAN C350] REJECT Pit: area 6.5 < 32; circularity 0.545 < 0.55
[CLEAN C351] type=Rejected area=1.0 perimeter=4.0 bbox=(995,804,2,2) long=1.0 box_short=1.0 box_aspect=1.000 skeleton_width=2.00 skeleton_range=2.00-2.00 skeleton_aspect=0.500 circularity=0.785
[CLEAN C351] REJECT Scratch: area 1.0 < 20; long_side 1.0 < 10; skeleton_aspect 0.500 < 2.5
[CLEAN C351] REJECT Pit: area 1.0 < 32
[CLEAN C352] type=Scratch area=79.0 perimeter=73.8 bbox=(603,804,8,32) long=30.8 box_short=5.8 box_aspect=5.357 skeleton_width=2.80 skeleton_range=2.00-5.60 skeleton_aspect=11.004 circularity=0.182
[MEASURE C352] Scratch width=0.116785 mm valid=False
[CLEAN C353] type=Rejected area=4.0 perimeter=12.8 bbox=(202,804,3,6) long=5.3 box_short=1.5 box_aspect=3.667 skeleton_width=2.00 skeleton_range=2.00-2.00 skeleton_aspect=2.668 circularity=0.305
[CLEAN C353] REJECT Scratch: area 4.0 < 20; long_side 5.3 < 10
[CLEAN C353] REJECT Pit: area 4.0 < 32; circularity 0.305 < 0.55
[CLEAN C354] type=Scratch area=76.5 perimeter=44.7 bbox=(93,804,7,20) long=19.0 box_short=6.0 box_aspect=3.167 skeleton_width=5.60 skeleton_range=2.00-6.39 skeleton_aspect=3.393 circularity=0.481
[MEASURE C354] Scratch 不可测: 划痕最大宽度点超出中央有效测量区域
[CLEAN C355] type=Rejected area=3.5 perimeter=7.4 bbox=(1234,803,3,3) long=2.0 box_short=2.0 box_aspect=1.000 skeleton_width=2.00 skeleton_range=2.00-2.80 skeleton_aspect=1.000 circularity=0.800
[CLEAN C355] REJECT Scratch: area 3.5 < 20; long_side 2.0 < 10; skeleton_aspect 1.000 < 2.5
[CLEAN C355] REJECT Pit: area 3.5 < 32
[CLEAN C356] type=Scratch area=146.5 perimeter=85.4 bbox=(939,803,34,12) long=33.7 box_short=10.1 box_aspect=3.325 skeleton_width=4.39 skeleton_range=2.00-7.19 skeleton_aspect=7.678 circularity=0.253
[MEASURE C356] Scratch width=0.184142 mm valid=False
[CLEAN C357] type=Scratch area=25.0 perimeter=34.5 bbox=(795,803,7,14) long=13.2 box_short=4.9 box_aspect=2.690 skeleton_width=2.80 skeleton_range=2.00-4.00 skeleton_aspect=4.723 circularity=0.264
[MEASURE C357] Scratch width=0.072880 mm valid=False
[CLEAN C358] type=Rejected area=3.0 perimeter=6.8 bbox=(370,803,3,3) long=2.8 box_short=1.4 box_aspect=2.000 skeleton_width=2.00 skeleton_range=2.00-2.80 skeleton_aspect=1.414 circularity=0.809
[CLEAN C358] REJECT Scratch: area 3.0 < 20; long_side 2.8 < 10; skeleton_aspect 1.414 < 2.5
[CLEAN C358] REJECT Pit: area 3.0 < 32
[CLEAN C359] type=Scratch area=90.0 perimeter=43.0 bbox=(674,802,13,12) long=12.0 box_short=11.0 box_aspect=1.091 skeleton_width=4.39 skeleton_range=2.00-8.79 skeleton_aspect=2.731 circularity=0.613
[MEASURE C359] Scratch width=0.282080 mm valid=True
Scratch: area = 90.0 width_px = 4.393799781799316 width_mm = 0.2820797515307417 ratio = 2.7311212608522295
[CLEAN C360] type=Rejected area=2.0 perimeter=6.0 bbox=(1313,801,3,2) long=2.0 box_short=1.0 box_aspect=2.000 skeleton_width=2.00 skeleton_range=2.00-2.00 skeleton_aspect=1.000 circularity=0.698
[CLEAN C360] REJECT Scratch: area 2.0 < 20; long_side 2.0 < 10; skeleton_aspect 1.000 < 2.5
[CLEAN C360] REJECT Pit: area 2.0 < 32
[CLEAN C361] type=Rejected area=7.5 perimeter=11.4 bbox=(803,801,3,5) long=4.0 box_short=2.0 box_aspect=2.000 skeleton_width=2.40 skeleton_range=2.00-4.00 skeleton_aspect=1.667 circularity=0.723
[CLEAN C361] REJECT Scratch: area 7.5 < 20; long_side 4.0 < 10; skeleton_aspect 1.667 < 2.5
[CLEAN C361] REJECT Pit: area 7.5 < 32
[CLEAN C362] type=Rejected area=8.0 perimeter=12.8 bbox=(158,801,5,4) long=4.0 box_short=3.0 box_aspect=1.333 skeleton_width=2.00 skeleton_range=2.00-4.00 skeleton_aspect=2.000 circularity=0.611
[CLEAN C362] REJECT Scratch: area 8.0 < 20; long_side 4.0 < 10; skeleton_aspect 2.000 < 2.5
[CLEAN C362] REJECT Pit: area 8.0 < 32
[CLEAN C363] type=Rejected area=2.0 perimeter=6.0 bbox=(1353,800,2,3) long=2.0 box_short=1.0 box_aspect=2.000 skeleton_width=2.00 skeleton_range=2.00-2.00 skeleton_aspect=1.000 circularity=0.698
[CLEAN C363] REJECT Scratch: area 2.0 < 20; long_side 2.0 < 10; skeleton_aspect 1.000 < 2.5
[CLEAN C363] REJECT Pit: area 2.0 < 32
[CLEAN C364] type=Rejected area=2.0 perimeter=6.0 bbox=(730,800,2,3) long=2.0 box_short=1.0 box_aspect=2.000 skeleton_width=2.00 skeleton_range=2.00-2.00 skeleton_aspect=1.000 circularity=0.698
[CLEAN C364] REJECT Scratch: area 2.0 < 20; long_side 2.0 < 10; skeleton_aspect 1.000 < 2.5
[CLEAN C364] REJECT Pit: area 2.0 < 32
[CLEAN C365] type=Rejected area=15.5 perimeter=20.2 bbox=(1341,799,8,5) long=7.0 box_short=4.0 box_aspect=1.750 skeleton_width=2.00 skeleton_range=2.00-4.00 skeleton_aspect=3.500 circularity=0.475
[CLEAN C365] REJECT Scratch: area 15.5 < 20; long_side 7.0 < 10
[CLEAN C365] REJECT Pit: area 15.5 < 32; circularity 0.475 < 0.55
[CLEAN C366] type=Rejected area=27.5 perimeter=25.1 bbox=(1033,799,6,10) long=9.8 box_short=4.4 box_aspect=2.214 skeleton_width=4.00 skeleton_range=2.00-4.39 skeleton_aspect=2.451 circularity=0.550
[CLEAN C366] REJECT Scratch: long_side 9.8 < 10; skeleton_aspect 2.451 < 2.5
[CLEAN C366] REJECT Pit: area 27.5 < 32; circularity 0.550 < 0.55
[CLEAN C367] type=Rejected area=15.5 perimeter=20.2 bbox=(847,799,6,7) long=6.0 box_short=5.0 box_aspect=1.200 skeleton_width=2.40 skeleton_range=2.00-4.00 skeleton_aspect=2.500 circularity=0.475
[CLEAN C367] REJECT Scratch: area 15.5 < 20; long_side 6.0 < 10; skeleton_aspect 2.500 < 2.5
[CLEAN C367] REJECT Pit: area 15.5 < 32; circularity 0.475 < 0.55
[CLEAN C368] type=Rejected area=25.0 perimeter=25.7 bbox=(743,799,9,7) long=8.0 box_short=6.0 box_aspect=1.333 skeleton_width=3.40 skeleton_range=2.00-4.39 skeleton_aspect=2.353 circularity=0.477
[CLEAN C368] REJECT Scratch: long_side 8.0 < 10; skeleton_aspect 2.353 < 2.5
[CLEAN C368] REJECT Pit: area 25.0 < 32; circularity 0.477 < 0.55
[CLEAN C369] type=Rejected area=4.0 perimeter=8.0 bbox=(623,799,3,3) long=2.0 box_short=2.0 box_aspect=1.000 skeleton_width=2.00 skeleton_range=2.00-4.00 skeleton_aspect=1.000 circularity=0.785
[CLEAN C369] REJECT Scratch: area 4.0 < 20; long_side 2.0 < 10; skeleton_aspect 1.000 < 2.5
[CLEAN C369] REJECT Pit: area 4.0 < 32
[CLEAN C370] type=Rejected area=5.0 perimeter=8.8 bbox=(210,799,4,3) long=3.0 box_short=2.0 box_aspect=1.500 skeleton_width=2.40 skeleton_range=2.00-2.80 skeleton_aspect=1.250 circularity=0.806
[CLEAN C370] REJECT Scratch: area 5.0 < 20; long_side 3.0 < 10; skeleton_aspect 1.250 < 2.5
[CLEAN C370] REJECT Pit: area 5.0 < 32
[CLEAN C371] type=Rejected area=1.0 perimeter=4.0 bbox=(221,798,2,2) long=1.0 box_short=1.0 box_aspect=1.000 skeleton_width=2.00 skeleton_range=2.00-2.00 skeleton_aspect=0.500 circularity=0.785
[CLEAN C371] REJECT Scratch: area 1.0 < 20; long_side 1.0 < 10; skeleton_aspect 0.500 < 2.5
[CLEAN C371] REJECT Pit: area 1.0 < 32
[CLEAN C372] type=Rejected area=1.0 perimeter=4.0 bbox=(189,798,2,2) long=1.0 box_short=1.0 box_aspect=1.000 skeleton_width=2.00 skeleton_range=2.00-2.00 skeleton_aspect=0.500 circularity=0.785
[CLEAN C372] REJECT Scratch: area 1.0 < 20; long_side 1.0 < 10; skeleton_aspect 0.500 < 2.5
[CLEAN C372] REJECT Pit: area 1.0 < 32
[CLEAN C373] type=Rejected area=17.5 perimeter=20.2 bbox=(646,797,4,9) long=8.0 box_short=3.0 box_aspect=2.667 skeleton_width=3.40 skeleton_range=2.00-4.00 skeleton_aspect=2.353 circularity=0.537
[CLEAN C373] REJECT Scratch: area 17.5 < 20; long_side 8.0 < 10; skeleton_aspect 2.353 < 2.5
[CLEAN C373] REJECT Pit: area 17.5 < 32; circularity 0.537 < 0.55
[CLEAN C374] type=Rejected area=20.5 perimeter=20.2 bbox=(628,797,8,5) long=7.0 box_short=4.0 box_aspect=1.750 skeleton_width=4.00 skeleton_range=2.00-4.00 skeleton_aspect=1.750 circularity=0.629
[CLEAN C374] REJECT Scratch: long_side 7.0 < 10; skeleton_aspect 1.750 < 2.5
[CLEAN C374] REJECT Pit: area 20.5 < 32
[CLEAN C375] type=Rejected area=2.0 perimeter=6.0 bbox=(366,797,2,3) long=2.0 box_short=1.0 box_aspect=2.000 skeleton_width=2.00 skeleton_range=2.00-2.00 skeleton_aspect=1.000 circularity=0.698
[CLEAN C375] REJECT Scratch: area 2.0 < 20; long_side 2.0 < 10; skeleton_aspect 1.000 < 2.5
[CLEAN C375] REJECT Pit: area 2.0 < 32
[CLEAN C376] type=Rejected area=1.0 perimeter=4.0 bbox=(1225,796,2,2) long=1.0 box_short=1.0 box_aspect=1.000 skeleton_width=2.00 skeleton_range=2.00-2.00 skeleton_aspect=0.500 circularity=0.785
[CLEAN C376] REJECT Scratch: area 1.0 < 20; long_side 1.0 < 10; skeleton_aspect 0.500 < 2.5
[CLEAN C376] REJECT Pit: area 1.0 < 32
[CLEAN C377] type=Rejected area=9.0 perimeter=12.8 bbox=(826,796,5,4) long=4.0 box_short=3.0 box_aspect=1.333 skeleton_width=2.80 skeleton_range=2.00-4.00 skeleton_aspect=1.429 circularity=0.687
[CLEAN C377] REJECT Scratch: area 9.0 < 20; long_side 4.0 < 10; skeleton_aspect 1.429 < 2.5
[CLEAN C377] REJECT Pit: area 9.0 < 32
[CLEAN C378] type=Rejected area=1.0 perimeter=4.0 bbox=(565,796,2,2) long=1.0 box_short=1.0 box_aspect=1.000 skeleton_width=2.00 skeleton_range=2.00-2.00 skeleton_aspect=0.500 circularity=0.785
[CLEAN C378] REJECT Scratch: area 1.0 < 20; long_side 1.0 < 10; skeleton_aspect 0.500 < 2.5
[CLEAN C378] REJECT Pit: area 1.0 < 32
[CLEAN C379] type=Scratch area=25.0 perimeter=26.8 bbox=(373,795,11,4) long=10.0 box_short=3.0 box_aspect=3.333 skeleton_width=4.00 skeleton_range=2.00-4.00 skeleton_aspect=2.500 circularity=0.436
[MEASURE C379] Scratch width=0.060841 mm valid=False
[CLEAN C380] type=Rejected area=3.5 perimeter=7.4 bbox=(1107,794,3,3) long=2.0 box_short=2.0 box_aspect=1.000 skeleton_width=2.00 skeleton_range=2.00-2.80 skeleton_aspect=1.000 circularity=0.800
[CLEAN C380] REJECT Scratch: area 3.5 < 20; long_side 2.0 < 10; skeleton_aspect 1.000 < 2.5
[CLEAN C380] REJECT Pit: area 3.5 < 32
[CLEAN C381] type=Rejected area=11.5 perimeter=14.2 bbox=(789,794,4,6) long=5.0 box_short=3.0 box_aspect=1.667 skeleton_width=2.80 skeleton_range=2.00-4.00 skeleton_aspect=1.786 circularity=0.712
[CLEAN C381] REJECT Scratch: area 11.5 < 20; long_side 5.0 < 10; skeleton_aspect 1.786 < 2.5
[CLEAN C381] REJECT Pit: area 11.5 < 32
[CLEAN C382] type=Rejected area=29.5 perimeter=23.9 bbox=(452,794,6,10) long=9.0 box_short=5.0 box_aspect=1.800 skeleton_width=4.00 skeleton_range=2.00-5.60 skeleton_aspect=2.250 circularity=0.649
[CLEAN C382] REJECT Scratch: long_side 9.0 < 10; skeleton_aspect 2.250 < 2.5
[CLEAN C382] REJECT Pit: area 29.5 < 32
[CLEAN C383] type=Rejected area=3.0 perimeter=6.8 bbox=(837,793,3,3) long=2.8 box_short=1.4 box_aspect=2.000 skeleton_width=2.00 skeleton_range=2.00-2.80 skeleton_aspect=1.414 circularity=0.809
[CLEAN C383] REJECT Scratch: area 3.0 < 20; long_side 2.8 < 10; skeleton_aspect 1.414 < 2.5
[CLEAN C383] REJECT Pit: area 3.0 < 32
[CLEAN C384] type=Scratch area=65.0 perimeter=40.1 bbox=(687,793,14,11) long=13.8 box_short=8.6 box_aspect=1.608 skeleton_width=4.39 skeleton_range=2.00-8.00 skeleton_aspect=3.135 circularity=0.507
[MEASURE C384] Scratch width=0.204658 mm valid=False
[CLEAN C385] type=Rejected area=15.0 perimeter=15.7 bbox=(407,793,5,6) long=5.0 box_short=4.0 box_aspect=1.250 skeleton_width=3.40 skeleton_range=2.00-4.00 skeleton_aspect=1.471 circularity=0.769
[CLEAN C385] REJECT Scratch: area 15.0 < 20; long_side 5.0 < 10; skeleton_aspect 1.471 < 2.5
[CLEAN C385] REJECT Pit: area 15.0 < 32
[CLEAN C386] type=Rejected area=1.0 perimeter=4.0 bbox=(1202,792,2,2) long=1.0 box_short=1.0 box_aspect=1.000 skeleton_width=2.00 skeleton_range=2.00-2.00 skeleton_aspect=0.500 circularity=0.785
[CLEAN C386] REJECT Scratch: area 1.0 < 20; long_side 1.0 < 10; skeleton_aspect 0.500 < 2.5
[CLEAN C386] REJECT Pit: area 1.0 < 32
[CLEAN C387] type=Rejected area=4.0 perimeter=8.0 bbox=(983,792,3,3) long=2.0 box_short=2.0 box_aspect=1.000 skeleton_width=2.00 skeleton_range=2.00-4.00 skeleton_aspect=1.000 circularity=0.785
[CLEAN C387] REJECT Scratch: area 4.0 < 20; long_side 2.0 < 10; skeleton_aspect 1.000 < 2.5
[CLEAN C387] REJECT Pit: area 4.0 < 32
[CLEAN C388] type=Scratch area=50.5 perimeter=85.4 bbox=(657,792,27,15) long=29.0 box_short=7.3 box_aspect=3.987 skeleton_width=2.00 skeleton_range=2.00-4.00 skeleton_aspect=14.521 circularity=0.087
[MEASURE C388] Scratch width=0.071905 mm valid=False
[CLEAN C389] type=Rejected area=9.5 perimeter=15.1 bbox=(531,792,5,6) long=6.4 box_short=2.5 box_aspect=2.556 skeleton_width=2.80 skeleton_range=2.00-2.80 skeleton_aspect=2.278 circularity=0.526
[CLEAN C389] REJECT Scratch: area 9.5 < 20; long_side 6.4 < 10; skeleton_aspect 2.278 < 2.5
[CLEAN C389] REJECT Pit: area 9.5 < 32; circularity 0.526 < 0.55
[CLEAN C390] type=Pit area=101.0 perimeter=40.1 bbox=(483,792,14,11) long=13.0 box_short=10.0 box_aspect=1.300 skeleton_width=5.60 skeleton_range=2.00-10.79 skeleton_aspect=2.321 circularity=0.788
[MEASURE C390] Pit diameter=0.327667 mm valid=True
Pit: area = 101.0 diameter_mm = 0.32766658067703247 circularity = 0.7876445962489534
[CLEAN C391] type=Rejected area=2.0 perimeter=6.0 bbox=(994,791,2,3) long=2.0 box_short=1.0 box_aspect=2.000 skeleton_width=2.00 skeleton_range=2.00-2.00 skeleton_aspect=1.000 circularity=0.698
[CLEAN C391] REJECT Scratch: area 2.0 < 20; long_side 2.0 < 10; skeleton_aspect 1.000 < 2.5
[CLEAN C391] REJECT Pit: area 2.0 < 32
[CLEAN C392] type=Rejected area=1.0 perimeter=4.0 bbox=(909,791,2,2) long=1.0 box_short=1.0 box_aspect=1.000 skeleton_width=2.00 skeleton_range=2.00-2.00 skeleton_aspect=0.500 circularity=0.785
[CLEAN C392] REJECT Scratch: area 1.0 < 20; long_side 1.0 < 10; skeleton_aspect 0.500 < 2.5
[CLEAN C392] REJECT Pit: area 1.0 < 32
[CLEAN C393] type=Rejected area=16.0 perimeter=20.5 bbox=(156,791,7,7) long=7.8 box_short=3.7 box_aspect=2.083 skeleton_width=2.80 skeleton_range=2.00-4.00 skeleton_aspect=2.789 circularity=0.479
[CLEAN C393] REJECT Scratch: area 16.0 < 20; long_side 7.8 < 10
[CLEAN C393] REJECT Pit: area 16.0 < 32; circularity 0.479 < 0.55
[CLEAN C394] type=Rejected area=25.0 perimeter=23.3 bbox=(781,790,6,10) long=9.8 box_short=4.3 box_aspect=2.304 skeleton_width=4.00 skeleton_range=2.00-4.39 skeleton_aspect=2.460 circularity=0.578
[CLEAN C394] REJECT Scratch: long_side 9.8 < 10; skeleton_aspect 2.460 < 2.5
[CLEAN C394] REJECT Pit: area 25.0 < 32
[CLEAN C395] type=Rejected area=11.5 perimeter=14.2 bbox=(664,790,4,6) long=5.0 box_short=3.0 box_aspect=1.667 skeleton_width=2.80 skeleton_range=2.00-4.00 skeleton_aspect=1.786 circularity=0.712
[CLEAN C395] REJECT Scratch: area 11.5 < 20; long_side 5.0 < 10; skeleton_aspect 1.786 < 2.5
[CLEAN C395] REJECT Pit: area 11.5 < 32
[CLEAN C396] type=Rejected area=6.0 perimeter=12.8 bbox=(130,790,3,6) long=5.0 box_short=2.0 box_aspect=2.500 skeleton_width=2.00 skeleton_range=2.00-2.80 skeleton_aspect=2.500 circularity=0.458
[CLEAN C396] REJECT Scratch: area 6.0 < 20; long_side 5.0 < 10
[CLEAN C396] REJECT Pit: area 6.0 < 32; circularity 0.458 < 0.55
[CLEAN C397] type=Scratch area=2749.0 perimeter=1141.9 bbox=(842,789,499,155) long=521.0 box_short=47.3 box_aspect=11.005 skeleton_width=6.00 skeleton_range=2.00-10.00 skeleton_aspect=86.828 circularity=0.026
[MEASURE C397] Scratch width=0.204647 mm valid=False
[CLEAN C398] type=Rejected area=5.0 perimeter=8.8 bbox=(1223,789,3,4) long=3.0 box_short=2.0 box_aspect=1.500 skeleton_width=2.40 skeleton_range=2.00-2.80 skeleton_aspect=1.250 circularity=0.806
[CLEAN C398] REJECT Scratch: area 5.0 < 20; long_side 3.0 < 10; skeleton_aspect 1.250 < 2.5
[CLEAN C398] REJECT Pit: area 5.0 < 32
[CLEAN C399] type=Rejected area=10.0 perimeter=15.7 bbox=(745,789,7,4) long=6.3 box_short=2.7 box_aspect=2.286 skeleton_width=2.40 skeleton_range=2.00-4.00 skeleton_aspect=2.615 circularity=0.513
[CLEAN C399] REJECT Scratch: area 10.0 < 20; long_side 6.3 < 10
[CLEAN C399] REJECT Pit: area 10.0 < 32; circularity 0.513 < 0.55
[CLEAN C400] type=Rejected area=8.5 perimeter=11.4 bbox=(550,789,4,4) long=3.0 box_short=3.0 box_aspect=1.000 skeleton_width=2.80 skeleton_range=2.00-4.00 skeleton_aspect=1.071 circularity=0.820
[CLEAN C400] REJECT Scratch: area 8.5 < 20; long_side 3.0 < 10; skeleton_aspect 1.071 < 2.5
[CLEAN C400] REJECT Pit: area 8.5 < 32
[CLEAN C401] type=Rejected area=2.0 perimeter=6.0 bbox=(1297,788,2,3) long=2.0 box_short=1.0 box_aspect=2.000 skeleton_width=2.00 skeleton_range=2.00-2.00 skeleton_aspect=1.000 circularity=0.698
[CLEAN C401] REJECT Scratch: area 2.0 < 20; long_side 2.0 < 10; skeleton_aspect 1.000 < 2.5
[CLEAN C401] REJECT Pit: area 2.0 < 32
[CLEAN C402] type=Rejected area=20.5 perimeter=18.2 bbox=(1134,788,7,5) long=6.0 box_short=4.0 box_aspect=1.500 skeleton_width=4.00 skeleton_range=2.00-5.60 skeleton_aspect=1.500 circularity=0.774
[CLEAN C402] REJECT Scratch: long_side 6.0 < 10; skeleton_aspect 1.500 < 2.5
[CLEAN C402] REJECT Pit: area 20.5 < 32
[CLEAN C403] type=Rejected area=4.0 perimeter=8.0 bbox=(980,788,3,3) long=2.0 box_short=2.0 box_aspect=1.000 skeleton_width=2.00 skeleton_range=2.00-4.00 skeleton_aspect=1.000 circularity=0.785
[CLEAN C403] REJECT Scratch: area 4.0 < 20; long_side 2.0 < 10; skeleton_aspect 1.000 < 2.5
[CLEAN C403] REJECT Pit: area 4.0 < 32
[CLEAN C404] type=Scratch area=37.0 perimeter=35.8 bbox=(949,788,14,9) long=15.2 box_short=5.1 box_aspect=2.983 skeleton_width=2.80 skeleton_range=2.00-4.39 skeleton_aspect=5.419 circularity=0.363
[MEASURE C404] Scratch width=0.101827 mm valid=False
[CLEAN C405] type=Rejected area=24.0 perimeter=19.7 bbox=(803,788,5,8) long=7.0 box_short=4.0 box_aspect=1.750 skeleton_width=4.20 skeleton_range=2.00-5.60 skeleton_aspect=1.668 circularity=0.781
[CLEAN C405] REJECT Scratch: long_side 7.0 < 10; skeleton_aspect 1.668 < 2.5
[CLEAN C405] REJECT Pit: area 24.0 < 32
[CLEAN C406] type=Scratch area=27.5 perimeter=36.2 bbox=(467,788,4,17) long=16.2 box_short=2.8 box_aspect=5.880 skeleton_width=2.80 skeleton_range=2.00-4.00 skeleton_aspect=5.798 circularity=0.263
[MEASURE C406] Scratch width=0.075569 mm valid=False
[CLEAN C407] type=Rejected area=1.0 perimeter=4.0 bbox=(178,788,2,2) long=1.0 box_short=1.0 box_aspect=1.000 skeleton_width=2.00 skeleton_range=2.00-2.00 skeleton_aspect=0.500 circularity=0.785
[CLEAN C407] REJECT Scratch: area 1.0 < 20; long_side 1.0 < 10; skeleton_aspect 0.500 < 2.5
[CLEAN C407] REJECT Pit: area 1.0 < 32
[CLEAN C408] type=Rejected area=3.5 perimeter=7.4 bbox=(1322,787,3,3) long=2.0 box_short=2.0 box_aspect=1.000 skeleton_width=2.00 skeleton_range=2.00-2.80 skeleton_aspect=1.000 circularity=0.800
[CLEAN C408] REJECT Scratch: area 3.5 < 20; long_side 2.0 < 10; skeleton_aspect 1.000 < 2.5
[CLEAN C408] REJECT Pit: area 3.5 < 32
[CLEAN C409] type=Rejected area=2.0 perimeter=6.0 bbox=(901,787,2,3) long=2.0 box_short=1.0 box_aspect=2.000 skeleton_width=2.00 skeleton_range=2.00-2.00 skeleton_aspect=1.000 circularity=0.698
[CLEAN C409] REJECT Scratch: area 2.0 < 20; long_side 2.0 < 10; skeleton_aspect 1.000 < 2.5
[CLEAN C409] REJECT Pit: area 2.0 < 32
[CLEAN C410] type=Rejected area=8.0 perimeter=12.8 bbox=(870,786,6,3) long=5.0 box_short=2.0 box_aspect=2.500 skeleton_width=2.00 skeleton_range=2.00-4.00 skeleton_aspect=2.500 circularity=0.611
[CLEAN C410] REJECT Scratch: area 8.0 < 20; long_side 5.0 < 10
[CLEAN C410] REJECT Pit: area 8.0 < 32
[CLEAN C411] type=Pit area=41.5 perimeter=28.7 bbox=(766,785,9,10) long=8.4 box_short=8.1 box_aspect=1.043 skeleton_width=4.00 skeleton_range=2.00-6.39 skeleton_aspect=2.101 circularity=0.632
[MEASURE C411] Pit diameter=0.218907 mm valid=False
[CLEAN C412] type=Rejected area=1.0 perimeter=4.0 bbox=(688,785,2,2) long=1.0 box_short=1.0 box_aspect=1.000 skeleton_width=2.00 skeleton_range=2.00-2.00 skeleton_aspect=0.500 circularity=0.785
[CLEAN C412] REJECT Scratch: area 1.0 < 20; long_side 1.0 < 10; skeleton_aspect 0.500 < 2.5
[CLEAN C412] REJECT Pit: area 1.0 < 32
[CLEAN C413] type=Rejected area=1.0 perimeter=4.0 bbox=(602,785,2,2) long=1.0 box_short=1.0 box_aspect=1.000 skeleton_width=2.00 skeleton_range=2.00-2.00 skeleton_aspect=0.500 circularity=0.785
[CLEAN C413] REJECT Scratch: area 1.0 < 20; long_side 1.0 < 10; skeleton_aspect 0.500 < 2.5
[CLEAN C413] REJECT Pit: area 1.0 < 32
[CLEAN C414] type=Rejected area=15.0 perimeter=17.7 bbox=(542,785,5,7) long=6.8 box_short=3.4 box_aspect=2.000 skeleton_width=2.80 skeleton_range=2.00-4.00 skeleton_aspect=2.425 circularity=0.605
[CLEAN C414] REJECT Scratch: area 15.0 < 20; long_side 6.8 < 10; skeleton_aspect 2.425 < 2.5
[CLEAN C414] REJECT Pit: area 15.0 < 32
[CLEAN C415] type=Scratch area=24.5 perimeter=36.7 bbox=(734,784,8,15) long=15.1 box_short=3.8 box_aspect=4.000 skeleton_width=2.00 skeleton_range=2.00-4.00 skeleton_aspect=7.546 circularity=0.228
[MEASURE C415] Scratch width=0.072124 mm valid=False
[CLEAN C416] type=Scratch area=96.5 perimeter=45.2 bbox=(706,784,15,14) long=16.6 box_short=8.6 box_aspect=1.925 skeleton_width=5.60 skeleton_range=2.00-8.39 skeleton_aspect=2.969 circularity=0.593
[MEASURE C416] Scratch width=0.171504 mm valid=False
[CLEAN C417] type=Rejected area=1.0 perimeter=4.0 bbox=(640,784,2,2) long=1.0 box_short=1.0 box_aspect=1.000 skeleton_width=2.00 skeleton_range=2.00-2.00 skeleton_aspect=0.500 circularity=0.785
[CLEAN C417] REJECT Scratch: area 1.0 < 20; long_side 1.0 < 10; skeleton_aspect 0.500 < 2.5
[CLEAN C417] REJECT Pit: area 1.0 < 32
[CLEAN C418] type=Rejected area=22.5 perimeter=25.1 bbox=(561,784,6,10) long=9.0 box_short=5.0 box_aspect=1.800 skeleton_width=2.00 skeleton_range=2.00-5.60 skeleton_aspect=4.500 circularity=0.450
[CLEAN C418] REJECT Scratch: long_side 9.0 < 10
[CLEAN C418] REJECT Pit: area 22.5 < 32; circularity 0.450 < 0.55
[CLEAN C419] type=Rejected area=1.0 perimeter=4.0 bbox=(952,783,2,2) long=1.0 box_short=1.0 box_aspect=1.000 skeleton_width=2.00 skeleton_range=2.00-2.00 skeleton_aspect=0.500 circularity=0.785
[CLEAN C419] REJECT Scratch: area 1.0 < 20; long_side 1.0 < 10; skeleton_aspect 0.500 < 2.5
[CLEAN C419] REJECT Pit: area 1.0 < 32
[CLEAN C420] type=Rejected area=4.0 perimeter=8.0 bbox=(863,783,3,3) long=2.0 box_short=2.0 box_aspect=1.000 skeleton_width=2.00 skeleton_range=2.00-4.00 skeleton_aspect=1.000 circularity=0.785
[CLEAN C420] REJECT Scratch: area 4.0 < 20; long_side 2.0 < 10; skeleton_aspect 1.000 < 2.5
[CLEAN C420] REJECT Pit: area 4.0 < 32
[CLEAN C421] type=Rejected area=1.0 perimeter=4.0 bbox=(827,783,2,2) long=1.0 box_short=1.0 box_aspect=1.000 skeleton_width=2.00 skeleton_range=2.00-2.00 skeleton_aspect=0.500 circularity=0.785
[CLEAN C421] REJECT Scratch: area 1.0 < 20; long_side 1.0 < 10; skeleton_aspect 0.500 < 2.5
[CLEAN C421] REJECT Pit: area 1.0 < 32
[CLEAN C422] type=Rejected area=1.0 perimeter=4.0 bbox=(763,783,2,2) long=1.0 box_short=1.0 box_aspect=1.000 skeleton_width=2.00 skeleton_range=2.00-2.00 skeleton_aspect=0.500 circularity=0.785
[CLEAN C422] REJECT Scratch: area 1.0 < 20; long_side 1.0 < 10; skeleton_aspect 0.500 < 2.5
[CLEAN C422] REJECT Pit: area 1.0 < 32
[CLEAN C423] type=Rejected area=13.0 perimeter=16.8 bbox=(700,783,3,8) long=7.0 box_short=2.0 box_aspect=3.500 skeleton_width=3.40 skeleton_range=2.00-4.00 skeleton_aspect=2.059 circularity=0.577
[CLEAN C423] REJECT Scratch: area 13.0 < 20; long_side 7.0 < 10; skeleton_aspect 2.059 < 2.5
[CLEAN C423] REJECT Pit: area 13.0 < 32
[CLEAN C424] type=Scratch area=50.5 perimeter=44.7 bbox=(577,783,6,20) long=19.0 box_short=5.0 box_aspect=3.800 skeleton_width=4.00 skeleton_range=2.00-5.60 skeleton_aspect=4.750 circularity=0.317
[MEASURE C424] Scratch width=0.117383 mm valid=False
[CLEAN C425] type=Rejected area=10.0 perimeter=15.7 bbox=(148,783,5,6) long=6.4 box_short=2.8 box_aspect=2.250 skeleton_width=2.00 skeleton_range=2.00-4.00 skeleton_aspect=3.182 circularity=0.513
[CLEAN C425] REJECT Scratch: area 10.0 < 20; long_side 6.4 < 10
[CLEAN C425] REJECT Pit: area 10.0 < 32; circularity 0.513 < 0.55
[CLEAN C426] type=Rejected area=2.0 perimeter=6.0 bbox=(130,783,2,3) long=2.0 box_short=1.0 box_aspect=2.000 skeleton_width=2.00 skeleton_range=2.00-2.00 skeleton_aspect=1.000 circularity=0.698
[CLEAN C426] REJECT Scratch: area 2.0 < 20; long_side 2.0 < 10; skeleton_aspect 1.000 < 2.5
[CLEAN C426] REJECT Pit: area 2.0 < 32
[CLEAN C427] type=Rejected area=5.5 perimeter=9.4 bbox=(123,783,3,4) long=3.0 box_short=2.0 box_aspect=1.500 skeleton_width=2.00 skeleton_range=2.00-4.00 skeleton_aspect=1.500 circularity=0.780
[CLEAN C427] REJECT Scratch: area 5.5 < 20; long_side 3.0 < 10; skeleton_aspect 1.500 < 2.5
[CLEAN C427] REJECT Pit: area 5.5 < 32
[CLEAN C428] type=Pit area=33.0 perimeter=23.3 bbox=(73,783,8,8) long=7.8 box_short=5.7 box_aspect=1.375 skeleton_width=4.39 skeleton_range=2.00-5.60 skeleton_aspect=1.770 circularity=0.763
[MEASURE C428] Pit 不可测: 凹点中心超出中央有效测量区域
[CLEAN C429] type=Rejected area=7.0 perimeter=19.7 bbox=(1313,782,7,6) long=7.8 box_short=2.8 box_aspect=2.800 skeleton_width=2.00 skeleton_range=2.00-4.00 skeleton_aspect=3.883 circularity=0.228
[CLEAN C429] REJECT Scratch: area 7.0 < 20; long_side 7.8 < 10
[CLEAN C429] REJECT Pit: area 7.0 < 32; circularity 0.228 < 0.55
[CLEAN C430] type=Rejected area=25.0 perimeter=20.8 bbox=(1348,781,8,5) long=7.0 box_short=4.0 box_aspect=1.750 skeleton_width=4.00 skeleton_range=2.00-6.00 skeleton_aspect=1.750 circularity=0.724
[CLEAN C430] REJECT Scratch: long_side 7.0 < 10; skeleton_aspect 1.750 < 2.5
[CLEAN C430] REJECT Pit: area 25.0 < 32
[CLEAN C431] type=Scratch area=43.0 perimeter=31.7 bbox=(656,781,7,12) long=11.0 box_short=6.0 box_aspect=1.833 skeleton_width=4.00 skeleton_range=2.00-6.00 skeleton_aspect=2.750 circularity=0.539
[MEASURE C431] Scratch width=0.149381 mm valid=False
[CLEAN C432] type=Scratch area=32.5 perimeter=33.9 bbox=(510,781,9,11) long=12.2 box_short=5.7 box_aspect=2.130 skeleton_width=2.80 skeleton_range=2.00-6.00 skeleton_aspect=4.354 circularity=0.355
[MEASURE C432] Scratch width=0.141014 mm valid=False
[CLEAN C433] type=Rejected area=3.0 perimeter=6.8 bbox=(816,780,3,3) long=2.8 box_short=1.4 box_aspect=2.000 skeleton_width=2.00 skeleton_range=2.00-2.80 skeleton_aspect=1.414 circularity=0.809
[CLEAN C433] REJECT Scratch: area 3.0 < 20; long_side 2.8 < 10; skeleton_aspect 1.414 < 2.5
[CLEAN C433] REJECT Pit: area 3.0 < 32
[CLEAN C434] type=Rejected area=20.0 perimeter=20.5 bbox=(720,779,6,8) long=8.6 box_short=3.9 box_aspect=2.214 skeleton_width=2.80 skeleton_range=2.00-4.39 skeleton_aspect=3.071 circularity=0.599
[CLEAN C434] REJECT Scratch: long_side 8.6 < 10
[CLEAN C434] REJECT Pit: area 20.0 < 32
[CLEAN C435] type=Rejected area=9.0 perimeter=12.8 bbox=(542,779,6,3) long=5.0 box_short=2.0 box_aspect=2.500 skeleton_width=2.80 skeleton_range=2.00-4.00 skeleton_aspect=1.786 circularity=0.687
[CLEAN C435] REJECT Scratch: area 9.0 < 20; long_side 5.0 < 10; skeleton_aspect 1.786 < 2.5
[CLEAN C435] REJECT Pit: area 9.0 < 32
[CLEAN C436] type=Rejected area=1.0 perimeter=4.0 bbox=(833,778,2,2) long=1.0 box_short=1.0 box_aspect=1.000 skeleton_width=2.00 skeleton_range=2.00-2.00 skeleton_aspect=0.500 circularity=0.785
[CLEAN C436] REJECT Scratch: area 1.0 < 20; long_side 1.0 < 10; skeleton_aspect 0.500 < 2.5
[CLEAN C436] REJECT Pit: area 1.0 < 32
[CLEAN C437] type=Scratch area=96.0 perimeter=84.6 bbox=(168,778,18,30) long=33.1 box_short=11.0 box_aspect=2.993 skeleton_width=4.00 skeleton_range=2.00-6.00 skeleton_aspect=8.264 circularity=0.168
[MEASURE C437] Scratch 不可测: 划痕最大宽度点超出中央有效测量区域
[CLEAN C438] type=Rejected area=1.0 perimeter=4.0 bbox=(1334,777,2,2) long=1.0 box_short=1.0 box_aspect=1.000 skeleton_width=2.00 skeleton_range=2.00-2.00 skeleton_aspect=0.500 circularity=0.785
[CLEAN C438] REJECT Scratch: area 1.0 < 20; long_side 1.0 < 10; skeleton_aspect 0.500 < 2.5
[CLEAN C438] REJECT Pit: area 1.0 < 32
[CLEAN C439] type=Scratch area=24.5 perimeter=29.1 bbox=(1244,777,5,13) long=12.4 box_short=3.6 box_aspect=3.462 skeleton_width=2.80 skeleton_range=2.00-4.00 skeleton_aspect=4.415 circularity=0.364
[MEASURE C439] Scratch 不可测: 划痕最大宽度点超出中央有效测量区域
[CLEAN C440] type=Pit area=33.0 perimeter=26.1 bbox=(674,777,9,9) long=9.2 box_short=5.7 box_aspect=1.625 skeleton_width=4.39 skeleton_range=2.00-5.60 skeleton_aspect=2.092 circularity=0.607
[MEASURE C440] Pit diameter=0.209535 mm valid=False
[CLEAN C441] type=Rejected area=15.5 perimeter=19.1 bbox=(188,776,7,6) long=6.0 box_short=5.0 box_aspect=1.200 skeleton_width=2.00 skeleton_range=2.00-4.39 skeleton_aspect=3.000 circularity=0.536
[CLEAN C441] REJECT Scratch: area 15.5 < 20; long_side 6.0 < 10
[CLEAN C441] REJECT Pit: area 15.5 < 32; circularity 0.536 < 0.55
[CLEAN C442] type=Scratch area=42.5 perimeter=30.7 bbox=(738,775,8,12) long=12.5 box_short=5.8 box_aspect=2.143 skeleton_width=4.00 skeleton_range=2.00-6.39 skeleton_aspect=3.120 circularity=0.566
[MEASURE C442] Scratch width=0.138649 mm valid=False
[CLEAN C443] type=Rejected area=4.0 perimeter=8.8 bbox=(561,775,3,4) long=3.0 box_short=2.0 box_aspect=1.500 skeleton_width=2.00 skeleton_range=2.00-2.80 skeleton_aspect=1.500 circularity=0.645
[CLEAN C443] REJECT Scratch: area 4.0 < 20; long_side 3.0 < 10; skeleton_aspect 1.500 < 2.5
[CLEAN C443] REJECT Pit: area 4.0 < 32
[CLEAN C444] type=Rejected area=20.0 perimeter=22.8 bbox=(274,775,4,10) long=9.0 box_short=3.0 box_aspect=3.000 skeleton_width=4.00 skeleton_range=2.00-4.00 skeleton_aspect=2.250 circularity=0.482
[CLEAN C444] REJECT Scratch: long_side 9.0 < 10; skeleton_aspect 2.250 < 2.5
[CLEAN C444] REJECT Pit: area 20.0 < 32; circularity 0.482 < 0.55
[CLEAN C445] type=Rejected area=24.5 perimeter=23.9 bbox=(1304,774,8,8) long=9.2 box_short=4.2 box_aspect=2.167 skeleton_width=2.80 skeleton_range=2.00-4.39 skeleton_aspect=3.283 circularity=0.539
[CLEAN C445] REJECT Scratch: long_side 9.2 < 10
[CLEAN C445] REJECT Pit: area 24.5 < 32; circularity 0.539 < 0.55
[CLEAN C446] type=Rejected area=9.0 perimeter=19.3 bbox=(1292,774,7,7) long=8.5 box_short=2.1 box_aspect=4.000 skeleton_width=2.00 skeleton_range=2.00-2.80 skeleton_aspect=4.243 circularity=0.303
[CLEAN C446] REJECT Scratch: area 9.0 < 20; long_side 8.5 < 10
[CLEAN C446] REJECT Pit: area 9.0 < 32; circularity 0.303 < 0.55
[CLEAN C447] type=Rejected area=6.0 perimeter=10.8 bbox=(1031,774,3,5) long=4.0 box_short=2.0 box_aspect=2.000 skeleton_width=2.00 skeleton_range=2.00-2.80 skeleton_aspect=2.000 circularity=0.643
[CLEAN C447] REJECT Scratch: area 6.0 < 20; long_side 4.0 < 10; skeleton_aspect 2.000 < 2.5
[CLEAN C447] REJECT Pit: area 6.0 < 32
[CLEAN C448] type=Rejected area=1.0 perimeter=4.0 bbox=(516,774,2,2) long=1.0 box_short=1.0 box_aspect=1.000 skeleton_width=2.00 skeleton_range=2.00-2.00 skeleton_aspect=0.500 circularity=0.785
[CLEAN C448] REJECT Scratch: area 1.0 < 20; long_side 1.0 < 10; skeleton_aspect 0.500 < 2.5
[CLEAN C448] REJECT Pit: area 1.0 < 32
[CLEAN C449] type=Rejected area=2.0 perimeter=6.0 bbox=(787,773,2,3) long=2.0 box_short=1.0 box_aspect=2.000 skeleton_width=2.00 skeleton_range=2.00-2.00 skeleton_aspect=1.000 circularity=0.698
[CLEAN C449] REJECT Scratch: area 2.0 < 20; long_side 2.0 < 10; skeleton_aspect 1.000 < 2.5
[CLEAN C449] REJECT Pit: area 2.0 < 32
[CLEAN C450] type=Rejected area=1.0 perimeter=4.0 bbox=(621,773,2,2) long=1.0 box_short=1.0 box_aspect=1.000 skeleton_width=2.00 skeleton_range=2.00-2.00 skeleton_aspect=0.500 circularity=0.785
[CLEAN C450] REJECT Scratch: area 1.0 < 20; long_side 1.0 < 10; skeleton_aspect 0.500 < 2.5
[CLEAN C450] REJECT Pit: area 1.0 < 32
[CLEAN C451] type=Scratch area=32.0 perimeter=48.1 bbox=(198,773,6,21) long=20.5 box_short=4.5 box_aspect=4.531 skeleton_width=2.00 skeleton_range=2.00-4.00 skeleton_aspect=10.253 circularity=0.174
[MEASURE C451] Scratch 不可测: 划痕最大宽度点超出中央有效测量区域
[CLEAN C452] type=Scratch area=77.5 perimeter=64.5 bbox=(793,772,21,10) long=20.0 box_short=9.0 box_aspect=2.222 skeleton_width=3.40 skeleton_range=2.00-5.60 skeleton_aspect=5.882 circularity=0.234
[MEASURE C452] Scratch width=0.182589 mm valid=False
[CLEAN C453] type=Rejected area=5.0 perimeter=10.8 bbox=(1288,771,3,5) long=4.0 box_short=2.0 box_aspect=2.000 skeleton_width=2.00 skeleton_range=2.00-2.80 skeleton_aspect=2.000 circularity=0.536
[CLEAN C453] REJECT Scratch: area 5.0 < 20; long_side 4.0 < 10; skeleton_aspect 2.000 < 2.5
[CLEAN C453] REJECT Pit: area 5.0 < 32; circularity 0.536 < 0.55
[CLEAN C454] type=Rejected area=1.0 perimeter=4.0 bbox=(1251,771,2,2) long=1.0 box_short=1.0 box_aspect=1.000 skeleton_width=2.00 skeleton_range=2.00-2.00 skeleton_aspect=0.500 circularity=0.785
[CLEAN C454] REJECT Scratch: area 1.0 < 20; long_side 1.0 < 10; skeleton_aspect 0.500 < 2.5
[CLEAN C454] REJECT Pit: area 1.0 < 32
[CLEAN C455] type=Rejected area=2.0 perimeter=6.0 bbox=(1049,771,2,3) long=2.0 box_short=1.0 box_aspect=2.000 skeleton_width=2.00 skeleton_range=2.00-2.00 skeleton_aspect=1.000 circularity=0.698
[CLEAN C455] REJECT Scratch: area 2.0 < 20; long_side 2.0 < 10; skeleton_aspect 1.000 < 2.5
[CLEAN C455] REJECT Pit: area 2.0 < 32
[CLEAN C456] type=Rejected area=4.5 perimeter=9.4 bbox=(503,771,3,4) long=3.0 box_short=2.0 box_aspect=1.500 skeleton_width=2.00 skeleton_range=2.00-2.80 skeleton_aspect=1.500 circularity=0.638
[CLEAN C456] REJECT Scratch: area 4.5 < 20; long_side 3.0 < 10; skeleton_aspect 1.500 < 2.5
[CLEAN C456] REJECT Pit: area 4.5 < 32
[CLEAN C457] type=Rejected area=13.5 perimeter=25.1 bbox=(177,771,4,9) long=8.0 box_short=3.0 box_aspect=2.667 skeleton_width=2.00 skeleton_range=2.00-4.00 skeleton_aspect=4.000 circularity=0.270
[CLEAN C457] REJECT Scratch: area 13.5 < 20; long_side 8.0 < 10
[CLEAN C457] REJECT Pit: area 13.5 < 32; circularity 0.270 < 0.55
[CLEAN C458] type=Rejected area=2.0 perimeter=6.0 bbox=(1040,769,3,2) long=2.0 box_short=1.0 box_aspect=2.000 skeleton_width=2.00 skeleton_range=2.00-2.00 skeleton_aspect=1.000 circularity=0.698
[CLEAN C458] REJECT Scratch: area 2.0 < 20; long_side 2.0 < 10; skeleton_aspect 1.000 < 2.5
[CLEAN C458] REJECT Pit: area 2.0 < 32
[CLEAN C459] type=Rejected area=6.0 perimeter=11.7 bbox=(832,769,5,4) long=5.0 box_short=1.9 box_aspect=2.571 skeleton_width=2.00 skeleton_range=2.00-2.80 skeleton_aspect=2.496 circularity=0.555
[CLEAN C459] REJECT Scratch: area 6.0 < 20; long_side 5.0 < 10; skeleton_aspect 2.496 < 2.5
[CLEAN C459] REJECT Pit: area 6.0 < 32
[CLEAN C460] type=Scratch area=80.5 perimeter=48.4 bbox=(770,769,15,13) long=13.6 box_short=11.4 box_aspect=1.195 skeleton_width=4.39 skeleton_range=2.00-6.39 skeleton_aspect=3.093 circularity=0.432
[MEASURE C460] Scratch width=0.182944 mm valid=False
[CLEAN C461] type=Rejected area=4.5 perimeter=9.4 bbox=(556,769,3,4) long=3.0 box_short=2.0 box_aspect=1.500 skeleton_width=2.00 skeleton_range=2.00-2.80 skeleton_aspect=1.500 circularity=0.638
[CLEAN C461] REJECT Scratch: area 4.5 < 20; long_side 3.0 < 10; skeleton_aspect 1.500 < 2.5
[CLEAN C461] REJECT Pit: area 4.5 < 32
[CLEAN C462] type=Rejected area=1.0 perimeter=4.0 bbox=(1325,768,2,2) long=1.0 box_short=1.0 box_aspect=1.000 skeleton_width=2.00 skeleton_range=2.00-2.00 skeleton_aspect=0.500 circularity=0.785
[CLEAN C462] REJECT Scratch: area 1.0 < 20; long_side 1.0 < 10; skeleton_aspect 0.500 < 2.5
[CLEAN C462] REJECT Pit: area 1.0 < 32
[CLEAN C463] type=Scratch area=36.5 perimeter=31.9 bbox=(696,768,8,11) long=10.0 box_short=7.0 box_aspect=1.429 skeleton_width=2.80 skeleton_range=2.00-6.00 skeleton_aspect=3.571 circularity=0.451
[MEASURE C463] Scratch width=0.138341 mm valid=False
[CLEAN C464] type=Scratch area=24.0 perimeter=23.7 bbox=(643,767,4,11) long=10.0 box_short=3.0 box_aspect=3.333 skeleton_width=4.00 skeleton_range=2.00-4.00 skeleton_aspect=2.500 circularity=0.539
[MEASURE C464] Scratch width=0.094136 mm valid=False
[CLEAN C465] type=Rejected area=15.0 perimeter=15.7 bbox=(306,767,5,6) long=4.5 box_short=4.5 box_aspect=1.000 skeleton_width=2.40 skeleton_range=2.00-4.39 skeleton_aspect=1.863 circularity=0.769
[CLEAN C465] REJECT Scratch: area 15.0 < 20; long_side 4.5 < 10; skeleton_aspect 1.863 < 2.5
[CLEAN C465] REJECT Pit: area 15.0 < 32
[CLEAN C466] type=Rejected area=25.5 perimeter=20.2 bbox=(1348,766,6,7) long=6.0 box_short=5.0 box_aspect=1.200 skeleton_width=4.39 skeleton_range=2.00-6.00 skeleton_aspect=1.366 circularity=0.782
[CLEAN C466] REJECT Scratch: long_side 6.0 < 10; skeleton_aspect 1.366 < 2.5
[CLEAN C466] REJECT Pit: area 25.5 < 32
[CLEAN C467] type=Rejected area=10.0 perimeter=12.8 bbox=(931,766,5,4) long=4.0 box_short=3.0 box_aspect=1.333 skeleton_width=2.80 skeleton_range=2.00-4.00 skeleton_aspect=1.429 circularity=0.764
[CLEAN C467] REJECT Scratch: area 10.0 < 20; long_side 4.0 < 10; skeleton_aspect 1.429 < 2.5
[CLEAN C467] REJECT Pit: area 10.0 < 32
[CLEAN C468] type=Scratch area=119.0 perimeter=122.6 bbox=(609,766,7,58) long=57.2 box_short=4.2 box_aspect=13.470 skeleton_width=4.00 skeleton_range=2.00-4.00 skeleton_aspect=14.303 circularity=0.099
[MEASURE C468] Scratch width=0.088904 mm valid=False
[CLEAN C469] type=Rejected area=11.0 perimeter=18.8 bbox=(636,765,3,9) long=8.0 box_short=2.0 box_aspect=4.000 skeleton_width=2.00 skeleton_range=2.00-4.00 skeleton_aspect=4.000 circularity=0.390
[CLEAN C469] REJECT Scratch: area 11.0 < 20; long_side 8.0 < 10
[CLEAN C469] REJECT Pit: area 11.0 < 32; circularity 0.390 < 0.55
[CLEAN C470] type=Rejected area=1.0 perimeter=4.0 bbox=(1268,764,2,2) long=1.0 box_short=1.0 box_aspect=1.000 skeleton_width=2.00 skeleton_range=2.00-2.00 skeleton_aspect=0.500 circularity=0.785
[CLEAN C470] REJECT Scratch: area 1.0 < 20; long_side 1.0 < 10; skeleton_aspect 0.500 < 2.5
[CLEAN C470] REJECT Pit: area 1.0 < 32
[CLEAN C471] type=Scratch area=164.5 perimeter=94.0 bbox=(523,764,9,42) long=41.2 box_short=7.1 box_aspect=5.823 skeleton_width=4.39 skeleton_range=2.00-8.00 skeleton_aspect=9.385 circularity=0.234
[MEASURE C471] Scratch width=0.164498 mm valid=False
[CLEAN C472] type=Scratch area=98.0 perimeter=71.0 bbox=(472,764,14,26) long=27.3 box_short=11.0 box_aspect=2.475 skeleton_width=3.40 skeleton_range=2.00-8.40 skeleton_aspect=8.025 circularity=0.245
[MEASURE C472] Scratch width=0.221875 mm valid=False
[CLEAN C473] type=Rejected area=2.0 perimeter=6.0 bbox=(1226,763,3,2) long=2.0 box_short=1.0 box_aspect=2.000 skeleton_width=2.00 skeleton_range=2.00-2.00 skeleton_aspect=1.000 circularity=0.698
[CLEAN C473] REJECT Scratch: area 2.0 < 20; long_side 2.0 < 10; skeleton_aspect 1.000 < 2.5
[CLEAN C473] REJECT Pit: area 2.0 < 32
[CLEAN C474] type=Rejected area=7.5 perimeter=16.2 bbox=(1189,763,5,6) long=6.4 box_short=2.8 box_aspect=2.250 skeleton_width=2.00 skeleton_range=2.00-4.00 skeleton_aspect=3.182 circularity=0.357
[CLEAN C474] REJECT Scratch: area 7.5 < 20; long_side 6.4 < 10
[CLEAN C474] REJECT Pit: area 7.5 < 32; circularity 0.357 < 0.55
[CLEAN C475] type=Scratch area=48.0 perimeter=39.0 bbox=(726,763,9,16) long=16.1 box_short=5.8 box_aspect=2.769 skeleton_width=2.80 skeleton_range=2.00-6.39 skeleton_aspect=5.750 circularity=0.397
[MEASURE C475] Scratch width=0.133042 mm valid=False
[CLEAN C476] type=Rejected area=1.0 perimeter=4.0 bbox=(360,763,2,2) long=1.0 box_short=1.0 box_aspect=1.000 skeleton_width=2.00 skeleton_range=2.00-2.00 skeleton_aspect=0.500 circularity=0.785
[CLEAN C476] REJECT Scratch: area 1.0 < 20; long_side 1.0 < 10; skeleton_aspect 0.500 < 2.5
[CLEAN C476] REJECT Pit: area 1.0 < 32
[CLEAN C477] type=Rejected area=6.5 perimeter=12.2 bbox=(1313,762,5,4) long=4.0 box_short=3.0 box_aspect=1.333 skeleton_width=2.00 skeleton_range=2.00-2.80 skeleton_aspect=2.000 circularity=0.545
[CLEAN C477] REJECT Scratch: area 6.5 < 20; long_side 4.0 < 10; skeleton_aspect 2.000 < 2.5
[CLEAN C477] REJECT Pit: area 6.5 < 32; circularity 0.545 < 0.55
[CLEAN C478] type=Scratch area=71.0 perimeter=54.5 bbox=(991,762,7,23) long=22.1 box_short=5.7 box_aspect=3.873 skeleton_width=2.80 skeleton_range=2.00-6.00 skeleton_aspect=7.890 circularity=0.301
[MEASURE C478] Scratch width=0.156121 mm valid=False
[CLEAN C479] type=Scratch area=72.5 perimeter=39.6 bbox=(977,762,8,17) long=16.0 box_short=7.0 box_aspect=2.286 skeleton_width=5.60 skeleton_range=2.00-7.19 skeleton_aspect=2.857 circularity=0.582
[MEASURE C479] Scratch width=0.203941 mm valid=False
[CLEAN C480] type=Rejected area=7.0 perimeter=13.7 bbox=(891,762,4,6) long=5.8 box_short=2.2 box_aspect=2.600 skeleton_width=2.00 skeleton_range=2.00-2.80 skeleton_aspect=2.907 circularity=0.472
[CLEAN C480] REJECT Scratch: area 7.0 < 20; long_side 5.8 < 10
[CLEAN C480] REJECT Pit: area 7.0 < 32; circularity 0.472 < 0.55
[CLEAN C481] type=Rejected area=3.5 perimeter=7.4 bbox=(776,762,3,3) long=2.0 box_short=2.0 box_aspect=1.000 skeleton_width=2.00 skeleton_range=2.00-2.80 skeleton_aspect=1.000 circularity=0.800
[CLEAN C481] REJECT Scratch: area 3.5 < 20; long_side 2.0 < 10; skeleton_aspect 1.000 < 2.5
[CLEAN C481] REJECT Pit: area 3.5 < 32
[CLEAN C482] type=Rejected area=13.0 perimeter=17.7 bbox=(546,762,6,6) long=5.0 box_short=5.0 box_aspect=1.000 skeleton_width=2.80 skeleton_range=2.00-4.00 skeleton_aspect=1.786 circularity=0.524
[CLEAN C482] REJECT Scratch: area 13.0 < 20; long_side 5.0 < 10; skeleton_aspect 1.786 < 2.5
[CLEAN C482] REJECT Pit: area 13.0 < 32; circularity 0.524 < 0.55
[CLEAN C483] type=Rejected area=1.0 perimeter=4.0 bbox=(393,762,2,2) long=1.0 box_short=1.0 box_aspect=1.000 skeleton_width=2.00 skeleton_range=2.00-2.00 skeleton_aspect=0.500 circularity=0.785
[CLEAN C483] REJECT Scratch: area 1.0 < 20; long_side 1.0 < 10; skeleton_aspect 0.500 < 2.5
[CLEAN C483] REJECT Pit: area 1.0 < 32
[CLEAN C484] type=Rejected area=23.0 perimeter=20.5 bbox=(944,761,7,7) long=8.5 box_short=4.2 box_aspect=2.000 skeleton_width=4.00 skeleton_range=2.00-5.60 skeleton_aspect=2.121 circularity=0.689
[CLEAN C484] REJECT Scratch: long_side 8.5 < 10; skeleton_aspect 2.121 < 2.5
[CLEAN C484] REJECT Pit: area 23.0 < 32
[CLEAN C485] type=Rejected area=24.5 perimeter=21.9 bbox=(619,761,8,7) long=6.7 box_short=5.4 box_aspect=1.250 skeleton_width=2.80 skeleton_range=2.00-5.60 skeleton_aspect=2.396 circularity=0.642
[CLEAN C485] REJECT Scratch: long_side 6.7 < 10; skeleton_aspect 2.396 < 2.5
[CLEAN C485] REJECT Pit: area 24.5 < 32
[CLEAN C486] type=Rejected area=17.0 perimeter=16.8 bbox=(870,760,6,5) long=5.0 box_short=4.0 box_aspect=1.250 skeleton_width=4.00 skeleton_range=2.00-4.39 skeleton_aspect=1.250 circularity=0.754
[CLEAN C486] REJECT Scratch: area 17.0 < 20; long_side 5.0 < 10; skeleton_aspect 1.250 < 2.5
[CLEAN C486] REJECT Pit: area 17.0 < 32
[CLEAN C487] type=Rejected area=21.0 perimeter=18.5 bbox=(197,760,6,7) long=7.1 box_short=4.2 box_aspect=1.667 skeleton_width=3.40 skeleton_range=2.00-5.60 skeleton_aspect=2.080 circularity=0.772
[CLEAN C487] REJECT Scratch: long_side 7.1 < 10; skeleton_aspect 2.080 < 2.5
[CLEAN C487] REJECT Pit: area 21.0 < 32
[CLEAN C488] type=Rejected area=4.0 perimeter=8.8 bbox=(151,760,4,3) long=3.0 box_short=2.0 box_aspect=1.500 skeleton_width=2.00 skeleton_range=2.00-2.80 skeleton_aspect=1.500 circularity=0.645
[CLEAN C488] REJECT Scratch: area 4.0 < 20; long_side 3.0 < 10; skeleton_aspect 1.500 < 2.5
[CLEAN C488] REJECT Pit: area 4.0 < 32
[CLEAN C489] type=Rejected area=19.0 perimeter=26.5 bbox=(782,759,5,10) long=9.0 box_short=4.0 box_aspect=2.250 skeleton_width=2.40 skeleton_range=2.00-4.00 skeleton_aspect=3.750 circularity=0.340
[CLEAN C489] REJECT Scratch: area 19.0 < 20; long_side 9.0 < 10
[CLEAN C489] REJECT Pit: area 19.0 < 32; circularity 0.340 < 0.55
[CLEAN C490] type=Scratch area=67.5 perimeter=36.7 bbox=(534,759,8,15) long=14.0 box_short=7.0 box_aspect=2.000 skeleton_width=5.60 skeleton_range=2.00-8.00 skeleton_aspect=2.500 circularity=0.629
[MEASURE C490] Scratch width=0.163873 mm valid=False
[CLEAN C491] type=Rejected area=5.5 perimeter=9.4 bbox=(187,759,4,3) long=3.0 box_short=2.0 box_aspect=1.500 skeleton_width=2.00 skeleton_range=2.00-4.00 skeleton_aspect=1.500 circularity=0.780
[CLEAN C491] REJECT Scratch: area 5.5 < 20; long_side 3.0 < 10; skeleton_aspect 1.500 < 2.5
[CLEAN C491] REJECT Pit: area 5.5 < 32
[CLEAN C492] type=Rejected area=27.0 perimeter=19.3 bbox=(499,758,7,7) long=5.7 box_short=5.7 box_aspect=1.000 skeleton_width=4.39 skeleton_range=2.80-6.39 skeleton_aspect=1.287 circularity=0.910
[CLEAN C492] REJECT Scratch: long_side 5.7 < 10; skeleton_aspect 1.287 < 2.5
[CLEAN C492] REJECT Pit: area 27.0 < 32
[CLEAN C493] type=Rejected area=5.5 perimeter=9.4 bbox=(804,757,4,3) long=3.0 box_short=2.0 box_aspect=1.500 skeleton_width=2.00 skeleton_range=2.00-4.00 skeleton_aspect=1.500 circularity=0.780
[CLEAN C493] REJECT Scratch: area 5.5 < 20; long_side 3.0 < 10; skeleton_aspect 1.500 < 2.5
[CLEAN C493] REJECT Pit: area 5.5 < 32
[CLEAN C494] type=Scratch area=49.0 perimeter=42.5 bbox=(165,757,7,18) long=17.5 box_short=5.2 box_aspect=3.397 skeleton_width=2.80 skeleton_range=2.00-6.00 skeleton_aspect=6.254 circularity=0.341
[MEASURE C494] Scratch 不可测: 划痕最大宽度点超出中央有效测量区域
[CLEAN C495] type=Rejected area=1.0 perimeter=4.0 bbox=(158,756,2,2) long=1.0 box_short=1.0 box_aspect=1.000 skeleton_width=2.00 skeleton_range=2.00-2.00 skeleton_aspect=0.500 circularity=0.785
[CLEAN C495] REJECT Scratch: area 1.0 < 20; long_side 1.0 < 10; skeleton_aspect 0.500 < 2.5
[CLEAN C495] REJECT Pit: area 1.0 < 32
[CLEAN C496] type=Pit area=35.0 perimeter=26.1 bbox=(1330,755,9,9) long=9.9 box_short=4.9 box_aspect=2.026 skeleton_width=4.39 skeleton_range=2.00-5.60 skeleton_aspect=2.244 circularity=0.644
[MEASURE C496] Pit 不可测: 凹点中心超出中央有效测量区域
[CLEAN C497] type=Rejected area=20.5 perimeter=25.9 bbox=(667,755,10,6) long=9.0 box_short=5.0 box_aspect=1.800 skeleton_width=2.00 skeleton_range=2.00-4.39 skeleton_aspect=4.500 circularity=0.384
[CLEAN C497] REJECT Scratch: long_side 9.0 < 10
[CLEAN C497] REJECT Pit: area 20.5 < 32; circularity 0.384 < 0.55
[CLEAN C498] type=Scratch area=28.0 perimeter=33.3 bbox=(647,755,11,9) long=11.4 box_short=5.4 box_aspect=2.111 skeleton_width=2.80 skeleton_range=2.00-4.39 skeleton_aspect=4.071 circularity=0.317
[MEASURE C498] Scratch width=0.099577 mm valid=False
[CLEAN C499] type=Rejected area=16.0 perimeter=17.7 bbox=(613,755,6,6) long=5.0 box_short=5.0 box_aspect=1.000 skeleton_width=2.80 skeleton_range=2.00-4.39 skeleton_aspect=1.786 circularity=0.645
[CLEAN C499] REJECT Scratch: area 16.0 < 20; long_side 5.0 < 10; skeleton_aspect 1.786 < 2.5
[CLEAN C499] REJECT Pit: area 16.0 < 32
[CLEAN C500] type=Rejected area=22.5 perimeter=24.2 bbox=(655,754,8,7) long=7.0 box_short=6.0 box_aspect=1.167 skeleton_width=4.00 skeleton_range=2.00-4.39 skeleton_aspect=1.750 circularity=0.481
[CLEAN C500] REJECT Scratch: long_side 7.0 < 10; skeleton_aspect 1.750 < 2.5
[CLEAN C500] REJECT Pit: area 22.5 < 32; circularity 0.481 < 0.55
[CLEAN C501] type=Rejected area=2.0 perimeter=6.0 bbox=(358,754,3,2) long=2.0 box_short=1.0 box_aspect=2.000 skeleton_width=2.00 skeleton_range=2.00-2.00 skeleton_aspect=1.000 circularity=0.698
[CLEAN C501] REJECT Scratch: area 2.0 < 20; long_side 2.0 < 10; skeleton_aspect 1.000 < 2.5
[CLEAN C501] REJECT Pit: area 2.0 < 32
[CLEAN C502] type=Rejected area=4.5 perimeter=9.4 bbox=(333,754,3,4) long=3.0 box_short=2.0 box_aspect=1.500 skeleton_width=2.00 skeleton_range=2.00-2.80 skeleton_aspect=1.500 circularity=0.638
[CLEAN C502] REJECT Scratch: area 4.5 < 20; long_side 3.0 < 10; skeleton_aspect 1.500 < 2.5
[CLEAN C502] REJECT Pit: area 4.5 < 32
[CLEAN C503] type=Rejected area=10.0 perimeter=12.8 bbox=(289,754,5,4) long=4.0 box_short=3.0 box_aspect=1.333 skeleton_width=2.80 skeleton_range=2.00-4.00 skeleton_aspect=1.429 circularity=0.764
[CLEAN C503] REJECT Scratch: area 10.0 < 20; long_side 4.0 < 10; skeleton_aspect 1.429 < 2.5
[CLEAN C503] REJECT Pit: area 10.0 < 32
[CLEAN C504] type=Rejected area=2.0 perimeter=6.0 bbox=(1326,753,2,3) long=2.0 box_short=1.0 box_aspect=2.000 skeleton_width=2.00 skeleton_range=2.00-2.00 skeleton_aspect=1.000 circularity=0.698
[CLEAN C504] REJECT Scratch: area 2.0 < 20; long_side 2.0 < 10; skeleton_aspect 1.000 < 2.5
[CLEAN C504] REJECT Pit: area 2.0 < 32
[CLEAN C505] type=Pit area=33.5 perimeter=23.1 bbox=(823,753,7,8) long=7.0 box_short=6.0 box_aspect=1.167 skeleton_width=4.20 skeleton_range=2.00-6.39 skeleton_aspect=1.668 circularity=0.791
[MEASURE C505] Pit diameter=0.180159 mm valid=False
[CLEAN C506] type=Scratch area=32.0 perimeter=35.7 bbox=(514,753,4,17) long=16.0 box_short=3.0 box_aspect=5.333 skeleton_width=2.80 skeleton_range=2.00-4.00 skeleton_aspect=5.714 circularity=0.316
[MEASURE C506] Scratch width=0.096830 mm valid=False
[CLEAN C507] type=Rejected area=3.5 perimeter=7.4 bbox=(146,753,3,3) long=2.0 box_short=2.0 box_aspect=1.000 skeleton_width=2.00 skeleton_range=2.00-2.80 skeleton_aspect=1.000 circularity=0.800
[CLEAN C507] REJECT Scratch: area 3.5 < 20; long_side 2.0 < 10; skeleton_aspect 1.000 < 2.5
[CLEAN C507] REJECT Pit: area 3.5 < 32
[CLEAN C508] type=Scratch area=46.5 perimeter=43.6 bbox=(681,752,16,9) long=15.8 box_short=6.6 box_aspect=2.384 skeleton_width=4.00 skeleton_range=2.00-5.60 skeleton_aspect=3.942 circularity=0.308
[MEASURE C508] Scratch width=0.127213 mm valid=False
[CLEAN C509] type=Rejected area=14.0 perimeter=14.8 bbox=(195,752,5,5) long=4.0 box_short=4.0 box_aspect=1.000 skeleton_width=2.80 skeleton_range=2.00-4.39 skeleton_aspect=1.429 circularity=0.800
[CLEAN C509] REJECT Scratch: area 14.0 < 20; long_side 4.0 < 10; skeleton_aspect 1.429 < 2.5
[CLEAN C509] REJECT Pit: area 14.0 < 32
[CLEAN C510] type=Rejected area=17.5 perimeter=17.1 bbox=(1304,751,7,5) long=6.0 box_short=4.0 box_aspect=1.500 skeleton_width=4.00 skeleton_range=2.00-4.39 skeleton_aspect=1.500 circularity=0.755
[CLEAN C510] REJECT Scratch: area 17.5 < 20; long_side 6.0 < 10; skeleton_aspect 1.500 < 2.5
[CLEAN C510] REJECT Pit: area 17.5 < 32
[CLEAN C511] type=Rejected area=23.5 perimeter=23.9 bbox=(932,751,6,10) long=9.4 box_short=4.5 box_aspect=2.100 skeleton_width=4.00 skeleton_range=2.00-4.39 skeleton_aspect=2.348 circularity=0.517
[CLEAN C511] REJECT Scratch: long_side 9.4 < 10; skeleton_aspect 2.348 < 2.5
[CLEAN C511] REJECT Pit: area 23.5 < 32; circularity 0.517 < 0.55
[CLEAN C512] type=Rejected area=20.5 perimeter=21.1 bbox=(890,751,7,7) long=6.1 box_short=5.5 box_aspect=1.100 skeleton_width=2.00 skeleton_range=2.00-4.39 skeleton_aspect=3.051 circularity=0.580
[CLEAN C512] REJECT Scratch: long_side 6.1 < 10
[CLEAN C512] REJECT Pit: area 20.5 < 32
[CLEAN C513] type=Rejected area=1.0 perimeter=4.0 bbox=(843,751,2,2) long=1.0 box_short=1.0 box_aspect=1.000 skeleton_width=2.00 skeleton_range=2.00-2.00 skeleton_aspect=0.500 circularity=0.785
[CLEAN C513] REJECT Scratch: area 1.0 < 20; long_side 1.0 < 10; skeleton_aspect 0.500 < 2.5
[CLEAN C513] REJECT Pit: area 1.0 < 32
[CLEAN C514] type=Rejected area=1.0 perimeter=4.0 bbox=(556,751,2,2) long=1.0 box_short=1.0 box_aspect=1.000 skeleton_width=2.00 skeleton_range=2.00-2.00 skeleton_aspect=0.500 circularity=0.785
[CLEAN C514] REJECT Scratch: area 1.0 < 20; long_side 1.0 < 10; skeleton_aspect 0.500 < 2.5
[CLEAN C514] REJECT Pit: area 1.0 < 32
[CLEAN C515] type=Rejected area=2.0 perimeter=6.0 bbox=(551,750,2,3) long=2.0 box_short=1.0 box_aspect=2.000 skeleton_width=2.00 skeleton_range=2.00-2.00 skeleton_aspect=1.000 circularity=0.698
[CLEAN C515] REJECT Scratch: area 2.0 < 20; long_side 2.0 < 10; skeleton_aspect 1.000 < 2.5
[CLEAN C515] REJECT Pit: area 2.0 < 32
[CLEAN C516] type=Scratch area=23.5 perimeter=24.2 bbox=(509,750,4,11) long=10.0 box_short=3.0 box_aspect=3.333 skeleton_width=4.00 skeleton_range=2.00-4.00 skeleton_aspect=2.500 circularity=0.502
[MEASURE C516] Scratch width=0.096950 mm valid=False
[CLEAN C517] type=Rejected area=2.0 perimeter=6.0 bbox=(497,750,3,2) long=2.0 box_short=1.0 box_aspect=2.000 skeleton_width=2.00 skeleton_range=2.00-2.00 skeleton_aspect=1.000 circularity=0.698
[CLEAN C517] REJECT Scratch: area 2.0 < 20; long_side 2.0 < 10; skeleton_aspect 1.000 < 2.5
[CLEAN C517] REJECT Pit: area 2.0 < 32
[CLEAN C518] type=Rejected area=26.0 perimeter=23.7 bbox=(1232,749,5,10) long=9.0 box_short=4.0 box_aspect=2.250 skeleton_width=4.00 skeleton_range=2.00-4.39 skeleton_aspect=2.250 circularity=0.584
[CLEAN C518] REJECT Scratch: long_side 9.0 < 10; skeleton_aspect 2.250 < 2.5
[CLEAN C518] REJECT Pit: area 26.0 < 32
[CLEAN C519] type=Scratch area=53.5 perimeter=31.6 bbox=(582,749,8,13) long=12.0 box_short=7.0 box_aspect=1.714 skeleton_width=4.39 skeleton_range=2.00-8.00 skeleton_aspect=2.731 circularity=0.675
[MEASURE C519] Scratch width=0.178640 mm valid=False
[CLEAN C520] type=Rejected area=5.0 perimeter=8.8 bbox=(229,749,3,4) long=3.0 box_short=2.0 box_aspect=1.500 skeleton_width=2.40 skeleton_range=2.00-2.80 skeleton_aspect=1.250 circularity=0.806
[CLEAN C520] REJECT Scratch: area 5.0 < 20; long_side 3.0 < 10; skeleton_aspect 1.250 < 2.5
[CLEAN C520] REJECT Pit: area 5.0 < 32
[CLEAN C521] type=Scratch area=26.0 perimeter=28.5 bbox=(130,748,6,12) long=11.4 box_short=3.8 box_aspect=3.000 skeleton_width=2.80 skeleton_range=2.00-4.00 skeleton_aspect=4.066 circularity=0.403
[MEASURE C521] Scratch 不可测: 划痕最大宽度点超出中央有效测量区域
[CLEAN C522] type=Rejected area=3.5 perimeter=7.4 bbox=(1271,747,3,3) long=2.0 box_short=2.0 box_aspect=1.000 skeleton_width=2.00 skeleton_range=2.00-2.80 skeleton_aspect=1.000 circularity=0.800
[CLEAN C522] REJECT Scratch: area 3.5 < 20; long_side 2.0 < 10; skeleton_aspect 1.000 < 2.5
[CLEAN C522] REJECT Pit: area 3.5 < 32
[CLEAN C523] type=Rejected area=9.0 perimeter=14.8 bbox=(980,747,3,7) long=6.0 box_short=2.0 box_aspect=3.000 skeleton_width=2.00 skeleton_range=2.00-4.00 skeleton_aspect=3.000 circularity=0.514
[CLEAN C523] REJECT Scratch: area 9.0 < 20; long_side 6.0 < 10
[CLEAN C523] REJECT Pit: area 9.0 < 32; circularity 0.514 < 0.55
[CLEAN C524] type=Scratch area=174.0 perimeter=74.6 bbox=(568,747,10,29) long=28.3 box_short=8.5 box_aspect=3.320 skeleton_width=5.60 skeleton_range=2.00-8.79 skeleton_aspect=5.048 circularity=0.393
[MEASURE C524] Scratch width=0.206971 mm valid=False
[CLEAN C525] type=Rejected area=1.0 perimeter=4.0 bbox=(224,747,2,2) long=1.0 box_short=1.0 box_aspect=1.000 skeleton_width=2.00 skeleton_range=2.00-2.00 skeleton_aspect=0.500 circularity=0.785
[CLEAN C525] REJECT Scratch: area 1.0 < 20; long_side 1.0 < 10; skeleton_aspect 0.500 < 2.5
[CLEAN C525] REJECT Pit: area 1.0 < 32
[CLEAN C526] type=Rejected area=2.0 perimeter=6.0 bbox=(918,746,2,3) long=2.0 box_short=1.0 box_aspect=2.000 skeleton_width=2.00 skeleton_range=2.00-2.00 skeleton_aspect=1.000 circularity=0.698
[CLEAN C526] REJECT Scratch: area 2.0 < 20; long_side 2.0 < 10; skeleton_aspect 1.000 < 2.5
[CLEAN C526] REJECT Pit: area 2.0 < 32
[CLEAN C527] type=Rejected area=12.5 perimeter=16.2 bbox=(738,746,4,7) long=6.0 box_short=3.0 box_aspect=2.000 skeleton_width=2.80 skeleton_range=2.00-4.00 skeleton_aspect=2.143 circularity=0.595
[CLEAN C527] REJECT Scratch: area 12.5 < 20; long_side 6.0 < 10; skeleton_aspect 2.143 < 2.5
[CLEAN C527] REJECT Pit: area 12.5 < 32
[CLEAN C528] type=Pit area=35.0 perimeter=26.1 bbox=(718,746,8,10) long=10.3 box_short=5.0 box_aspect=2.056 skeleton_width=4.39 skeleton_range=2.00-5.60 skeleton_aspect=2.336 circularity=0.644
[MEASURE C528] Pit diameter=0.228087 mm valid=False
[CLEAN C529] type=Rejected area=1.0 perimeter=4.0 bbox=(87,746,2,2) long=1.0 box_short=1.0 box_aspect=1.000 skeleton_width=2.00 skeleton_range=2.00-2.00 skeleton_aspect=0.500 circularity=0.785
[CLEAN C529] REJECT Scratch: area 1.0 < 20; long_side 1.0 < 10; skeleton_aspect 0.500 < 2.5
[CLEAN C529] REJECT Pit: area 1.0 < 32
[CLEAN C530] type=Rejected area=6.0 perimeter=10.8 bbox=(413,745,3,5) long=4.0 box_short=2.0 box_aspect=2.000 skeleton_width=2.00 skeleton_range=2.00-2.80 skeleton_aspect=2.000 circularity=0.643
[CLEAN C530] REJECT Scratch: area 6.0 < 20; long_side 4.0 < 10; skeleton_aspect 2.000 < 2.5
[CLEAN C530] REJECT Pit: area 6.0 < 32
[CLEAN C531] type=Rejected area=2.0 perimeter=6.0 bbox=(238,745,2,3) long=2.0 box_short=1.0 box_aspect=2.000 skeleton_width=2.00 skeleton_range=2.00-2.00 skeleton_aspect=1.000 circularity=0.698
[CLEAN C531] REJECT Scratch: area 2.0 < 20; long_side 2.0 < 10; skeleton_aspect 1.000 < 2.5
[CLEAN C531] REJECT Pit: area 2.0 < 32
[CLEAN C532] type=Scratch area=56.0 perimeter=51.0 bbox=(849,744,9,20) long=19.0 box_short=8.0 box_aspect=2.375 skeleton_width=2.80 skeleton_range=2.00-5.60 skeleton_aspect=6.786 circularity=0.271
[MEASURE C532] Scratch width=0.159680 mm valid=False
[CLEAN C533] type=Rejected area=11.0 perimeter=13.7 bbox=(728,744,5,5) long=5.7 box_short=2.8 box_aspect=2.000 skeleton_width=2.80 skeleton_range=2.00-4.00 skeleton_aspect=2.020 circularity=0.741
[CLEAN C533] REJECT Scratch: area 11.0 < 20; long_side 5.7 < 10; skeleton_aspect 2.020 < 2.5
[CLEAN C533] REJECT Pit: area 11.0 < 32
[CLEAN C534] type=Rejected area=34.0 perimeter=28.1 bbox=(626,744,7,10) long=9.0 box_short=6.0 box_aspect=1.500 skeleton_width=3.40 skeleton_range=2.00-5.60 skeleton_aspect=2.647 circularity=0.539
[CLEAN C534] REJECT Scratch: long_side 9.0 < 10
[CLEAN C534] REJECT Pit: circularity 0.539 < 0.55
[CLEAN C535] type=Rejected area=12.0 perimeter=13.7 bbox=(160,744,6,4) long=5.0 box_short=3.0 box_aspect=1.667 skeleton_width=2.80 skeleton_range=2.00-4.00 skeleton_aspect=1.786 circularity=0.809
[CLEAN C535] REJECT Scratch: area 12.0 < 20; long_side 5.0 < 10; skeleton_aspect 1.786 < 2.5
[CLEAN C535] REJECT Pit: area 12.0 < 32
[CLEAN C536] type=Rejected area=17.0 perimeter=21.7 bbox=(1197,743,4,10) long=9.2 box_short=2.9 box_aspect=3.167 skeleton_width=2.80 skeleton_range=2.00-4.00 skeleton_aspect=3.292 circularity=0.455
[CLEAN C536] REJECT Scratch: area 17.0 < 20; long_side 9.2 < 10
[CLEAN C536] REJECT Pit: area 17.0 < 32; circularity 0.455 < 0.55
[CLEAN C537] type=Rejected area=3.5 perimeter=7.4 bbox=(247,743,3,3) long=2.0 box_short=2.0 box_aspect=1.000 skeleton_width=2.00 skeleton_range=2.00-2.80 skeleton_aspect=1.000 circularity=0.800
[CLEAN C537] REJECT Scratch: area 3.5 < 20; long_side 2.0 < 10; skeleton_aspect 1.000 < 2.5
[CLEAN C537] REJECT Pit: area 3.5 < 32
[CLEAN C538] type=Scratch area=58.5 perimeter=41.9 bbox=(447,742,7,18) long=17.4 box_short=5.7 box_aspect=3.075 skeleton_width=4.00 skeleton_range=2.00-6.00 skeleton_aspect=4.349 circularity=0.419
[MEASURE C538] Scratch width=0.123222 mm valid=False
[CLEAN C539] type=Scratch area=195.0 perimeter=90.8 bbox=(366,741,29,18) long=28.8 box_short=14.8 box_aspect=1.944 skeleton_width=6.00 skeleton_range=2.00-7.19 skeleton_aspect=4.807 circularity=0.297
[MEASURE C539] Scratch width=0.141754 mm valid=False
[CLEAN C540] type=Scratch area=51.5 perimeter=39.9 bbox=(1080,740,11,13) long=14.6 box_short=7.0 box_aspect=2.087 skeleton_width=2.80 skeleton_range=2.00-6.39 skeleton_aspect=5.231 circularity=0.407
[MEASURE C540] Scratch width=0.116825 mm valid=False
[CLEAN C541] type=Rejected area=27.5 perimeter=23.9 bbox=(617,739,7,9) long=9.4 box_short=4.3 box_aspect=2.200 skeleton_width=4.00 skeleton_range=2.00-4.39 skeleton_aspect=2.358 circularity=0.605
[CLEAN C541] REJECT Scratch: long_side 9.4 < 10; skeleton_aspect 2.358 < 2.5
[CLEAN C541] REJECT Pit: area 27.5 < 32
[CLEAN C542] type=Rejected area=7.5 perimeter=11.4 bbox=(1293,738,4,4) long=3.0 box_short=3.0 box_aspect=1.000 skeleton_width=2.00 skeleton_range=2.00-4.00 skeleton_aspect=1.500 circularity=0.723
[CLEAN C542] REJECT Scratch: area 7.5 < 20; long_side 3.0 < 10; skeleton_aspect 1.500 < 2.5
[CLEAN C542] REJECT Pit: area 7.5 < 32
[CLEAN C543] type=Scratch area=52.0 perimeter=47.3 bbox=(988,738,7,21) long=20.1 box_short=5.5 box_aspect=3.682 skeleton_width=4.00 skeleton_range=2.00-5.60 skeleton_aspect=5.023 circularity=0.292
[MEASURE C543] Scratch width=0.155906 mm valid=False
[CLEAN C544] type=Rejected area=1.0 perimeter=4.0 bbox=(875,737,2,2) long=1.0 box_short=1.0 box_aspect=1.000 skeleton_width=2.00 skeleton_range=2.00-2.00 skeleton_aspect=0.500 circularity=0.785
[CLEAN C544] REJECT Scratch: area 1.0 < 20; long_side 1.0 < 10; skeleton_aspect 0.500 < 2.5
[CLEAN C544] REJECT Pit: area 1.0 < 32
[CLEAN C545] type=Scratch area=60.5 perimeter=37.6 bbox=(799,737,15,9) long=14.5 box_short=6.3 box_aspect=2.300 skeleton_width=5.00 skeleton_range=2.00-6.39 skeleton_aspect=2.911 circularity=0.539
[MEASURE C545] Scratch width=0.143889 mm valid=False
[CLEAN C546] type=Rejected area=2.0 perimeter=6.0 bbox=(139,737,2,3) long=2.0 box_short=1.0 box_aspect=2.000 skeleton_width=2.00 skeleton_range=2.00-2.00 skeleton_aspect=1.000 circularity=0.698
[CLEAN C546] REJECT Scratch: area 2.0 < 20; long_side 2.0 < 10; skeleton_aspect 1.000 < 2.5
[CLEAN C546] REJECT Pit: area 2.0 < 32
[CLEAN C547] type=Scratch area=106.0 perimeter=57.8 bbox=(517,736,13,19) long=19.6 box_short=11.0 box_aspect=1.776 skeleton_width=4.39 skeleton_range=2.00-8.00 skeleton_aspect=4.453 circularity=0.399
[MEASURE C547] Scratch width=0.186092 mm valid=False
[CLEAN C548] type=Rejected area=7.0 perimeter=10.8 bbox=(121,736,3,5) long=4.0 box_short=2.0 box_aspect=2.000 skeleton_width=2.80 skeleton_range=2.00-4.00 skeleton_aspect=1.429 circularity=0.750
[CLEAN C548] REJECT Scratch: area 7.0 < 20; long_side 4.0 < 10; skeleton_aspect 1.429 < 2.5
[CLEAN C548] REJECT Pit: area 7.0 < 32
[CLEAN C549] type=Rejected area=1.0 perimeter=4.0 bbox=(883,735,2,2) long=1.0 box_short=1.0 box_aspect=1.000 skeleton_width=2.00 skeleton_range=2.00-2.00 skeleton_aspect=0.500 circularity=0.785
[CLEAN C549] REJECT Scratch: area 1.0 < 20; long_side 1.0 < 10; skeleton_aspect 0.500 < 2.5
[CLEAN C549] REJECT Pit: area 1.0 < 32
[CLEAN C550] type=Rejected area=15.5 perimeter=16.2 bbox=(581,735,5,6) long=5.0 box_short=4.0 box_aspect=1.250 skeleton_width=3.40 skeleton_range=2.00-4.39 skeleton_aspect=1.471 circularity=0.738
[CLEAN C550] REJECT Scratch: area 15.5 < 20; long_side 5.0 < 10; skeleton_aspect 1.471 < 2.5
[CLEAN C550] REJECT Pit: area 15.5 < 32
[CLEAN C551] type=Rejected area=3.5 perimeter=7.4 bbox=(1279,734,3,3) long=2.0 box_short=2.0 box_aspect=1.000 skeleton_width=2.00 skeleton_range=2.00-2.80 skeleton_aspect=1.000 circularity=0.800
[CLEAN C551] REJECT Scratch: area 3.5 < 20; long_side 2.0 < 10; skeleton_aspect 1.000 < 2.5
[CLEAN C551] REJECT Pit: area 3.5 < 32
[CLEAN C552] type=Rejected area=12.0 perimeter=14.8 bbox=(1098,734,4,6) long=5.0 box_short=3.0 box_aspect=1.667 skeleton_width=2.80 skeleton_range=2.00-4.00 skeleton_aspect=1.786 circularity=0.686
[CLEAN C552] REJECT Scratch: area 12.0 < 20; long_side 5.0 < 10; skeleton_aspect 1.786 < 2.5
[CLEAN C552] REJECT Pit: area 12.0 < 32
[CLEAN C553] type=Rejected area=10.5 perimeter=12.2 bbox=(943,734,5,4) long=4.0 box_short=3.0 box_aspect=1.333 skeleton_width=2.80 skeleton_range=2.00-4.00 skeleton_aspect=1.429 circularity=0.880
[CLEAN C553] REJECT Scratch: area 10.5 < 20; long_side 4.0 < 10; skeleton_aspect 1.429 < 2.5
[CLEAN C553] REJECT Pit: area 10.5 < 32
[CLEAN C554] type=Rejected area=2.0 perimeter=6.0 bbox=(342,734,2,3) long=2.0 box_short=1.0 box_aspect=2.000 skeleton_width=2.00 skeleton_range=2.00-2.00 skeleton_aspect=1.000 circularity=0.698
[CLEAN C554] REJECT Scratch: area 2.0 < 20; long_side 2.0 < 10; skeleton_aspect 1.000 < 2.5
[CLEAN C554] REJECT Pit: area 2.0 < 32
[CLEAN C555] type=Rejected area=2.0 perimeter=6.0 bbox=(1007,733,3,2) long=2.0 box_short=1.0 box_aspect=2.000 skeleton_width=2.00 skeleton_range=2.00-2.00 skeleton_aspect=1.000 circularity=0.698
[CLEAN C555] REJECT Scratch: area 2.0 < 20; long_side 2.0 < 10; skeleton_aspect 1.000 < 2.5
[CLEAN C555] REJECT Pit: area 2.0 < 32
[CLEAN C556] type=Rejected area=1.0 perimeter=4.0 bbox=(934,733,2,2) long=1.0 box_short=1.0 box_aspect=1.000 skeleton_width=2.00 skeleton_range=2.00-2.00 skeleton_aspect=0.500 circularity=0.785
[CLEAN C556] REJECT Scratch: area 1.0 < 20; long_side 1.0 < 10; skeleton_aspect 0.500 < 2.5
[CLEAN C556] REJECT Pit: area 1.0 < 32
[CLEAN C557] type=Scratch area=199.5 perimeter=74.9 bbox=(761,733,12,33) long=32.0 box_short=10.0 box_aspect=3.196 skeleton_width=8.00 skeleton_range=2.00-10.39 skeleton_aspect=3.996 circularity=0.447
[MEASURE C557] Scratch width=0.206397 mm valid=False
[CLEAN C558] type=Rejected area=7.5 perimeter=11.4 bbox=(709,733,4,4) long=3.0 box_short=3.0 box_aspect=1.000 skeleton_width=2.00 skeleton_range=2.00-4.00 skeleton_aspect=1.500 circularity=0.723
[CLEAN C558] REJECT Scratch: area 7.5 < 20; long_side 3.0 < 10; skeleton_aspect 1.500 < 2.5
[CLEAN C558] REJECT Pit: area 7.5 < 32
[CLEAN C559] type=Rejected area=12.0 perimeter=13.7 bbox=(1327,732,5,5) long=4.0 box_short=4.0 box_aspect=1.000 skeleton_width=2.80 skeleton_range=2.00-4.39 skeleton_aspect=1.429 circularity=0.809
[CLEAN C559] REJECT Scratch: area 12.0 < 20; long_side 4.0 < 10; skeleton_aspect 1.429 < 2.5
[CLEAN C559] REJECT Pit: area 12.0 < 32
[CLEAN C560] type=Rejected area=7.5 perimeter=11.4 bbox=(736,732,5,3) long=4.0 box_short=2.0 box_aspect=2.000 skeleton_width=2.40 skeleton_range=2.00-4.00 skeleton_aspect=1.667 circularity=0.723
[CLEAN C560] REJECT Scratch: area 7.5 < 20; long_side 4.0 < 10; skeleton_aspect 1.667 < 2.5
[CLEAN C560] REJECT Pit: area 7.5 < 32
[CLEAN C561] type=Rejected area=15.5 perimeter=20.2 bbox=(672,732,4,9) long=8.2 box_short=2.8 box_aspect=2.900 skeleton_width=2.80 skeleton_range=2.00-4.00 skeleton_aspect=2.929 circularity=0.475
[CLEAN C561] REJECT Scratch: area 15.5 < 20; long_side 8.2 < 10
[CLEAN C561] REJECT Pit: area 15.5 < 32; circularity 0.475 < 0.55
[CLEAN C562] type=Rejected area=2.0 perimeter=6.0 bbox=(661,732,2,3) long=2.0 box_short=1.0 box_aspect=2.000 skeleton_width=2.00 skeleton_range=2.00-2.00 skeleton_aspect=1.000 circularity=0.698
[CLEAN C562] REJECT Scratch: area 2.0 < 20; long_side 2.0 < 10; skeleton_aspect 1.000 < 2.5
[CLEAN C562] REJECT Pit: area 2.0 < 32
[CLEAN C563] type=Rejected area=1.0 perimeter=4.0 bbox=(1015,731,2,2) long=1.0 box_short=1.0 box_aspect=1.000 skeleton_width=2.00 skeleton_range=2.00-2.00 skeleton_aspect=0.500 circularity=0.785
[CLEAN C563] REJECT Scratch: area 1.0 < 20; long_side 1.0 < 10; skeleton_aspect 0.500 < 2.5
[CLEAN C563] REJECT Pit: area 1.0 < 32
[CLEAN C564] type=Rejected area=12.0 perimeter=14.8 bbox=(846,731,5,5) long=4.0 box_short=4.0 box_aspect=1.000 skeleton_width=2.80 skeleton_range=2.00-4.00 skeleton_aspect=1.429 circularity=0.686
[CLEAN C564] REJECT Scratch: area 12.0 < 20; long_side 4.0 < 10; skeleton_aspect 1.429 < 2.5
[CLEAN C564] REJECT Pit: area 12.0 < 32
[CLEAN C565] type=Rejected area=13.0 perimeter=14.8 bbox=(653,731,4,6) long=5.0 box_short=3.0 box_aspect=1.667 skeleton_width=3.40 skeleton_range=2.00-4.00 skeleton_aspect=1.471 circularity=0.743
[CLEAN C565] REJECT Scratch: area 13.0 < 20; long_side 5.0 < 10; skeleton_aspect 1.471 < 2.5
[CLEAN C565] REJECT Pit: area 13.0 < 32
[CLEAN C566] type=Rejected area=4.0 perimeter=10.0 bbox=(569,731,2,5) long=4.0 box_short=1.0 box_aspect=4.000 skeleton_width=2.00 skeleton_range=2.00-2.00 skeleton_aspect=2.000 circularity=0.503
[CLEAN C566] REJECT Scratch: area 4.0 < 20; long_side 4.0 < 10; skeleton_aspect 2.000 < 2.5
[CLEAN C566] REJECT Pit: area 4.0 < 32; circularity 0.503 < 0.55
[CLEAN C567] type=Rejected area=1.0 perimeter=4.0 bbox=(560,731,2,2) long=1.0 box_short=1.0 box_aspect=1.000 skeleton_width=2.00 skeleton_range=2.00-2.00 skeleton_aspect=0.500 circularity=0.785
[CLEAN C567] REJECT Scratch: area 1.0 < 20; long_side 1.0 < 10; skeleton_aspect 0.500 < 2.5
[CLEAN C567] REJECT Pit: area 1.0 < 32
[CLEAN C568] type=Scratch area=92.5 perimeter=67.2 bbox=(172,731,8,29) long=28.3 box_short=6.7 box_aspect=4.193 skeleton_width=4.00 skeleton_range=2.00-5.60 skeleton_aspect=7.075 circularity=0.257
[MEASURE C568] Scratch 不可测: 划痕最大宽度点超出中央有效测量区域
[CLEAN C569] type=Rejected area=1.0 perimeter=4.0 bbox=(212,730,2,2) long=1.0 box_short=1.0 box_aspect=1.000 skeleton_width=2.00 skeleton_range=2.00-2.00 skeleton_aspect=0.500 circularity=0.785
[CLEAN C569] REJECT Scratch: area 1.0 < 20; long_side 1.0 < 10; skeleton_aspect 0.500 < 2.5
[CLEAN C569] REJECT Pit: area 1.0 < 32
[CLEAN C570] type=Rejected area=1.0 perimeter=4.0 bbox=(155,730,2,2) long=1.0 box_short=1.0 box_aspect=1.000 skeleton_width=2.00 skeleton_range=2.00-2.00 skeleton_aspect=0.500 circularity=0.785
[CLEAN C570] REJECT Scratch: area 1.0 < 20; long_side 1.0 < 10; skeleton_aspect 0.500 < 2.5
[CLEAN C570] REJECT Pit: area 1.0 < 32
[CLEAN C571] type=Pit area=44.0 perimeter=29.3 bbox=(895,729,9,10) long=9.1 box_short=7.6 box_aspect=1.200 skeleton_width=4.20 skeleton_range=2.00-6.39 skeleton_aspect=2.160 circularity=0.643
[MEASURE C571] Pit diameter=0.244292 mm valid=False
[CLEAN C572] type=Rejected area=3.0 perimeter=8.0 bbox=(880,729,4,2) long=3.0 box_short=1.0 box_aspect=3.000 skeleton_width=2.00 skeleton_range=2.00-2.00 skeleton_aspect=1.500 circularity=0.589
[CLEAN C572] REJECT Scratch: area 3.0 < 20; long_side 3.0 < 10; skeleton_aspect 1.500 < 2.5
[CLEAN C572] REJECT Pit: area 3.0 < 32
[CLEAN C573] type=Scratch area=66.0 perimeter=53.8 bbox=(180,729,12,21) long=21.4 box_short=6.1 box_aspect=3.492 skeleton_width=4.00 skeleton_range=2.00-6.00 skeleton_aspect=5.355 circularity=0.287
[MEASURE C573] Scratch 不可测: 划痕最大宽度点超出中央有效测量区域
[CLEAN C574] type=Scratch area=81.0 perimeter=83.8 bbox=(1345,728,11,31) long=30.0 box_short=10.0 box_aspect=3.000 skeleton_width=2.80 skeleton_range=2.00-5.60 skeleton_aspect=10.714 circularity=0.145
[MEASURE C574] Scratch 不可测: 划痕最大宽度点超出中央有效测量区域
[CLEAN C575] type=Pit area=51.0 perimeter=29.3 bbox=(781,728,11,8) long=10.0 box_short=7.0 box_aspect=1.429 skeleton_width=5.60 skeleton_range=2.00-7.19 skeleton_aspect=1.786 circularity=0.746
[MEASURE C575] Pit diameter=0.228656 mm valid=False
[CLEAN C576] type=Rejected area=5.0 perimeter=8.8 bbox=(525,728,3,4) long=3.0 box_short=2.0 box_aspect=1.500 skeleton_width=2.40 skeleton_range=2.00-2.80 skeleton_aspect=1.250 circularity=0.806
[CLEAN C576] REJECT Scratch: area 5.0 < 20; long_side 3.0 < 10; skeleton_aspect 1.250 < 2.5
[CLEAN C576] REJECT Pit: area 5.0 < 32
[CLEAN C577] type=Rejected area=8.0 perimeter=10.8 bbox=(430,728,4,4) long=3.0 box_short=3.0 box_aspect=1.000 skeleton_width=2.80 skeleton_range=2.00-4.00 skeleton_aspect=1.071 circularity=0.857
[CLEAN C577] REJECT Scratch: area 8.0 < 20; long_side 3.0 < 10; skeleton_aspect 1.071 < 2.5
[CLEAN C577] REJECT Pit: area 8.0 < 32
[CLEAN C578] type=Rejected area=13.5 perimeter=16.2 bbox=(421,726,4,7) long=6.0 box_short=3.0 box_aspect=2.000 skeleton_width=2.80 skeleton_range=2.00-4.00 skeleton_aspect=2.143 circularity=0.643
[CLEAN C578] REJECT Scratch: area 13.5 < 20; long_side 6.0 < 10; skeleton_aspect 2.143 < 2.5
[CLEAN C578] REJECT Pit: area 13.5 < 32
[CLEAN C579] type=Rejected area=7.5 perimeter=11.4 bbox=(167,726,5,3) long=4.0 box_short=2.0 box_aspect=2.000 skeleton_width=2.40 skeleton_range=2.00-4.00 skeleton_aspect=1.667 circularity=0.723
[CLEAN C579] REJECT Scratch: area 7.5 < 20; long_side 4.0 < 10; skeleton_aspect 1.667 < 2.5
[CLEAN C579] REJECT Pit: area 7.5 < 32
[CLEAN C580] type=Rejected area=7.0 perimeter=12.8 bbox=(131,726,3,6) long=5.0 box_short=2.0 box_aspect=2.500 skeleton_width=2.00 skeleton_range=2.00-2.80 skeleton_aspect=2.500 circularity=0.535
[CLEAN C580] REJECT Scratch: area 7.0 < 20; long_side 5.0 < 10
[CLEAN C580] REJECT Pit: area 7.0 < 32; circularity 0.535 < 0.55
[CLEAN C581] type=Rejected area=1.0 perimeter=4.0 bbox=(1078,725,2,2) long=1.0 box_short=1.0 box_aspect=1.000 skeleton_width=2.00 skeleton_range=2.00-2.00 skeleton_aspect=0.500 circularity=0.785
[CLEAN C581] REJECT Scratch: area 1.0 < 20; long_side 1.0 < 10; skeleton_aspect 0.500 < 2.5
[CLEAN C581] REJECT Pit: area 1.0 < 32
[CLEAN C582] type=Scratch area=169.5 perimeter=121.8 bbox=(954,725,19,39) long=39.3 box_short=12.6 box_aspect=3.115 skeleton_width=4.00 skeleton_range=2.00-8.00 skeleton_aspect=9.823 circularity=0.143
[MEASURE C582] Scratch width=0.317578 mm valid=True
Scratch: area = 169.5 width_px = 4.0 width_mm = 0.3175783193126106 ratio = 9.822691917419434
[CLEAN C583] type=Rejected area=4.5 perimeter=9.4 bbox=(819,725,4,3) long=3.0 box_short=2.0 box_aspect=1.500 skeleton_width=2.00 skeleton_range=2.00-2.80 skeleton_aspect=1.500 circularity=0.638
[CLEAN C583] REJECT Scratch: area 4.5 < 20; long_side 3.0 < 10; skeleton_aspect 1.500 < 2.5
[CLEAN C583] REJECT Pit: area 4.5 < 32
[CLEAN C584] type=Rejected area=1.0 perimeter=4.0 bbox=(663,724,2,2) long=1.0 box_short=1.0 box_aspect=1.000 skeleton_width=2.00 skeleton_range=2.00-2.00 skeleton_aspect=0.500 circularity=0.785
[CLEAN C584] REJECT Scratch: area 1.0 < 20; long_side 1.0 < 10; skeleton_aspect 0.500 < 2.5
[CLEAN C584] REJECT Pit: area 1.0 < 32
[CLEAN C585] type=Rejected area=4.0 perimeter=8.8 bbox=(622,724,4,3) long=3.0 box_short=2.0 box_aspect=1.500 skeleton_width=2.00 skeleton_range=2.00-2.80 skeleton_aspect=1.500 circularity=0.645
[CLEAN C585] REJECT Scratch: area 4.0 < 20; long_side 3.0 < 10; skeleton_aspect 1.500 < 2.5
[CLEAN C585] REJECT Pit: area 4.0 < 32
[CLEAN C586] type=Rejected area=1.0 perimeter=4.0 bbox=(251,724,2,2) long=1.0 box_short=1.0 box_aspect=1.000 skeleton_width=2.00 skeleton_range=2.00-2.00 skeleton_aspect=0.500 circularity=0.785
[CLEAN C586] REJECT Scratch: area 1.0 < 20; long_side 1.0 < 10; skeleton_aspect 0.500 < 2.5
[CLEAN C586] REJECT Pit: area 1.0 < 32
[CLEAN C587] type=Scratch area=25.5 perimeter=29.1 bbox=(752,723,11,7) long=11.0 box_short=4.8 box_aspect=2.292 skeleton_width=2.00 skeleton_range=2.00-4.39 skeleton_aspect=5.500 circularity=0.379
[MEASURE C587] Scratch width=0.083161 mm valid=False
[CLEAN C588] type=Rejected area=3.0 perimeter=8.0 bbox=(321,723,4,2) long=3.0 box_short=1.0 box_aspect=3.000 skeleton_width=2.00 skeleton_range=2.00-2.00 skeleton_aspect=1.500 circularity=0.589
[CLEAN C588] REJECT Scratch: area 3.0 < 20; long_side 3.0 < 10; skeleton_aspect 1.500 < 2.5
[CLEAN C588] REJECT Pit: area 3.0 < 32
[CLEAN C589] type=Scratch area=54.0 perimeter=39.3 bbox=(635,722,8,16) long=15.6 box_short=6.2 box_aspect=2.520 skeleton_width=4.00 skeleton_range=2.00-5.60 skeleton_aspect=3.907 circularity=0.439
[MEASURE C589] Scratch width=0.138493 mm valid=False
[CLEAN C590] type=Rejected area=1.0 perimeter=4.0 bbox=(281,722,2,2) long=1.0 box_short=1.0 box_aspect=1.000 skeleton_width=2.00 skeleton_range=2.00-2.00 skeleton_aspect=0.500 circularity=0.785
[CLEAN C590] REJECT Scratch: area 1.0 < 20; long_side 1.0 < 10; skeleton_aspect 0.500 < 2.5
[CLEAN C590] REJECT Pit: area 1.0 < 32
[CLEAN C591] type=Rejected area=12.5 perimeter=21.9 bbox=(120,721,8,6) long=7.6 box_short=3.5 box_aspect=2.182 skeleton_width=2.40 skeleton_range=2.00-2.80 skeleton_aspect=3.162 circularity=0.328
[CLEAN C591] REJECT Scratch: area 12.5 < 20; long_side 7.6 < 10
[CLEAN C591] REJECT Pit: area 12.5 < 32; circularity 0.328 < 0.55
[CLEAN C592] type=Rejected area=4.0 perimeter=10.0 bbox=(524,720,2,5) long=4.0 box_short=1.0 box_aspect=4.000 skeleton_width=2.00 skeleton_range=2.00-2.00 skeleton_aspect=2.000 circularity=0.503
[CLEAN C592] REJECT Scratch: area 4.0 < 20; long_side 4.0 < 10; skeleton_aspect 2.000 < 2.5
[CLEAN C592] REJECT Pit: area 4.0 < 32; circularity 0.503 < 0.55
[CLEAN C593] type=Scratch area=31.5 perimeter=57.9 bbox=(508,720,5,27) long=26.2 box_short=3.6 box_aspect=7.366 skeleton_width=2.00 skeleton_range=2.00-4.00 skeleton_aspect=13.081 circularity=0.118
[MEASURE C593] Scratch width=0.097035 mm valid=False
[CLEAN C594] type=Scratch area=80.5 perimeter=47.2 bbox=(493,719,13,16) long=17.0 box_short=9.2 box_aspect=1.846 skeleton_width=4.39 skeleton_range=2.00-7.19 skeleton_aspect=3.862 circularity=0.454
[MEASURE C594] Scratch width=0.142320 mm valid=False
[CLEAN C595] type=Rejected area=2.0 perimeter=6.0 bbox=(1187,718,2,3) long=2.0 box_short=1.0 box_aspect=2.000 skeleton_width=2.00 skeleton_range=2.00-2.00 skeleton_aspect=1.000 circularity=0.698
[CLEAN C595] REJECT Scratch: area 2.0 < 20; long_side 2.0 < 10; skeleton_aspect 1.000 < 2.5
[CLEAN C595] REJECT Pit: area 2.0 < 32
[CLEAN C596] type=Rejected area=1.0 perimeter=4.0 bbox=(992,718,2,2) long=1.0 box_short=1.0 box_aspect=1.000 skeleton_width=2.00 skeleton_range=2.00-2.00 skeleton_aspect=0.500 circularity=0.785
[CLEAN C596] REJECT Scratch: area 1.0 < 20; long_side 1.0 < 10; skeleton_aspect 0.500 < 2.5
[CLEAN C596] REJECT Pit: area 1.0 < 32
[CLEAN C597] type=Rejected area=15.0 perimeter=17.7 bbox=(169,718,8,4) long=7.0 box_short=3.0 box_aspect=2.333 skeleton_width=2.80 skeleton_range=2.00-4.00 skeleton_aspect=2.500 circularity=0.605
[CLEAN C597] REJECT Scratch: area 15.0 < 20; long_side 7.0 < 10
[CLEAN C597] REJECT Pit: area 15.0 < 32
[CLEAN C598] type=Rejected area=11.0 perimeter=19.7 bbox=(1027,717,4,9) long=8.5 box_short=2.2 box_aspect=3.857 skeleton_width=2.00 skeleton_range=2.00-2.80 skeleton_aspect=4.269 circularity=0.358
[CLEAN C598] REJECT Scratch: area 11.0 < 20; long_side 8.5 < 10
[CLEAN C598] REJECT Pit: area 11.0 < 32; circularity 0.358 < 0.55
[CLEAN C599] type=Rejected area=7.5 perimeter=11.4 bbox=(648,717,4,4) long=3.0 box_short=3.0 box_aspect=1.000 skeleton_width=2.00 skeleton_range=2.00-4.00 skeleton_aspect=1.500 circularity=0.723
[CLEAN C599] REJECT Scratch: area 7.5 < 20; long_side 3.0 < 10; skeleton_aspect 1.500 < 2.5
[CLEAN C599] REJECT Pit: area 7.5 < 32
[CLEAN C600] type=Rejected area=1.0 perimeter=4.0 bbox=(220,717,2,2) long=1.0 box_short=1.0 box_aspect=1.000 skeleton_width=2.00 skeleton_range=2.00-2.00 skeleton_aspect=0.500 circularity=0.785
[CLEAN C600] REJECT Scratch: area 1.0 < 20; long_side 1.0 < 10; skeleton_aspect 0.500 < 2.5
[CLEAN C600] REJECT Pit: area 1.0 < 32
[CLEAN C601] type=Scratch area=56.0 perimeter=44.6 bbox=(189,717,11,18) long=18.4 box_short=5.7 box_aspect=3.217 skeleton_width=4.00 skeleton_range=2.00-5.60 skeleton_aspect=4.593 circularity=0.353
[MEASURE C601] Scratch 不可测: 划痕最大宽度点超出中央有效测量区域
[CLEAN C602] type=Rejected area=13.5 perimeter=14.2 bbox=(617,716,4,6) long=5.0 box_short=3.0 box_aspect=1.667 skeleton_width=4.00 skeleton_range=2.00-4.00 skeleton_aspect=1.250 circularity=0.836
[CLEAN C602] REJECT Scratch: area 13.5 < 20; long_side 5.0 < 10; skeleton_aspect 1.250 < 2.5
[CLEAN C602] REJECT Pit: area 13.5 < 32
[CLEAN C603] type=Rejected area=7.5 perimeter=11.4 bbox=(597,716,3,5) long=4.0 box_short=2.0 box_aspect=2.000 skeleton_width=2.40 skeleton_range=2.00-4.00 skeleton_aspect=1.667 circularity=0.723
[CLEAN C603] REJECT Scratch: area 7.5 < 20; long_side 4.0 < 10; skeleton_aspect 1.667 < 2.5
[CLEAN C603] REJECT Pit: area 7.5 < 32
[CLEAN C604] type=Rejected area=2.0 perimeter=6.0 bbox=(363,716,2,3) long=2.0 box_short=1.0 box_aspect=2.000 skeleton_width=2.00 skeleton_range=2.00-2.00 skeleton_aspect=1.000 circularity=0.698
[CLEAN C604] REJECT Scratch: area 2.0 < 20; long_side 2.0 < 10; skeleton_aspect 1.000 < 2.5
[CLEAN C604] REJECT Pit: area 2.0 < 32
[CLEAN C605] type=Rejected area=1.0 perimeter=4.0 bbox=(166,716,2,2) long=1.0 box_short=1.0 box_aspect=1.000 skeleton_width=2.00 skeleton_range=2.00-2.00 skeleton_aspect=0.500 circularity=0.785
[CLEAN C605] REJECT Scratch: area 1.0 < 20; long_side 1.0 < 10; skeleton_aspect 0.500 < 2.5
[CLEAN C605] REJECT Pit: area 1.0 < 32
[CLEAN C606] type=Rejected area=22.0 perimeter=22.5 bbox=(1293,715,5,10) long=9.0 box_short=4.0 box_aspect=2.250 skeleton_width=2.80 skeleton_range=2.00-4.39 skeleton_aspect=3.214 circularity=0.547
[CLEAN C606] REJECT Scratch: long_side 9.0 < 10
[CLEAN C606] REJECT Pit: area 22.0 < 32; circularity 0.547 < 0.55
[CLEAN C607] type=Rejected area=6.5 perimeter=11.4 bbox=(690,715,3,5) long=4.0 box_short=2.0 box_aspect=2.000 skeleton_width=2.00 skeleton_range=2.00-4.00 skeleton_aspect=2.000 circularity=0.627
[CLEAN C607] REJECT Scratch: area 6.5 < 20; long_side 4.0 < 10; skeleton_aspect 2.000 < 2.5
[CLEAN C607] REJECT Pit: area 6.5 < 32
[CLEAN C608] type=Rejected area=1.0 perimeter=4.0 bbox=(634,715,2,2) long=1.0 box_short=1.0 box_aspect=1.000 skeleton_width=2.00 skeleton_range=2.00-2.00 skeleton_aspect=0.500 circularity=0.785
[CLEAN C608] REJECT Scratch: area 1.0 < 20; long_side 1.0 < 10; skeleton_aspect 0.500 < 2.5
[CLEAN C608] REJECT Pit: area 1.0 < 32
[CLEAN C609] type=Rejected area=1.0 perimeter=4.0 bbox=(941,714,2,2) long=1.0 box_short=1.0 box_aspect=1.000 skeleton_width=2.00 skeleton_range=2.00-2.00 skeleton_aspect=0.500 circularity=0.785
[CLEAN C609] REJECT Scratch: area 1.0 < 20; long_side 1.0 < 10; skeleton_aspect 0.500 < 2.5
[CLEAN C609] REJECT Pit: area 1.0 < 32
[CLEAN C610] type=Rejected area=3.0 perimeter=6.8 bbox=(821,714,3,3) long=2.8 box_short=1.4 box_aspect=2.000 skeleton_width=2.00 skeleton_range=2.00-2.80 skeleton_aspect=1.414 circularity=0.809
[CLEAN C610] REJECT Scratch: area 3.0 < 20; long_side 2.8 < 10; skeleton_aspect 1.414 < 2.5
[CLEAN C610] REJECT Pit: area 3.0 < 32
[CLEAN C611] type=Rejected area=4.0 perimeter=8.0 bbox=(802,714,3,3) long=2.0 box_short=2.0 box_aspect=1.000 skeleton_width=2.00 skeleton_range=2.00-4.00 skeleton_aspect=1.000 circularity=0.785
[CLEAN C611] REJECT Scratch: area 4.0 < 20; long_side 2.0 < 10; skeleton_aspect 1.000 < 2.5
[CLEAN C611] REJECT Pit: area 4.0 < 32
[CLEAN C612] type=Rejected area=4.5 perimeter=9.4 bbox=(72,714,3,4) long=3.0 box_short=2.0 box_aspect=1.500 skeleton_width=2.00 skeleton_range=2.00-2.80 skeleton_aspect=1.500 circularity=0.638
[CLEAN C612] REJECT Scratch: area 4.5 < 20; long_side 3.0 < 10; skeleton_aspect 1.500 < 2.5
[CLEAN C612] REJECT Pit: area 4.5 < 32
[CLEAN C613] type=Rejected area=6.5 perimeter=12.2 bbox=(854,713,4,5) long=4.9 box_short=2.1 box_aspect=2.333 skeleton_width=2.00 skeleton_range=2.00-2.80 skeleton_aspect=2.475 circularity=0.545
[CLEAN C613] REJECT Scratch: area 6.5 < 20; long_side 4.9 < 10; skeleton_aspect 2.475 < 2.5
[CLEAN C613] REJECT Pit: area 6.5 < 32; circularity 0.545 < 0.55
[CLEAN C614] type=Rejected area=7.5 perimeter=15.4 bbox=(676,713,4,6) long=5.0 box_short=3.0 box_aspect=1.667 skeleton_width=2.00 skeleton_range=2.00-2.80 skeleton_aspect=2.500 circularity=0.397
[CLEAN C614] REJECT Scratch: area 7.5 < 20; long_side 5.0 < 10
[CLEAN C614] REJECT Pit: area 7.5 < 32; circularity 0.397 < 0.55
[CLEAN C615] type=Rejected area=1.0 perimeter=4.0 bbox=(653,713,2,2) long=1.0 box_short=1.0 box_aspect=1.000 skeleton_width=2.00 skeleton_range=2.00-2.00 skeleton_aspect=0.500 circularity=0.785
[CLEAN C615] REJECT Scratch: area 1.0 < 20; long_side 1.0 < 10; skeleton_aspect 0.500 < 2.5
[CLEAN C615] REJECT Pit: area 1.0 < 32
[CLEAN C616] type=Rejected area=1.0 perimeter=4.0 bbox=(830,712,2,2) long=1.0 box_short=1.0 box_aspect=1.000 skeleton_width=2.00 skeleton_range=2.00-2.00 skeleton_aspect=0.500 circularity=0.785
[CLEAN C616] REJECT Scratch: area 1.0 < 20; long_side 1.0 < 10; skeleton_aspect 0.500 < 2.5
[CLEAN C616] REJECT Pit: area 1.0 < 32
[CLEAN C617] type=Scratch area=32.5 perimeter=25.1 bbox=(1346,711,5,11) long=10.0 box_short=4.0 box_aspect=2.500 skeleton_width=4.00 skeleton_range=2.00-6.00 skeleton_aspect=2.500 circularity=0.650
[MEASURE C617] Scratch 不可测: 划痕最大宽度点超出中央有效测量区域
[CLEAN C618] type=Rejected area=6.0 perimeter=10.8 bbox=(1045,711,4,4) long=3.0 box_short=3.0 box_aspect=1.000 skeleton_width=2.00 skeleton_range=2.00-2.80 skeleton_aspect=1.500 circularity=0.643
[CLEAN C618] REJECT Scratch: area 6.0 < 20; long_side 3.0 < 10; skeleton_aspect 1.500 < 2.5
[CLEAN C618] REJECT Pit: area 6.0 < 32
[CLEAN C619] type=Rejected area=23.5 perimeter=21.1 bbox=(925,711,8,6) long=7.0 box_short=5.0 box_aspect=1.400 skeleton_width=4.00 skeleton_range=2.00-5.60 skeleton_aspect=1.750 circularity=0.665
[CLEAN C619] REJECT Scratch: long_side 7.0 < 10; skeleton_aspect 1.750 < 2.5
[CLEAN C619] REJECT Pit: area 23.5 < 32
[CLEAN C620] type=Rejected area=1.0 perimeter=4.0 bbox=(610,711,2,2) long=1.0 box_short=1.0 box_aspect=1.000 skeleton_width=2.00 skeleton_range=2.00-2.00 skeleton_aspect=0.500 circularity=0.785
[CLEAN C620] REJECT Scratch: area 1.0 < 20; long_side 1.0 < 10; skeleton_aspect 0.500 < 2.5
[CLEAN C620] REJECT Pit: area 1.0 < 32
[CLEAN C621] type=Scratch area=78.0 perimeter=47.8 bbox=(768,710,10,19) long=18.9 box_short=7.5 box_aspect=2.516 skeleton_width=4.39 skeleton_range=2.00-7.19 skeleton_aspect=4.306 circularity=0.429
[MEASURE C621] Scratch width=0.184201 mm valid=False
[CLEAN C622] type=Scratch area=63.0 perimeter=81.8 bbox=(606,710,7,38) long=37.3 box_short=4.0 box_aspect=9.417 skeleton_width=2.00 skeleton_range=2.00-4.39 skeleton_aspect=18.668 circularity=0.118
[MEASURE C622] Scratch width=0.116761 mm valid=False
[CLEAN C623] type=Rejected area=9.0 perimeter=19.7 bbox=(498,710,4,9) long=8.2 box_short=2.4 box_aspect=3.412 skeleton_width=2.00 skeleton_range=2.00-4.00 skeleton_aspect=4.101 circularity=0.293
[CLEAN C623] REJECT Scratch: area 9.0 < 20; long_side 8.2 < 10
[CLEAN C623] REJECT Pit: area 9.0 < 32; circularity 0.293 < 0.55
[CLEAN C624] type=Pit area=115.0 perimeter=45.3 bbox=(566,709,10,17) long=16.0 box_short=9.0 box_aspect=1.778 skeleton_width=8.00 skeleton_range=2.00-10.00 skeleton_aspect=2.000 circularity=0.704
[MEASURE C624] Pit diameter=0.369611 mm valid=True
Pit: area = 115.0 diameter_mm = 0.3696114420890808 circularity = 0.7037987562526872
[CLEAN C625] type=Rejected area=2.0 perimeter=6.0 bbox=(127,709,2,3) long=2.0 box_short=1.0 box_aspect=2.000 skeleton_width=2.00 skeleton_range=2.00-2.00 skeleton_aspect=1.000 circularity=0.698
[CLEAN C625] REJECT Scratch: area 2.0 < 20; long_side 2.0 < 10; skeleton_aspect 1.000 < 2.5
[CLEAN C625] REJECT Pit: area 2.0 < 32
[CLEAN C626] type=Rejected area=5.0 perimeter=8.8 bbox=(445,708,3,4) long=3.0 box_short=2.0 box_aspect=1.500 skeleton_width=2.40 skeleton_range=2.00-2.80 skeleton_aspect=1.250 circularity=0.806
[CLEAN C626] REJECT Scratch: area 5.0 < 20; long_side 3.0 < 10; skeleton_aspect 1.250 < 2.5
[CLEAN C626] REJECT Pit: area 5.0 < 32
[CLEAN C627] type=Rejected area=2.0 perimeter=6.0 bbox=(670,707,2,3) long=2.0 box_short=1.0 box_aspect=2.000 skeleton_width=2.00 skeleton_range=2.00-2.00 skeleton_aspect=1.000 circularity=0.698
[CLEAN C627] REJECT Scratch: area 2.0 < 20; long_side 2.0 < 10; skeleton_aspect 1.000 < 2.5
[CLEAN C627] REJECT Pit: area 2.0 < 32
[CLEAN C628] type=Rejected area=7.5 perimeter=11.4 bbox=(524,707,3,5) long=4.0 box_short=2.0 box_aspect=2.000 skeleton_width=2.40 skeleton_range=2.00-4.00 skeleton_aspect=1.667 circularity=0.723
[CLEAN C628] REJECT Scratch: area 7.5 < 20; long_side 4.0 < 10; skeleton_aspect 1.667 < 2.5
[CLEAN C628] REJECT Pit: area 7.5 < 32
[CLEAN C629] type=Rejected area=1.0 perimeter=4.0 bbox=(152,707,2,2) long=1.0 box_short=1.0 box_aspect=1.000 skeleton_width=2.00 skeleton_range=2.00-2.00 skeleton_aspect=0.500 circularity=0.785
[CLEAN C629] REJECT Scratch: area 1.0 < 20; long_side 1.0 < 10; skeleton_aspect 0.500 < 2.5
[CLEAN C629] REJECT Pit: area 1.0 < 32
[CLEAN C630] type=Rejected area=1.0 perimeter=4.0 bbox=(1262,706,2,2) long=1.0 box_short=1.0 box_aspect=1.000 skeleton_width=2.00 skeleton_range=2.00-2.00 skeleton_aspect=0.500 circularity=0.785
[CLEAN C630] REJECT Scratch: area 1.0 < 20; long_side 1.0 < 10; skeleton_aspect 0.500 < 2.5
[CLEAN C630] REJECT Pit: area 1.0 < 32
[CLEAN C631] type=Rejected area=10.0 perimeter=12.8 bbox=(991,706,4,5) long=4.0 box_short=3.0 box_aspect=1.333 skeleton_width=2.80 skeleton_range=2.00-4.00 skeleton_aspect=1.429 circularity=0.764
[CLEAN C631] REJECT Scratch: area 10.0 < 20; long_side 4.0 < 10; skeleton_aspect 1.429 < 2.5
[CLEAN C631] REJECT Pit: area 10.0 < 32
[CLEAN C632] type=Rejected area=4.0 perimeter=8.8 bbox=(681,706,3,4) long=3.0 box_short=2.0 box_aspect=1.500 skeleton_width=2.00 skeleton_range=2.00-2.80 skeleton_aspect=1.500 circularity=0.645
[CLEAN C632] REJECT Scratch: area 4.0 < 20; long_side 3.0 < 10; skeleton_aspect 1.500 < 2.5
[CLEAN C632] REJECT Pit: area 4.0 < 32
[CLEAN C633] type=Rejected area=12.0 perimeter=22.5 bbox=(107,705,5,10) long=9.5 box_short=2.5 box_aspect=3.833 skeleton_width=2.00 skeleton_range=2.00-2.80 skeleton_aspect=4.739 circularity=0.298
[CLEAN C633] REJECT Scratch: area 12.0 < 20; long_side 9.5 < 10
[CLEAN C633] REJECT Pit: area 12.0 < 32; circularity 0.298 < 0.55
[CLEAN C634] type=Rejected area=3.5 perimeter=7.4 bbox=(100,705,3,3) long=2.0 box_short=2.0 box_aspect=1.000 skeleton_width=2.00 skeleton_range=2.00-2.80 skeleton_aspect=1.000 circularity=0.800
[CLEAN C634] REJECT Scratch: area 3.5 < 20; long_side 2.0 < 10; skeleton_aspect 1.000 < 2.5
[CLEAN C634] REJECT Pit: area 3.5 < 32
[CLEAN C635] type=Rejected area=8.5 perimeter=12.2 bbox=(1300,704,5,4) long=4.5 box_short=2.7 box_aspect=1.667 skeleton_width=2.80 skeleton_range=2.00-4.00 skeleton_aspect=1.597 circularity=0.713
[CLEAN C635] REJECT Scratch: area 8.5 < 20; long_side 4.5 < 10; skeleton_aspect 1.597 < 2.5
[CLEAN C635] REJECT Pit: area 8.5 < 32
[CLEAN C636] type=Rejected area=2.0 perimeter=6.0 bbox=(1205,704,2,3) long=2.0 box_short=1.0 box_aspect=2.000 skeleton_width=2.00 skeleton_range=2.00-2.00 skeleton_aspect=1.000 circularity=0.698
[CLEAN C636] REJECT Scratch: area 2.0 < 20; long_side 2.0 < 10; skeleton_aspect 1.000 < 2.5
[CLEAN C636] REJECT Pit: area 2.0 < 32
[CLEAN C637] type=Rejected area=1.0 perimeter=4.0 bbox=(775,704,2,2) long=1.0 box_short=1.0 box_aspect=1.000 skeleton_width=2.00 skeleton_range=2.00-2.00 skeleton_aspect=0.500 circularity=0.785
[CLEAN C637] REJECT Scratch: area 1.0 < 20; long_side 1.0 < 10; skeleton_aspect 0.500 < 2.5
[CLEAN C637] REJECT Pit: area 1.0 < 32
[CLEAN C638] type=Scratch area=81.0 perimeter=81.0 bbox=(514,704,8,25) long=24.0 box_short=7.0 box_aspect=3.429 skeleton_width=2.80 skeleton_range=2.00-6.00 skeleton_aspect=8.571 circularity=0.155
[MEASURE C638] Scratch width=0.198334 mm valid=False
[CLEAN C639] type=Pit area=43.0 perimeter=26.5 bbox=(208,704,8,9) long=8.0 box_short=7.0 box_aspect=1.143 skeleton_width=4.39 skeleton_range=2.00-8.00 skeleton_aspect=1.821 circularity=0.770
[MEASURE C639] Pit 不可测: 凹点中心超出中央有效测量区域
[CLEAN C640] type=Rejected area=19.5 perimeter=23.1 bbox=(1331,703,5,10) long=9.4 box_short=3.8 box_aspect=2.478 skeleton_width=2.80 skeleton_range=2.00-4.00 skeleton_aspect=3.347 circularity=0.460
[CLEAN C640] REJECT Scratch: area 19.5 < 20; long_side 9.4 < 10
[CLEAN C640] REJECT Pit: area 19.5 < 32; circularity 0.460 < 0.55
[CLEAN C641] type=Rejected area=1.0 perimeter=4.0 bbox=(811,703,2,2) long=1.0 box_short=1.0 box_aspect=1.000 skeleton_width=2.00 skeleton_range=2.00-2.00 skeleton_aspect=0.500 circularity=0.785
[CLEAN C641] REJECT Scratch: area 1.0 < 20; long_side 1.0 < 10; skeleton_aspect 0.500 < 2.5
[CLEAN C641] REJECT Pit: area 1.0 < 32
[CLEAN C642] type=Rejected area=8.0 perimeter=12.8 bbox=(506,703,3,6) long=5.0 box_short=2.0 box_aspect=2.500 skeleton_width=2.00 skeleton_range=2.00-4.00 skeleton_aspect=2.500 circularity=0.611
[CLEAN C642] REJECT Scratch: area 8.0 < 20; long_side 5.0 < 10
[CLEAN C642] REJECT Pit: area 8.0 < 32
[CLEAN C643] type=Rejected area=1.0 perimeter=4.0 bbox=(360,703,2,2) long=1.0 box_short=1.0 box_aspect=1.000 skeleton_width=2.00 skeleton_range=2.00-2.00 skeleton_aspect=0.500 circularity=0.785
[CLEAN C643] REJECT Scratch: area 1.0 < 20; long_side 1.0 < 10; skeleton_aspect 0.500 < 2.5
[CLEAN C643] REJECT Pit: area 1.0 < 32
[CLEAN C644] type=Rejected area=1.0 perimeter=4.0 bbox=(1055,702,2,2) long=1.0 box_short=1.0 box_aspect=1.000 skeleton_width=2.00 skeleton_range=2.00-2.00 skeleton_aspect=0.500 circularity=0.785
[CLEAN C644] REJECT Scratch: area 1.0 < 20; long_side 1.0 < 10; skeleton_aspect 0.500 < 2.5
[CLEAN C644] REJECT Pit: area 1.0 < 32
[CLEAN C645] type=Rejected area=1.0 perimeter=4.0 bbox=(829,702,2,2) long=1.0 box_short=1.0 box_aspect=1.000 skeleton_width=2.00 skeleton_range=2.00-2.00 skeleton_aspect=0.500 circularity=0.785
[CLEAN C645] REJECT Scratch: area 1.0 < 20; long_side 1.0 < 10; skeleton_aspect 0.500 < 2.5
[CLEAN C645] REJECT Pit: area 1.0 < 32
[CLEAN C646] type=Rejected area=22.5 perimeter=22.2 bbox=(738,702,4,10) long=9.0 box_short=3.0 box_aspect=3.000 skeleton_width=4.00 skeleton_range=2.00-4.00 skeleton_aspect=2.250 circularity=0.572
[CLEAN C646] REJECT Scratch: long_side 9.0 < 10; skeleton_aspect 2.250 < 2.5
[CLEAN C646] REJECT Pit: area 22.5 < 32
[CLEAN C647] type=Rejected area=15.0 perimeter=16.5 bbox=(594,702,5,7) long=6.4 box_short=3.5 box_aspect=1.800 skeleton_width=2.80 skeleton_range=2.00-4.00 skeleton_aspect=2.273 circularity=0.694
[CLEAN C647] REJECT Scratch: area 15.0 < 20; long_side 6.4 < 10; skeleton_aspect 2.273 < 2.5
[CLEAN C647] REJECT Pit: area 15.0 < 32
[CLEAN C648] type=Rejected area=13.0 perimeter=17.7 bbox=(1193,701,5,7) long=6.7 box_short=3.1 box_aspect=2.125 skeleton_width=2.80 skeleton_range=2.00-4.00 skeleton_aspect=2.381 circularity=0.524
[CLEAN C648] REJECT Scratch: area 13.0 < 20; long_side 6.7 < 10; skeleton_aspect 2.381 < 2.5
[CLEAN C648] REJECT Pit: area 13.0 < 32; circularity 0.524 < 0.55
[CLEAN C649] type=Pit area=47.0 perimeter=32.1 bbox=(634,701,10,10) long=9.2 box_short=8.2 box_aspect=1.115 skeleton_width=3.40 skeleton_range=2.00-6.39 skeleton_aspect=2.697 circularity=0.572
[MEASURE C649] Pit diameter=0.234523 mm valid=False
[CLEAN C650] type=Rejected area=1.0 perimeter=4.0 bbox=(416,701,2,2) long=1.0 box_short=1.0 box_aspect=1.000 skeleton_width=2.00 skeleton_range=2.00-2.00 skeleton_aspect=0.500 circularity=0.785
[CLEAN C650] REJECT Scratch: area 1.0 < 20; long_side 1.0 < 10; skeleton_aspect 0.500 < 2.5
[CLEAN C650] REJECT Pit: area 1.0 < 32
[CLEAN C651] type=Rejected area=1.0 perimeter=4.0 bbox=(1250,700,2,2) long=1.0 box_short=1.0 box_aspect=1.000 skeleton_width=2.00 skeleton_range=2.00-2.00 skeleton_aspect=0.500 circularity=0.785
[CLEAN C651] REJECT Scratch: area 1.0 < 20; long_side 1.0 < 10; skeleton_aspect 0.500 < 2.5
[CLEAN C651] REJECT Pit: area 1.0 < 32
[CLEAN C652] type=Rejected area=5.0 perimeter=10.8 bbox=(1235,700,3,5) long=4.0 box_short=2.0 box_aspect=2.000 skeleton_width=2.00 skeleton_range=2.00-2.80 skeleton_aspect=2.000 circularity=0.536
[CLEAN C652] REJECT Scratch: area 5.0 < 20; long_side 4.0 < 10; skeleton_aspect 2.000 < 2.5
[CLEAN C652] REJECT Pit: area 5.0 < 32; circularity 0.536 < 0.55
[CLEAN C653] type=Scratch area=29.5 perimeter=28.7 bbox=(1288,699,10,9) long=11.3 box_short=4.2 box_aspect=2.667 skeleton_width=3.40 skeleton_range=2.00-5.60 skeleton_aspect=3.328 circularity=0.449
[MEASURE C653] Scratch 不可测: 划痕最大宽度点超出中央有效测量区域
[CLEAN C654] type=Scratch area=78.0 perimeter=46.1 bbox=(954,699,15,9) long=14.0 box_short=8.0 box_aspect=1.750 skeleton_width=4.39 skeleton_range=2.00-7.19 skeleton_aspect=3.186 circularity=0.460
[MEASURE C654] Scratch width=0.182619 mm valid=False
[CLEAN C655] type=Rejected area=2.0 perimeter=6.0 bbox=(447,698,3,2) long=2.0 box_short=1.0 box_aspect=2.000 skeleton_width=2.00 skeleton_range=2.00-2.00 skeleton_aspect=1.000 circularity=0.698
[CLEAN C655] REJECT Scratch: area 2.0 < 20; long_side 2.0 < 10; skeleton_aspect 1.000 < 2.5
[CLEAN C655] REJECT Pit: area 2.0 < 32
[CLEAN C656] type=Scratch area=52.5 perimeter=38.7 bbox=(186,698,13,8) long=12.0 box_short=7.0 box_aspect=1.714 skeleton_width=4.00 skeleton_range=2.00-5.60 skeleton_aspect=3.000 circularity=0.440
[MEASURE C656] Scratch 不可测: 划痕最大宽度点超出中央有效测量区域
[CLEAN C657] type=Pit area=46.0 perimeter=26.8 bbox=(1062,697,9,7) long=8.0 box_short=6.0 box_aspect=1.333 skeleton_width=4.39 skeleton_range=2.00-8.00 skeleton_aspect=1.821 circularity=0.803
[MEASURE C657] Pit diameter=0.244121 mm valid=False
[CLEAN C658] type=Rejected area=1.0 perimeter=4.0 bbox=(945,697,2,2) long=1.0 box_short=1.0 box_aspect=1.000 skeleton_width=2.00 skeleton_range=2.00-2.00 skeleton_aspect=0.500 circularity=0.785
[CLEAN C658] REJECT Scratch: area 1.0 < 20; long_side 1.0 < 10; skeleton_aspect 0.500 < 2.5
[CLEAN C658] REJECT Pit: area 1.0 < 32
[CLEAN C659] type=Rejected area=4.5 perimeter=9.4 bbox=(231,697,3,4) long=3.0 box_short=2.0 box_aspect=1.500 skeleton_width=2.00 skeleton_range=2.00-2.80 skeleton_aspect=1.500 circularity=0.638
[CLEAN C659] REJECT Scratch: area 4.5 < 20; long_side 3.0 < 10; skeleton_aspect 1.500 < 2.5
[CLEAN C659] REJECT Pit: area 4.5 < 32
[CLEAN C660] type=Rejected area=28.5 perimeter=26.7 bbox=(1256,696,9,7) long=8.0 box_short=6.0 box_aspect=1.333 skeleton_width=2.00 skeleton_range=2.00-5.60 skeleton_aspect=4.000 circularity=0.501
[CLEAN C660] REJECT Scratch: long_side 8.0 < 10
[CLEAN C660] REJECT Pit: area 28.5 < 32; circularity 0.501 < 0.55
[CLEAN C661] type=Rejected area=15.0 perimeter=17.7 bbox=(723,696,7,5) long=6.0 box_short=4.0 box_aspect=1.500 skeleton_width=2.80 skeleton_range=2.00-4.00 skeleton_aspect=2.143 circularity=0.605
[CLEAN C661] REJECT Scratch: area 15.0 < 20; long_side 6.0 < 10; skeleton_aspect 2.143 < 2.5
[CLEAN C661] REJECT Pit: area 15.0 < 32
[CLEAN C662] type=Rejected area=1.0 perimeter=4.0 bbox=(581,696,2,2) long=1.0 box_short=1.0 box_aspect=1.000 skeleton_width=2.00 skeleton_range=2.00-2.00 skeleton_aspect=0.500 circularity=0.785
[CLEAN C662] REJECT Scratch: area 1.0 < 20; long_side 1.0 < 10; skeleton_aspect 0.500 < 2.5
[CLEAN C662] REJECT Pit: area 1.0 < 32
[CLEAN C663] type=Rejected area=19.5 perimeter=17.1 bbox=(440,696,5,7) long=6.0 box_short=4.0 box_aspect=1.500 skeleton_width=3.60 skeleton_range=2.00-5.60 skeleton_aspect=1.668 circularity=0.841
[CLEAN C663] REJECT Scratch: area 19.5 < 20; long_side 6.0 < 10; skeleton_aspect 1.668 < 2.5
[CLEAN C663] REJECT Pit: area 19.5 < 32
[CLEAN C664] type=Rejected area=1.0 perimeter=4.0 bbox=(839,695,2,2) long=1.0 box_short=1.0 box_aspect=1.000 skeleton_width=2.00 skeleton_range=2.00-2.00 skeleton_aspect=0.500 circularity=0.785
[CLEAN C664] REJECT Scratch: area 1.0 < 20; long_side 1.0 < 10; skeleton_aspect 0.500 < 2.5
[CLEAN C664] REJECT Pit: area 1.0 < 32
[CLEAN C665] type=Rejected area=8.0 perimeter=10.8 bbox=(756,695,4,4) long=3.0 box_short=3.0 box_aspect=1.000 skeleton_width=2.80 skeleton_range=2.00-4.00 skeleton_aspect=1.071 circularity=0.857
[CLEAN C665] REJECT Scratch: area 8.0 < 20; long_side 3.0 < 10; skeleton_aspect 1.071 < 2.5
[CLEAN C665] REJECT Pit: area 8.0 < 32
[CLEAN C666] type=Rejected area=9.5 perimeter=14.2 bbox=(548,695,4,6) long=5.0 box_short=3.0 box_aspect=1.667 skeleton_width=2.40 skeleton_range=2.00-4.00 skeleton_aspect=2.083 circularity=0.589
[CLEAN C666] REJECT Scratch: area 9.5 < 20; long_side 5.0 < 10; skeleton_aspect 2.083 < 2.5
[CLEAN C666] REJECT Pit: area 9.5 < 32
[CLEAN C667] type=Rejected area=1.0 perimeter=4.0 bbox=(359,695,2,2) long=1.0 box_short=1.0 box_aspect=1.000 skeleton_width=2.00 skeleton_range=2.00-2.00 skeleton_aspect=0.500 circularity=0.785
[CLEAN C667] REJECT Scratch: area 1.0 < 20; long_side 1.0 < 10; skeleton_aspect 0.500 < 2.5
[CLEAN C667] REJECT Pit: area 1.0 < 32
[CLEAN C668] type=Rejected area=7.5 perimeter=12.2 bbox=(177,695,5,4) long=4.9 box_short=2.2 box_aspect=2.200 skeleton_width=2.40 skeleton_range=2.00-2.80 skeleton_aspect=2.050 circularity=0.629
[CLEAN C668] REJECT Scratch: area 7.5 < 20; long_side 4.9 < 10; skeleton_aspect 2.050 < 2.5
[CLEAN C668] REJECT Pit: area 7.5 < 32
[CLEAN C669] type=Rejected area=2.0 perimeter=6.0 bbox=(1081,694,3,2) long=2.0 box_short=1.0 box_aspect=2.000 skeleton_width=2.00 skeleton_range=2.00-2.00 skeleton_aspect=1.000 circularity=0.698
[CLEAN C669] REJECT Scratch: area 2.0 < 20; long_side 2.0 < 10; skeleton_aspect 1.000 < 2.5
[CLEAN C669] REJECT Pit: area 2.0 < 32
[CLEAN C670] type=Rejected area=1.0 perimeter=4.0 bbox=(851,694,2,2) long=1.0 box_short=1.0 box_aspect=1.000 skeleton_width=2.00 skeleton_range=2.00-2.00 skeleton_aspect=0.500 circularity=0.785
[CLEAN C670] REJECT Scratch: area 1.0 < 20; long_side 1.0 < 10; skeleton_aspect 0.500 < 2.5
[CLEAN C670] REJECT Pit: area 1.0 < 32
[CLEAN C671] type=Rejected area=1.0 perimeter=4.0 bbox=(564,694,2,2) long=1.0 box_short=1.0 box_aspect=1.000 skeleton_width=2.00 skeleton_range=2.00-2.00 skeleton_aspect=0.500 circularity=0.785
[CLEAN C671] REJECT Scratch: area 1.0 < 20; long_side 1.0 < 10; skeleton_aspect 0.500 < 2.5
[CLEAN C671] REJECT Pit: area 1.0 < 32
[CLEAN C672] type=Scratch area=33.0 perimeter=32.5 bbox=(396,694,7,12) long=11.6 box_short=4.9 box_aspect=2.343 skeleton_width=4.00 skeleton_range=2.00-4.39 skeleton_aspect=2.899 circularity=0.393
[MEASURE C672] Scratch width=0.103048 mm valid=False
[CLEAN C673] type=Rejected area=1.0 perimeter=4.0 bbox=(296,694,2,2) long=1.0 box_short=1.0 box_aspect=1.000 skeleton_width=2.00 skeleton_range=2.00-2.00 skeleton_aspect=0.500 circularity=0.785
[CLEAN C673] REJECT Scratch: area 1.0 < 20; long_side 1.0 < 10; skeleton_aspect 0.500 < 2.5
[CLEAN C673] REJECT Pit: area 1.0 < 32
[CLEAN C674] type=Rejected area=5.5 perimeter=9.4 bbox=(1237,693,4,3) long=3.0 box_short=2.0 box_aspect=1.500 skeleton_width=2.00 skeleton_range=2.00-4.00 skeleton_aspect=1.500 circularity=0.780
[CLEAN C674] REJECT Scratch: area 5.5 < 20; long_side 3.0 < 10; skeleton_aspect 1.500 < 2.5
[CLEAN C674] REJECT Pit: area 5.5 < 32
[CLEAN C675] type=Rejected area=5.5 perimeter=9.4 bbox=(689,693,3,4) long=3.0 box_short=2.0 box_aspect=1.500 skeleton_width=2.00 skeleton_range=2.00-4.00 skeleton_aspect=1.500 circularity=0.780
[CLEAN C675] REJECT Scratch: area 5.5 < 20; long_side 3.0 < 10; skeleton_aspect 1.500 < 2.5
[CLEAN C675] REJECT Pit: area 5.5 < 32
[CLEAN C676] type=Rejected area=6.0 perimeter=10.8 bbox=(649,693,3,5) long=4.0 box_short=2.0 box_aspect=2.000 skeleton_width=2.00 skeleton_range=2.00-2.80 skeleton_aspect=2.000 circularity=0.643
[CLEAN C676] REJECT Scratch: area 6.0 < 20; long_side 4.0 < 10; skeleton_aspect 2.000 < 2.5
[CLEAN C676] REJECT Pit: area 6.0 < 32
[CLEAN C677] type=Rejected area=11.0 perimeter=14.8 bbox=(766,692,3,7) long=6.0 box_short=2.0 box_aspect=3.000 skeleton_width=2.80 skeleton_range=2.00-4.00 skeleton_aspect=2.143 circularity=0.629
[CLEAN C677] REJECT Scratch: area 11.0 < 20; long_side 6.0 < 10; skeleton_aspect 2.143 < 2.5
[CLEAN C677] REJECT Pit: area 11.0 < 32
[CLEAN C678] type=Rejected area=5.0 perimeter=10.8 bbox=(285,692,3,5) long=4.0 box_short=2.0 box_aspect=2.000 skeleton_width=2.00 skeleton_range=2.00-2.80 skeleton_aspect=2.000 circularity=0.536
[CLEAN C678] REJECT Scratch: area 5.0 < 20; long_side 4.0 < 10; skeleton_aspect 2.000 < 2.5
[CLEAN C678] REJECT Pit: area 5.0 < 32; circularity 0.536 < 0.55
[CLEAN C679] type=Rejected area=3.0 perimeter=8.0 bbox=(804,690,4,2) long=3.0 box_short=1.0 box_aspect=3.000 skeleton_width=2.00 skeleton_range=2.00-2.00 skeleton_aspect=1.500 circularity=0.589
[CLEAN C679] REJECT Scratch: area 3.0 < 20; long_side 3.0 < 10; skeleton_aspect 1.500 < 2.5
[CLEAN C679] REJECT Pit: area 3.0 < 32
[CLEAN C680] type=Rejected area=7.5 perimeter=11.4 bbox=(238,690,5,3) long=4.0 box_short=2.0 box_aspect=2.000 skeleton_width=2.40 skeleton_range=2.00-4.00 skeleton_aspect=1.667 circularity=0.723
[CLEAN C680] REJECT Scratch: area 7.5 < 20; long_side 4.0 < 10; skeleton_aspect 1.667 < 2.5
[CLEAN C680] REJECT Pit: area 7.5 < 32
[CLEAN C681] type=Scratch area=45.5 perimeter=37.9 bbox=(1345,689,7,16) long=15.0 box_short=6.0 box_aspect=2.500 skeleton_width=4.00 skeleton_range=2.00-5.60 skeleton_aspect=3.750 circularity=0.398
[MEASURE C681] Scratch 不可测: 划痕最大宽度点超出中央有效测量区域
[CLEAN C682] type=Rejected area=1.0 perimeter=4.0 bbox=(857,689,2,2) long=1.0 box_short=1.0 box_aspect=1.000 skeleton_width=2.00 skeleton_range=2.00-2.00 skeleton_aspect=0.500 circularity=0.785
[CLEAN C682] REJECT Scratch: area 1.0 < 20; long_side 1.0 < 10; skeleton_aspect 0.500 < 2.5
[CLEAN C682] REJECT Pit: area 1.0 < 32
[CLEAN C683] type=Rejected area=19.0 perimeter=29.3 bbox=(698,689,9,9) long=9.2 box_short=4.9 box_aspect=1.857 skeleton_width=2.00 skeleton_range=2.00-4.00 skeleton_aspect=4.596 circularity=0.278
[CLEAN C683] REJECT Scratch: area 19.0 < 20; long_side 9.2 < 10
[CLEAN C683] REJECT Pit: area 19.0 < 32; circularity 0.278 < 0.55
[CLEAN C684] type=Rejected area=1.0 perimeter=4.0 bbox=(697,689,2,2) long=1.0 box_short=1.0 box_aspect=1.000 skeleton_width=2.00 skeleton_range=2.00-2.00 skeleton_aspect=0.500 circularity=0.785
[CLEAN C684] REJECT Scratch: area 1.0 < 20; long_side 1.0 < 10; skeleton_aspect 0.500 < 2.5
[CLEAN C684] REJECT Pit: area 1.0 < 32
[CLEAN C685] type=Rejected area=1.0 perimeter=4.0 bbox=(155,689,2,2) long=1.0 box_short=1.0 box_aspect=1.000 skeleton_width=2.00 skeleton_range=2.00-2.00 skeleton_aspect=0.500 circularity=0.785
[CLEAN C685] REJECT Scratch: area 1.0 < 20; long_side 1.0 < 10; skeleton_aspect 0.500 < 2.5
[CLEAN C685] REJECT Pit: area 1.0 < 32
[CLEAN C686] type=Rejected area=2.0 perimeter=6.0 bbox=(114,689,2,3) long=2.0 box_short=1.0 box_aspect=2.000 skeleton_width=2.00 skeleton_range=2.00-2.00 skeleton_aspect=1.000 circularity=0.698
[CLEAN C686] REJECT Scratch: area 2.0 < 20; long_side 2.0 < 10; skeleton_aspect 1.000 < 2.5
[CLEAN C686] REJECT Pit: area 2.0 < 32
[CLEAN C687] type=Rejected area=39.0 perimeter=35.3 bbox=(637,688,10,9) long=9.5 box_short=7.2 box_aspect=1.318 skeleton_width=2.80 skeleton_range=2.00-5.60 skeleton_aspect=3.405 circularity=0.393
[CLEAN C687] REJECT Scratch: long_side 9.5 < 10
[CLEAN C687] REJECT Pit: circularity 0.393 < 0.55
[CLEAN C688] type=Rejected area=20.0 perimeter=20.5 bbox=(606,688,5,9) long=8.2 box_short=3.8 box_aspect=2.167 skeleton_width=2.80 skeleton_range=2.00-4.39 skeleton_aspect=2.936 circularity=0.599
[CLEAN C688] REJECT Scratch: long_side 8.2 < 10
[CLEAN C688] REJECT Pit: area 20.0 < 32
[CLEAN C689] type=Scratch area=24.5 perimeter=35.1 bbox=(528,688,4,16) long=15.0 box_short=3.0 box_aspect=5.000 skeleton_width=2.00 skeleton_range=2.00-4.00 skeleton_aspect=7.500 circularity=0.250
[MEASURE C689] Scratch width=0.073687 mm valid=False
[CLEAN C690] type=Scratch area=113.5 perimeter=53.7 bbox=(505,688,19,13) long=19.2 box_short=10.3 box_aspect=1.870 skeleton_width=4.39 skeleton_range=2.00-10.39 skeleton_aspect=4.377 circularity=0.495
[MEASURE C690] Scratch width=0.227169 mm valid=False
[CLEAN C691] type=Scratch area=27.5 perimeter=25.9 bbox=(1201,687,8,9) long=10.0 box_short=4.3 box_aspect=2.348 skeleton_width=4.00 skeleton_range=2.00-4.39 skeleton_aspect=2.507 circularity=0.515
[MEASURE C691] Scratch 不可测: 划痕最大宽度点超出中央有效测量区域
[CLEAN C692] type=Rejected area=1.0 perimeter=4.0 bbox=(1096,687,2,2) long=1.0 box_short=1.0 box_aspect=1.000 skeleton_width=2.00 skeleton_range=2.00-2.00 skeleton_aspect=0.500 circularity=0.785
[CLEAN C692] REJECT Scratch: area 1.0 < 20; long_side 1.0 < 10; skeleton_aspect 0.500 < 2.5
[CLEAN C692] REJECT Pit: area 1.0 < 32
[CLEAN C693] type=Scratch area=174.0 perimeter=173.5 bbox=(457,685,10,83) long=82.4 box_short=4.8 box_aspect=17.248 skeleton_width=3.40 skeleton_range=2.00-6.00 skeleton_aspect=24.228 circularity=0.073
[MEASURE C693] Scratch width=0.122591 mm valid=False
[CLEAN C694] type=Rejected area=7.0 perimeter=16.8 bbox=(1284,684,4,7) long=6.0 box_short=3.0 box_aspect=2.000 skeleton_width=2.00 skeleton_range=2.00-2.00 skeleton_aspect=3.000 circularity=0.311
[CLEAN C694] REJECT Scratch: area 7.0 < 20; long_side 6.0 < 10
[CLEAN C694] REJECT Pit: area 7.0 < 32; circularity 0.311 < 0.55
[CLEAN C695] type=Rejected area=2.0 perimeter=6.0 bbox=(1040,684,2,3) long=2.0 box_short=1.0 box_aspect=2.000 skeleton_width=2.00 skeleton_range=2.00-2.00 skeleton_aspect=1.000 circularity=0.698
[CLEAN C695] REJECT Scratch: area 2.0 < 20; long_side 2.0 < 10; skeleton_aspect 1.000 < 2.5
[CLEAN C695] REJECT Pit: area 2.0 < 32
[CLEAN C696] type=Rejected area=3.0 perimeter=8.0 bbox=(902,684,2,4) long=3.0 box_short=1.0 box_aspect=3.000 skeleton_width=2.00 skeleton_range=2.00-2.00 skeleton_aspect=1.500 circularity=0.589
[CLEAN C696] REJECT Scratch: area 3.0 < 20; long_side 3.0 < 10; skeleton_aspect 1.500 < 2.5
[CLEAN C696] REJECT Pit: area 3.0 < 32
[CLEAN C697] type=Rejected area=2.0 perimeter=6.0 bbox=(1291,683,2,3) long=2.0 box_short=1.0 box_aspect=2.000 skeleton_width=2.00 skeleton_range=2.00-2.00 skeleton_aspect=1.000 circularity=0.698
[CLEAN C697] REJECT Scratch: area 2.0 < 20; long_side 2.0 < 10; skeleton_aspect 1.000 < 2.5
[CLEAN C697] REJECT Pit: area 2.0 < 32
[CLEAN C698] type=Scratch area=130.0 perimeter=87.9 bbox=(742,683,14,35) long=34.1 box_short=10.0 box_aspect=3.429 skeleton_width=4.00 skeleton_range=2.00-7.19 skeleton_aspect=8.533 circularity=0.211
[MEASURE C698] Scratch width=0.183617 mm valid=False
[CLEAN C699] type=Rejected area=1.0 perimeter=4.0 bbox=(498,683,2,2) long=1.0 box_short=1.0 box_aspect=1.000 skeleton_width=2.00 skeleton_range=2.00-2.00 skeleton_aspect=0.500 circularity=0.785
[CLEAN C699] REJECT Scratch: area 1.0 < 20; long_side 1.0 < 10; skeleton_aspect 0.500 < 2.5
[CLEAN C699] REJECT Pit: area 1.0 < 32
[CLEAN C700] type=Rejected area=1.0 perimeter=4.0 bbox=(492,683,2,2) long=1.0 box_short=1.0 box_aspect=1.000 skeleton_width=2.00 skeleton_range=2.00-2.00 skeleton_aspect=0.500 circularity=0.785
[CLEAN C700] REJECT Scratch: area 1.0 < 20; long_side 1.0 < 10; skeleton_aspect 0.500 < 2.5
[CLEAN C700] REJECT Pit: area 1.0 < 32
[CLEAN C701] type=Rejected area=6.0 perimeter=10.0 bbox=(127,683,3,4) long=3.0 box_short=2.0 box_aspect=1.500 skeleton_width=2.00 skeleton_range=2.00-4.00 skeleton_aspect=1.500 circularity=0.754
[CLEAN C701] REJECT Scratch: area 6.0 < 20; long_side 3.0 < 10; skeleton_aspect 1.500 < 2.5
[CLEAN C701] REJECT Pit: area 6.0 < 32
[CLEAN C702] type=Rejected area=5.5 perimeter=9.4 bbox=(1185,682,3,4) long=3.0 box_short=2.0 box_aspect=1.500 skeleton_width=2.00 skeleton_range=2.00-4.00 skeleton_aspect=1.500 circularity=0.780
[CLEAN C702] REJECT Scratch: area 5.5 < 20; long_side 3.0 < 10; skeleton_aspect 1.500 < 2.5
[CLEAN C702] REJECT Pit: area 5.5 < 32
[CLEAN C703] type=Rejected area=5.5 perimeter=10.2 bbox=(349,682,4,4) long=3.0 box_short=3.0 box_aspect=1.000 skeleton_width=2.00 skeleton_range=2.00-2.80 skeleton_aspect=1.500 circularity=0.659
[CLEAN C703] REJECT Scratch: area 5.5 < 20; long_side 3.0 < 10; skeleton_aspect 1.500 < 2.5
[CLEAN C703] REJECT Pit: area 5.5 < 32
[CLEAN C704] type=Rejected area=1.0 perimeter=4.0 bbox=(278,682,2,2) long=1.0 box_short=1.0 box_aspect=1.000 skeleton_width=2.00 skeleton_range=2.00-2.00 skeleton_aspect=0.500 circularity=0.785
[CLEAN C704] REJECT Scratch: area 1.0 < 20; long_side 1.0 < 10; skeleton_aspect 0.500 < 2.5
[CLEAN C704] REJECT Pit: area 1.0 < 32
[CLEAN C705] type=Scratch area=55.0 perimeter=41.0 bbox=(616,681,13,13) long=14.8 box_short=6.4 box_aspect=2.333 skeleton_width=4.00 skeleton_range=2.00-7.19 skeleton_aspect=3.712 circularity=0.412
[MEASURE C705] Scratch width=0.160761 mm valid=False
[CLEAN C706] type=Rejected area=2.0 perimeter=6.0 bbox=(578,681,2,3) long=2.0 box_short=1.0 box_aspect=2.000 skeleton_width=2.00 skeleton_range=2.00-2.00 skeleton_aspect=1.000 circularity=0.698
[CLEAN C706] REJECT Scratch: area 2.0 < 20; long_side 2.0 < 10; skeleton_aspect 1.000 < 2.5
[CLEAN C706] REJECT Pit: area 2.0 < 32
[CLEAN C707] type=Rejected area=4.0 perimeter=10.0 bbox=(521,681,5,2) long=4.0 box_short=1.0 box_aspect=4.000 skeleton_width=2.00 skeleton_range=2.00-2.00 skeleton_aspect=2.000 circularity=0.503
[CLEAN C707] REJECT Scratch: area 4.0 < 20; long_side 4.0 < 10; skeleton_aspect 2.000 < 2.5
[CLEAN C707] REJECT Pit: area 4.0 < 32; circularity 0.503 < 0.55
[CLEAN C708] type=Rejected area=1.0 perimeter=4.0 bbox=(1008,680,2,2) long=1.0 box_short=1.0 box_aspect=1.000 skeleton_width=2.00 skeleton_range=2.00-2.00 skeleton_aspect=0.500 circularity=0.785
[CLEAN C708] REJECT Scratch: area 1.0 < 20; long_side 1.0 < 10; skeleton_aspect 0.500 < 2.5
[CLEAN C708] REJECT Pit: area 1.0 < 32
[CLEAN C709] type=Rejected area=2.0 perimeter=6.0 bbox=(259,680,2,3) long=2.0 box_short=1.0 box_aspect=2.000 skeleton_width=2.00 skeleton_range=2.00-2.00 skeleton_aspect=1.000 circularity=0.698
[CLEAN C709] REJECT Scratch: area 2.0 < 20; long_side 2.0 < 10; skeleton_aspect 1.000 < 2.5
[CLEAN C709] REJECT Pit: area 2.0 < 32
[CLEAN C710] type=Rejected area=5.5 perimeter=9.4 bbox=(1127,679,4,3) long=3.0 box_short=2.0 box_aspect=1.500 skeleton_width=2.00 skeleton_range=2.00-4.00 skeleton_aspect=1.500 circularity=0.780
[CLEAN C710] REJECT Scratch: area 5.5 < 20; long_side 3.0 < 10; skeleton_aspect 1.500 < 2.5
[CLEAN C710] REJECT Pit: area 5.5 < 32
[CLEAN C711] type=Scratch area=74.5 perimeter=42.7 bbox=(985,679,10,15) long=15.3 box_short=7.3 box_aspect=2.100 skeleton_width=5.00 skeleton_range=2.00-6.39 skeleton_aspect=3.058 circularity=0.513
[MEASURE C711] Scratch width=0.179160 mm valid=False
[CLEAN C712] type=Rejected area=1.0 perimeter=4.0 bbox=(878,679,2,2) long=1.0 box_short=1.0 box_aspect=1.000 skeleton_width=2.00 skeleton_range=2.00-2.00 skeleton_aspect=0.500 circularity=0.785
[CLEAN C712] REJECT Scratch: area 1.0 < 20; long_side 1.0 < 10; skeleton_aspect 0.500 < 2.5
[CLEAN C712] REJECT Pit: area 1.0 < 32
[CLEAN C713] type=Scratch area=64.5 perimeter=39.2 bbox=(729,679,15,11) long=15.5 box_short=7.9 box_aspect=1.960 skeleton_width=5.00 skeleton_range=2.00-8.00 skeleton_aspect=3.101 circularity=0.527
[MEASURE C713] Scratch width=0.199274 mm valid=False
[CLEAN C714] type=Scratch area=25.5 perimeter=36.7 bbox=(212,679,7,12) long=11.0 box_short=6.0 box_aspect=1.833 skeleton_width=2.00 skeleton_range=2.00-4.39 skeleton_aspect=5.500 circularity=0.238
[MEASURE C714] Scratch 不可测: 划痕最大宽度点超出中央有效测量区域
[CLEAN C715] type=Rejected area=15.0 perimeter=17.7 bbox=(117,679,7,4) long=6.0 box_short=3.0 box_aspect=2.000 skeleton_width=2.80 skeleton_range=2.00-4.00 skeleton_aspect=2.143 circularity=0.605
[CLEAN C715] REJECT Scratch: area 15.0 < 20; long_side 6.0 < 10; skeleton_aspect 2.143 < 2.5
[CLEAN C715] REJECT Pit: area 15.0 < 32
[CLEAN C716] type=Rejected area=13.5 perimeter=23.1 bbox=(1239,678,6,9) long=9.4 box_short=3.6 box_aspect=2.625 skeleton_width=2.00 skeleton_range=2.00-2.80 skeleton_aspect=4.696 circularity=0.319
[CLEAN C716] REJECT Scratch: area 13.5 < 20; long_side 9.4 < 10
[CLEAN C716] REJECT Pit: area 13.5 < 32; circularity 0.319 < 0.55
[CLEAN C717] type=Rejected area=6.0 perimeter=10.8 bbox=(1074,678,4,4) long=3.0 box_short=3.0 box_aspect=1.000 skeleton_width=2.00 skeleton_range=2.00-2.80 skeleton_aspect=1.500 circularity=0.643
[CLEAN C717] REJECT Scratch: area 6.0 < 20; long_side 3.0 < 10; skeleton_aspect 1.500 < 2.5
[CLEAN C717] REJECT Pit: area 6.0 < 32
[CLEAN C718] type=Rejected area=18.0 perimeter=17.7 bbox=(639,678,6,6) long=5.0 box_short=5.0 box_aspect=1.000 skeleton_width=3.40 skeleton_range=2.00-4.39 skeleton_aspect=1.471 circularity=0.726
[CLEAN C718] REJECT Scratch: area 18.0 < 20; long_side 5.0 < 10; skeleton_aspect 1.471 < 2.5
[CLEAN C718] REJECT Pit: area 18.0 < 32
[CLEAN C719] type=Rejected area=9.5 perimeter=12.2 bbox=(534,678,4,5) long=4.0 box_short=3.0 box_aspect=1.333 skeleton_width=2.80 skeleton_range=2.00-4.00 skeleton_aspect=1.429 circularity=0.796
[CLEAN C719] REJECT Scratch: area 9.5 < 20; long_side 4.0 < 10; skeleton_aspect 1.429 < 2.5
[CLEAN C719] REJECT Pit: area 9.5 < 32
[CLEAN C720] type=Rejected area=1.0 perimeter=4.0 bbox=(429,678,2,2) long=1.0 box_short=1.0 box_aspect=1.000 skeleton_width=2.00 skeleton_range=2.00-2.00 skeleton_aspect=0.500 circularity=0.785
[CLEAN C720] REJECT Scratch: area 1.0 < 20; long_side 1.0 < 10; skeleton_aspect 0.500 < 2.5
[CLEAN C720] REJECT Pit: area 1.0 < 32
[CLEAN C721] type=Rejected area=18.0 perimeter=19.7 bbox=(1216,677,5,8) long=7.8 box_short=3.2 box_aspect=2.462 skeleton_width=3.40 skeleton_range=2.00-4.00 skeleton_aspect=2.283 circularity=0.585
[CLEAN C721] REJECT Scratch: area 18.0 < 20; long_side 7.8 < 10; skeleton_aspect 2.283 < 2.5
[CLEAN C721] REJECT Pit: area 18.0 < 32
[CLEAN C722] type=Rejected area=2.0 perimeter=6.0 bbox=(996,677,2,3) long=2.0 box_short=1.0 box_aspect=2.000 skeleton_width=2.00 skeleton_range=2.00-2.00 skeleton_aspect=1.000 circularity=0.698
[CLEAN C722] REJECT Scratch: area 2.0 < 20; long_side 2.0 < 10; skeleton_aspect 1.000 < 2.5
[CLEAN C722] REJECT Pit: area 2.0 < 32
[CLEAN C723] type=Rejected area=20.5 perimeter=19.1 bbox=(507,677,6,7) long=6.0 box_short=5.0 box_aspect=1.200 skeleton_width=4.00 skeleton_range=2.00-4.39 skeleton_aspect=1.500 circularity=0.708
[CLEAN C723] REJECT Scratch: long_side 6.0 < 10; skeleton_aspect 1.500 < 2.5
[CLEAN C723] REJECT Pit: area 20.5 < 32
[CLEAN C724] type=Rejected area=18.0 perimeter=28.5 bbox=(185,677,5,13) long=12.6 box_short=2.8 box_aspect=4.444 skeleton_width=2.00 skeleton_range=2.00-4.00 skeleton_aspect=6.325 circularity=0.279
[CLEAN C724] REJECT Scratch: area 18.0 < 20
[CLEAN C724] REJECT Pit: area 18.0 < 32; circularity 0.279 < 0.55
[CLEAN C725] type=Rejected area=12.5 perimeter=14.2 bbox=(176,677,6,4) long=5.0 box_short=3.0 box_aspect=1.667 skeleton_width=2.80 skeleton_range=2.00-4.00 skeleton_aspect=1.786 circularity=0.774
[CLEAN C725] REJECT Scratch: area 12.5 < 20; long_side 5.0 < 10; skeleton_aspect 1.786 < 2.5
[CLEAN C725] REJECT Pit: area 12.5 < 32
[CLEAN C726] type=Scratch area=53.5 perimeter=43.6 bbox=(143,677,10,16) long=15.5 box_short=8.2 box_aspect=1.897 skeleton_width=2.80 skeleton_range=2.00-6.00 skeleton_aspect=5.538 circularity=0.354
[MEASURE C726] Scratch 不可测: 划痕最大宽度点超出中央有效测量区域
[CLEAN C727] type=Rejected area=2.0 perimeter=6.0 bbox=(135,677,3,2) long=2.0 box_short=1.0 box_aspect=2.000 skeleton_width=2.00 skeleton_range=2.00-2.00 skeleton_aspect=1.000 circularity=0.698
[CLEAN C727] REJECT Scratch: area 2.0 < 20; long_side 2.0 < 10; skeleton_aspect 1.000 < 2.5
[CLEAN C727] REJECT Pit: area 2.0 < 32
[CLEAN C728] type=Scratch area=77.5 perimeter=45.2 bbox=(1250,676,13,15) long=15.8 box_short=9.5 box_aspect=1.659 skeleton_width=4.39 skeleton_range=2.00-7.19 skeleton_aspect=3.604 circularity=0.476
[MEASURE C728] Scratch 不可测: 划痕最大宽度点超出中央有效测量区域
[CLEAN C729] type=Scratch area=75.0 perimeter=49.0 bbox=(953,676,10,18) long=18.2 box_short=7.1 box_aspect=2.570 skeleton_width=4.00 skeleton_range=2.00-7.19 skeleton_aspect=4.539 circularity=0.393
[MEASURE C729] Scratch width=0.175280 mm valid=False
[CLEAN C730] type=Scratch area=24.5 perimeter=29.9 bbox=(1226,675,6,11) long=10.0 box_short=4.7 box_aspect=2.132 skeleton_width=2.80 skeleton_range=2.00-4.00 skeleton_aspect=3.588 circularity=0.344
[MEASURE C730] Scratch 不可测: 划痕最大宽度点超出中央有效测量区域
[CLEAN C731] type=Rejected area=5.5 perimeter=10.2 bbox=(776,675,4,4) long=4.2 box_short=2.1 box_aspect=2.000 skeleton_width=2.00 skeleton_range=2.00-2.80 skeleton_aspect=2.121 circularity=0.659
[CLEAN C731] REJECT Scratch: area 5.5 < 20; long_side 4.2 < 10; skeleton_aspect 2.121 < 2.5
[CLEAN C731] REJECT Pit: area 5.5 < 32
[CLEAN C732] type=Rejected area=8.0 perimeter=12.0 bbox=(749,675,3,5) long=4.0 box_short=2.0 box_aspect=2.000 skeleton_width=2.00 skeleton_range=2.00-4.00 skeleton_aspect=2.000 circularity=0.698
[CLEAN C732] REJECT Scratch: area 8.0 < 20; long_side 4.0 < 10; skeleton_aspect 2.000 < 2.5
[CLEAN C732] REJECT Pit: area 8.0 < 32
[CLEAN C733] type=Rejected area=3.0 perimeter=8.0 bbox=(945,674,4,2) long=3.0 box_short=1.0 box_aspect=3.000 skeleton_width=2.00 skeleton_range=2.00-2.00 skeleton_aspect=1.500 circularity=0.589
[CLEAN C733] REJECT Scratch: area 3.0 < 20; long_side 3.0 < 10; skeleton_aspect 1.500 < 2.5
[CLEAN C733] REJECT Pit: area 3.0 < 32
[CLEAN C734] type=Rejected area=17.0 perimeter=18.8 bbox=(582,674,4,8) long=7.0 box_short=3.0 box_aspect=2.333 skeleton_width=4.00 skeleton_range=2.00-4.00 skeleton_aspect=1.750 circularity=0.603
[CLEAN C734] REJECT Scratch: area 17.0 < 20; long_side 7.0 < 10; skeleton_aspect 1.750 < 2.5
[CLEAN C734] REJECT Pit: area 17.0 < 32
[CLEAN C735] type=Rejected area=29.5 perimeter=23.1 bbox=(401,674,6,9) long=8.0 box_short=5.0 box_aspect=1.600 skeleton_width=4.00 skeleton_range=2.00-6.00 skeleton_aspect=2.000 circularity=0.696
[CLEAN C735] REJECT Scratch: long_side 8.0 < 10; skeleton_aspect 2.000 < 2.5
[CLEAN C735] REJECT Pit: area 29.5 < 32
[CLEAN C736] type=Rejected area=4.5 perimeter=9.4 bbox=(110,674,3,4) long=3.0 box_short=2.0 box_aspect=1.500 skeleton_width=2.00 skeleton_range=2.00-2.80 skeleton_aspect=1.500 circularity=0.638
[CLEAN C736] REJECT Scratch: area 4.5 < 20; long_side 3.0 < 10; skeleton_aspect 1.500 < 2.5
[CLEAN C736] REJECT Pit: area 4.5 < 32
[CLEAN C737] type=Rejected area=1.0 perimeter=4.0 bbox=(1099,673,2,2) long=1.0 box_short=1.0 box_aspect=1.000 skeleton_width=2.00 skeleton_range=2.00-2.00 skeleton_aspect=0.500 circularity=0.785
[CLEAN C737] REJECT Scratch: area 1.0 < 20; long_side 1.0 < 10; skeleton_aspect 0.500 < 2.5
[CLEAN C737] REJECT Pit: area 1.0 < 32
[CLEAN C738] type=Rejected area=1.0 perimeter=4.0 bbox=(985,673,2,2) long=1.0 box_short=1.0 box_aspect=1.000 skeleton_width=2.00 skeleton_range=2.00-2.00 skeleton_aspect=0.500 circularity=0.785
[CLEAN C738] REJECT Scratch: area 1.0 < 20; long_side 1.0 < 10; skeleton_aspect 0.500 < 2.5
[CLEAN C738] REJECT Pit: area 1.0 < 32
[CLEAN C739] type=Rejected area=12.5 perimeter=15.4 bbox=(629,673,4,6) long=5.0 box_short=3.0 box_aspect=1.667 skeleton_width=3.40 skeleton_range=2.00-4.00 skeleton_aspect=1.471 circularity=0.661
[CLEAN C739] REJECT Scratch: area 12.5 < 20; long_side 5.0 < 10; skeleton_aspect 1.471 < 2.5
[CLEAN C739] REJECT Pit: area 12.5 < 32
[CLEAN C740] type=Scratch area=114.5 perimeter=57.6 bbox=(474,673,9,24) long=23.0 box_short=8.0 box_aspect=2.875 skeleton_width=6.00 skeleton_range=2.80-8.00 skeleton_aspect=3.833 circularity=0.434
[MEASURE C740] Scratch width=0.190916 mm valid=False
[CLEAN C741] type=Rejected area=2.0 perimeter=6.0 bbox=(869,672,2,3) long=2.0 box_short=1.0 box_aspect=2.000 skeleton_width=2.00 skeleton_range=2.00-2.00 skeleton_aspect=1.000 circularity=0.698
[CLEAN C741] REJECT Scratch: area 2.0 < 20; long_side 2.0 < 10; skeleton_aspect 1.000 < 2.5
[CLEAN C741] REJECT Pit: area 2.0 < 32
[CLEAN C742] type=Scratch area=87.0 perimeter=42.1 bbox=(650,672,11,15) long=14.5 box_short=9.2 box_aspect=1.586 skeleton_width=5.60 skeleton_range=2.00-8.79 skeleton_aspect=2.598 circularity=0.616
[MEASURE C742] Scratch width=0.199217 mm valid=False
[CLEAN C743] type=Rejected area=19.5 perimeter=21.1 bbox=(314,671,6,8) long=7.8 box_short=4.4 box_aspect=1.778 skeleton_width=2.80 skeleton_range=2.00-4.39 skeleton_aspect=2.772 circularity=0.552
[CLEAN C743] REJECT Scratch: area 19.5 < 20; long_side 7.8 < 10
[CLEAN C743] REJECT Pit: area 19.5 < 32
[CLEAN C744] type=Rejected area=16.5 perimeter=20.2 bbox=(973,670,4,9) long=8.0 box_short=3.0 box_aspect=2.667 skeleton_width=2.80 skeleton_range=2.00-4.00 skeleton_aspect=2.857 circularity=0.506
[CLEAN C744] REJECT Scratch: area 16.5 < 20; long_side 8.0 < 10
[CLEAN C744] REJECT Pit: area 16.5 < 32; circularity 0.506 < 0.55
[CLEAN C745] type=Rejected area=1.0 perimeter=4.0 bbox=(608,670,2,2) long=1.0 box_short=1.0 box_aspect=1.000 skeleton_width=2.00 skeleton_range=2.00-2.00 skeleton_aspect=0.500 circularity=0.785
[CLEAN C745] REJECT Scratch: area 1.0 < 20; long_side 1.0 < 10; skeleton_aspect 0.500 < 2.5
[CLEAN C745] REJECT Pit: area 1.0 < 32
[CLEAN C746] type=Scratch area=30.0 perimeter=29.3 bbox=(152,670,6,13) long=12.4 box_short=4.2 box_aspect=2.923 skeleton_width=3.40 skeleton_range=2.00-4.00 skeleton_aspect=3.637 circularity=0.439
[MEASURE C746] Scratch 不可测: 划痕最大宽度点超出中央有效测量区域
[CLEAN C747] type=Rejected area=13.0 perimeter=15.7 bbox=(1233,668,6,5) long=5.4 box_short=3.5 box_aspect=1.545 skeleton_width=2.80 skeleton_range=2.00-4.00 skeleton_aspect=1.920 circularity=0.666
[CLEAN C747] REJECT Scratch: area 13.0 < 20; long_side 5.4 < 10; skeleton_aspect 1.920 < 2.5
[CLEAN C747] REJECT Pit: area 13.0 < 32
[CLEAN C748] type=Rejected area=1.0 perimeter=4.0 bbox=(738,668,2,2) long=1.0 box_short=1.0 box_aspect=1.000 skeleton_width=2.00 skeleton_range=2.00-2.00 skeleton_aspect=0.500 circularity=0.785
[CLEAN C748] REJECT Scratch: area 1.0 < 20; long_side 1.0 < 10; skeleton_aspect 0.500 < 2.5
[CLEAN C748] REJECT Pit: area 1.0 < 32
[CLEAN C749] type=Rejected area=10.0 perimeter=17.7 bbox=(729,668,7,5) long=6.7 box_short=3.0 box_aspect=2.250 skeleton_width=2.00 skeleton_range=2.00-4.00 skeleton_aspect=3.343 circularity=0.403
[CLEAN C749] REJECT Scratch: area 10.0 < 20; long_side 6.7 < 10
[CLEAN C749] REJECT Pit: area 10.0 < 32; circularity 0.403 < 0.55
[CLEAN C750] type=Rejected area=2.0 perimeter=6.0 bbox=(115,668,3,2) long=2.0 box_short=1.0 box_aspect=2.000 skeleton_width=2.00 skeleton_range=2.00-2.00 skeleton_aspect=1.000 circularity=0.698
[CLEAN C750] REJECT Scratch: area 2.0 < 20; long_side 2.0 < 10; skeleton_aspect 1.000 < 2.5
[CLEAN C750] REJECT Pit: area 2.0 < 32
[CLEAN C751] type=Rejected area=9.0 perimeter=18.8 bbox=(100,668,3,9) long=8.0 box_short=2.0 box_aspect=4.000 skeleton_width=2.00 skeleton_range=2.00-2.80 skeleton_aspect=4.000 circularity=0.319
[CLEAN C751] REJECT Scratch: area 9.0 < 20; long_side 8.0 < 10
[CLEAN C751] REJECT Pit: area 9.0 < 32; circularity 0.319 < 0.55
[CLEAN C752] type=Scratch area=149.5 perimeter=74.5 bbox=(671,667,18,25) long=28.0 box_short=10.7 box_aspect=2.607 skeleton_width=4.39 skeleton_range=2.00-8.40 skeleton_aspect=6.374 circularity=0.338
[MEASURE C752] Scratch width=0.182524 mm valid=False
[CLEAN C753] type=Rejected area=5.5 perimeter=9.4 bbox=(526,667,4,3) long=3.0 box_short=2.0 box_aspect=1.500 skeleton_width=2.00 skeleton_range=2.00-4.00 skeleton_aspect=1.500 circularity=0.780
[CLEAN C753] REJECT Scratch: area 5.5 < 20; long_side 3.0 < 10; skeleton_aspect 1.500 < 2.5
[CLEAN C753] REJECT Pit: area 5.5 < 32
[CLEAN C754] type=Rejected area=4.0 perimeter=8.8 bbox=(430,667,3,4) long=3.0 box_short=2.0 box_aspect=1.500 skeleton_width=2.00 skeleton_range=2.00-2.80 skeleton_aspect=1.500 circularity=0.645
[CLEAN C754] REJECT Scratch: area 4.0 < 20; long_side 3.0 < 10; skeleton_aspect 1.500 < 2.5
[CLEAN C754] REJECT Pit: area 4.0 < 32
[CLEAN C755] type=Rejected area=18.5 perimeter=27.1 bbox=(1346,666,4,12) long=11.0 box_short=3.0 box_aspect=3.667 skeleton_width=2.00 skeleton_range=2.00-4.00 skeleton_aspect=5.500 circularity=0.317
[CLEAN C755] REJECT Scratch: area 18.5 < 20
[CLEAN C755] REJECT Pit: area 18.5 < 32; circularity 0.317 < 0.55
[CLEAN C756] type=Pit area=40.0 perimeter=27.3 bbox=(1033,666,10,8) long=9.8 box_short=6.3 box_aspect=1.571 skeleton_width=4.20 skeleton_range=2.00-6.39 skeleton_aspect=2.344 circularity=0.674
[MEASURE C756] Pit diameter=0.251445 mm valid=True
Pit: area = 40.0 diameter_mm = 0.2514446973800659 circularity = 0.6737651151184011
[CLEAN C757] type=Rejected area=5.0 perimeter=8.8 bbox=(887,666,4,3) long=3.0 box_short=2.0 box_aspect=1.500 skeleton_width=2.40 skeleton_range=2.00-2.80 skeleton_aspect=1.250 circularity=0.806
[CLEAN C757] REJECT Scratch: area 5.0 < 20; long_side 3.0 < 10; skeleton_aspect 1.250 < 2.5
[CLEAN C757] REJECT Pit: area 5.0 < 32
[CLEAN C758] type=Rejected area=1.0 perimeter=4.0 bbox=(748,664,2,2) long=1.0 box_short=1.0 box_aspect=1.000 skeleton_width=2.00 skeleton_range=2.00-2.00 skeleton_aspect=0.500 circularity=0.785
[CLEAN C758] REJECT Scratch: area 1.0 < 20; long_side 1.0 < 10; skeleton_aspect 0.500 < 2.5
[CLEAN C758] REJECT Pit: area 1.0 < 32
[CLEAN C759] type=Rejected area=22.0 perimeter=19.7 bbox=(331,664,6,7) long=6.0 box_short=5.0 box_aspect=1.200 skeleton_width=2.80 skeleton_range=2.00-5.60 skeleton_aspect=2.143 circularity=0.715
[CLEAN C759] REJECT Scratch: long_side 6.0 < 10; skeleton_aspect 2.143 < 2.5
[CLEAN C759] REJECT Pit: area 22.0 < 32
[CLEAN C760] type=Scratch area=27.5 perimeter=33.9 bbox=(134,664,10,11) long=12.7 box_short=6.4 box_aspect=2.000 skeleton_width=2.80 skeleton_range=2.00-4.00 skeleton_aspect=4.546 circularity=0.301
[MEASURE C760] Scratch 不可测: 划痕最大宽度点超出中央有效测量区域
[CLEAN C761] type=Rejected area=1.0 perimeter=4.0 bbox=(106,664,2,2) long=1.0 box_short=1.0 box_aspect=1.000 skeleton_width=2.00 skeleton_range=2.00-2.00 skeleton_aspect=0.500 circularity=0.785
[CLEAN C761] REJECT Scratch: area 1.0 < 20; long_side 1.0 < 10; skeleton_aspect 0.500 < 2.5
[CLEAN C761] REJECT Pit: area 1.0 < 32
[CLEAN C762] type=Scratch area=45.5 perimeter=40.7 bbox=(633,663,15,8) long=15.6 box_short=5.8 box_aspect=2.710 skeleton_width=4.00 skeleton_range=2.00-6.00 skeleton_aspect=3.900 circularity=0.345
[MEASURE C762] Scratch width=0.116169 mm valid=False
[CLEAN C763] type=Pit area=37.0 perimeter=23.7 bbox=(486,663,8,7) long=7.0 box_short=6.0 box_aspect=1.167 skeleton_width=4.39 skeleton_range=2.00-7.19 skeleton_aspect=1.593 circularity=0.831
[MEASURE C763] Pit diameter=0.179420 mm valid=False
[CLEAN C764] type=Rejected area=2.0 perimeter=6.0 bbox=(364,663,3,2) long=2.0 box_short=1.0 box_aspect=2.000 skeleton_width=2.00 skeleton_range=2.00-2.00 skeleton_aspect=1.000 circularity=0.698
[CLEAN C764] REJECT Scratch: area 2.0 < 20; long_side 2.0 < 10; skeleton_aspect 1.000 < 2.5
[CLEAN C764] REJECT Pit: area 2.0 < 32
[CLEAN C765] type=Rejected area=1.0 perimeter=4.0 bbox=(1299,662,2,2) long=1.0 box_short=1.0 box_aspect=1.000 skeleton_width=2.00 skeleton_range=2.00-2.00 skeleton_aspect=0.500 circularity=0.785
[CLEAN C765] REJECT Scratch: area 1.0 < 20; long_side 1.0 < 10; skeleton_aspect 0.500 < 2.5
[CLEAN C765] REJECT Pit: area 1.0 < 32
[CLEAN C766] type=Rejected area=5.5 perimeter=9.4 bbox=(715,662,4,3) long=3.0 box_short=2.0 box_aspect=1.500 skeleton_width=2.00 skeleton_range=2.00-4.00 skeleton_aspect=1.500 circularity=0.780
[CLEAN C766] REJECT Scratch: area 5.5 < 20; long_side 3.0 < 10; skeleton_aspect 1.500 < 2.5
[CLEAN C766] REJECT Pit: area 5.5 < 32
[CLEAN C767] type=Rejected area=19.0 perimeter=17.7 bbox=(598,662,5,7) long=6.0 box_short=4.0 box_aspect=1.500 skeleton_width=2.80 skeleton_range=2.00-5.60 skeleton_aspect=2.143 circularity=0.766
[CLEAN C767] REJECT Scratch: area 19.0 < 20; long_side 6.0 < 10; skeleton_aspect 2.143 < 2.5
[CLEAN C767] REJECT Pit: area 19.0 < 32
[CLEAN C768] type=Scratch area=34.0 perimeter=37.7 bbox=(455,662,4,18) long=17.0 box_short=3.0 box_aspect=5.667 skeleton_width=2.80 skeleton_range=2.00-4.00 skeleton_aspect=6.071 circularity=0.301
[MEASURE C768] Scratch width=0.076011 mm valid=False
[CLEAN C769] type=Rejected area=11.0 perimeter=16.8 bbox=(1237,661,6,5) long=5.0 box_short=4.0 box_aspect=1.250 skeleton_width=2.00 skeleton_range=2.00-4.00 skeleton_aspect=2.500 circularity=0.488
[CLEAN C769] REJECT Scratch: area 11.0 < 20; long_side 5.0 < 10
[CLEAN C769] REJECT Pit: area 11.0 < 32; circularity 0.488 < 0.55
[CLEAN C770] type=Rejected area=1.0 perimeter=4.0 bbox=(1038,661,2,2) long=1.0 box_short=1.0 box_aspect=1.000 skeleton_width=2.00 skeleton_range=2.00-2.00 skeleton_aspect=0.500 circularity=0.785
[CLEAN C770] REJECT Scratch: area 1.0 < 20; long_side 1.0 < 10; skeleton_aspect 0.500 < 2.5
[CLEAN C770] REJECT Pit: area 1.0 < 32
[CLEAN C771] type=Rejected area=6.0 perimeter=10.8 bbox=(111,661,3,5) long=4.0 box_short=2.0 box_aspect=2.000 skeleton_width=2.00 skeleton_range=2.00-2.80 skeleton_aspect=2.000 circularity=0.643
[CLEAN C771] REJECT Scratch: area 6.0 < 20; long_side 4.0 < 10; skeleton_aspect 2.000 < 2.5
[CLEAN C771] REJECT Pit: area 6.0 < 32
[CLEAN C772] type=Rejected area=7.5 perimeter=12.2 bbox=(765,660,4,5) long=4.0 box_short=3.0 box_aspect=1.333 skeleton_width=2.00 skeleton_range=2.00-2.80 skeleton_aspect=2.000 circularity=0.629
[CLEAN C772] REJECT Scratch: area 7.5 < 20; long_side 4.0 < 10; skeleton_aspect 2.000 < 2.5
[CLEAN C772] REJECT Pit: area 7.5 < 32
[CLEAN C773] type=Rejected area=12.0 perimeter=16.8 bbox=(176,660,3,8) long=7.0 box_short=2.0 box_aspect=3.500 skeleton_width=2.80 skeleton_range=2.00-4.00 skeleton_aspect=2.500 circularity=0.532
[CLEAN C773] REJECT Scratch: area 12.0 < 20; long_side 7.0 < 10
[CLEAN C773] REJECT Pit: area 12.0 < 32; circularity 0.532 < 0.55
[CLEAN C774] type=Rejected area=16.5 perimeter=21.9 bbox=(1304,659,6,9) long=9.4 box_short=2.7 box_aspect=3.438 skeleton_width=2.80 skeleton_range=2.00-4.00 skeleton_aspect=3.369 circularity=0.432
[CLEAN C774] REJECT Scratch: area 16.5 < 20; long_side 9.4 < 10
[CLEAN C774] REJECT Pit: area 16.5 < 32; circularity 0.432 < 0.55
[CLEAN C775] type=Rejected area=1.0 perimeter=4.0 bbox=(1041,659,2,2) long=1.0 box_short=1.0 box_aspect=1.000 skeleton_width=2.00 skeleton_range=2.00-2.00 skeleton_aspect=0.500 circularity=0.785
[CLEAN C775] REJECT Scratch: area 1.0 < 20; long_side 1.0 < 10; skeleton_aspect 0.500 < 2.5
[CLEAN C775] REJECT Pit: area 1.0 < 32
[CLEAN C776] type=Rejected area=4.0 perimeter=8.0 bbox=(625,659,3,3) long=2.0 box_short=2.0 box_aspect=1.000 skeleton_width=2.00 skeleton_range=2.00-4.00 skeleton_aspect=1.000 circularity=0.785
[CLEAN C776] REJECT Scratch: area 4.0 < 20; long_side 2.0 < 10; skeleton_aspect 1.000 < 2.5
[CLEAN C776] REJECT Pit: area 4.0 < 32
[CLEAN C777] type=Scratch area=143.5 perimeter=94.2 bbox=(534,659,16,31) long=31.0 box_short=13.6 box_aspect=2.279 skeleton_width=4.00 skeleton_range=2.00-8.39 skeleton_aspect=7.748 circularity=0.203
[MEASURE C777] Scratch width=0.185810 mm valid=False
[CLEAN C778] type=Scratch area=38.5 perimeter=44.4 bbox=(1251,658,8,17) long=16.2 box_short=6.4 box_aspect=2.531 skeleton_width=2.80 skeleton_range=2.00-4.00 skeleton_aspect=5.773 circularity=0.246
[MEASURE C778] Scratch 不可测: 划痕最大宽度点超出中央有效测量区域
[CLEAN C779] type=Scratch area=94.0 perimeter=44.1 bbox=(498,658,9,18) long=17.0 box_short=8.0 box_aspect=2.125 skeleton_width=5.80 skeleton_range=2.00-8.39 skeleton_aspect=2.931 circularity=0.606
[MEASURE C779] Scratch width=0.188998 mm valid=False
[CLEAN C780] type=Rejected area=3.5 perimeter=7.4 bbox=(135,658,3,3) long=2.0 box_short=2.0 box_aspect=1.000 skeleton_width=2.00 skeleton_range=2.00-2.80 skeleton_aspect=1.000 circularity=0.800
[CLEAN C780] REJECT Scratch: area 3.5 < 20; long_side 2.0 < 10; skeleton_aspect 1.000 < 2.5
[CLEAN C780] REJECT Pit: area 3.5 < 32
[CLEAN C781] type=Rejected area=16.5 perimeter=16.2 bbox=(607,657,6,5) long=5.0 box_short=4.0 box_aspect=1.250 skeleton_width=4.00 skeleton_range=2.00-4.39 skeleton_aspect=1.250 circularity=0.786
[CLEAN C781] REJECT Scratch: area 16.5 < 20; long_side 5.0 < 10; skeleton_aspect 1.250 < 2.5
[CLEAN C781] REJECT Pit: area 16.5 < 32
[CLEAN C782] type=Rejected area=30.5 perimeter=23.1 bbox=(264,657,7,8) long=7.0 box_short=6.0 box_aspect=1.167 skeleton_width=4.00 skeleton_range=2.00-6.39 skeleton_aspect=1.750 circularity=0.720
[CLEAN C782] REJECT Scratch: long_side 7.0 < 10; skeleton_aspect 1.750 < 2.5
[CLEAN C782] REJECT Pit: area 30.5 < 32
[CLEAN C783] type=Rejected area=3.5 perimeter=7.4 bbox=(248,657,3,3) long=2.0 box_short=2.0 box_aspect=1.000 skeleton_width=2.00 skeleton_range=2.00-2.80 skeleton_aspect=1.000 circularity=0.800
[CLEAN C783] REJECT Scratch: area 3.5 < 20; long_side 2.0 < 10; skeleton_aspect 1.000 < 2.5
[CLEAN C783] REJECT Pit: area 3.5 < 32
[CLEAN C784] type=Rejected area=10.5 perimeter=14.2 bbox=(101,657,6,4) long=5.0 box_short=3.0 box_aspect=1.667 skeleton_width=2.80 skeleton_range=2.00-4.00 skeleton_aspect=1.786 circularity=0.650
[CLEAN C784] REJECT Scratch: area 10.5 < 20; long_side 5.0 < 10; skeleton_aspect 1.786 < 2.5
[CLEAN C784] REJECT Pit: area 10.5 < 32
[CLEAN C785] type=Rejected area=18.5 perimeter=21.9 bbox=(842,656,7,8) long=9.2 box_short=3.5 box_aspect=2.600 skeleton_width=2.80 skeleton_range=2.00-4.00 skeleton_aspect=3.283 circularity=0.485
[CLEAN C785] REJECT Scratch: area 18.5 < 20; long_side 9.2 < 10
[CLEAN C785] REJECT Pit: area 18.5 < 32; circularity 0.485 < 0.55
[CLEAN C786] type=Scratch area=29.0 perimeter=31.3 bbox=(753,656,10,10) long=11.5 box_short=4.8 box_aspect=2.393 skeleton_width=2.80 skeleton_range=2.00-4.39 skeleton_aspect=4.104 circularity=0.372
[MEASURE C786] Scratch width=0.127477 mm valid=False
[CLEAN C787] type=Rejected area=3.5 perimeter=7.4 bbox=(287,655,3,3) long=2.0 box_short=2.0 box_aspect=1.000 skeleton_width=2.00 skeleton_range=2.00-2.80 skeleton_aspect=1.000 circularity=0.800
[CLEAN C787] REJECT Scratch: area 3.5 < 20; long_side 2.0 < 10; skeleton_aspect 1.000 < 2.5
[CLEAN C787] REJECT Pit: area 3.5 < 32
[CLEAN C788] type=Rejected area=10.0 perimeter=13.7 bbox=(233,655,6,4) long=5.0 box_short=3.0 box_aspect=1.667 skeleton_width=2.80 skeleton_range=2.00-4.00 skeleton_aspect=1.786 circularity=0.674
[CLEAN C788] REJECT Scratch: area 10.0 < 20; long_side 5.0 < 10; skeleton_aspect 1.786 < 2.5
[CLEAN C788] REJECT Pit: area 10.0 < 32
[CLEAN C789] type=Rejected area=19.5 perimeter=18.2 bbox=(205,655,6,6) long=5.0 box_short=5.0 box_aspect=1.000 skeleton_width=4.00 skeleton_range=2.00-5.60 skeleton_aspect=1.250 circularity=0.736
[CLEAN C789] REJECT Scratch: area 19.5 < 20; long_side 5.0 < 10; skeleton_aspect 1.250 < 2.5
[CLEAN C789] REJECT Pit: area 19.5 < 32
[CLEAN C790] type=Scratch area=26.5 perimeter=35.9 bbox=(180,655,7,15) long=15.1 box_short=3.9 box_aspect=3.909 skeleton_width=2.00 skeleton_range=2.00-4.00 skeleton_aspect=7.543 circularity=0.258
[MEASURE C790] Scratch 不可测: 划痕最大宽度点超出中央有效测量区域
[CLEAN C791] type=Rejected area=16.5 perimeter=19.1 bbox=(678,654,6,7) long=7.0 box_short=3.9 box_aspect=1.813 skeleton_width=2.80 skeleton_range=2.00-4.00 skeleton_aspect=2.512 circularity=0.570
[CLEAN C791] REJECT Scratch: area 16.5 < 20; long_side 7.0 < 10
[CLEAN C791] REJECT Pit: area 16.5 < 32
[CLEAN C792] type=Rejected area=2.0 perimeter=6.0 bbox=(640,654,2,3) long=2.0 box_short=1.0 box_aspect=2.000 skeleton_width=2.00 skeleton_range=2.00-2.00 skeleton_aspect=1.000 circularity=0.698
[CLEAN C792] REJECT Scratch: area 2.0 < 20; long_side 2.0 < 10; skeleton_aspect 1.000 < 2.5
[CLEAN C792] REJECT Pit: area 2.0 < 32
[CLEAN C793] type=Rejected area=7.5 perimeter=11.4 bbox=(328,654,5,3) long=4.0 box_short=2.0 box_aspect=2.000 skeleton_width=2.40 skeleton_range=2.00-4.00 skeleton_aspect=1.667 circularity=0.723
[CLEAN C793] REJECT Scratch: area 7.5 < 20; long_side 4.0 < 10; skeleton_aspect 1.667 < 2.5
[CLEAN C793] REJECT Pit: area 7.5 < 32
[CLEAN C794] type=Rejected area=1.0 perimeter=4.0 bbox=(1283,653,2,2) long=1.0 box_short=1.0 box_aspect=1.000 skeleton_width=2.00 skeleton_range=2.00-2.00 skeleton_aspect=0.500 circularity=0.785
[CLEAN C794] REJECT Scratch: area 1.0 < 20; long_side 1.0 < 10; skeleton_aspect 0.500 < 2.5
[CLEAN C794] REJECT Pit: area 1.0 < 32
[CLEAN C795] type=Rejected area=3.0 perimeter=8.0 bbox=(460,653,2,4) long=3.0 box_short=1.0 box_aspect=3.000 skeleton_width=2.00 skeleton_range=2.00-2.00 skeleton_aspect=1.500 circularity=0.589
[CLEAN C795] REJECT Scratch: area 3.0 < 20; long_side 3.0 < 10; skeleton_aspect 1.500 < 2.5
[CLEAN C795] REJECT Pit: area 3.0 < 32
[CLEAN C796] type=Rejected area=15.5 perimeter=16.2 bbox=(1240,652,4,7) long=6.0 box_short=3.0 box_aspect=2.000 skeleton_width=4.00 skeleton_range=2.00-4.00 skeleton_aspect=1.500 circularity=0.738
[CLEAN C796] REJECT Scratch: area 15.5 < 20; long_side 6.0 < 10; skeleton_aspect 1.500 < 2.5
[CLEAN C796] REJECT Pit: area 15.5 < 32
[CLEAN C797] type=Rejected area=1.0 perimeter=4.0 bbox=(1166,652,2,2) long=1.0 box_short=1.0 box_aspect=1.000 skeleton_width=2.00 skeleton_range=2.00-2.00 skeleton_aspect=0.500 circularity=0.785
[CLEAN C797] REJECT Scratch: area 1.0 < 20; long_side 1.0 < 10; skeleton_aspect 0.500 < 2.5
[CLEAN C797] REJECT Pit: area 1.0 < 32
[CLEAN C798] type=Rejected area=2.0 perimeter=6.0 bbox=(626,652,2,3) long=2.0 box_short=1.0 box_aspect=2.000 skeleton_width=2.00 skeleton_range=2.00-2.00 skeleton_aspect=1.000 circularity=0.698
[CLEAN C798] REJECT Scratch: area 2.0 < 20; long_side 2.0 < 10; skeleton_aspect 1.000 < 2.5
[CLEAN C798] REJECT Pit: area 2.0 < 32
[CLEAN C799] type=Rejected area=3.5 perimeter=7.4 bbox=(1017,651,3,3) long=2.0 box_short=2.0 box_aspect=1.000 skeleton_width=2.00 skeleton_range=2.00-2.80 skeleton_aspect=1.000 circularity=0.800
[CLEAN C799] REJECT Scratch: area 3.5 < 20; long_side 2.0 < 10; skeleton_aspect 1.000 < 2.5
[CLEAN C799] REJECT Pit: area 3.5 < 32
[CLEAN C800] type=Scratch area=161.0 perimeter=103.9 bbox=(438,651,12,42) long=41.1 box_short=10.5 box_aspect=3.927 skeleton_width=4.39 skeleton_range=2.00-8.00 skeleton_aspect=9.347 circularity=0.187
[MEASURE C800] Scratch width=0.217582 mm valid=False
[CLEAN C801] type=Rejected area=4.0 perimeter=8.8 bbox=(818,650,4,3) long=3.0 box_short=2.0 box_aspect=1.500 skeleton_width=2.00 skeleton_range=2.00-2.80 skeleton_aspect=1.500 circularity=0.645
[CLEAN C801] REJECT Scratch: area 4.0 < 20; long_side 3.0 < 10; skeleton_aspect 1.500 < 2.5
[CLEAN C801] REJECT Pit: area 4.0 < 32
[CLEAN C802] type=Rejected area=1.0 perimeter=4.0 bbox=(109,650,2,2) long=1.0 box_short=1.0 box_aspect=1.000 skeleton_width=2.00 skeleton_range=2.00-2.00 skeleton_aspect=0.500 circularity=0.785
[CLEAN C802] REJECT Scratch: area 1.0 < 20; long_side 1.0 < 10; skeleton_aspect 0.500 < 2.5
[CLEAN C802] REJECT Pit: area 1.0 < 32
[CLEAN C803] type=Rejected area=1.0 perimeter=4.0 bbox=(1315,649,2,2) long=1.0 box_short=1.0 box_aspect=1.000 skeleton_width=2.00 skeleton_range=2.00-2.00 skeleton_aspect=0.500 circularity=0.785
[CLEAN C803] REJECT Scratch: area 1.0 < 20; long_side 1.0 < 10; skeleton_aspect 0.500 < 2.5
[CLEAN C803] REJECT Pit: area 1.0 < 32
[CLEAN C804] type=Rejected area=1.0 perimeter=4.0 bbox=(1248,649,2,2) long=1.0 box_short=1.0 box_aspect=1.000 skeleton_width=2.00 skeleton_range=2.00-2.00 skeleton_aspect=0.500 circularity=0.785
[CLEAN C804] REJECT Scratch: area 1.0 < 20; long_side 1.0 < 10; skeleton_aspect 0.500 < 2.5
[CLEAN C804] REJECT Pit: area 1.0 < 32
[CLEAN C805] type=Rejected area=5.0 perimeter=8.8 bbox=(1183,649,4,3) long=3.0 box_short=2.0 box_aspect=1.500 skeleton_width=2.40 skeleton_range=2.00-2.80 skeleton_aspect=1.250 circularity=0.806
[CLEAN C805] REJECT Scratch: area 5.0 < 20; long_side 3.0 < 10; skeleton_aspect 1.250 < 2.5
[CLEAN C805] REJECT Pit: area 5.0 < 32
[CLEAN C806] type=Rejected area=3.0 perimeter=8.0 bbox=(204,649,2,4) long=3.0 box_short=1.0 box_aspect=3.000 skeleton_width=2.00 skeleton_range=2.00-2.00 skeleton_aspect=1.500 circularity=0.589
[CLEAN C806] REJECT Scratch: area 3.0 < 20; long_side 3.0 < 10; skeleton_aspect 1.500 < 2.5
[CLEAN C806] REJECT Pit: area 3.0 < 32
[CLEAN C807] type=Rejected area=28.0 perimeter=29.3 bbox=(1076,648,11,8) long=9.9 box_short=5.7 box_aspect=1.750 skeleton_width=2.40 skeleton_range=2.00-4.39 skeleton_aspect=4.125 circularity=0.409
[CLEAN C807] REJECT Scratch: long_side 9.9 < 10
[CLEAN C807] REJECT Pit: area 28.0 < 32; circularity 0.409 < 0.55
[CLEAN C808] type=Rejected area=29.5 perimeter=25.9 bbox=(485,648,8,9) long=8.2 box_short=6.6 box_aspect=1.234 skeleton_width=4.00 skeleton_range=2.00-6.00 skeleton_aspect=2.051 circularity=0.553
[CLEAN C808] REJECT Scratch: long_side 8.2 < 10; skeleton_aspect 2.051 < 2.5
[CLEAN C808] REJECT Pit: area 29.5 < 32
[CLEAN C809] type=Rejected area=4.0 perimeter=8.8 bbox=(464,648,4,3) long=3.0 box_short=2.0 box_aspect=1.500 skeleton_width=2.00 skeleton_range=2.00-2.80 skeleton_aspect=1.500 circularity=0.645
[CLEAN C809] REJECT Scratch: area 4.0 < 20; long_side 3.0 < 10; skeleton_aspect 1.500 < 2.5
[CLEAN C809] REJECT Pit: area 4.0 < 32
[CLEAN C810] type=Rejected area=6.5 perimeter=12.2 bbox=(183,648,5,4) long=4.7 box_short=2.2 box_aspect=2.143 skeleton_width=2.00 skeleton_range=2.00-2.80 skeleton_aspect=2.372 circularity=0.545
[CLEAN C810] REJECT Scratch: area 6.5 < 20; long_side 4.7 < 10; skeleton_aspect 2.372 < 2.5
[CLEAN C810] REJECT Pit: area 6.5 < 32; circularity 0.545 < 0.55
[CLEAN C811] type=Scratch area=391.0 perimeter=285.5 bbox=(155,648,32,84) long=82.3 box_short=29.0 box_aspect=2.839 skeleton_width=4.00 skeleton_range=2.00-8.00 skeleton_aspect=20.577 circularity=0.060
[MEASURE C811] Scratch 不可测: 划痕最大宽度点超出中央有效测量区域
[CLEAN C812] type=Scratch area=82.0 perimeter=45.0 bbox=(961,647,13,14) long=15.7 box_short=9.5 box_aspect=1.657 skeleton_width=4.39 skeleton_range=2.00-8.00 skeleton_aspect=3.573 circularity=0.510
[MEASURE C812] Scratch width=0.206250 mm valid=False
[CLEAN C813] type=Rejected area=7.5 perimeter=20.2 bbox=(921,647,4,9) long=8.2 box_short=2.5 box_aspect=3.333 skeleton_width=2.00 skeleton_range=2.00-2.80 skeleton_aspect=4.110 circularity=0.230
[CLEAN C813] REJECT Scratch: area 7.5 < 20; long_side 8.2 < 10
[CLEAN C813] REJECT Pit: area 7.5 < 32; circularity 0.230 < 0.55
[CLEAN C814] type=Rejected area=2.0 perimeter=6.0 bbox=(778,647,2,3) long=2.0 box_short=1.0 box_aspect=2.000 skeleton_width=2.00 skeleton_range=2.00-2.00 skeleton_aspect=1.000 circularity=0.698
[CLEAN C814] REJECT Scratch: area 2.0 < 20; long_side 2.0 < 10; skeleton_aspect 1.000 < 2.5
[CLEAN C814] REJECT Pit: area 2.0 < 32
[CLEAN C815] type=Rejected area=1.0 perimeter=4.0 bbox=(577,647,2,2) long=1.0 box_short=1.0 box_aspect=1.000 skeleton_width=2.00 skeleton_range=2.00-2.00 skeleton_aspect=0.500 circularity=0.785
[CLEAN C815] REJECT Scratch: area 1.0 < 20; long_side 1.0 < 10; skeleton_aspect 0.500 < 2.5
[CLEAN C815] REJECT Pit: area 1.0 < 32
[CLEAN C816] type=Scratch area=134.5 perimeter=86.4 bbox=(565,647,6,40) long=39.0 box_short=5.0 box_aspect=7.800 skeleton_width=4.00 skeleton_range=2.00-6.00 skeleton_aspect=9.750 circularity=0.226
[MEASURE C816] Scratch width=0.117696 mm valid=False
[CLEAN C817] type=Rejected area=17.5 perimeter=21.1 bbox=(544,647,5,9) long=8.7 box_short=3.2 box_aspect=2.769 skeleton_width=2.80 skeleton_range=2.00-4.00 skeleton_aspect=3.118 circularity=0.495
[CLEAN C817] REJECT Scratch: area 17.5 < 20; long_side 8.7 < 10
[CLEAN C817] REJECT Pit: area 17.5 < 32; circularity 0.495 < 0.55
[CLEAN C818] type=Rejected area=11.5 perimeter=14.2 bbox=(1234,646,5,5) long=4.0 box_short=4.0 box_aspect=1.000 skeleton_width=2.80 skeleton_range=2.00-4.00 skeleton_aspect=1.429 circularity=0.712
[CLEAN C818] REJECT Scratch: area 11.5 < 20; long_side 4.0 < 10; skeleton_aspect 1.429 < 2.5
[CLEAN C818] REJECT Pit: area 11.5 < 32
[CLEAN C819] type=Rejected area=2.0 perimeter=6.0 bbox=(867,646,2,3) long=2.0 box_short=1.0 box_aspect=2.000 skeleton_width=2.00 skeleton_range=2.00-2.00 skeleton_aspect=1.000 circularity=0.698
[CLEAN C819] REJECT Scratch: area 2.0 < 20; long_side 2.0 < 10; skeleton_aspect 1.000 < 2.5
[CLEAN C819] REJECT Pit: area 2.0 < 32
[CLEAN C820] type=Scratch area=47.5 perimeter=31.6 bbox=(708,646,12,8) long=10.9 box_short=6.7 box_aspect=1.610 skeleton_width=4.20 skeleton_range=2.00-7.19 skeleton_aspect=2.585 circularity=0.599
[MEASURE C820] Scratch width=0.149336 mm valid=False
[CLEAN C821] type=Rejected area=3.0 perimeter=8.0 bbox=(411,646,2,4) long=3.0 box_short=1.0 box_aspect=3.000 skeleton_width=2.00 skeleton_range=2.00-2.00 skeleton_aspect=1.500 circularity=0.589
[CLEAN C821] REJECT Scratch: area 3.0 < 20; long_side 3.0 < 10; skeleton_aspect 1.500 < 2.5
[CLEAN C821] REJECT Pit: area 3.0 < 32
[CLEAN C822] type=Rejected area=1.0 perimeter=4.0 bbox=(829,645,2,2) long=1.0 box_short=1.0 box_aspect=1.000 skeleton_width=2.00 skeleton_range=2.00-2.00 skeleton_aspect=0.500 circularity=0.785
[CLEAN C822] REJECT Scratch: area 1.0 < 20; long_side 1.0 < 10; skeleton_aspect 0.500 < 2.5
[CLEAN C822] REJECT Pit: area 1.0 < 32
[CLEAN C823] type=Rejected area=16.5 perimeter=17.1 bbox=(170,645,6,6) long=5.0 box_short=5.0 box_aspect=1.000 skeleton_width=2.80 skeleton_range=2.00-4.39 skeleton_aspect=1.786 circularity=0.711
[CLEAN C823] REJECT Scratch: area 16.5 < 20; long_side 5.0 < 10; skeleton_aspect 1.786 < 2.5
[CLEAN C823] REJECT Pit: area 16.5 < 32
[CLEAN C824] type=Rejected area=1.0 perimeter=4.0 bbox=(1288,644,2,2) long=1.0 box_short=1.0 box_aspect=1.000 skeleton_width=2.00 skeleton_range=2.00-2.00 skeleton_aspect=0.500 circularity=0.785
[CLEAN C824] REJECT Scratch: area 1.0 < 20; long_side 1.0 < 10; skeleton_aspect 0.500 < 2.5
[CLEAN C824] REJECT Pit: area 1.0 < 32
[CLEAN C825] type=Scratch area=58.5 perimeter=35.9 bbox=(1209,644,7,14) long=13.0 box_short=6.0 box_aspect=2.167 skeleton_width=4.39 skeleton_range=2.00-6.39 skeleton_aspect=2.959 circularity=0.570
[MEASURE C825] Scratch 不可测: 划痕最大宽度点超出中央有效测量区域
[CLEAN C826] type=Scratch area=110.5 perimeter=68.4 bbox=(981,644,12,25) long=23.7 box_short=10.4 box_aspect=2.273 skeleton_width=4.00 skeleton_range=2.00-8.00 skeleton_aspect=5.930 circularity=0.297
[MEASURE C826] Scratch width=0.204619 mm valid=False
[CLEAN C827] type=Rejected area=1.0 perimeter=4.0 bbox=(255,644,2,2) long=1.0 box_short=1.0 box_aspect=1.000 skeleton_width=2.00 skeleton_range=2.00-2.00 skeleton_aspect=0.500 circularity=0.785
[CLEAN C827] REJECT Scratch: area 1.0 < 20; long_side 1.0 < 10; skeleton_aspect 0.500 < 2.5
[CLEAN C827] REJECT Pit: area 1.0 < 32
[CLEAN C828] type=Rejected area=6.0 perimeter=12.8 bbox=(179,644,4,5) long=4.7 box_short=2.5 box_aspect=1.875 skeleton_width=2.00 skeleton_range=2.00-4.00 skeleton_aspect=2.372 circularity=0.458
[CLEAN C828] REJECT Scratch: area 6.0 < 20; long_side 4.7 < 10; skeleton_aspect 2.372 < 2.5
[CLEAN C828] REJECT Pit: area 6.0 < 32; circularity 0.458 < 0.55
[CLEAN C829] type=Rejected area=2.0 perimeter=6.0 bbox=(433,643,3,2) long=2.0 box_short=1.0 box_aspect=2.000 skeleton_width=2.00 skeleton_range=2.00-2.00 skeleton_aspect=1.000 circularity=0.698
[CLEAN C829] REJECT Scratch: area 2.0 < 20; long_side 2.0 < 10; skeleton_aspect 1.000 < 2.5
[CLEAN C829] REJECT Pit: area 2.0 < 32
[CLEAN C830] type=Rejected area=3.5 perimeter=7.4 bbox=(394,643,3,3) long=2.0 box_short=2.0 box_aspect=1.000 skeleton_width=2.00 skeleton_range=2.00-2.80 skeleton_aspect=1.000 circularity=0.800
[CLEAN C830] REJECT Scratch: area 3.5 < 20; long_side 2.0 < 10; skeleton_aspect 1.000 < 2.5
[CLEAN C830] REJECT Pit: area 3.5 < 32
[CLEAN C831] type=Rejected area=6.0 perimeter=10.0 bbox=(93,643,4,3) long=3.0 box_short=2.0 box_aspect=1.500 skeleton_width=2.00 skeleton_range=2.00-4.00 skeleton_aspect=1.500 circularity=0.754
[CLEAN C831] REJECT Scratch: area 6.0 < 20; long_side 3.0 < 10; skeleton_aspect 1.500 < 2.5
[CLEAN C831] REJECT Pit: area 6.0 < 32
[CLEAN C832] type=Rejected area=3.5 perimeter=7.4 bbox=(769,642,3,3) long=2.0 box_short=2.0 box_aspect=1.000 skeleton_width=2.00 skeleton_range=2.00-2.80 skeleton_aspect=1.000 circularity=0.800
[CLEAN C832] REJECT Scratch: area 3.5 < 20; long_side 2.0 < 10; skeleton_aspect 1.000 < 2.5
[CLEAN C832] REJECT Pit: area 3.5 < 32
[CLEAN C833] type=Rejected area=24.5 perimeter=19.1 bbox=(351,642,7,6) long=6.0 box_short=5.0 box_aspect=1.200 skeleton_width=4.39 skeleton_range=2.00-6.00 skeleton_aspect=1.366 circularity=0.846
[CLEAN C833] REJECT Scratch: long_side 6.0 < 10; skeleton_aspect 1.366 < 2.5
[CLEAN C833] REJECT Pit: area 24.5 < 32
[CLEAN C834] type=Scratch area=35.5 perimeter=29.1 bbox=(739,641,5,12) long=11.0 box_short=4.0 box_aspect=2.750 skeleton_width=4.00 skeleton_range=2.00-5.60 skeleton_aspect=2.750 circularity=0.528
[MEASURE C834] Scratch width=0.105553 mm valid=False
[CLEAN C835] type=Rejected area=3.0 perimeter=6.8 bbox=(335,641,3,3) long=2.8 box_short=1.4 box_aspect=2.000 skeleton_width=2.00 skeleton_range=2.00-2.80 skeleton_aspect=1.414 circularity=0.809
[CLEAN C835] REJECT Scratch: area 3.0 < 20; long_side 2.8 < 10; skeleton_aspect 1.414 < 2.5
[CLEAN C835] REJECT Pit: area 3.0 < 32
[CLEAN C836] type=Rejected area=2.0 perimeter=6.0 bbox=(1308,640,2,3) long=2.0 box_short=1.0 box_aspect=2.000 skeleton_width=2.00 skeleton_range=2.00-2.00 skeleton_aspect=1.000 circularity=0.698
[CLEAN C836] REJECT Scratch: area 2.0 < 20; long_side 2.0 < 10; skeleton_aspect 1.000 < 2.5
[CLEAN C836] REJECT Pit: area 2.0 < 32
[CLEAN C837] type=Rejected area=9.5 perimeter=14.2 bbox=(1153,639,4,6) long=5.0 box_short=3.0 box_aspect=1.667 skeleton_width=2.00 skeleton_range=2.00-4.00 skeleton_aspect=2.500 circularity=0.589
[CLEAN C837] REJECT Scratch: area 9.5 < 20; long_side 5.0 < 10
[CLEAN C837] REJECT Pit: area 9.5 < 32
[CLEAN C838] type=Rejected area=1.0 perimeter=4.0 bbox=(192,639,2,2) long=1.0 box_short=1.0 box_aspect=1.000 skeleton_width=2.00 skeleton_range=2.00-2.00 skeleton_aspect=0.500 circularity=0.785
[CLEAN C838] REJECT Scratch: area 1.0 < 20; long_side 1.0 < 10; skeleton_aspect 0.500 < 2.5
[CLEAN C838] REJECT Pit: area 1.0 < 32
[CLEAN C839] type=Rejected area=20.5 perimeter=18.2 bbox=(216,638,5,7) long=6.0 box_short=4.0 box_aspect=1.500 skeleton_width=4.00 skeleton_range=2.00-6.00 skeleton_aspect=1.500 circularity=0.774
[CLEAN C839] REJECT Scratch: long_side 6.0 < 10; skeleton_aspect 1.500 < 2.5
[CLEAN C839] REJECT Pit: area 20.5 < 32
[CLEAN C840] type=Rejected area=1.0 perimeter=4.0 bbox=(94,638,2,2) long=1.0 box_short=1.0 box_aspect=1.000 skeleton_width=2.00 skeleton_range=2.00-2.00 skeleton_aspect=0.500 circularity=0.785
[CLEAN C840] REJECT Scratch: area 1.0 < 20; long_side 1.0 < 10; skeleton_aspect 0.500 < 2.5
[CLEAN C840] REJECT Pit: area 1.0 < 32
[CLEAN C841] type=Rejected area=1.0 perimeter=4.0 bbox=(1259,637,2,2) long=1.0 box_short=1.0 box_aspect=1.000 skeleton_width=2.00 skeleton_range=2.00-2.00 skeleton_aspect=0.500 circularity=0.785
[CLEAN C841] REJECT Scratch: area 1.0 < 20; long_side 1.0 < 10; skeleton_aspect 0.500 < 2.5
[CLEAN C841] REJECT Pit: area 1.0 < 32
[CLEAN C842] type=Scratch area=77.0 perimeter=58.5 bbox=(149,637,5,28) long=27.0 box_short=4.0 box_aspect=6.750 skeleton_width=4.00 skeleton_range=2.00-6.00 skeleton_aspect=6.750 circularity=0.283
[MEASURE C842] Scratch 不可测: 划痕最大宽度点超出中央有效测量区域
[CLEAN C843] type=Rejected area=27.0 perimeter=30.5 bbox=(922,636,8,10) long=9.8 box_short=6.0 box_aspect=1.633 skeleton_width=2.80 skeleton_range=2.00-4.00 skeleton_aspect=3.500 circularity=0.365
[CLEAN C843] REJECT Scratch: long_side 9.8 < 10
[CLEAN C843] REJECT Pit: area 27.0 < 32; circularity 0.365 < 0.55
[CLEAN C844] type=Scratch area=58.5 perimeter=45.6 bbox=(621,636,11,12) long=11.0 box_short=10.0 box_aspect=1.100 skeleton_width=2.80 skeleton_range=2.00-5.60 skeleton_aspect=3.929 circularity=0.354
[MEASURE C844] Scratch width=0.138399 mm valid=False
[CLEAN C845] type=Rejected area=4.0 perimeter=10.0 bbox=(500,636,2,5) long=4.0 box_short=1.0 box_aspect=4.000 skeleton_width=2.00 skeleton_range=2.00-2.00 skeleton_aspect=2.000 circularity=0.503
[CLEAN C845] REJECT Scratch: area 4.0 < 20; long_side 4.0 < 10; skeleton_aspect 2.000 < 2.5
[CLEAN C845] REJECT Pit: area 4.0 < 32; circularity 0.503 < 0.55
[CLEAN C846] type=Rejected area=38.5 perimeter=30.7 bbox=(298,636,11,8) long=9.9 box_short=5.8 box_aspect=1.708 skeleton_width=4.00 skeleton_range=2.00-5.60 skeleton_aspect=2.486 circularity=0.512
[CLEAN C846] REJECT Scratch: long_side 9.9 < 10; skeleton_aspect 2.486 < 2.5
[CLEAN C846] REJECT Pit: circularity 0.512 < 0.55
[CLEAN C847] type=Rejected area=4.5 perimeter=9.4 bbox=(230,636,3,4) long=3.0 box_short=2.0 box_aspect=1.500 skeleton_width=2.00 skeleton_range=2.00-2.80 skeleton_aspect=1.500 circularity=0.638
[CLEAN C847] REJECT Scratch: area 4.5 < 20; long_side 3.0 < 10; skeleton_aspect 1.500 < 2.5
[CLEAN C847] REJECT Pit: area 4.5 < 32
[CLEAN C848] type=Rejected area=3.5 perimeter=7.4 bbox=(179,636,3,3) long=2.0 box_short=2.0 box_aspect=1.000 skeleton_width=2.00 skeleton_range=2.00-2.80 skeleton_aspect=1.000 circularity=0.800
[CLEAN C848] REJECT Scratch: area 3.5 < 20; long_side 2.0 < 10; skeleton_aspect 1.000 < 2.5
[CLEAN C848] REJECT Pit: area 3.5 < 32
[CLEAN C849] type=Rejected area=2.0 perimeter=6.0 bbox=(98,636,2,3) long=2.0 box_short=1.0 box_aspect=2.000 skeleton_width=2.00 skeleton_range=2.00-2.00 skeleton_aspect=1.000 circularity=0.698
[CLEAN C849] REJECT Scratch: area 2.0 < 20; long_side 2.0 < 10; skeleton_aspect 1.000 < 2.5
[CLEAN C849] REJECT Pit: area 2.0 < 32
[CLEAN C850] type=Rejected area=9.0 perimeter=11.7 bbox=(1235,635,4,5) long=4.0 box_short=3.0 box_aspect=1.333 skeleton_width=2.80 skeleton_range=2.00-4.00 skeleton_aspect=1.429 circularity=0.832
[CLEAN C850] REJECT Scratch: area 9.0 < 20; long_side 4.0 < 10; skeleton_aspect 1.429 < 2.5
[CLEAN C850] REJECT Pit: area 9.0 < 32
[CLEAN C851] type=Rejected area=4.5 perimeter=9.4 bbox=(1202,635,3,4) long=3.0 box_short=2.0 box_aspect=1.500 skeleton_width=2.00 skeleton_range=2.00-2.80 skeleton_aspect=1.500 circularity=0.638
[CLEAN C851] REJECT Scratch: area 4.5 < 20; long_side 3.0 < 10; skeleton_aspect 1.500 < 2.5
[CLEAN C851] REJECT Pit: area 4.5 < 32
[CLEAN C852] type=Rejected area=2.0 perimeter=6.0 bbox=(504,635,2,3) long=2.0 box_short=1.0 box_aspect=2.000 skeleton_width=2.00 skeleton_range=2.00-2.00 skeleton_aspect=1.000 circularity=0.698
[CLEAN C852] REJECT Scratch: area 2.0 < 20; long_side 2.0 < 10; skeleton_aspect 1.000 < 2.5
[CLEAN C852] REJECT Pit: area 2.0 < 32
[CLEAN C853] type=Rejected area=2.0 perimeter=6.0 bbox=(164,635,3,2) long=2.0 box_short=1.0 box_aspect=2.000 skeleton_width=2.00 skeleton_range=2.00-2.00 skeleton_aspect=1.000 circularity=0.698
[CLEAN C853] REJECT Scratch: area 2.0 < 20; long_side 2.0 < 10; skeleton_aspect 1.000 < 2.5
[CLEAN C853] REJECT Pit: area 2.0 < 32
[CLEAN C854] type=Rejected area=17.0 perimeter=17.7 bbox=(1122,634,5,7) long=6.0 box_short=4.0 box_aspect=1.500 skeleton_width=3.40 skeleton_range=2.00-4.00 skeleton_aspect=1.765 circularity=0.685
[CLEAN C854] REJECT Scratch: area 17.0 < 20; long_side 6.0 < 10; skeleton_aspect 1.765 < 2.5
[CLEAN C854] REJECT Pit: area 17.0 < 32
[CLEAN C855] type=Rejected area=1.0 perimeter=4.0 bbox=(712,634,2,2) long=1.0 box_short=1.0 box_aspect=1.000 skeleton_width=2.00 skeleton_range=2.00-2.00 skeleton_aspect=0.500 circularity=0.785
[CLEAN C855] REJECT Scratch: area 1.0 < 20; long_side 1.0 < 10; skeleton_aspect 0.500 < 2.5
[CLEAN C855] REJECT Pit: area 1.0 < 32
[CLEAN C856] type=Rejected area=8.5 perimeter=12.2 bbox=(1219,633,5,4) long=4.0 box_short=3.0 box_aspect=1.333 skeleton_width=2.80 skeleton_range=2.00-4.00 skeleton_aspect=1.429 circularity=0.713
[CLEAN C856] REJECT Scratch: area 8.5 < 20; long_side 4.0 < 10; skeleton_aspect 1.429 < 2.5
[CLEAN C856] REJECT Pit: area 8.5 < 32
[CLEAN C857] type=Rejected area=2.0 perimeter=6.0 bbox=(1132,633,2,3) long=2.0 box_short=1.0 box_aspect=2.000 skeleton_width=2.00 skeleton_range=2.00-2.00 skeleton_aspect=1.000 circularity=0.698
[CLEAN C857] REJECT Scratch: area 2.0 < 20; long_side 2.0 < 10; skeleton_aspect 1.000 < 2.5
[CLEAN C857] REJECT Pit: area 2.0 < 32
[CLEAN C858] type=Scratch area=59.5 perimeter=38.7 bbox=(955,633,9,15) long=14.3 box_short=7.6 box_aspect=1.872 skeleton_width=4.00 skeleton_range=2.00-8.00 skeleton_aspect=3.579 circularity=0.499
[MEASURE C858] Scratch width=0.204335 mm valid=False
[CLEAN C859] type=Scratch area=48.0 perimeter=32.1 bbox=(865,633,9,12) long=12.1 box_short=5.8 box_aspect=2.077 skeleton_width=4.39 skeleton_range=2.00-6.00 skeleton_aspect=2.748 circularity=0.584
[MEASURE C859] Scratch width=0.120472 mm valid=False
[CLEAN C860] type=Rejected area=2.0 perimeter=6.0 bbox=(579,633,3,2) long=2.0 box_short=1.0 box_aspect=2.000 skeleton_width=2.00 skeleton_range=2.00-2.00 skeleton_aspect=1.000 circularity=0.698
[CLEAN C860] REJECT Scratch: area 2.0 < 20; long_side 2.0 < 10; skeleton_aspect 1.000 < 2.5
[CLEAN C860] REJECT Pit: area 2.0 < 32
[CLEAN C861] type=Rejected area=12.5 perimeter=16.2 bbox=(965,632,7,4) long=6.0 box_short=3.0 box_aspect=2.000 skeleton_width=2.80 skeleton_range=2.00-4.00 skeleton_aspect=2.143 circularity=0.595
[CLEAN C861] REJECT Scratch: area 12.5 < 20; long_side 6.0 < 10; skeleton_aspect 2.143 < 2.5
[CLEAN C861] REJECT Pit: area 12.5 < 32
[CLEAN C862] type=Rejected area=31.0 perimeter=23.3 bbox=(759,632,7,9) long=8.5 box_short=4.9 box_aspect=1.714 skeleton_width=4.20 skeleton_range=2.00-5.60 skeleton_aspect=2.022 circularity=0.717
[CLEAN C862] REJECT Scratch: long_side 8.5 < 10; skeleton_aspect 2.022 < 2.5
[CLEAN C862] REJECT Pit: area 31.0 < 32
[CLEAN C863] type=Rejected area=2.0 perimeter=6.0 bbox=(667,632,3,2) long=2.0 box_short=1.0 box_aspect=2.000 skeleton_width=2.00 skeleton_range=2.00-2.00 skeleton_aspect=1.000 circularity=0.698
[CLEAN C863] REJECT Scratch: area 2.0 < 20; long_side 2.0 < 10; skeleton_aspect 1.000 < 2.5
[CLEAN C863] REJECT Pit: area 2.0 < 32
[CLEAN C864] type=Rejected area=3.5 perimeter=7.4 bbox=(746,631,3,3) long=2.0 box_short=2.0 box_aspect=1.000 skeleton_width=2.00 skeleton_range=2.00-2.80 skeleton_aspect=1.000 circularity=0.800
[CLEAN C864] REJECT Scratch: area 3.5 < 20; long_side 2.0 < 10; skeleton_aspect 1.000 < 2.5
[CLEAN C864] REJECT Pit: area 3.5 < 32
[CLEAN C865] type=Scratch area=63.0 perimeter=37.0 bbox=(643,631,13,11) long=14.8 box_short=6.4 box_aspect=2.325 skeleton_width=4.39 skeleton_range=2.00-7.19 skeleton_aspect=3.378 circularity=0.579
[MEASURE C865] Scratch width=0.127243 mm valid=False
[CLEAN C866] type=Rejected area=3.0 perimeter=8.0 bbox=(881,630,4,2) long=3.0 box_short=1.0 box_aspect=3.000 skeleton_width=2.00 skeleton_range=2.00-2.00 skeleton_aspect=1.500 circularity=0.589
[CLEAN C866] REJECT Scratch: area 3.0 < 20; long_side 3.0 < 10; skeleton_aspect 1.500 < 2.5
[CLEAN C866] REJECT Pit: area 3.0 < 32
[CLEAN C867] type=Rejected area=1.0 perimeter=4.0 bbox=(808,630,2,2) long=1.0 box_short=1.0 box_aspect=1.000 skeleton_width=2.00 skeleton_range=2.00-2.00 skeleton_aspect=0.500 circularity=0.785
[CLEAN C867] REJECT Scratch: area 1.0 < 20; long_side 1.0 < 10; skeleton_aspect 0.500 < 2.5
[CLEAN C867] REJECT Pit: area 1.0 < 32
[CLEAN C868] type=Rejected area=1.0 perimeter=4.0 bbox=(1152,629,2,2) long=1.0 box_short=1.0 box_aspect=1.000 skeleton_width=2.00 skeleton_range=2.00-2.00 skeleton_aspect=0.500 circularity=0.785
[CLEAN C868] REJECT Scratch: area 1.0 < 20; long_side 1.0 < 10; skeleton_aspect 0.500 < 2.5
[CLEAN C868] REJECT Pit: area 1.0 < 32
[CLEAN C869] type=Rejected area=27.5 perimeter=25.1 bbox=(1068,629,9,6) long=8.0 box_short=5.0 box_aspect=1.600 skeleton_width=2.80 skeleton_range=2.00-6.00 skeleton_aspect=2.857 circularity=0.550
[CLEAN C869] REJECT Scratch: long_side 8.0 < 10
[CLEAN C869] REJECT Pit: area 27.5 < 32; circularity 0.550 < 0.55
[CLEAN C870] type=Rejected area=4.0 perimeter=8.0 bbox=(834,629,3,3) long=2.0 box_short=2.0 box_aspect=1.000 skeleton_width=2.00 skeleton_range=2.00-4.00 skeleton_aspect=1.000 circularity=0.785
[CLEAN C870] REJECT Scratch: area 4.0 < 20; long_side 2.0 < 10; skeleton_aspect 1.000 < 2.5
[CLEAN C870] REJECT Pit: area 4.0 < 32
[CLEAN C871] type=Rejected area=1.0 perimeter=4.0 bbox=(638,629,2,2) long=1.0 box_short=1.0 box_aspect=1.000 skeleton_width=2.00 skeleton_range=2.00-2.00 skeleton_aspect=0.500 circularity=0.785
[CLEAN C871] REJECT Scratch: area 1.0 < 20; long_side 1.0 < 10; skeleton_aspect 0.500 < 2.5
[CLEAN C871] REJECT Pit: area 1.0 < 32
[CLEAN C872] type=Scratch area=27.5 perimeter=25.9 bbox=(208,628,6,11) long=10.0 box_short=5.0 box_aspect=2.000 skeleton_width=2.80 skeleton_range=2.00-5.60 skeleton_aspect=3.571 circularity=0.515
[MEASURE C872] Scratch 不可测: 划痕最大宽度点超出中央有效测量区域
[CLEAN C873] type=Rejected area=1.0 perimeter=4.0 bbox=(90,628,2,2) long=1.0 box_short=1.0 box_aspect=1.000 skeleton_width=2.00 skeleton_range=2.00-2.00 skeleton_aspect=0.500 circularity=0.785
[CLEAN C873] REJECT Scratch: area 1.0 < 20; long_side 1.0 < 10; skeleton_aspect 0.500 < 2.5
[CLEAN C873] REJECT Pit: area 1.0 < 32
[CLEAN C874] type=Rejected area=11.5 perimeter=18.2 bbox=(1228,627,4,8) long=7.5 box_short=2.4 box_aspect=3.100 skeleton_width=2.00 skeleton_range=2.00-4.00 skeleton_aspect=3.759 circularity=0.434
[CLEAN C874] REJECT Scratch: area 11.5 < 20; long_side 7.5 < 10
[CLEAN C874] REJECT Pit: area 11.5 < 32; circularity 0.434 < 0.55
[CLEAN C875] type=Rejected area=2.0 perimeter=6.0 bbox=(1048,627,3,2) long=2.0 box_short=1.0 box_aspect=2.000 skeleton_width=2.00 skeleton_range=2.00-2.00 skeleton_aspect=1.000 circularity=0.698
[CLEAN C875] REJECT Scratch: area 2.0 < 20; long_side 2.0 < 10; skeleton_aspect 1.000 < 2.5
[CLEAN C875] REJECT Pit: area 2.0 < 32
[CLEAN C876] type=Rejected area=7.0 perimeter=10.8 bbox=(142,627,3,5) long=4.0 box_short=2.0 box_aspect=2.000 skeleton_width=2.80 skeleton_range=2.00-4.00 skeleton_aspect=1.429 circularity=0.750
[CLEAN C876] REJECT Scratch: area 7.0 < 20; long_side 4.0 < 10; skeleton_aspect 1.429 < 2.5
[CLEAN C876] REJECT Pit: area 7.0 < 32
[CLEAN C877] type=Rejected area=15.5 perimeter=16.2 bbox=(775,626,6,5) long=5.0 box_short=4.0 box_aspect=1.250 skeleton_width=2.80 skeleton_range=2.00-4.39 skeleton_aspect=1.786 circularity=0.738
[CLEAN C877] REJECT Scratch: area 15.5 < 20; long_side 5.0 < 10; skeleton_aspect 1.786 < 2.5
[CLEAN C877] REJECT Pit: area 15.5 < 32
[CLEAN C878] type=Rejected area=9.5 perimeter=12.2 bbox=(193,626,5,4) long=4.0 box_short=3.0 box_aspect=1.333 skeleton_width=2.80 skeleton_range=2.00-4.00 skeleton_aspect=1.429 circularity=0.796
[CLEAN C878] REJECT Scratch: area 9.5 < 20; long_side 4.0 < 10; skeleton_aspect 1.429 < 2.5
[CLEAN C878] REJECT Pit: area 9.5 < 32
[CLEAN C879] type=Rejected area=2.0 perimeter=6.0 bbox=(1263,625,2,3) long=2.0 box_short=1.0 box_aspect=2.000 skeleton_width=2.00 skeleton_range=2.00-2.00 skeleton_aspect=1.000 circularity=0.698
[CLEAN C879] REJECT Scratch: area 2.0 < 20; long_side 2.0 < 10; skeleton_aspect 1.000 < 2.5
[CLEAN C879] REJECT Pit: area 2.0 < 32
[CLEAN C880] type=Rejected area=2.0 perimeter=6.0 bbox=(1205,624,2,3) long=2.0 box_short=1.0 box_aspect=2.000 skeleton_width=2.00 skeleton_range=2.00-2.00 skeleton_aspect=1.000 circularity=0.698
[CLEAN C880] REJECT Scratch: area 2.0 < 20; long_side 2.0 < 10; skeleton_aspect 1.000 < 2.5
[CLEAN C880] REJECT Pit: area 2.0 < 32
[CLEAN C881] type=Rejected area=3.5 perimeter=7.4 bbox=(640,624,3,3) long=2.0 box_short=2.0 box_aspect=1.000 skeleton_width=2.00 skeleton_range=2.00-2.80 skeleton_aspect=1.000 circularity=0.800
[CLEAN C881] REJECT Scratch: area 3.5 < 20; long_side 2.0 < 10; skeleton_aspect 1.000 < 2.5
[CLEAN C881] REJECT Pit: area 3.5 < 32
[CLEAN C882] type=Scratch area=68.0 perimeter=39.8 bbox=(559,624,12,12) long=10.4 box_short=10.3 box_aspect=1.011 skeleton_width=4.00 skeleton_range=2.00-8.39 skeleton_aspect=2.604 circularity=0.539
[MEASURE C882] Scratch width=0.271209 mm valid=True
Scratch: area = 68.0 width_px = 4.0 width_mm = 0.27120891211131554 ratio = 2.604165554046631
[CLEAN C883] type=Rejected area=3.0 perimeter=6.8 bbox=(541,624,3,3) long=2.8 box_short=1.4 box_aspect=2.000 skeleton_width=2.00 skeleton_range=2.00-2.80 skeleton_aspect=1.414 circularity=0.809
[CLEAN C883] REJECT Scratch: area 3.0 < 20; long_side 2.8 < 10; skeleton_aspect 1.414 < 2.5
[CLEAN C883] REJECT Pit: area 3.0 < 32
[CLEAN C884] type=Rejected area=2.0 perimeter=6.0 bbox=(1176,623,2,3) long=2.0 box_short=1.0 box_aspect=2.000 skeleton_width=2.00 skeleton_range=2.00-2.00 skeleton_aspect=1.000 circularity=0.698
[CLEAN C884] REJECT Scratch: area 2.0 < 20; long_side 2.0 < 10; skeleton_aspect 1.000 < 2.5
[CLEAN C884] REJECT Pit: area 2.0 < 32
[CLEAN C885] type=Rejected area=3.5 perimeter=7.4 bbox=(1031,623,3,3) long=2.0 box_short=2.0 box_aspect=1.000 skeleton_width=2.00 skeleton_range=2.00-2.80 skeleton_aspect=1.000 circularity=0.800
[CLEAN C885] REJECT Scratch: area 3.5 < 20; long_side 2.0 < 10; skeleton_aspect 1.000 < 2.5
[CLEAN C885] REJECT Pit: area 3.5 < 32
[CLEAN C886] type=Rejected area=1.0 perimeter=4.0 bbox=(783,623,2,2) long=1.0 box_short=1.0 box_aspect=1.000 skeleton_width=2.00 skeleton_range=2.00-2.00 skeleton_aspect=0.500 circularity=0.785
[CLEAN C886] REJECT Scratch: area 1.0 < 20; long_side 1.0 < 10; skeleton_aspect 0.500 < 2.5
[CLEAN C886] REJECT Pit: area 1.0 < 32
[CLEAN C887] type=Rejected area=10.5 perimeter=16.2 bbox=(459,623,6,5) long=5.0 box_short=4.0 box_aspect=1.250 skeleton_width=2.00 skeleton_range=2.00-4.00 skeleton_aspect=2.500 circularity=0.500
[CLEAN C887] REJECT Scratch: area 10.5 < 20; long_side 5.0 < 10
[CLEAN C887] REJECT Pit: area 10.5 < 32; circularity 0.500 < 0.55
[CLEAN C888] type=Rejected area=1.0 perimeter=4.0 bbox=(1312,622,2,2) long=1.0 box_short=1.0 box_aspect=1.000 skeleton_width=2.00 skeleton_range=2.00-2.00 skeleton_aspect=0.500 circularity=0.785
[CLEAN C888] REJECT Scratch: area 1.0 < 20; long_side 1.0 < 10; skeleton_aspect 0.500 < 2.5
[CLEAN C888] REJECT Pit: area 1.0 < 32
[CLEAN C889] type=Rejected area=1.0 perimeter=4.0 bbox=(987,622,2,2) long=1.0 box_short=1.0 box_aspect=1.000 skeleton_width=2.00 skeleton_range=2.00-2.00 skeleton_aspect=0.500 circularity=0.785
[CLEAN C889] REJECT Scratch: area 1.0 < 20; long_side 1.0 < 10; skeleton_aspect 0.500 < 2.5
[CLEAN C889] REJECT Pit: area 1.0 < 32
[CLEAN C890] type=Rejected area=2.0 perimeter=6.0 bbox=(870,622,3,2) long=2.0 box_short=1.0 box_aspect=2.000 skeleton_width=2.00 skeleton_range=2.00-2.00 skeleton_aspect=1.000 circularity=0.698
[CLEAN C890] REJECT Scratch: area 2.0 < 20; long_side 2.0 < 10; skeleton_aspect 1.000 < 2.5
[CLEAN C890] REJECT Pit: area 2.0 < 32
[CLEAN C891] type=Rejected area=5.5 perimeter=10.2 bbox=(853,622,4,4) long=3.0 box_short=3.0 box_aspect=1.000 skeleton_width=2.00 skeleton_range=2.00-2.80 skeleton_aspect=1.500 circularity=0.659
[CLEAN C891] REJECT Scratch: area 5.5 < 20; long_side 3.0 < 10; skeleton_aspect 1.500 < 2.5
[CLEAN C891] REJECT Pit: area 5.5 < 32
[CLEAN C892] type=Rejected area=9.0 perimeter=13.7 bbox=(758,622,6,4) long=5.7 box_short=2.5 box_aspect=2.250 skeleton_width=2.80 skeleton_range=2.00-4.00 skeleton_aspect=2.033 circularity=0.606
[CLEAN C892] REJECT Scratch: area 9.0 < 20; long_side 5.7 < 10; skeleton_aspect 2.033 < 2.5
[CLEAN C892] REJECT Pit: area 9.0 < 32
[CLEAN C893] type=Rejected area=7.0 perimeter=12.8 bbox=(312,622,3,6) long=5.0 box_short=2.0 box_aspect=2.500 skeleton_width=2.00 skeleton_range=2.00-2.80 skeleton_aspect=2.500 circularity=0.535
[CLEAN C893] REJECT Scratch: area 7.0 < 20; long_side 5.0 < 10
[CLEAN C893] REJECT Pit: area 7.0 < 32; circularity 0.535 < 0.55
[CLEAN C894] type=Rejected area=9.0 perimeter=12.8 bbox=(1162,621,4,5) long=4.0 box_short=3.0 box_aspect=1.333 skeleton_width=2.80 skeleton_range=2.00-4.00 skeleton_aspect=1.429 circularity=0.687
[CLEAN C894] REJECT Scratch: area 9.0 < 20; long_side 4.0 < 10; skeleton_aspect 1.429 < 2.5
[CLEAN C894] REJECT Pit: area 9.0 < 32
[CLEAN C895] type=Pit area=52.0 perimeter=29.7 bbox=(439,621,7,11) long=10.0 box_short=6.0 box_aspect=1.667 skeleton_width=4.39 skeleton_range=2.00-8.00 skeleton_aspect=2.276 circularity=0.743
[MEASURE C895] Pit diameter=0.250908 mm valid=True
Pit: area = 52.0 diameter_mm = 0.25090762972831726 circularity = 0.7429559153356595
[CLEAN C896] type=Rejected area=1.0 perimeter=4.0 bbox=(217,621,2,2) long=1.0 box_short=1.0 box_aspect=1.000 skeleton_width=2.00 skeleton_range=2.00-2.00 skeleton_aspect=0.500 circularity=0.785
[CLEAN C896] REJECT Scratch: area 1.0 < 20; long_side 1.0 < 10; skeleton_aspect 0.500 < 2.5
[CLEAN C896] REJECT Pit: area 1.0 < 32
[CLEAN C897] type=Rejected area=19.5 perimeter=23.9 bbox=(176,621,8,7) long=8.0 box_short=4.9 box_aspect=1.636 skeleton_width=2.80 skeleton_range=2.00-4.00 skeleton_aspect=2.875 circularity=0.429
[CLEAN C897] REJECT Scratch: area 19.5 < 20; long_side 8.0 < 10
[CLEAN C897] REJECT Pit: area 19.5 < 32; circularity 0.429 < 0.55
[CLEAN C898] type=Rejected area=2.0 perimeter=6.0 bbox=(1269,620,3,2) long=2.0 box_short=1.0 box_aspect=2.000 skeleton_width=2.00 skeleton_range=2.00-2.00 skeleton_aspect=1.000 circularity=0.698
[CLEAN C898] REJECT Scratch: area 2.0 < 20; long_side 2.0 < 10; skeleton_aspect 1.000 < 2.5
[CLEAN C898] REJECT Pit: area 2.0 < 32
[CLEAN C899] type=Rejected area=1.0 perimeter=4.0 bbox=(1167,620,2,2) long=1.0 box_short=1.0 box_aspect=1.000 skeleton_width=2.00 skeleton_range=2.00-2.00 skeleton_aspect=0.500 circularity=0.785
[CLEAN C899] REJECT Scratch: area 1.0 < 20; long_side 1.0 < 10; skeleton_aspect 0.500 < 2.5
[CLEAN C899] REJECT Pit: area 1.0 < 32
[CLEAN C900] type=Rejected area=11.5 perimeter=16.2 bbox=(1063,620,6,5) long=5.8 box_short=3.2 box_aspect=1.846 skeleton_width=2.80 skeleton_range=2.00-4.00 skeleton_aspect=2.079 circularity=0.548
[CLEAN C900] REJECT Scratch: area 11.5 < 20; long_side 5.8 < 10; skeleton_aspect 2.079 < 2.5
[CLEAN C900] REJECT Pit: area 11.5 < 32; circularity 0.548 < 0.55
[CLEAN C901] type=Rejected area=7.5 perimeter=10.2 bbox=(948,620,4,4) long=3.0 box_short=3.0 box_aspect=1.000 skeleton_width=2.80 skeleton_range=2.00-4.00 skeleton_aspect=1.071 circularity=0.898
[CLEAN C901] REJECT Scratch: area 7.5 < 20; long_side 3.0 < 10; skeleton_aspect 1.071 < 2.5
[CLEAN C901] REJECT Pit: area 7.5 < 32
[CLEAN C902] type=Scratch area=83.5 perimeter=63.2 bbox=(684,620,12,26) long=26.6 box_short=7.8 box_aspect=3.423 skeleton_width=4.00 skeleton_range=2.00-6.00 skeleton_aspect=6.642 circularity=0.263
[MEASURE C902] Scratch width=0.116177 mm valid=False
[CLEAN C903] type=Scratch area=81.5 perimeter=79.6 bbox=(1346,619,5,37) long=36.0 box_short=4.0 box_aspect=9.000 skeleton_width=4.00 skeleton_range=2.00-5.60 skeleton_aspect=9.000 circularity=0.162
[MEASURE C903] Scratch 不可测: 划痕最大宽度点超出中央有效测量区域
[CLEAN C904] type=Rejected area=14.0 perimeter=16.5 bbox=(818,619,6,6) long=5.7 box_short=3.5 box_aspect=1.600 skeleton_width=2.80 skeleton_range=2.00-4.00 skeleton_aspect=2.020 circularity=0.647
[CLEAN C904] REJECT Scratch: area 14.0 < 20; long_side 5.7 < 10; skeleton_aspect 2.020 < 2.5
[CLEAN C904] REJECT Pit: area 14.0 < 32
[CLEAN C905] type=Rejected area=24.5 perimeter=19.1 bbox=(398,619,7,6) long=6.0 box_short=5.0 box_aspect=1.200 skeleton_width=4.39 skeleton_range=2.00-5.60 skeleton_aspect=1.366 circularity=0.846
[CLEAN C905] REJECT Scratch: long_side 6.0 < 10; skeleton_aspect 1.366 < 2.5
[CLEAN C905] REJECT Pit: area 24.5 < 32
[CLEAN C906] type=Rejected area=13.5 perimeter=15.4 bbox=(1151,618,6,4) long=5.0 box_short=3.0 box_aspect=1.667 skeleton_width=4.00 skeleton_range=2.00-4.00 skeleton_aspect=1.250 circularity=0.714
[CLEAN C906] REJECT Scratch: area 13.5 < 20; long_side 5.0 < 10; skeleton_aspect 1.250 < 2.5
[CLEAN C906] REJECT Pit: area 13.5 < 32
[CLEAN C907] type=Scratch area=61.0 perimeter=36.1 bbox=(517,618,8,15) long=14.2 box_short=6.6 box_aspect=2.143 skeleton_width=5.60 skeleton_range=2.00-6.39 skeleton_aspect=2.541 circularity=0.587
[MEASURE C907] Scratch width=0.187575 mm valid=False
[CLEAN C908] type=Rejected area=1.0 perimeter=4.0 bbox=(357,618,2,2) long=1.0 box_short=1.0 box_aspect=1.000 skeleton_width=2.00 skeleton_range=2.00-2.00 skeleton_aspect=0.500 circularity=0.785
[CLEAN C908] REJECT Scratch: area 1.0 < 20; long_side 1.0 < 10; skeleton_aspect 0.500 < 2.5
[CLEAN C908] REJECT Pit: area 1.0 < 32
[CLEAN C909] type=Rejected area=19.0 perimeter=33.3 bbox=(1236,617,5,14) long=13.0 box_short=4.0 box_aspect=3.250 skeleton_width=2.00 skeleton_range=2.00-4.00 skeleton_aspect=6.500 circularity=0.215
[CLEAN C909] REJECT Scratch: area 19.0 < 20
[CLEAN C909] REJECT Pit: area 19.0 < 32; circularity 0.215 < 0.55
[CLEAN C910] type=Rejected area=8.0 perimeter=10.8 bbox=(758,616,4,4) long=3.0 box_short=3.0 box_aspect=1.000 skeleton_width=2.80 skeleton_range=2.00-4.00 skeleton_aspect=1.071 circularity=0.857
[CLEAN C910] REJECT Scratch: area 8.0 < 20; long_side 3.0 < 10; skeleton_aspect 1.071 < 2.5
[CLEAN C910] REJECT Pit: area 8.0 < 32
[CLEAN C911] type=Rejected area=17.0 perimeter=25.3 bbox=(1080,615,10,6) long=9.2 box_short=4.6 box_aspect=2.000 skeleton_width=2.80 skeleton_range=2.00-4.00 skeleton_aspect=3.278 circularity=0.333
[CLEAN C911] REJECT Scratch: area 17.0 < 20; long_side 9.2 < 10
[CLEAN C911] REJECT Pit: area 17.0 < 32; circularity 0.333 < 0.55
[CLEAN C912] type=Rejected area=8.0 perimeter=10.8 bbox=(461,615,4,4) long=3.0 box_short=3.0 box_aspect=1.000 skeleton_width=2.80 skeleton_range=2.00-4.00 skeleton_aspect=1.071 circularity=0.857
[CLEAN C912] REJECT Scratch: area 8.0 < 20; long_side 3.0 < 10; skeleton_aspect 1.071 < 2.5
[CLEAN C912] REJECT Pit: area 8.0 < 32
[CLEAN C913] type=Scratch area=75.5 perimeter=76.0 bbox=(1248,613,11,32) long=32.5 box_short=6.5 box_aspect=4.973 skeleton_width=2.80 skeleton_range=2.00-5.60 skeleton_aspect=11.618 circularity=0.164
[MEASURE C913] Scratch 不可测: 划痕最大宽度点超出中央有效测量区域
[CLEAN C914] type=Rejected area=11.0 perimeter=12.8 bbox=(958,613,5,4) long=4.0 box_short=3.0 box_aspect=1.333 skeleton_width=3.40 skeleton_range=2.00-4.00 skeleton_aspect=1.176 circularity=0.840
[CLEAN C914] REJECT Scratch: area 11.0 < 20; long_side 4.0 < 10; skeleton_aspect 1.176 < 2.5
[CLEAN C914] REJECT Pit: area 11.0 < 32
[CLEAN C915] type=Scratch area=110.0 perimeter=48.1 bbox=(671,613,12,16) long=15.0 box_short=11.0 box_aspect=1.364 skeleton_width=6.00 skeleton_range=2.00-9.99 skeleton_aspect=2.500 circularity=0.596
[MEASURE C915] Scratch width=0.248897 mm valid=False
[CLEAN C916] type=Rejected area=1.0 perimeter=4.0 bbox=(1319,612,2,2) long=1.0 box_short=1.0 box_aspect=1.000 skeleton_width=2.00 skeleton_range=2.00-2.00 skeleton_aspect=0.500 circularity=0.785
[CLEAN C916] REJECT Scratch: area 1.0 < 20; long_side 1.0 < 10; skeleton_aspect 0.500 < 2.5
[CLEAN C916] REJECT Pit: area 1.0 < 32
[CLEAN C917] type=Rejected area=23.5 perimeter=22.2 bbox=(1170,612,6,7) long=6.0 box_short=5.0 box_aspect=1.200 skeleton_width=4.00 skeleton_range=2.00-4.39 skeleton_aspect=1.500 circularity=0.597
[CLEAN C917] REJECT Scratch: long_side 6.0 < 10; skeleton_aspect 1.500 < 2.5
[CLEAN C917] REJECT Pit: area 23.5 < 32
[CLEAN C918] type=Rejected area=1.0 perimeter=4.0 bbox=(526,612,2,2) long=1.0 box_short=1.0 box_aspect=1.000 skeleton_width=2.00 skeleton_range=2.00-2.00 skeleton_aspect=0.500 circularity=0.785
[CLEAN C918] REJECT Scratch: area 1.0 < 20; long_side 1.0 < 10; skeleton_aspect 0.500 < 2.5
[CLEAN C918] REJECT Pit: area 1.0 < 32
[CLEAN C919] type=Rejected area=21.0 perimeter=21.3 bbox=(708,611,7,8) long=9.2 box_short=3.5 box_aspect=2.600 skeleton_width=2.80 skeleton_range=2.00-4.39 skeleton_aspect=3.283 circularity=0.581
[CLEAN C919] REJECT Scratch: long_side 9.2 < 10
[CLEAN C919] REJECT Pit: area 21.0 < 32
[CLEAN C920] type=Rejected area=24.5 perimeter=23.1 bbox=(1030,610,8,7) long=6.7 box_short=6.3 box_aspect=1.071 skeleton_width=2.00 skeleton_range=2.00-5.60 skeleton_aspect=3.354 circularity=0.578
[CLEAN C920] REJECT Scratch: long_side 6.7 < 10
[CLEAN C920] REJECT Pit: area 24.5 < 32
[CLEAN C921] type=Scratch area=231.5 perimeter=154.3 bbox=(933,610,14,57) long=56.2 box_short=12.0 box_aspect=4.685 skeleton_width=4.00 skeleton_range=2.00-7.19 skeleton_aspect=14.052 circularity=0.122
[MEASURE C921] Scratch width=0.217677 mm valid=False
[CLEAN C922] type=Scratch area=30.5 perimeter=37.6 bbox=(768,610,13,10) long=15.0 box_short=5.5 box_aspect=2.700 skeleton_width=2.80 skeleton_range=2.00-4.39 skeleton_aspect=5.349 circularity=0.272
[MEASURE C922] Scratch width=0.099922 mm valid=False
[CLEAN C923] type=Rejected area=16.5 perimeter=20.2 bbox=(738,610,4,9) long=8.0 box_short=3.0 box_aspect=2.667 skeleton_width=2.80 skeleton_range=2.00-4.00 skeleton_aspect=2.857 circularity=0.506
[CLEAN C923] REJECT Scratch: area 16.5 < 20; long_side 8.0 < 10
[CLEAN C923] REJECT Pit: area 16.5 < 32; circularity 0.506 < 0.55
[CLEAN C924] type=Rejected area=3.5 perimeter=7.4 bbox=(1096,609,3,3) long=2.0 box_short=2.0 box_aspect=1.000 skeleton_width=2.00 skeleton_range=2.00-2.80 skeleton_aspect=1.000 circularity=0.800
[CLEAN C924] REJECT Scratch: area 3.5 < 20; long_side 2.0 < 10; skeleton_aspect 1.000 < 2.5
[CLEAN C924] REJECT Pit: area 3.5 < 32
[CLEAN C925] type=Rejected area=4.0 perimeter=12.8 bbox=(1346,608,3,6) long=5.3 box_short=1.5 box_aspect=3.667 skeleton_width=2.00 skeleton_range=2.00-2.00 skeleton_aspect=2.668 circularity=0.305
[CLEAN C925] REJECT Scratch: area 4.0 < 20; long_side 5.3 < 10
[CLEAN C925] REJECT Pit: area 4.0 < 32; circularity 0.305 < 0.55
[CLEAN C926] type=Scratch area=60.0 perimeter=45.3 bbox=(1194,608,19,8) long=19.1 box_short=5.3 box_aspect=3.592 skeleton_width=4.00 skeleton_range=2.00-6.00 skeleton_aspect=4.772 circularity=0.367
[MEASURE C926] Scratch 不可测: 划痕最大宽度点超出中央有效测量区域
[CLEAN C927] type=Rejected area=1.0 perimeter=4.0 bbox=(1146,608,2,2) long=1.0 box_short=1.0 box_aspect=1.000 skeleton_width=2.00 skeleton_range=2.00-2.00 skeleton_aspect=0.500 circularity=0.785
[CLEAN C927] REJECT Scratch: area 1.0 < 20; long_side 1.0 < 10; skeleton_aspect 0.500 < 2.5
[CLEAN C927] REJECT Pit: area 1.0 < 32
[CLEAN C928] type=Rejected area=9.5 perimeter=13.4 bbox=(895,608,6,3) long=5.0 box_short=2.0 box_aspect=2.500 skeleton_width=2.80 skeleton_range=2.00-4.00 skeleton_aspect=1.786 circularity=0.663
[CLEAN C928] REJECT Scratch: area 9.5 < 20; long_side 5.0 < 10; skeleton_aspect 1.786 < 2.5
[CLEAN C928] REJECT Pit: area 9.5 < 32
[CLEAN C929] type=Rejected area=3.0 perimeter=8.0 bbox=(859,608,2,4) long=3.0 box_short=1.0 box_aspect=3.000 skeleton_width=2.00 skeleton_range=2.00-2.00 skeleton_aspect=1.500 circularity=0.589
[CLEAN C929] REJECT Scratch: area 3.0 < 20; long_side 3.0 < 10; skeleton_aspect 1.500 < 2.5
[CLEAN C929] REJECT Pit: area 3.0 < 32
[CLEAN C930] type=Rejected area=3.5 perimeter=7.4 bbox=(663,608,3,3) long=2.0 box_short=2.0 box_aspect=1.000 skeleton_width=2.00 skeleton_range=2.00-2.80 skeleton_aspect=1.000 circularity=0.800
[CLEAN C930] REJECT Scratch: area 3.5 < 20; long_side 2.0 < 10; skeleton_aspect 1.000 < 2.5
[CLEAN C930] REJECT Pit: area 3.5 < 32
[CLEAN C931] type=Rejected area=4.0 perimeter=8.0 bbox=(94,608,3,3) long=2.0 box_short=2.0 box_aspect=1.000 skeleton_width=2.00 skeleton_range=2.00-4.00 skeleton_aspect=1.000 circularity=0.785
[CLEAN C931] REJECT Scratch: area 4.0 < 20; long_side 2.0 < 10; skeleton_aspect 1.000 < 2.5
[CLEAN C931] REJECT Pit: area 4.0 < 32
[CLEAN C932] type=Rejected area=17.0 perimeter=17.7 bbox=(1218,607,7,5) long=6.0 box_short=4.0 box_aspect=1.500 skeleton_width=4.00 skeleton_range=2.00-4.39 skeleton_aspect=1.500 circularity=0.685
[CLEAN C932] REJECT Scratch: area 17.0 < 20; long_side 6.0 < 10; skeleton_aspect 1.500 < 2.5
[CLEAN C932] REJECT Pit: area 17.0 < 32
[CLEAN C933] type=Rejected area=13.0 perimeter=17.7 bbox=(821,607,5,7) long=6.3 box_short=3.7 box_aspect=1.684 skeleton_width=2.80 skeleton_range=2.00-4.00 skeleton_aspect=2.241 circularity=0.524
[CLEAN C933] REJECT Scratch: area 13.0 < 20; long_side 6.3 < 10; skeleton_aspect 2.241 < 2.5
[CLEAN C933] REJECT Pit: area 13.0 < 32; circularity 0.524 < 0.55
[CLEAN C934] type=Rejected area=5.0 perimeter=8.8 bbox=(219,607,4,3) long=3.0 box_short=2.0 box_aspect=1.500 skeleton_width=2.40 skeleton_range=2.00-2.80 skeleton_aspect=1.250 circularity=0.806
[CLEAN C934] REJECT Scratch: area 5.0 < 20; long_side 3.0 < 10; skeleton_aspect 1.250 < 2.5
[CLEAN C934] REJECT Pit: area 5.0 < 32
[CLEAN C935] type=Rejected area=5.0 perimeter=8.8 bbox=(1153,606,3,4) long=3.0 box_short=2.0 box_aspect=1.500 skeleton_width=2.40 skeleton_range=2.00-2.80 skeleton_aspect=1.250 circularity=0.806
[CLEAN C935] REJECT Scratch: area 5.0 < 20; long_side 3.0 < 10; skeleton_aspect 1.250 < 2.5
[CLEAN C935] REJECT Pit: area 5.0 < 32
[CLEAN C936] type=Scratch area=52.5 perimeter=49.2 bbox=(1121,606,16,11) long=16.2 box_short=7.8 box_aspect=2.094 skeleton_width=3.40 skeleton_range=2.00-5.60 skeleton_aspect=4.779 circularity=0.272
[MEASURE C936] Scratch 不可测: 划痕最大宽度点超出中央有效测量区域
[CLEAN C937] type=Rejected area=4.0 perimeter=12.8 bbox=(502,606,3,6) long=5.3 box_short=1.5 box_aspect=3.667 skeleton_width=2.00 skeleton_range=2.00-2.00 skeleton_aspect=2.668 circularity=0.305
[CLEAN C937] REJECT Scratch: area 4.0 < 20; long_side 5.3 < 10
[CLEAN C937] REJECT Pit: area 4.0 < 32; circularity 0.305 < 0.55
[CLEAN C938] type=Scratch area=21.5 perimeter=33.9 bbox=(487,606,5,15) long=14.5 box_short=2.9 box_aspect=4.933 skeleton_width=2.00 skeleton_range=2.00-4.00 skeleton_aspect=7.256 circularity=0.235
[MEASURE C938] Scratch width=0.074867 mm valid=False
[CLEAN C939] type=Rejected area=1.0 perimeter=4.0 bbox=(1007,605,2,2) long=1.0 box_short=1.0 box_aspect=1.000 skeleton_width=2.00 skeleton_range=2.00-2.00 skeleton_aspect=0.500 circularity=0.785
[CLEAN C939] REJECT Scratch: area 1.0 < 20; long_side 1.0 < 10; skeleton_aspect 0.500 < 2.5
[CLEAN C939] REJECT Pit: area 1.0 < 32
[CLEAN C940] type=Scratch area=95.0 perimeter=102.1 bbox=(453,605,5,49) long=48.0 box_short=4.0 box_aspect=12.000 skeleton_width=4.00 skeleton_range=2.00-4.00 skeleton_aspect=12.000 circularity=0.114
[MEASURE C940] Scratch width=0.076118 mm valid=False
[CLEAN C941] type=Rejected area=2.0 perimeter=6.0 bbox=(176,605,2,3) long=2.0 box_short=1.0 box_aspect=2.000 skeleton_width=2.00 skeleton_range=2.00-2.00 skeleton_aspect=1.000 circularity=0.698
[CLEAN C941] REJECT Scratch: area 2.0 < 20; long_side 2.0 < 10; skeleton_aspect 1.000 < 2.5
[CLEAN C941] REJECT Pit: area 2.0 < 32
[CLEAN C942] type=Rejected area=7.0 perimeter=10.8 bbox=(104,605,3,5) long=4.0 box_short=2.0 box_aspect=2.000 skeleton_width=2.80 skeleton_range=2.00-4.00 skeleton_aspect=1.429 circularity=0.750
[CLEAN C942] REJECT Scratch: area 7.0 < 20; long_side 4.0 < 10; skeleton_aspect 1.429 < 2.5
[CLEAN C942] REJECT Pit: area 7.0 < 32
[CLEAN C943] type=Rejected area=9.5 perimeter=12.2 bbox=(1103,604,5,4) long=4.0 box_short=3.0 box_aspect=1.333 skeleton_width=2.80 skeleton_range=2.00-4.00 skeleton_aspect=1.429 circularity=0.796
[CLEAN C943] REJECT Scratch: area 9.5 < 20; long_side 4.0 < 10; skeleton_aspect 1.429 < 2.5
[CLEAN C943] REJECT Pit: area 9.5 < 32
[CLEAN C944] type=Rejected area=1.0 perimeter=4.0 bbox=(975,604,2,2) long=1.0 box_short=1.0 box_aspect=1.000 skeleton_width=2.00 skeleton_range=2.00-2.00 skeleton_aspect=0.500 circularity=0.785
[CLEAN C944] REJECT Scratch: area 1.0 < 20; long_side 1.0 < 10; skeleton_aspect 0.500 < 2.5
[CLEAN C944] REJECT Pit: area 1.0 < 32
[CLEAN C945] type=Rejected area=20.5 perimeter=21.9 bbox=(847,604,6,9) long=8.2 box_short=3.8 box_aspect=2.167 skeleton_width=2.80 skeleton_range=2.00-4.00 skeleton_aspect=2.936 circularity=0.537
[CLEAN C945] REJECT Scratch: long_side 8.2 < 10
[CLEAN C945] REJECT Pit: area 20.5 < 32; circularity 0.537 < 0.55
[CLEAN C946] type=Rejected area=1.0 perimeter=4.0 bbox=(971,603,2,2) long=1.0 box_short=1.0 box_aspect=1.000 skeleton_width=2.00 skeleton_range=2.00-2.00 skeleton_aspect=0.500 circularity=0.785
[CLEAN C946] REJECT Scratch: area 1.0 < 20; long_side 1.0 < 10; skeleton_aspect 0.500 < 2.5
[CLEAN C946] REJECT Pit: area 1.0 < 32
[CLEAN C947] type=Scratch area=38.0 perimeter=37.3 bbox=(694,602,7,16) long=15.5 box_short=4.6 box_aspect=3.404 skeleton_width=4.00 skeleton_range=2.00-4.39 skeleton_aspect=3.881 circularity=0.343
[MEASURE C947] Scratch width=0.071929 mm valid=False
[CLEAN C948] type=Rejected area=6.0 perimeter=10.0 bbox=(376,602,4,3) long=3.0 box_short=2.0 box_aspect=1.500 skeleton_width=2.00 skeleton_range=2.00-4.00 skeleton_aspect=1.500 circularity=0.754
[CLEAN C948] REJECT Scratch: area 6.0 < 20; long_side 3.0 < 10; skeleton_aspect 1.500 < 2.5
[CLEAN C948] REJECT Pit: area 6.0 < 32
[CLEAN C949] type=Rejected area=5.0 perimeter=8.8 bbox=(1171,601,3,4) long=3.0 box_short=2.0 box_aspect=1.500 skeleton_width=2.40 skeleton_range=2.00-2.80 skeleton_aspect=1.250 circularity=0.806
[CLEAN C949] REJECT Scratch: area 5.0 < 20; long_side 3.0 < 10; skeleton_aspect 1.250 < 2.5
[CLEAN C949] REJECT Pit: area 5.0 < 32
[CLEAN C950] type=Rejected area=4.0 perimeter=8.8 bbox=(1159,601,3,4) long=3.0 box_short=2.0 box_aspect=1.500 skeleton_width=2.00 skeleton_range=2.00-2.80 skeleton_aspect=1.500 circularity=0.645
[CLEAN C950] REJECT Scratch: area 4.0 < 20; long_side 3.0 < 10; skeleton_aspect 1.500 < 2.5
[CLEAN C950] REJECT Pit: area 4.0 < 32
[CLEAN C951] type=Rejected area=1.0 perimeter=4.0 bbox=(919,601,2,2) long=1.0 box_short=1.0 box_aspect=1.000 skeleton_width=2.00 skeleton_range=2.00-2.00 skeleton_aspect=0.500 circularity=0.785
[CLEAN C951] REJECT Scratch: area 1.0 < 20; long_side 1.0 < 10; skeleton_aspect 0.500 < 2.5
[CLEAN C951] REJECT Pit: area 1.0 < 32
[CLEAN C952] type=Scratch area=69.5 perimeter=54.9 bbox=(242,601,13,19) long=21.1 box_short=9.2 box_aspect=2.295 skeleton_width=4.00 skeleton_range=2.00-6.00 skeleton_aspect=5.265 circularity=0.290
[MEASURE C952] Scratch 不可测: 划痕最大宽度点超出中央有效测量区域
[CLEAN C953] type=Rejected area=12.0 perimeter=15.7 bbox=(705,600,4,7) long=6.0 box_short=2.8 box_aspect=2.111 skeleton_width=2.80 skeleton_range=2.00-4.00 skeleton_aspect=2.146 circularity=0.615
[CLEAN C953] REJECT Scratch: area 12.0 < 20; long_side 6.0 < 10; skeleton_aspect 2.146 < 2.5
[CLEAN C953] REJECT Pit: area 12.0 < 32
[CLEAN C954] type=Rejected area=4.0 perimeter=8.8 bbox=(589,600,4,3) long=3.0 box_short=2.0 box_aspect=1.500 skeleton_width=2.00 skeleton_range=2.00-2.80 skeleton_aspect=1.500 circularity=0.645
[CLEAN C954] REJECT Scratch: area 4.0 < 20; long_side 3.0 < 10; skeleton_aspect 1.500 < 2.5
[CLEAN C954] REJECT Pit: area 4.0 < 32
[CLEAN C955] type=Rejected area=9.0 perimeter=20.0 bbox=(532,600,2,10) long=9.0 box_short=1.0 box_aspect=9.000 skeleton_width=2.00 skeleton_range=2.00-2.00 skeleton_aspect=4.500 circularity=0.283
[CLEAN C955] REJECT Scratch: area 9.0 < 20; long_side 9.0 < 10
[CLEAN C955] REJECT Pit: area 9.0 < 32; circularity 0.283 < 0.55; aspect_ratio 9.000 > 5.0
[CLEAN C956] type=Rejected area=9.0 perimeter=14.8 bbox=(460,600,3,7) long=6.0 box_short=2.0 box_aspect=3.000 skeleton_width=2.00 skeleton_range=2.00-4.00 skeleton_aspect=3.000 circularity=0.514
[CLEAN C956] REJECT Scratch: area 9.0 < 20; long_side 6.0 < 10
[CLEAN C956] REJECT Pit: area 9.0 < 32; circularity 0.514 < 0.55
[CLEAN C957] type=Rejected area=7.0 perimeter=14.8 bbox=(1246,599,3,7) long=6.0 box_short=2.0 box_aspect=3.000 skeleton_width=2.00 skeleton_range=2.00-2.80 skeleton_aspect=3.000 circularity=0.400
[CLEAN C957] REJECT Scratch: area 7.0 < 20; long_side 6.0 < 10
[CLEAN C957] REJECT Pit: area 7.0 < 32; circularity 0.400 < 0.55
[CLEAN C958] type=Rejected area=2.0 perimeter=6.0 bbox=(850,599,3,2) long=2.0 box_short=1.0 box_aspect=2.000 skeleton_width=2.00 skeleton_range=2.00-2.00 skeleton_aspect=1.000 circularity=0.698
[CLEAN C958] REJECT Scratch: area 2.0 < 20; long_side 2.0 < 10; skeleton_aspect 1.000 < 2.5
[CLEAN C958] REJECT Pit: area 2.0 < 32
[CLEAN C959] type=Scratch area=140.0 perimeter=75.9 bbox=(788,599,15,26) long=26.2 box_short=9.5 box_aspect=2.765 skeleton_width=4.00 skeleton_range=2.00-8.79 skeleton_aspect=6.546 circularity=0.305
[MEASURE C959] Scratch width=0.195555 mm valid=False
[CLEAN C960] type=Rejected area=14.0 perimeter=18.5 bbox=(683,599,8,4) long=7.0 box_short=3.0 box_aspect=2.333 skeleton_width=2.80 skeleton_range=2.00-4.00 skeleton_aspect=2.500 circularity=0.515
[CLEAN C960] REJECT Scratch: area 14.0 < 20; long_side 7.0 < 10
[CLEAN C960] REJECT Pit: area 14.0 < 32; circularity 0.515 < 0.55
[CLEAN C961] type=Rejected area=2.0 perimeter=6.0 bbox=(673,599,2,3) long=2.0 box_short=1.0 box_aspect=2.000 skeleton_width=2.00 skeleton_range=2.00-2.00 skeleton_aspect=1.000 circularity=0.698
[CLEAN C961] REJECT Scratch: area 2.0 < 20; long_side 2.0 < 10; skeleton_aspect 1.000 < 2.5
[CLEAN C961] REJECT Pit: area 2.0 < 32
[CLEAN C962] type=Rejected area=1.0 perimeter=4.0 bbox=(652,599,2,2) long=1.0 box_short=1.0 box_aspect=1.000 skeleton_width=2.00 skeleton_range=2.00-2.00 skeleton_aspect=0.500 circularity=0.785
[CLEAN C962] REJECT Scratch: area 1.0 < 20; long_side 1.0 < 10; skeleton_aspect 0.500 < 2.5
[CLEAN C962] REJECT Pit: area 1.0 < 32
[CLEAN C963] type=Scratch area=183.5 perimeter=125.5 bbox=(154,599,18,41) long=42.0 box_short=14.5 box_aspect=2.895 skeleton_width=4.00 skeleton_range=2.00-7.19 skeleton_aspect=10.504 circularity=0.146
[MEASURE C963] Scratch 不可测: 划痕最大宽度点超出中央有效测量区域
[CLEAN C964] type=Rejected area=1.0 perimeter=4.0 bbox=(1122,598,2,2) long=1.0 box_short=1.0 box_aspect=1.000 skeleton_width=2.00 skeleton_range=2.00-2.00 skeleton_aspect=0.500 circularity=0.785
[CLEAN C964] REJECT Scratch: area 1.0 < 20; long_side 1.0 < 10; skeleton_aspect 0.500 < 2.5
[CLEAN C964] REJECT Pit: area 1.0 < 32
[CLEAN C965] type=Rejected area=7.0 perimeter=10.8 bbox=(869,598,4,4) long=3.0 box_short=3.0 box_aspect=1.000 skeleton_width=2.40 skeleton_range=2.00-4.00 skeleton_aspect=1.250 circularity=0.750
[CLEAN C965] REJECT Scratch: area 7.0 < 20; long_side 3.0 < 10; skeleton_aspect 1.250 < 2.5
[CLEAN C965] REJECT Pit: area 7.0 < 32
[CLEAN C966] type=Rejected area=8.5 perimeter=12.2 bbox=(411,597,5,4) long=4.0 box_short=3.0 box_aspect=1.333 skeleton_width=2.80 skeleton_range=2.00-4.00 skeleton_aspect=1.429 circularity=0.713
[CLEAN C966] REJECT Scratch: area 8.5 < 20; long_side 4.0 < 10; skeleton_aspect 1.429 < 2.5
[CLEAN C966] REJECT Pit: area 8.5 < 32
[CLEAN C967] type=Rejected area=1.0 perimeter=4.0 bbox=(1004,596,2,2) long=1.0 box_short=1.0 box_aspect=1.000 skeleton_width=2.00 skeleton_range=2.00-2.00 skeleton_aspect=0.500 circularity=0.785
[CLEAN C967] REJECT Scratch: area 1.0 < 20; long_side 1.0 < 10; skeleton_aspect 0.500 < 2.5
[CLEAN C967] REJECT Pit: area 1.0 < 32
[CLEAN C968] type=Rejected area=1.0 perimeter=4.0 bbox=(831,596,2,2) long=1.0 box_short=1.0 box_aspect=1.000 skeleton_width=2.00 skeleton_range=2.00-2.00 skeleton_aspect=0.500 circularity=0.785
[CLEAN C968] REJECT Scratch: area 1.0 < 20; long_side 1.0 < 10; skeleton_aspect 0.500 < 2.5
[CLEAN C968] REJECT Pit: area 1.0 < 32
[CLEAN C969] type=Rejected area=22.5 perimeter=23.1 bbox=(717,596,5,10) long=9.0 box_short=4.0 box_aspect=2.250 skeleton_width=4.00 skeleton_range=2.00-4.00 skeleton_aspect=2.250 circularity=0.531
[CLEAN C969] REJECT Scratch: long_side 9.0 < 10; skeleton_aspect 2.250 < 2.5
[CLEAN C969] REJECT Pit: area 22.5 < 32; circularity 0.531 < 0.55
[CLEAN C970] type=Rejected area=22.5 perimeter=19.1 bbox=(1090,595,7,6) long=6.0 box_short=5.0 box_aspect=1.200 skeleton_width=4.00 skeleton_range=2.00-5.60 skeleton_aspect=1.500 circularity=0.777
[CLEAN C970] REJECT Scratch: long_side 6.0 < 10; skeleton_aspect 1.500 < 2.5
[CLEAN C970] REJECT Pit: area 22.5 < 32
[CLEAN C971] type=Rejected area=4.5 perimeter=9.4 bbox=(1175,594,4,3) long=3.0 box_short=2.0 box_aspect=1.500 skeleton_width=2.00 skeleton_range=2.00-2.80 skeleton_aspect=1.500 circularity=0.638
[CLEAN C971] REJECT Scratch: area 4.5 < 20; long_side 3.0 < 10; skeleton_aspect 1.500 < 2.5
[CLEAN C971] REJECT Pit: area 4.5 < 32
[CLEAN C972] type=Rejected area=1.0 perimeter=4.0 bbox=(1126,594,2,2) long=1.0 box_short=1.0 box_aspect=1.000 skeleton_width=2.00 skeleton_range=2.00-2.00 skeleton_aspect=0.500 circularity=0.785
[CLEAN C972] REJECT Scratch: area 1.0 < 20; long_side 1.0 < 10; skeleton_aspect 0.500 < 2.5
[CLEAN C972] REJECT Pit: area 1.0 < 32
[CLEAN C973] type=Rejected area=1.0 perimeter=4.0 bbox=(838,594,2,2) long=1.0 box_short=1.0 box_aspect=1.000 skeleton_width=2.00 skeleton_range=2.00-2.00 skeleton_aspect=0.500 circularity=0.785
[CLEAN C973] REJECT Scratch: area 1.0 < 20; long_side 1.0 < 10; skeleton_aspect 0.500 < 2.5
[CLEAN C973] REJECT Pit: area 1.0 < 32
[CLEAN C974] type=Rejected area=5.5 perimeter=9.4 bbox=(280,594,3,4) long=3.0 box_short=2.0 box_aspect=1.500 skeleton_width=2.00 skeleton_range=2.00-4.00 skeleton_aspect=1.500 circularity=0.780
[CLEAN C974] REJECT Scratch: area 5.5 < 20; long_side 3.0 < 10; skeleton_aspect 1.500 < 2.5
[CLEAN C974] REJECT Pit: area 5.5 < 32
[CLEAN C975] type=Rejected area=47.0 perimeter=33.3 bbox=(931,592,9,12) long=9.7 box_short=8.9 box_aspect=1.083 skeleton_width=4.00 skeleton_range=2.00-6.39 skeleton_aspect=2.414 circularity=0.532
[CLEAN C975] REJECT Scratch: long_side 9.7 < 10; skeleton_aspect 2.414 < 2.5
[CLEAN C975] REJECT Pit: circularity 0.532 < 0.55
[CLEAN C976] type=Rejected area=5.0 perimeter=12.8 bbox=(761,592,6,3) long=5.3 box_short=1.7 box_aspect=3.143 skeleton_width=2.00 skeleton_range=2.00-2.00 skeleton_aspect=2.668 circularity=0.382
[CLEAN C976] REJECT Scratch: area 5.0 < 20; long_side 5.3 < 10
[CLEAN C976] REJECT Pit: area 5.0 < 32; circularity 0.382 < 0.55
[CLEAN C977] type=Rejected area=5.5 perimeter=9.4 bbox=(487,592,3,4) long=3.0 box_short=2.0 box_aspect=1.500 skeleton_width=2.00 skeleton_range=2.00-4.00 skeleton_aspect=1.500 circularity=0.780
[CLEAN C977] REJECT Scratch: area 5.5 < 20; long_side 3.0 < 10; skeleton_aspect 1.500 < 2.5
[CLEAN C977] REJECT Pit: area 5.5 < 32
[CLEAN C978] type=Rejected area=3.0 perimeter=8.0 bbox=(462,592,2,4) long=3.0 box_short=1.0 box_aspect=3.000 skeleton_width=2.00 skeleton_range=2.00-2.00 skeleton_aspect=1.500 circularity=0.589
[CLEAN C978] REJECT Scratch: area 3.0 < 20; long_side 3.0 < 10; skeleton_aspect 1.500 < 2.5
[CLEAN C978] REJECT Pit: area 3.0 < 32
[CLEAN C979] type=Scratch area=22.0 perimeter=37.3 bbox=(1256,591,7,16) long=16.1 box_short=2.8 box_aspect=5.667 skeleton_width=2.00 skeleton_range=2.00-4.00 skeleton_aspect=8.064 circularity=0.199
[MEASURE C979] Scratch 不可测: 划痕最大宽度点超出中央有效测量区域
[CLEAN C980] type=Rejected area=17.0 perimeter=22.5 bbox=(1188,591,8,7) long=9.2 box_short=3.9 box_aspect=2.360 skeleton_width=2.80 skeleton_range=2.00-4.00 skeleton_aspect=3.291 circularity=0.423
[CLEAN C980] REJECT Scratch: area 17.0 < 20; long_side 9.2 < 10
[CLEAN C980] REJECT Pit: area 17.0 < 32; circularity 0.423 < 0.55
[CLEAN C981] type=Scratch area=26.0 perimeter=34.5 bbox=(1103,591,16,4) long=15.0 box_short=3.0 box_aspect=5.000 skeleton_width=2.80 skeleton_range=2.00-4.00 skeleton_aspect=5.357 circularity=0.275
[MEASURE C981] Scratch 不可测: 划痕最大宽度点超出中央有效测量区域
[CLEAN C982] type=Rejected area=5.0 perimeter=8.8 bbox=(56,591,3,4) long=3.0 box_short=2.0 box_aspect=1.500 skeleton_width=2.40 skeleton_range=2.00-2.80 skeleton_aspect=1.250 circularity=0.806
[CLEAN C982] REJECT Scratch: area 5.0 < 20; long_side 3.0 < 10; skeleton_aspect 1.250 < 2.5
[CLEAN C982] REJECT Pit: area 5.0 < 32
[CLEAN C983] type=Scratch area=39.5 perimeter=36.4 bbox=(1019,590,13,11) long=13.4 box_short=5.7 box_aspect=2.375 skeleton_width=2.80 skeleton_range=2.00-5.60 skeleton_aspect=4.798 circularity=0.375
[MEASURE C983] Scratch width=0.162537 mm valid=False
[CLEAN C984] type=Rejected area=1.0 perimeter=4.0 bbox=(951,590,2,2) long=1.0 box_short=1.0 box_aspect=1.000 skeleton_width=2.00 skeleton_range=2.00-2.00 skeleton_aspect=0.500 circularity=0.785
[CLEAN C984] REJECT Scratch: area 1.0 < 20; long_side 1.0 < 10; skeleton_aspect 0.500 < 2.5
[CLEAN C984] REJECT Pit: area 1.0 < 32
[CLEAN C985] type=Rejected area=7.5 perimeter=12.2 bbox=(671,590,5,4) long=4.9 box_short=2.2 box_aspect=2.200 skeleton_width=2.40 skeleton_range=2.00-2.80 skeleton_aspect=2.050 circularity=0.629
[CLEAN C985] REJECT Scratch: area 7.5 < 20; long_side 4.9 < 10; skeleton_aspect 2.050 < 2.5
[CLEAN C985] REJECT Pit: area 7.5 < 32
[CLEAN C986] type=Rejected area=16.0 perimeter=27.7 bbox=(521,590,4,12) long=11.0 box_short=3.0 box_aspect=3.667 skeleton_width=2.00 skeleton_range=2.00-4.00 skeleton_aspect=5.500 circularity=0.263
[CLEAN C986] REJECT Scratch: area 16.0 < 20
[CLEAN C986] REJECT Pit: area 16.0 < 32; circularity 0.263 < 0.55
[CLEAN C987] type=Rejected area=1.0 perimeter=4.0 bbox=(1304,588,2,2) long=1.0 box_short=1.0 box_aspect=1.000 skeleton_width=2.00 skeleton_range=2.00-2.00 skeleton_aspect=0.500 circularity=0.785
[CLEAN C987] REJECT Scratch: area 1.0 < 20; long_side 1.0 < 10; skeleton_aspect 0.500 < 2.5
[CLEAN C987] REJECT Pit: area 1.0 < 32
[CLEAN C988] type=Scratch area=91.5 perimeter=64.0 bbox=(1225,587,8,27) long=26.0 box_short=7.0 box_aspect=3.714 skeleton_width=4.00 skeleton_range=2.00-6.39 skeleton_aspect=6.500 circularity=0.280
[MEASURE C988] Scratch 不可测: 划痕最大宽度点超出中央有效测量区域
[CLEAN C989] type=Rejected area=3.5 perimeter=7.4 bbox=(1094,587,3,3) long=2.0 box_short=2.0 box_aspect=1.000 skeleton_width=2.00 skeleton_range=2.00-2.80 skeleton_aspect=1.000 circularity=0.800
[CLEAN C989] REJECT Scratch: area 3.5 < 20; long_side 2.0 < 10; skeleton_aspect 1.000 < 2.5
[CLEAN C989] REJECT Pit: area 3.5 < 32
[CLEAN C990] type=Rejected area=1.0 perimeter=4.0 bbox=(1071,587,2,2) long=1.0 box_short=1.0 box_aspect=1.000 skeleton_width=2.00 skeleton_range=2.00-2.00 skeleton_aspect=0.500 circularity=0.785
[CLEAN C990] REJECT Scratch: area 1.0 < 20; long_side 1.0 < 10; skeleton_aspect 0.500 < 2.5
[CLEAN C990] REJECT Pit: area 1.0 < 32
[CLEAN C991] type=Scratch area=50.0 perimeter=43.7 bbox=(736,587,4,20) long=19.0 box_short=3.0 box_aspect=6.333 skeleton_width=4.00 skeleton_range=2.00-4.00 skeleton_aspect=4.750 circularity=0.330
[MEASURE C991] Scratch width=0.094393 mm valid=False
[CLEAN C992] type=Rejected area=17.0 perimeter=16.5 bbox=(684,587,6,6) long=4.9 box_short=4.2 box_aspect=1.167 skeleton_width=3.60 skeleton_range=2.00-4.39 skeleton_aspect=1.376 circularity=0.786
[CLEAN C992] REJECT Scratch: area 17.0 < 20; long_side 4.9 < 10; skeleton_aspect 1.376 < 2.5
[CLEAN C992] REJECT Pit: area 17.0 < 32
[CLEAN C993] type=Scratch area=47.0 perimeter=33.3 bbox=(451,587,6,15) long=14.0 box_short=5.0 box_aspect=2.800 skeleton_width=4.20 skeleton_range=2.00-6.00 skeleton_aspect=3.336 circularity=0.532
[MEASURE C993] Scratch width=0.122997 mm valid=False
[CLEAN C994] type=Rejected area=4.0 perimeter=8.0 bbox=(1246,586,3,3) long=2.0 box_short=2.0 box_aspect=1.000 skeleton_width=2.00 skeleton_range=2.00-4.00 skeleton_aspect=1.000 circularity=0.785
[CLEAN C994] REJECT Scratch: area 4.0 < 20; long_side 2.0 < 10; skeleton_aspect 1.000 < 2.5
[CLEAN C994] REJECT Pit: area 4.0 < 32
[CLEAN C995] type=Rejected area=11.5 perimeter=13.4 bbox=(710,585,4,5) long=4.0 box_short=3.0 box_aspect=1.333 skeleton_width=4.00 skeleton_range=2.00-4.00 skeleton_aspect=1.000 circularity=0.803
[CLEAN C995] REJECT Scratch: area 11.5 < 20; long_side 4.0 < 10; skeleton_aspect 1.000 < 2.5
[CLEAN C995] REJECT Pit: area 11.5 < 32
[CLEAN C996] type=Rejected area=3.0 perimeter=6.8 bbox=(460,585,3,3) long=2.8 box_short=1.4 box_aspect=2.000 skeleton_width=2.00 skeleton_range=2.00-2.80 skeleton_aspect=1.414 circularity=0.809
[CLEAN C996] REJECT Scratch: area 3.0 < 20; long_side 2.8 < 10; skeleton_aspect 1.414 < 2.5
[CLEAN C996] REJECT Pit: area 3.0 < 32
[CLEAN C997] type=Rejected area=5.5 perimeter=9.4 bbox=(118,585,3,4) long=3.0 box_short=2.0 box_aspect=1.500 skeleton_width=2.00 skeleton_range=2.00-4.00 skeleton_aspect=1.500 circularity=0.780
[CLEAN C997] REJECT Scratch: area 5.5 < 20; long_side 3.0 < 10; skeleton_aspect 1.500 < 2.5
[CLEAN C997] REJECT Pit: area 5.5 < 32
[CLEAN C998] type=Rejected area=4.5 perimeter=9.4 bbox=(164,584,3,4) long=3.0 box_short=2.0 box_aspect=1.500 skeleton_width=2.00 skeleton_range=2.00-2.80 skeleton_aspect=1.500 circularity=0.638
[CLEAN C998] REJECT Scratch: area 4.5 < 20; long_side 3.0 < 10; skeleton_aspect 1.500 < 2.5
[CLEAN C998] REJECT Pit: area 4.5 < 32
[CLEAN C999] type=Rejected area=17.0 perimeter=25.7 bbox=(1346,583,4,12) long=11.0 box_short=3.0 box_aspect=3.722 skeleton_width=2.00 skeleton_range=2.00-4.00 skeleton_aspect=5.507 circularity=0.325
[CLEAN C999] REJECT Scratch: area 17.0 < 20
[CLEAN C999] REJECT Pit: area 17.0 < 32; circularity 0.325 < 0.55
[CLEAN C1000] type=Rejected area=2.0 perimeter=6.0 bbox=(1265,583,3,2) long=2.0 box_short=1.0 box_aspect=2.000 skeleton_width=2.00 skeleton_range=2.00-2.00 skeleton_aspect=1.000 circularity=0.698
[CLEAN C1000] REJECT Scratch: area 2.0 < 20; long_side 2.0 < 10; skeleton_aspect 1.000 < 2.5
[CLEAN C1000] REJECT Pit: area 2.0 < 32
[CLEAN C1001] type=Rejected area=1.0 perimeter=4.0 bbox=(1258,582,2,2) long=1.0 box_short=1.0 box_aspect=1.000 skeleton_width=2.00 skeleton_range=2.00-2.00 skeleton_aspect=0.500 circularity=0.785
[CLEAN C1001] REJECT Scratch: area 1.0 < 20; long_side 1.0 < 10; skeleton_aspect 0.500 < 2.5
[CLEAN C1001] REJECT Pit: area 1.0 < 32
[CLEAN C1002] type=Rejected area=5.0 perimeter=8.8 bbox=(1153,582,4,3) long=3.0 box_short=2.0 box_aspect=1.500 skeleton_width=2.40 skeleton_range=2.00-2.80 skeleton_aspect=1.250 circularity=0.806
[CLEAN C1002] REJECT Scratch: area 5.0 < 20; long_side 3.0 < 10; skeleton_aspect 1.250 < 2.5
[CLEAN C1002] REJECT Pit: area 5.0 < 32
[CLEAN C1003] type=Rejected area=1.0 perimeter=4.0 bbox=(717,582,2,2) long=1.0 box_short=1.0 box_aspect=1.000 skeleton_width=2.00 skeleton_range=2.00-2.00 skeleton_aspect=0.500 circularity=0.785
[CLEAN C1003] REJECT Scratch: area 1.0 < 20; long_side 1.0 < 10; skeleton_aspect 0.500 < 2.5
[CLEAN C1003] REJECT Pit: area 1.0 < 32
[CLEAN C1004] type=Rejected area=1.0 perimeter=4.0 bbox=(745,581,2,2) long=1.0 box_short=1.0 box_aspect=1.000 skeleton_width=2.00 skeleton_range=2.00-2.00 skeleton_aspect=0.500 circularity=0.785
[CLEAN C1004] REJECT Scratch: area 1.0 < 20; long_side 1.0 < 10; skeleton_aspect 0.500 < 2.5
[CLEAN C1004] REJECT Pit: area 1.0 < 32
[CLEAN C1005] type=Rejected area=66.5 perimeter=39.2 bbox=(96,581,12,12) long=13.6 box_short=8.3 box_aspect=1.633 skeleton_width=5.60 skeleton_range=2.00-6.39 skeleton_aspect=2.427 circularity=0.543
[CLEAN C1005] REJECT Scratch: skeleton_aspect 2.427 < 2.5
[CLEAN C1005] REJECT Pit: circularity 0.543 < 0.55
[CLEAN C1006] type=Rejected area=2.0 perimeter=6.0 bbox=(381,580,2,3) long=2.0 box_short=1.0 box_aspect=2.000 skeleton_width=2.00 skeleton_range=2.00-2.00 skeleton_aspect=1.000 circularity=0.698
[CLEAN C1006] REJECT Scratch: area 2.0 < 20; long_side 2.0 < 10; skeleton_aspect 1.000 < 2.5
[CLEAN C1006] REJECT Pit: area 2.0 < 32
[CLEAN C1007] type=Rejected area=8.5 perimeter=15.1 bbox=(1242,579,5,6) long=6.4 box_short=2.6 box_aspect=2.462 skeleton_width=2.00 skeleton_range=2.00-2.80 skeleton_aspect=3.200 circularity=0.470
[CLEAN C1007] REJECT Scratch: area 8.5 < 20; long_side 6.4 < 10
[CLEAN C1007] REJECT Pit: area 8.5 < 32; circularity 0.470 < 0.55
[CLEAN C1008] type=Scratch area=75.5 perimeter=39.9 bbox=(348,579,7,17) long=16.0 box_short=6.0 box_aspect=2.667 skeleton_width=6.00 skeleton_range=2.00-7.19 skeleton_aspect=2.667 circularity=0.596
[MEASURE C1008] Scratch width=0.182542 mm valid=False
[CLEAN C1009] type=Rejected area=1.0 perimeter=4.0 bbox=(1157,578,2,2) long=1.0 box_short=1.0 box_aspect=1.000 skeleton_width=2.00 skeleton_range=2.00-2.00 skeleton_aspect=0.500 circularity=0.785
[CLEAN C1009] REJECT Scratch: area 1.0 < 20; long_side 1.0 < 10; skeleton_aspect 0.500 < 2.5
[CLEAN C1009] REJECT Pit: area 1.0 < 32
[CLEAN C1010] type=Rejected area=1.0 perimeter=4.0 bbox=(567,578,2,2) long=1.0 box_short=1.0 box_aspect=1.000 skeleton_width=2.00 skeleton_range=2.00-2.00 skeleton_aspect=0.500 circularity=0.785
[CLEAN C1010] REJECT Scratch: area 1.0 < 20; long_side 1.0 < 10; skeleton_aspect 0.500 < 2.5
[CLEAN C1010] REJECT Pit: area 1.0 < 32
[CLEAN C1011] type=Rejected area=4.0 perimeter=8.8 bbox=(399,578,4,3) long=3.0 box_short=2.0 box_aspect=1.500 skeleton_width=2.00 skeleton_range=2.00-2.80 skeleton_aspect=1.500 circularity=0.645
[CLEAN C1011] REJECT Scratch: area 4.0 < 20; long_side 3.0 < 10; skeleton_aspect 1.500 < 2.5
[CLEAN C1011] REJECT Pit: area 4.0 < 32
[CLEAN C1012] type=Rejected area=22.5 perimeter=23.9 bbox=(1187,577,6,9) long=8.2 box_short=4.8 box_aspect=1.706 skeleton_width=2.80 skeleton_range=2.00-4.39 skeleton_aspect=2.929 circularity=0.495
[CLEAN C1012] REJECT Scratch: long_side 8.2 < 10
[CLEAN C1012] REJECT Pit: area 22.5 < 32; circularity 0.495 < 0.55
[CLEAN C1013] type=Scratch area=21.5 perimeter=25.9 bbox=(1161,577,7,10) long=10.7 box_short=3.6 box_aspect=3.000 skeleton_width=2.80 skeleton_range=2.00-4.00 skeleton_aspect=3.833 circularity=0.403
[MEASURE C1013] Scratch 不可测: 划痕最大宽度点超出中央有效测量区域
[CLEAN C1014] type=Scratch area=35.5 perimeter=27.9 bbox=(621,577,11,6) long=10.0 box_short=5.0 box_aspect=2.000 skeleton_width=4.00 skeleton_range=2.00-5.60 skeleton_aspect=2.500 circularity=0.573
[MEASURE C1014] Scratch width=0.116154 mm valid=False
[CLEAN C1015] type=Rejected area=7.0 perimeter=10.8 bbox=(427,577,3,5) long=4.0 box_short=2.0 box_aspect=2.000 skeleton_width=2.80 skeleton_range=2.00-4.00 skeleton_aspect=1.429 circularity=0.750
[CLEAN C1015] REJECT Scratch: area 7.0 < 20; long_side 4.0 < 10; skeleton_aspect 1.429 < 2.5
[CLEAN C1015] REJECT Pit: area 7.0 < 32
[CLEAN C1016] type=Rejected area=1.0 perimeter=4.0 bbox=(151,577,2,2) long=1.0 box_short=1.0 box_aspect=1.000 skeleton_width=2.00 skeleton_range=2.00-2.00 skeleton_aspect=0.500 circularity=0.785
[CLEAN C1016] REJECT Scratch: area 1.0 < 20; long_side 1.0 < 10; skeleton_aspect 0.500 < 2.5
[CLEAN C1016] REJECT Pit: area 1.0 < 32
[CLEAN C1017] type=Scratch area=55.0 perimeter=50.1 bbox=(1211,576,7,23) long=22.8 box_short=4.6 box_aspect=4.914 skeleton_width=4.00 skeleton_range=2.00-4.39 skeleton_aspect=5.697 circularity=0.275
[MEASURE C1017] Scratch 不可测: 划痕最大宽度点超出中央有效测量区域
[CLEAN C1018] type=Rejected area=12.0 perimeter=22.5 bbox=(1108,576,7,8) long=9.2 box_short=2.8 box_aspect=3.300 skeleton_width=2.00 skeleton_range=2.00-4.00 skeleton_aspect=4.576 circularity=0.298
[CLEAN C1018] REJECT Scratch: area 12.0 < 20; long_side 9.2 < 10
[CLEAN C1018] REJECT Pit: area 12.0 < 32; circularity 0.298 < 0.55
[CLEAN C1019] type=Rejected area=13.0 perimeter=15.7 bbox=(613,576,4,7) long=6.0 box_short=3.0 box_aspect=2.000 skeleton_width=2.80 skeleton_range=2.00-4.00 skeleton_aspect=2.143 circularity=0.666
[CLEAN C1019] REJECT Scratch: area 13.0 < 20; long_side 6.0 < 10; skeleton_aspect 2.143 < 2.5
[CLEAN C1019] REJECT Pit: area 13.0 < 32
[CLEAN C1020] type=Rejected area=1.0 perimeter=4.0 bbox=(482,575,2,2) long=1.0 box_short=1.0 box_aspect=1.000 skeleton_width=2.00 skeleton_range=2.00-2.00 skeleton_aspect=0.500 circularity=0.785
[CLEAN C1020] REJECT Scratch: area 1.0 < 20; long_side 1.0 < 10; skeleton_aspect 0.500 < 2.5
[CLEAN C1020] REJECT Pit: area 1.0 < 32
[CLEAN C1021] type=Rejected area=6.0 perimeter=10.8 bbox=(1347,574,3,5) long=4.0 box_short=2.0 box_aspect=2.000 skeleton_width=2.00 skeleton_range=2.00-2.80 skeleton_aspect=2.000 circularity=0.643
[CLEAN C1021] REJECT Scratch: area 6.0 < 20; long_side 4.0 < 10; skeleton_aspect 2.000 < 2.5
[CLEAN C1021] REJECT Pit: area 6.0 < 32
[CLEAN C1022] type=Scratch area=43.5 perimeter=34.7 bbox=(935,574,15,7) long=14.7 box_short=5.3 box_aspect=2.778 skeleton_width=4.00 skeleton_range=2.00-5.60 skeleton_aspect=3.677 circularity=0.453
[MEASURE C1022] Scratch width=0.145822 mm valid=False
[CLEAN C1023] type=Scratch area=168.5 perimeter=93.7 bbox=(534,574,13,39) long=37.6 box_short=10.8 box_aspect=3.470 skeleton_width=4.39 skeleton_range=2.00-9.99 skeleton_aspect=8.553 circularity=0.241
[MEASURE C1023] Scratch width=0.231472 mm valid=False
[CLEAN C1024] type=Rejected area=13.0 perimeter=15.7 bbox=(1238,573,6,5) long=5.0 box_short=4.0 box_aspect=1.250 skeleton_width=2.80 skeleton_range=2.00-4.00 skeleton_aspect=1.786 circularity=0.666
[CLEAN C1024] REJECT Scratch: area 13.0 < 20; long_side 5.0 < 10; skeleton_aspect 1.786 < 2.5
[CLEAN C1024] REJECT Pit: area 13.0 < 32
[CLEAN C1025] type=Rejected area=8.0 perimeter=12.8 bbox=(1200,573,5,4) long=4.0 box_short=3.0 box_aspect=1.333 skeleton_width=2.00 skeleton_range=2.00-4.00 skeleton_aspect=2.000 circularity=0.611
[CLEAN C1025] REJECT Scratch: area 8.0 < 20; long_side 4.0 < 10; skeleton_aspect 2.000 < 2.5
[CLEAN C1025] REJECT Pit: area 8.0 < 32
[CLEAN C1026] type=Rejected area=4.0 perimeter=10.0 bbox=(746,573,2,5) long=4.0 box_short=1.0 box_aspect=4.000 skeleton_width=2.00 skeleton_range=2.00-2.00 skeleton_aspect=2.000 circularity=0.503
[CLEAN C1026] REJECT Scratch: area 4.0 < 20; long_side 4.0 < 10; skeleton_aspect 2.000 < 2.5
[CLEAN C1026] REJECT Pit: area 4.0 < 32; circularity 0.503 < 0.55
[CLEAN C1027] type=Scratch area=152.0 perimeter=58.6 bbox=(311,573,16,20) long=21.0 box_short=12.3 box_aspect=1.708 skeleton_width=5.20 skeleton_range=2.00-11.59 skeleton_aspect=4.049 circularity=0.556
[MEASURE C1027] Scratch width=0.321060 mm valid=True
Scratch: area = 152.0 width_px = 5.196899890899658 width_mm = 0.3210598283011612 ratio = 4.048725860514049
[CLEAN C1028] type=Rejected area=2.0 perimeter=6.0 bbox=(1276,572,2,3) long=2.0 box_short=1.0 box_aspect=2.000 skeleton_width=2.00 skeleton_range=2.00-2.00 skeleton_aspect=1.000 circularity=0.698
[CLEAN C1028] REJECT Scratch: area 2.0 < 20; long_side 2.0 < 10; skeleton_aspect 1.000 < 2.5
[CLEAN C1028] REJECT Pit: area 2.0 < 32
[CLEAN C1029] type=Rejected area=1.0 perimeter=4.0 bbox=(1246,572,2,2) long=1.0 box_short=1.0 box_aspect=1.000 skeleton_width=2.00 skeleton_range=2.00-2.00 skeleton_aspect=0.500 circularity=0.785
[CLEAN C1029] REJECT Scratch: area 1.0 < 20; long_side 1.0 < 10; skeleton_aspect 0.500 < 2.5
[CLEAN C1029] REJECT Pit: area 1.0 < 32
[CLEAN C1030] type=Rejected area=1.0 perimeter=4.0 bbox=(161,572,2,2) long=1.0 box_short=1.0 box_aspect=1.000 skeleton_width=2.00 skeleton_range=2.00-2.00 skeleton_aspect=0.500 circularity=0.785
[CLEAN C1030] REJECT Scratch: area 1.0 < 20; long_side 1.0 < 10; skeleton_aspect 0.500 < 2.5
[CLEAN C1030] REJECT Pit: area 1.0 < 32
[CLEAN C1031] type=Rejected area=5.0 perimeter=8.8 bbox=(1287,571,4,3) long=3.0 box_short=2.0 box_aspect=1.500 skeleton_width=2.40 skeleton_range=2.00-2.80 skeleton_aspect=1.250 circularity=0.806
[CLEAN C1031] REJECT Scratch: area 5.0 < 20; long_side 3.0 < 10; skeleton_aspect 1.250 < 2.5
[CLEAN C1031] REJECT Pit: area 5.0 < 32
[CLEAN C1032] type=Rejected area=5.0 perimeter=10.8 bbox=(1270,570,3,5) long=4.0 box_short=2.0 box_aspect=2.000 skeleton_width=2.00 skeleton_range=2.00-2.80 skeleton_aspect=2.000 circularity=0.536
[CLEAN C1032] REJECT Scratch: area 5.0 < 20; long_side 4.0 < 10; skeleton_aspect 2.000 < 2.5
[CLEAN C1032] REJECT Pit: area 5.0 < 32; circularity 0.536 < 0.55
[CLEAN C1033] type=Rejected area=1.0 perimeter=4.0 bbox=(1179,570,2,2) long=1.0 box_short=1.0 box_aspect=1.000 skeleton_width=2.00 skeleton_range=2.00-2.00 skeleton_aspect=0.500 circularity=0.785
[CLEAN C1033] REJECT Scratch: area 1.0 < 20; long_side 1.0 < 10; skeleton_aspect 0.500 < 2.5
[CLEAN C1033] REJECT Pit: area 1.0 < 32
[CLEAN C1034] type=Scratch area=51.0 perimeter=43.0 bbox=(782,570,10,13) long=12.6 box_short=7.1 box_aspect=1.770 skeleton_width=4.00 skeleton_range=2.00-5.60 skeleton_aspect=3.160 circularity=0.347
[MEASURE C1034] Scratch width=0.139917 mm valid=False
[CLEAN C1035] type=Rejected area=13.0 perimeter=14.8 bbox=(438,569,4,6) long=5.0 box_short=3.0 box_aspect=1.667 skeleton_width=3.40 skeleton_range=2.00-4.00 skeleton_aspect=1.471 circularity=0.743
[CLEAN C1035] REJECT Scratch: area 13.0 < 20; long_side 5.0 < 10; skeleton_aspect 1.471 < 2.5
[CLEAN C1035] REJECT Pit: area 13.0 < 32
[CLEAN C1036] type=Rejected area=2.0 perimeter=6.0 bbox=(407,569,2,3) long=2.0 box_short=1.0 box_aspect=2.000 skeleton_width=2.00 skeleton_range=2.00-2.00 skeleton_aspect=1.000 circularity=0.698
[CLEAN C1036] REJECT Scratch: area 2.0 < 20; long_side 2.0 < 10; skeleton_aspect 1.000 < 2.5
[CLEAN C1036] REJECT Pit: area 2.0 < 32
[CLEAN C1037] type=Rejected area=5.0 perimeter=8.8 bbox=(741,568,3,4) long=3.0 box_short=2.0 box_aspect=1.500 skeleton_width=2.40 skeleton_range=2.00-2.80 skeleton_aspect=1.250 circularity=0.806
[CLEAN C1037] REJECT Scratch: area 5.0 < 20; long_side 3.0 < 10; skeleton_aspect 1.250 < 2.5
[CLEAN C1037] REJECT Pit: area 5.0 < 32
[CLEAN C1038] type=Rejected area=4.5 perimeter=9.4 bbox=(1347,566,3,4) long=3.0 box_short=2.0 box_aspect=1.500 skeleton_width=2.00 skeleton_range=2.00-2.80 skeleton_aspect=1.500 circularity=0.638
[CLEAN C1038] REJECT Scratch: area 4.5 < 20; long_side 3.0 < 10; skeleton_aspect 1.500 < 2.5
[CLEAN C1038] REJECT Pit: area 4.5 < 32
[CLEAN C1039] type=Rejected area=3.0 perimeter=6.8 bbox=(1290,566,3,3) long=2.8 box_short=1.4 box_aspect=2.000 skeleton_width=2.00 skeleton_range=2.00-2.80 skeleton_aspect=1.414 circularity=0.809
[CLEAN C1039] REJECT Scratch: area 3.0 < 20; long_side 2.8 < 10; skeleton_aspect 1.414 < 2.5
[CLEAN C1039] REJECT Pit: area 3.0 < 32
[CLEAN C1040] type=Rejected area=3.0 perimeter=6.8 bbox=(1283,566,3,3) long=2.8 box_short=1.4 box_aspect=2.000 skeleton_width=2.00 skeleton_range=2.00-2.80 skeleton_aspect=1.414 circularity=0.809
[CLEAN C1040] REJECT Scratch: area 3.0 < 20; long_side 2.8 < 10; skeleton_aspect 1.414 < 2.5
[CLEAN C1040] REJECT Pit: area 3.0 < 32
[CLEAN C1041] type=Rejected area=3.0 perimeter=6.8 bbox=(1197,566,3,3) long=2.8 box_short=1.4 box_aspect=2.000 skeleton_width=2.00 skeleton_range=2.00-2.80 skeleton_aspect=1.414 circularity=0.809
[CLEAN C1041] REJECT Scratch: area 3.0 < 20; long_side 2.8 < 10; skeleton_aspect 1.414 < 2.5
[CLEAN C1041] REJECT Pit: area 3.0 < 32
[CLEAN C1042] type=Rejected area=1.0 perimeter=4.0 bbox=(1092,566,2,2) long=1.0 box_short=1.0 box_aspect=1.000 skeleton_width=2.00 skeleton_range=2.00-2.00 skeleton_aspect=0.500 circularity=0.785
[CLEAN C1042] REJECT Scratch: area 1.0 < 20; long_side 1.0 < 10; skeleton_aspect 0.500 < 2.5
[CLEAN C1042] REJECT Pit: area 1.0 < 32
[CLEAN C1043] type=Rejected area=30.0 perimeter=21.7 bbox=(277,566,6,8) long=7.0 box_short=5.0 box_aspect=1.400 skeleton_width=4.39 skeleton_range=2.00-6.00 skeleton_aspect=1.593 circularity=0.804
[CLEAN C1043] REJECT Scratch: long_side 7.0 < 10; skeleton_aspect 1.593 < 2.5
[CLEAN C1043] REJECT Pit: area 30.0 < 32
[CLEAN C1044] type=Scratch area=36.5 perimeter=35.9 bbox=(1231,565,6,16) long=15.5 box_short=4.3 box_aspect=3.591 skeleton_width=4.00 skeleton_range=2.00-4.00 skeleton_aspect=3.873 circularity=0.356
[MEASURE C1044] Scratch 不可测: 划痕最大宽度点超出中央有效测量区域
[CLEAN C1045] type=Rejected area=1.0 perimeter=4.0 bbox=(1084,565,2,2) long=1.0 box_short=1.0 box_aspect=1.000 skeleton_width=2.00 skeleton_range=2.00-2.00 skeleton_aspect=0.500 circularity=0.785
[CLEAN C1045] REJECT Scratch: area 1.0 < 20; long_side 1.0 < 10; skeleton_aspect 0.500 < 2.5
[CLEAN C1045] REJECT Pit: area 1.0 < 32
[CLEAN C1046] type=Rejected area=1.0 perimeter=4.0 bbox=(562,565,2,2) long=1.0 box_short=1.0 box_aspect=1.000 skeleton_width=2.00 skeleton_range=2.00-2.00 skeleton_aspect=0.500 circularity=0.785
[CLEAN C1046] REJECT Scratch: area 1.0 < 20; long_side 1.0 < 10; skeleton_aspect 0.500 < 2.5
[CLEAN C1046] REJECT Pit: area 1.0 < 32
[CLEAN C1047] type=Rejected area=3.5 perimeter=7.4 bbox=(1159,564,3,3) long=2.0 box_short=2.0 box_aspect=1.000 skeleton_width=2.00 skeleton_range=2.00-2.80 skeleton_aspect=1.000 circularity=0.800
[CLEAN C1047] REJECT Scratch: area 3.5 < 20; long_side 2.0 < 10; skeleton_aspect 1.000 < 2.5
[CLEAN C1047] REJECT Pit: area 3.5 < 32
[CLEAN C1048] type=Rejected area=17.0 perimeter=20.5 bbox=(945,564,9,5) long=8.9 box_short=2.7 box_aspect=3.333 skeleton_width=2.80 skeleton_range=2.00-4.00 skeleton_aspect=3.194 circularity=0.509
[CLEAN C1048] REJECT Scratch: area 17.0 < 20; long_side 8.9 < 10
[CLEAN C1048] REJECT Pit: area 17.0 < 32; circularity 0.509 < 0.55
[CLEAN C1049] type=Rejected area=1.0 perimeter=4.0 bbox=(523,564,2,2) long=1.0 box_short=1.0 box_aspect=1.000 skeleton_width=2.00 skeleton_range=2.00-2.00 skeleton_aspect=0.500 circularity=0.785
[CLEAN C1049] REJECT Scratch: area 1.0 < 20; long_side 1.0 < 10; skeleton_aspect 0.500 < 2.5
[CLEAN C1049] REJECT Pit: area 1.0 < 32
[CLEAN C1050] type=Scratch area=49.0 perimeter=33.3 bbox=(1296,563,9,12) long=11.7 box_short=7.1 box_aspect=1.644 skeleton_width=4.39 skeleton_range=2.00-6.39 skeleton_aspect=2.653 circularity=0.555
[MEASURE C1050] Scratch 不可测: 划痕最大宽度点超出中央有效测量区域
[CLEAN C1051] type=Rejected area=8.0 perimeter=12.8 bbox=(1214,563,3,6) long=5.0 box_short=2.0 box_aspect=2.500 skeleton_width=2.00 skeleton_range=2.00-4.00 skeleton_aspect=2.500 circularity=0.611
[CLEAN C1051] REJECT Scratch: area 8.0 < 20; long_side 5.0 < 10
[CLEAN C1051] REJECT Pit: area 8.0 < 32
[CLEAN C1052] type=Rejected area=19.0 perimeter=18.5 bbox=(448,563,6,7) long=6.7 box_short=4.0 box_aspect=1.667 skeleton_width=3.40 skeleton_range=2.00-4.39 skeleton_aspect=1.973 circularity=0.699
[CLEAN C1052] REJECT Scratch: area 19.0 < 20; long_side 6.7 < 10; skeleton_aspect 1.973 < 2.5
[CLEAN C1052] REJECT Pit: area 19.0 < 32
[CLEAN C1053] type=Rejected area=1.0 perimeter=4.0 bbox=(350,563,2,2) long=1.0 box_short=1.0 box_aspect=1.000 skeleton_width=2.00 skeleton_range=2.00-2.00 skeleton_aspect=0.500 circularity=0.785
[CLEAN C1053] REJECT Scratch: area 1.0 < 20; long_side 1.0 < 10; skeleton_aspect 0.500 < 2.5
[CLEAN C1053] REJECT Pit: area 1.0 < 32
[CLEAN C1054] type=Pit area=42.0 perimeter=28.5 bbox=(1133,562,10,8) long=9.0 box_short=7.0 box_aspect=1.286 skeleton_width=4.00 skeleton_range=2.00-7.19 skeleton_aspect=2.250 circularity=0.650
[MEASURE C1054] Pit 不可测: 凹点中心超出中央有效测量区域
[CLEAN C1055] type=Rejected area=1.0 perimeter=4.0 bbox=(423,562,2,2) long=1.0 box_short=1.0 box_aspect=1.000 skeleton_width=2.00 skeleton_range=2.00-2.00 skeleton_aspect=0.500 circularity=0.785
[CLEAN C1055] REJECT Scratch: area 1.0 < 20; long_side 1.0 < 10; skeleton_aspect 0.500 < 2.5
[CLEAN C1055] REJECT Pit: area 1.0 < 32
[CLEAN C1056] type=Rejected area=12.0 perimeter=17.7 bbox=(586,561,5,7) long=6.3 box_short=3.3 box_aspect=1.882 skeleton_width=2.80 skeleton_range=2.00-4.00 skeleton_aspect=2.241 circularity=0.484
[CLEAN C1056] REJECT Scratch: area 12.0 < 20; long_side 6.3 < 10; skeleton_aspect 2.241 < 2.5
[CLEAN C1056] REJECT Pit: area 12.0 < 32; circularity 0.484 < 0.55
[CLEAN C1057] type=Rejected area=1.0 perimeter=4.0 bbox=(1050,560,2,2) long=1.0 box_short=1.0 box_aspect=1.000 skeleton_width=2.00 skeleton_range=2.00-2.00 skeleton_aspect=0.500 circularity=0.785
[CLEAN C1057] REJECT Scratch: area 1.0 < 20; long_side 1.0 < 10; skeleton_aspect 0.500 < 2.5
[CLEAN C1057] REJECT Pit: area 1.0 < 32
[CLEAN C1058] type=Rejected area=3.0 perimeter=6.8 bbox=(1304,559,3,3) long=2.8 box_short=1.4 box_aspect=2.000 skeleton_width=2.00 skeleton_range=2.00-2.80 skeleton_aspect=1.414 circularity=0.809
[CLEAN C1058] REJECT Scratch: area 3.0 < 20; long_side 2.8 < 10; skeleton_aspect 1.414 < 2.5
[CLEAN C1058] REJECT Pit: area 3.0 < 32
[CLEAN C1059] type=Rejected area=12.0 perimeter=14.8 bbox=(1285,559,4,6) long=5.0 box_short=3.0 box_aspect=1.667 skeleton_width=2.80 skeleton_range=2.00-4.00 skeleton_aspect=1.786 circularity=0.686
[CLEAN C1059] REJECT Scratch: area 12.0 < 20; long_side 5.0 < 10; skeleton_aspect 1.786 < 2.5
[CLEAN C1059] REJECT Pit: area 12.0 < 32
[CLEAN C1060] type=Rejected area=1.0 perimeter=4.0 bbox=(1224,559,2,2) long=1.0 box_short=1.0 box_aspect=1.000 skeleton_width=2.00 skeleton_range=2.00-2.00 skeleton_aspect=0.500 circularity=0.785
[CLEAN C1060] REJECT Scratch: area 1.0 < 20; long_side 1.0 < 10; skeleton_aspect 0.500 < 2.5
[CLEAN C1060] REJECT Pit: area 1.0 < 32
[CLEAN C1061] type=Rejected area=1.0 perimeter=4.0 bbox=(778,559,2,2) long=1.0 box_short=1.0 box_aspect=1.000 skeleton_width=2.00 skeleton_range=2.00-2.00 skeleton_aspect=0.500 circularity=0.785
[CLEAN C1061] REJECT Scratch: area 1.0 < 20; long_side 1.0 < 10; skeleton_aspect 0.500 < 2.5
[CLEAN C1061] REJECT Pit: area 1.0 < 32
[CLEAN C1062] type=Scratch area=117.5 perimeter=52.4 bbox=(677,559,11,21) long=21.0 box_short=8.5 box_aspect=2.467 skeleton_width=6.00 skeleton_range=2.00-8.39 skeleton_aspect=3.504 circularity=0.538
[MEASURE C1062] Scratch width=0.182526 mm valid=False
[CLEAN C1063] type=Scratch area=405.5 perimeter=238.8 bbox=(471,559,12,97) long=96.0 box_short=11.0 box_aspect=8.727 skeleton_width=4.00 skeleton_range=2.00-8.00 skeleton_aspect=24.000 circularity=0.089
[MEASURE C1063] Scratch width=0.190877 mm valid=False
[CLEAN C1064] type=Rejected area=6.0 perimeter=12.8 bbox=(103,559,3,6) long=5.0 box_short=2.0 box_aspect=2.500 skeleton_width=2.00 skeleton_range=2.00-2.80 skeleton_aspect=2.500 circularity=0.458
[CLEAN C1064] REJECT Scratch: area 6.0 < 20; long_side 5.0 < 10
[CLEAN C1064] REJECT Pit: area 6.0 < 32; circularity 0.458 < 0.55
[CLEAN C1065] type=Rejected area=5.0 perimeter=12.0 bbox=(1257,558,2,6) long=5.0 box_short=1.0 box_aspect=5.000 skeleton_width=2.00 skeleton_range=2.00-2.00 skeleton_aspect=2.500 circularity=0.436
[CLEAN C1065] REJECT Scratch: area 5.0 < 20; long_side 5.0 < 10
[CLEAN C1065] REJECT Pit: area 5.0 < 32; circularity 0.436 < 0.55
[CLEAN C1066] type=Rejected area=2.0 perimeter=6.0 bbox=(486,558,2,3) long=2.0 box_short=1.0 box_aspect=2.000 skeleton_width=2.00 skeleton_range=2.00-2.00 skeleton_aspect=1.000 circularity=0.698
[CLEAN C1066] REJECT Scratch: area 2.0 < 20; long_side 2.0 < 10; skeleton_aspect 1.000 < 2.5
[CLEAN C1066] REJECT Pit: area 2.0 < 32
[CLEAN C1067] type=Rejected area=5.0 perimeter=9.7 bbox=(1239,557,4,4) long=4.2 box_short=1.4 box_aspect=3.000 skeleton_width=2.40 skeleton_range=2.00-2.80 skeleton_aspect=1.768 circularity=0.674
[CLEAN C1067] REJECT Scratch: area 5.0 < 20; long_side 4.2 < 10; skeleton_aspect 1.768 < 2.5
[CLEAN C1067] REJECT Pit: area 5.0 < 32
[CLEAN C1068] type=Rejected area=11.0 perimeter=12.8 bbox=(693,557,4,5) long=4.0 box_short=3.0 box_aspect=1.333 skeleton_width=3.40 skeleton_range=2.00-4.00 skeleton_aspect=1.176 circularity=0.840
[CLEAN C1068] REJECT Scratch: area 11.0 < 20; long_side 4.0 < 10; skeleton_aspect 1.176 < 2.5
[CLEAN C1068] REJECT Pit: area 11.0 < 32
[CLEAN C1069] type=Pit area=117.0 perimeter=50.1 bbox=(533,557,15,14) long=14.1 box_short=12.4 box_aspect=1.137 skeleton_width=6.39 skeleton_range=2.00-10.00 skeleton_aspect=2.210 circularity=0.585
[MEASURE C1069] Pit diameter=0.364627 mm valid=True
Pit: area = 117.0 diameter_mm = 0.3646266758441925 circularity = 0.5847767206830019
[CLEAN C1070] type=Rejected area=7.0 perimeter=10.8 bbox=(945,556,5,3) long=4.0 box_short=2.0 box_aspect=2.000 skeleton_width=2.80 skeleton_range=2.00-4.00 skeleton_aspect=1.429 circularity=0.750
[CLEAN C1070] REJECT Scratch: area 7.0 < 20; long_side 4.0 < 10; skeleton_aspect 1.429 < 2.5
[CLEAN C1070] REJECT Pit: area 7.0 < 32
[CLEAN C1071] type=Rejected area=3.5 perimeter=7.4 bbox=(465,555,3,3) long=2.0 box_short=2.0 box_aspect=1.000 skeleton_width=2.00 skeleton_range=2.00-2.80 skeleton_aspect=1.000 circularity=0.800
[CLEAN C1071] REJECT Scratch: area 3.5 < 20; long_side 2.0 < 10; skeleton_aspect 1.000 < 2.5
[CLEAN C1071] REJECT Pit: area 3.5 < 32
[CLEAN C1072] type=Rejected area=11.5 perimeter=14.2 bbox=(1275,554,4,6) long=5.0 box_short=3.0 box_aspect=1.667 skeleton_width=2.80 skeleton_range=2.00-4.00 skeleton_aspect=1.786 circularity=0.712
[CLEAN C1072] REJECT Scratch: area 11.5 < 20; long_side 5.0 < 10; skeleton_aspect 1.786 < 2.5
[CLEAN C1072] REJECT Pit: area 11.5 < 32
[CLEAN C1073] type=Rejected area=22.5 perimeter=19.1 bbox=(1249,554,5,8) long=7.0 box_short=4.0 box_aspect=1.750 skeleton_width=3.40 skeleton_range=2.00-5.60 skeleton_aspect=2.059 circularity=0.777
[CLEAN C1073] REJECT Scratch: long_side 7.0 < 10; skeleton_aspect 2.059 < 2.5
[CLEAN C1073] REJECT Pit: area 22.5 < 32
[CLEAN C1074] type=Scratch area=114.5 perimeter=52.4 bbox=(698,554,11,21) long=20.3 box_short=9.0 box_aspect=2.255 skeleton_width=6.39 skeleton_range=2.00-8.00 skeleton_aspect=3.176 circularity=0.524
[MEASURE C1074] Scratch width=0.182662 mm valid=False
[CLEAN C1075] type=Rejected area=9.5 perimeter=16.2 bbox=(1166,553,4,7) long=6.5 box_short=2.4 box_aspect=2.700 skeleton_width=2.00 skeleton_range=2.00-4.00 skeleton_aspect=3.274 circularity=0.453
[CLEAN C1075] REJECT Scratch: area 9.5 < 20; long_side 6.5 < 10
[CLEAN C1075] REJECT Pit: area 9.5 < 32; circularity 0.453 < 0.55
[CLEAN C1076] type=Rejected area=3.0 perimeter=6.8 bbox=(371,553,3,3) long=2.8 box_short=1.4 box_aspect=2.000 skeleton_width=2.00 skeleton_range=2.00-2.80 skeleton_aspect=1.414 circularity=0.809
[CLEAN C1076] REJECT Scratch: area 3.0 < 20; long_side 2.8 < 10; skeleton_aspect 1.414 < 2.5
[CLEAN C1076] REJECT Pit: area 3.0 < 32
[CLEAN C1077] type=Rejected area=3.0 perimeter=8.8 bbox=(500,552,4,3) long=3.6 box_short=1.3 box_aspect=2.667 skeleton_width=2.00 skeleton_range=2.00-2.00 skeleton_aspect=1.789 circularity=0.484
[CLEAN C1077] REJECT Scratch: area 3.0 < 20; long_side 3.6 < 10; skeleton_aspect 1.789 < 2.5
[CLEAN C1077] REJECT Pit: area 3.0 < 32; circularity 0.484 < 0.55
[CLEAN C1078] type=Rejected area=4.0 perimeter=8.0 bbox=(472,552,3,3) long=2.0 box_short=2.0 box_aspect=1.000 skeleton_width=2.00 skeleton_range=2.00-4.00 skeleton_aspect=1.000 circularity=0.785
[CLEAN C1078] REJECT Scratch: area 4.0 < 20; long_side 2.0 < 10; skeleton_aspect 1.000 < 2.5
[CLEAN C1078] REJECT Pit: area 4.0 < 32
[CLEAN C1079] type=Rejected area=1.0 perimeter=4.0 bbox=(359,552,2,2) long=1.0 box_short=1.0 box_aspect=1.000 skeleton_width=2.00 skeleton_range=2.00-2.00 skeleton_aspect=0.500 circularity=0.785
[CLEAN C1079] REJECT Scratch: area 1.0 < 20; long_side 1.0 < 10; skeleton_aspect 0.500 < 2.5
[CLEAN C1079] REJECT Pit: area 1.0 < 32
[CLEAN C1080] type=Rejected area=1.0 perimeter=4.0 bbox=(36,552,2,2) long=1.0 box_short=1.0 box_aspect=1.000 skeleton_width=2.00 skeleton_range=2.00-2.00 skeleton_aspect=0.500 circularity=0.785
[CLEAN C1080] REJECT Scratch: area 1.0 < 20; long_side 1.0 < 10; skeleton_aspect 0.500 < 2.5
[CLEAN C1080] REJECT Pit: area 1.0 < 32
[CLEAN C1081] type=Rejected area=1.0 perimeter=4.0 bbox=(29,552,2,2) long=1.0 box_short=1.0 box_aspect=1.000 skeleton_width=2.00 skeleton_range=2.00-2.00 skeleton_aspect=0.500 circularity=0.785
[CLEAN C1081] REJECT Scratch: area 1.0 < 20; long_side 1.0 < 10; skeleton_aspect 0.500 < 2.5
[CLEAN C1081] REJECT Pit: area 1.0 < 32
[CLEAN C1082] type=Rejected area=1.0 perimeter=4.0 bbox=(1259,551,2,2) long=1.0 box_short=1.0 box_aspect=1.000 skeleton_width=2.00 skeleton_range=2.00-2.00 skeleton_aspect=0.500 circularity=0.785
[CLEAN C1082] REJECT Scratch: area 1.0 < 20; long_side 1.0 < 10; skeleton_aspect 0.500 < 2.5
[CLEAN C1082] REJECT Pit: area 1.0 < 32
[CLEAN C1083] type=Rejected area=2.0 perimeter=6.0 bbox=(512,551,3,2) long=2.0 box_short=1.0 box_aspect=2.000 skeleton_width=2.00 skeleton_range=2.00-2.00 skeleton_aspect=1.000 circularity=0.698
[CLEAN C1083] REJECT Scratch: area 2.0 < 20; long_side 2.0 < 10; skeleton_aspect 1.000 < 2.5
[CLEAN C1083] REJECT Pit: area 2.0 < 32
[CLEAN C1084] type=Rejected area=2.0 perimeter=6.0 bbox=(45,551,3,2) long=2.0 box_short=1.0 box_aspect=2.000 skeleton_width=2.00 skeleton_range=2.00-2.00 skeleton_aspect=1.000 circularity=0.698
[CLEAN C1084] REJECT Scratch: area 2.0 < 20; long_side 2.0 < 10; skeleton_aspect 1.000 < 2.5
[CLEAN C1084] REJECT Pit: area 2.0 < 32
[CLEAN C1085] type=Rejected area=2.0 perimeter=6.0 bbox=(1147,550,2,3) long=2.0 box_short=1.0 box_aspect=2.000 skeleton_width=2.00 skeleton_range=2.00-2.00 skeleton_aspect=1.000 circularity=0.698
[CLEAN C1085] REJECT Scratch: area 2.0 < 20; long_side 2.0 < 10; skeleton_aspect 1.000 < 2.5
[CLEAN C1085] REJECT Pit: area 2.0 < 32
[CLEAN C1086] type=Rejected area=3.0 perimeter=6.8 bbox=(1222,549,3,3) long=2.8 box_short=1.4 box_aspect=2.000 skeleton_width=2.00 skeleton_range=2.00-2.80 skeleton_aspect=1.414 circularity=0.809
[CLEAN C1086] REJECT Scratch: area 3.0 < 20; long_side 2.8 < 10; skeleton_aspect 1.414 < 2.5
[CLEAN C1086] REJECT Pit: area 3.0 < 32
[CLEAN C1087] type=Rejected area=27.5 perimeter=23.1 bbox=(1282,548,8,7) long=7.0 box_short=6.0 box_aspect=1.167 skeleton_width=4.00 skeleton_range=2.00-6.00 skeleton_aspect=1.750 circularity=0.649
[CLEAN C1087] REJECT Scratch: long_side 7.0 < 10; skeleton_aspect 1.750 < 2.5
[CLEAN C1087] REJECT Pit: area 27.5 < 32
[CLEAN C1088] type=Rejected area=8.5 perimeter=14.2 bbox=(1265,548,4,6) long=5.0 box_short=3.0 box_aspect=1.667 skeleton_width=2.00 skeleton_range=2.00-2.80 skeleton_aspect=2.500 circularity=0.527
[CLEAN C1088] REJECT Scratch: area 8.5 < 20; long_side 5.0 < 10
[CLEAN C1088] REJECT Pit: area 8.5 < 32; circularity 0.527 < 0.55
[CLEAN C1089] type=Rejected area=2.0 perimeter=6.0 bbox=(126,548,2,3) long=2.0 box_short=1.0 box_aspect=2.000 skeleton_width=2.00 skeleton_range=2.00-2.00 skeleton_aspect=1.000 circularity=0.698
[CLEAN C1089] REJECT Scratch: area 2.0 < 20; long_side 2.0 < 10; skeleton_aspect 1.000 < 2.5
[CLEAN C1089] REJECT Pit: area 2.0 < 32
[CLEAN C1090] type=Rejected area=5.0 perimeter=8.8 bbox=(716,547,4,3) long=3.0 box_short=2.0 box_aspect=1.500 skeleton_width=2.40 skeleton_range=2.00-2.80 skeleton_aspect=1.250 circularity=0.806
[CLEAN C1090] REJECT Scratch: area 5.0 < 20; long_side 3.0 < 10; skeleton_aspect 1.250 < 2.5
[CLEAN C1090] REJECT Pit: area 5.0 < 32
[CLEAN C1091] type=Rejected area=4.0 perimeter=10.0 bbox=(579,547,2,5) long=4.0 box_short=1.0 box_aspect=4.000 skeleton_width=2.00 skeleton_range=2.00-2.00 skeleton_aspect=2.000 circularity=0.503
[CLEAN C1091] REJECT Scratch: area 4.0 < 20; long_side 4.0 < 10; skeleton_aspect 2.000 < 2.5
[CLEAN C1091] REJECT Pit: area 4.0 < 32; circularity 0.503 < 0.55
[CLEAN C1092] type=Rejected area=14.0 perimeter=15.7 bbox=(105,547,6,5) long=5.0 box_short=4.0 box_aspect=1.250 skeleton_width=2.80 skeleton_range=2.00-4.39 skeleton_aspect=1.786 circularity=0.718
[CLEAN C1092] REJECT Scratch: area 14.0 < 20; long_side 5.0 < 10; skeleton_aspect 1.786 < 2.5
[CLEAN C1092] REJECT Pit: area 14.0 < 32
[CLEAN C1093] type=Rejected area=8.0 perimeter=12.8 bbox=(1208,546,4,5) long=4.0 box_short=3.0 box_aspect=1.333 skeleton_width=2.00 skeleton_range=2.00-4.00 skeleton_aspect=2.000 circularity=0.611
[CLEAN C1093] REJECT Scratch: area 8.0 < 20; long_side 4.0 < 10; skeleton_aspect 2.000 < 2.5
[CLEAN C1093] REJECT Pit: area 8.0 < 32
[CLEAN C1094] type=Rejected area=7.5 perimeter=12.2 bbox=(1298,545,4,5) long=4.4 box_short=2.5 box_aspect=1.750 skeleton_width=2.40 skeleton_range=2.00-2.80 skeleton_aspect=1.845 circularity=0.629
[CLEAN C1094] REJECT Scratch: area 7.5 < 20; long_side 4.4 < 10; skeleton_aspect 1.845 < 2.5
[CLEAN C1094] REJECT Pit: area 7.5 < 32
[CLEAN C1095] type=Rejected area=11.5 perimeter=14.2 bbox=(1304,544,4,6) long=5.0 box_short=3.0 box_aspect=1.667 skeleton_width=2.80 skeleton_range=2.00-4.00 skeleton_aspect=1.786 circularity=0.712
[CLEAN C1095] REJECT Scratch: area 11.5 < 20; long_side 5.0 < 10; skeleton_aspect 1.786 < 2.5
[CLEAN C1095] REJECT Pit: area 11.5 < 32
[CLEAN C1096] type=Rejected area=4.5 perimeter=9.4 bbox=(1251,544,3,4) long=3.0 box_short=2.0 box_aspect=1.500 skeleton_width=2.00 skeleton_range=2.00-2.80 skeleton_aspect=1.500 circularity=0.638
[CLEAN C1096] REJECT Scratch: area 4.5 < 20; long_side 3.0 < 10; skeleton_aspect 1.500 < 2.5
[CLEAN C1096] REJECT Pit: area 4.5 < 32
[CLEAN C1097] type=Scratch area=63.5 perimeter=49.2 bbox=(745,544,16,11) long=17.0 box_short=7.2 box_aspect=2.375 skeleton_width=4.00 skeleton_range=2.00-5.60 skeleton_aspect=4.249 circularity=0.329
[MEASURE C1097] Scratch width=0.166084 mm valid=False
[CLEAN C1098] type=Rejected area=1.0 perimeter=4.0 bbox=(277,544,2,2) long=1.0 box_short=1.0 box_aspect=1.000 skeleton_width=2.00 skeleton_range=2.00-2.00 skeleton_aspect=0.500 circularity=0.785
[CLEAN C1098] REJECT Scratch: area 1.0 < 20; long_side 1.0 < 10; skeleton_aspect 0.500 < 2.5
[CLEAN C1098] REJECT Pit: area 1.0 < 32
[CLEAN C1099] type=Rejected area=1.0 perimeter=4.0 bbox=(1276,543,2,2) long=1.0 box_short=1.0 box_aspect=1.000 skeleton_width=2.00 skeleton_range=2.00-2.00 skeleton_aspect=0.500 circularity=0.785
[CLEAN C1099] REJECT Scratch: area 1.0 < 20; long_side 1.0 < 10; skeleton_aspect 0.500 < 2.5
[CLEAN C1099] REJECT Pit: area 1.0 < 32
[CLEAN C1100] type=Rejected area=29.0 perimeter=22.5 bbox=(923,543,8,7) long=6.5 box_short=6.3 box_aspect=1.038 skeleton_width=4.20 skeleton_range=2.00-6.00 skeleton_aspect=1.560 circularity=0.721
[CLEAN C1100] REJECT Scratch: long_side 6.5 < 10; skeleton_aspect 1.560 < 2.5
[CLEAN C1100] REJECT Pit: area 29.0 < 32
[CLEAN C1101] type=Rejected area=10.5 perimeter=14.2 bbox=(77,543,4,6) long=5.0 box_short=3.0 box_aspect=1.667 skeleton_width=2.80 skeleton_range=2.00-4.00 skeleton_aspect=1.786 circularity=0.650
[CLEAN C1101] REJECT Scratch: area 10.5 < 20; long_side 5.0 < 10; skeleton_aspect 1.786 < 2.5
[CLEAN C1101] REJECT Pit: area 10.5 < 32
[CLEAN C1102] type=Rejected area=12.0 perimeter=15.7 bbox=(1232,542,5,6) long=5.0 box_short=4.0 box_aspect=1.250 skeleton_width=2.80 skeleton_range=2.00-4.00 skeleton_aspect=1.786 circularity=0.615
[CLEAN C1102] REJECT Scratch: area 12.0 < 20; long_side 5.0 < 10; skeleton_aspect 1.786 < 2.5
[CLEAN C1102] REJECT Pit: area 12.0 < 32
[CLEAN C1103] type=Rejected area=2.0 perimeter=6.0 bbox=(1136,542,3,2) long=2.0 box_short=1.0 box_aspect=2.000 skeleton_width=2.00 skeleton_range=2.00-2.00 skeleton_aspect=1.000 circularity=0.698
[CLEAN C1103] REJECT Scratch: area 2.0 < 20; long_side 2.0 < 10; skeleton_aspect 1.000 < 2.5
[CLEAN C1103] REJECT Pit: area 2.0 < 32
[CLEAN C1104] type=Pit area=58.0 perimeter=29.3 bbox=(462,542,11,8) long=10.0 box_short=7.0 box_aspect=1.429 skeleton_width=6.79 skeleton_range=2.00-8.00 skeleton_aspect=1.472 circularity=0.848
[MEASURE C1104] Pit diameter=0.249200 mm valid=False
[CLEAN C1105] type=Scratch area=508.0 perimeter=249.1 bbox=(135,542,23,81) long=80.7 box_short=20.5 box_aspect=3.931 skeleton_width=4.39 skeleton_range=2.00-12.00 skeleton_aspect=18.378 circularity=0.103
[MEASURE C1105] Scratch 不可测: 划痕最大宽度点超出中央有效测量区域
[CLEAN C1106] type=Rejected area=9.5 perimeter=12.2 bbox=(826,541,4,5) long=4.0 box_short=3.0 box_aspect=1.333 skeleton_width=2.80 skeleton_range=2.00-4.00 skeleton_aspect=1.429 circularity=0.796
[CLEAN C1106] REJECT Scratch: area 9.5 < 20; long_side 4.0 < 10; skeleton_aspect 1.429 < 2.5
[CLEAN C1106] REJECT Pit: area 9.5 < 32
[CLEAN C1107] type=Scratch area=39.5 perimeter=34.2 bbox=(733,541,4,16) long=15.0 box_short=3.0 box_aspect=5.000 skeleton_width=4.00 skeleton_range=2.00-4.00 skeleton_aspect=3.750 circularity=0.423
[MEASURE C1107] Scratch width=0.094360 mm valid=False
[CLEAN C1108] type=Rejected area=27.5 perimeter=21.1 bbox=(678,541,7,7) long=6.0 box_short=6.0 box_aspect=1.000 skeleton_width=4.39 skeleton_range=2.00-5.60 skeleton_aspect=1.366 circularity=0.778
[CLEAN C1108] REJECT Scratch: long_side 6.0 < 10; skeleton_aspect 1.366 < 2.5
[CLEAN C1108] REJECT Pit: area 27.5 < 32
[CLEAN C1109] type=Scratch area=42.0 perimeter=53.3 bbox=(599,541,5,24) long=23.2 box_short=3.7 box_aspect=6.239 skeleton_width=2.80 skeleton_range=2.00-4.00 skeleton_aspect=8.281 circularity=0.186
[MEASURE C1109] Scratch width=0.072352 mm valid=False
[CLEAN C1110] type=Rejected area=11.0 perimeter=15.7 bbox=(1333,540,6,5) long=6.3 box_short=2.7 box_aspect=2.333 skeleton_width=2.80 skeleton_range=2.00-4.00 skeleton_aspect=2.236 circularity=0.564
[CLEAN C1110] REJECT Scratch: area 11.0 < 20; long_side 6.3 < 10; skeleton_aspect 2.236 < 2.5
[CLEAN C1110] REJECT Pit: area 11.0 < 32
[CLEAN C1111] type=Rejected area=6.0 perimeter=10.8 bbox=(1269,540,3,5) long=4.0 box_short=2.0 box_aspect=2.000 skeleton_width=2.00 skeleton_range=2.00-2.80 skeleton_aspect=2.000 circularity=0.643
[CLEAN C1111] REJECT Scratch: area 6.0 < 20; long_side 4.0 < 10; skeleton_aspect 2.000 < 2.5
[CLEAN C1111] REJECT Pit: area 6.0 < 32
[CLEAN C1112] type=Rejected area=6.0 perimeter=12.8 bbox=(483,540,3,6) long=5.0 box_short=2.0 box_aspect=2.500 skeleton_width=2.00 skeleton_range=2.00-2.80 skeleton_aspect=2.500 circularity=0.458
[CLEAN C1112] REJECT Scratch: area 6.0 < 20; long_side 5.0 < 10
[CLEAN C1112] REJECT Pit: area 6.0 < 32; circularity 0.458 < 0.55
[CLEAN C1113] type=Scratch area=27.0 perimeter=26.5 bbox=(1239,539,6,11) long=10.6 box_short=4.5 box_aspect=2.348 skeleton_width=2.80 skeleton_range=2.00-5.60 skeleton_aspect=3.782 circularity=0.484
[MEASURE C1113] Scratch 不可测: 划痕最大宽度点超出中央有效测量区域
[CLEAN C1114] type=Rejected area=3.0 perimeter=6.8 bbox=(1306,538,3,3) long=2.8 box_short=1.4 box_aspect=2.000 skeleton_width=2.00 skeleton_range=2.00-2.80 skeleton_aspect=1.414 circularity=0.809
[CLEAN C1114] REJECT Scratch: area 3.0 < 20; long_side 2.8 < 10; skeleton_aspect 1.414 < 2.5
[CLEAN C1114] REJECT Pit: area 3.0 < 32
[CLEAN C1115] type=Scratch area=48.5 perimeter=30.7 bbox=(939,537,12,8) long=11.6 box_short=5.9 box_aspect=1.967 skeleton_width=4.39 skeleton_range=2.00-6.39 skeleton_aspect=2.633 circularity=0.645
[MEASURE C1115] Scratch width=0.117592 mm valid=False
[CLEAN C1116] type=Rejected area=1.0 perimeter=4.0 bbox=(77,536,2,2) long=1.0 box_short=1.0 box_aspect=1.000 skeleton_width=2.00 skeleton_range=2.00-2.00 skeleton_aspect=0.500 circularity=0.785
[CLEAN C1116] REJECT Scratch: area 1.0 < 20; long_side 1.0 < 10; skeleton_aspect 0.500 < 2.5
[CLEAN C1116] REJECT Pit: area 1.0 < 32
[CLEAN C1117] type=Scratch area=28.5 perimeter=29.1 bbox=(1214,535,5,13) long=12.0 box_short=4.0 box_aspect=3.000 skeleton_width=2.00 skeleton_range=2.00-5.60 skeleton_aspect=6.000 circularity=0.424
[MEASURE C1117] Scratch 不可测: 划痕最大宽度点超出中央有效测量区域
[CLEAN C1118] type=Rejected area=3.5 perimeter=7.4 bbox=(100,535,3,3) long=2.0 box_short=2.0 box_aspect=1.000 skeleton_width=2.00 skeleton_range=2.00-2.80 skeleton_aspect=1.000 circularity=0.800
[CLEAN C1118] REJECT Scratch: area 3.5 < 20; long_side 2.0 < 10; skeleton_aspect 1.000 < 2.5
[CLEAN C1118] REJECT Pit: area 3.5 < 32
[CLEAN C1119] type=Rejected area=9.5 perimeter=13.4 bbox=(1165,534,5,4) long=4.0 box_short=3.0 box_aspect=1.333 skeleton_width=2.40 skeleton_range=2.00-4.00 skeleton_aspect=1.667 circularity=0.663
[CLEAN C1119] REJECT Scratch: area 9.5 < 20; long_side 4.0 < 10; skeleton_aspect 1.667 < 2.5
[CLEAN C1119] REJECT Pit: area 9.5 < 32
[CLEAN C1120] type=Rejected area=5.5 perimeter=9.4 bbox=(722,534,4,3) long=3.0 box_short=2.0 box_aspect=1.500 skeleton_width=2.00 skeleton_range=2.00-4.00 skeleton_aspect=1.500 circularity=0.780
[CLEAN C1120] REJECT Scratch: area 5.5 < 20; long_side 3.0 < 10; skeleton_aspect 1.500 < 2.5
[CLEAN C1120] REJECT Pit: area 5.5 < 32
[CLEAN C1121] type=Rejected area=15.0 perimeter=26.5 bbox=(500,534,6,11) long=11.1 box_short=2.6 box_aspect=4.286 skeleton_width=2.00 skeleton_range=2.00-4.00 skeleton_aspect=5.571 circularity=0.269
[CLEAN C1121] REJECT Scratch: area 15.0 < 20
[CLEAN C1121] REJECT Pit: area 15.0 < 32; circularity 0.269 < 0.55
[CLEAN C1122] type=Rejected area=13.0 perimeter=15.7 bbox=(1225,533,7,4) long=6.0 box_short=3.0 box_aspect=2.000 skeleton_width=2.80 skeleton_range=2.00-4.00 skeleton_aspect=2.143 circularity=0.666
[CLEAN C1122] REJECT Scratch: area 13.0 < 20; long_side 6.0 < 10; skeleton_aspect 2.143 < 2.5
[CLEAN C1122] REJECT Pit: area 13.0 < 32
[CLEAN C1123] type=Rejected area=1.0 perimeter=4.0 bbox=(1068,533,2,2) long=1.0 box_short=1.0 box_aspect=1.000 skeleton_width=2.00 skeleton_range=2.00-2.00 skeleton_aspect=0.500 circularity=0.785
[CLEAN C1123] REJECT Scratch: area 1.0 < 20; long_side 1.0 < 10; skeleton_aspect 0.500 < 2.5
[CLEAN C1123] REJECT Pit: area 1.0 < 32
[CLEAN C1124] type=Rejected area=2.0 perimeter=6.0 bbox=(437,533,2,3) long=2.0 box_short=1.0 box_aspect=2.000 skeleton_width=2.00 skeleton_range=2.00-2.00 skeleton_aspect=1.000 circularity=0.698
[CLEAN C1124] REJECT Scratch: area 2.0 < 20; long_side 2.0 < 10; skeleton_aspect 1.000 < 2.5
[CLEAN C1124] REJECT Pit: area 2.0 < 32
[CLEAN C1125] type=Rejected area=6.0 perimeter=10.8 bbox=(133,533,3,5) long=4.0 box_short=2.0 box_aspect=2.000 skeleton_width=2.00 skeleton_range=2.00-2.80 skeleton_aspect=2.000 circularity=0.643
[CLEAN C1125] REJECT Scratch: area 6.0 < 20; long_side 4.0 < 10; skeleton_aspect 2.000 < 2.5
[CLEAN C1125] REJECT Pit: area 6.0 < 32
[CLEAN C1126] type=Rejected area=7.5 perimeter=18.2 bbox=(1254,532,4,8) long=7.2 box_short=2.5 box_aspect=2.933 skeleton_width=2.00 skeleton_range=2.00-4.00 skeleton_aspect=3.617 circularity=0.283
[CLEAN C1126] REJECT Scratch: area 7.5 < 20; long_side 7.2 < 10
[CLEAN C1126] REJECT Pit: area 7.5 < 32; circularity 0.283 < 0.55
[CLEAN C1127] type=Rejected area=9.0 perimeter=14.5 bbox=(460,531,5,6) long=5.8 box_short=2.7 box_aspect=2.167 skeleton_width=2.80 skeleton_range=2.00-2.80 skeleton_aspect=2.076 circularity=0.539
[CLEAN C1127] REJECT Scratch: area 9.0 < 20; long_side 5.8 < 10; skeleton_aspect 2.076 < 2.5
[CLEAN C1127] REJECT Pit: area 9.0 < 32; circularity 0.539 < 0.55
[CLEAN C1128] type=Rejected area=19.0 perimeter=19.3 bbox=(469,530,8,6) long=7.8 box_short=3.5 box_aspect=2.200 skeleton_width=2.80 skeleton_range=2.00-4.39 skeleton_aspect=2.778 circularity=0.640
[CLEAN C1128] REJECT Scratch: area 19.0 < 20; long_side 7.8 < 10
[CLEAN C1128] REJECT Pit: area 19.0 < 32
[CLEAN C1129] type=Rejected area=3.0 perimeter=8.8 bbox=(292,530,4,3) long=3.6 box_short=1.3 box_aspect=2.667 skeleton_width=2.00 skeleton_range=2.00-2.00 skeleton_aspect=1.789 circularity=0.484
[CLEAN C1129] REJECT Scratch: area 3.0 < 20; long_side 3.6 < 10; skeleton_aspect 1.789 < 2.5
[CLEAN C1129] REJECT Pit: area 3.0 < 32; circularity 0.484 < 0.55
[CLEAN C1130] type=Rejected area=18.0 perimeter=24.8 bbox=(578,529,3,12) long=11.0 box_short=2.0 box_aspect=5.500 skeleton_width=2.00 skeleton_range=2.00-4.00 skeleton_aspect=5.500 circularity=0.367
[CLEAN C1130] REJECT Scratch: area 18.0 < 20
[CLEAN C1130] REJECT Pit: area 18.0 < 32; circularity 0.367 < 0.55; aspect_ratio 5.500 > 5.0
[CLEAN C1131] type=Scratch area=46.5 perimeter=31.9 bbox=(137,528,12,7) long=11.0 box_short=6.0 box_aspect=1.833 skeleton_width=4.00 skeleton_range=2.00-6.39 skeleton_aspect=2.750 circularity=0.574
[MEASURE C1131] Scratch 不可测: 划痕最大宽度点超出中央有效测量区域
[CLEAN C1132] type=Rejected area=7.0 perimeter=10.8 bbox=(123,528,5,3) long=4.0 box_short=2.0 box_aspect=2.000 skeleton_width=2.80 skeleton_range=2.00-4.00 skeleton_aspect=1.429 circularity=0.750
[CLEAN C1132] REJECT Scratch: area 7.0 < 20; long_side 4.0 < 10; skeleton_aspect 1.429 < 2.5
[CLEAN C1132] REJECT Pit: area 7.0 < 32
[CLEAN C1133] type=Rejected area=1.0 perimeter=4.0 bbox=(1317,526,2,2) long=1.0 box_short=1.0 box_aspect=1.000 skeleton_width=2.00 skeleton_range=2.00-2.00 skeleton_aspect=0.500 circularity=0.785
[CLEAN C1133] REJECT Scratch: area 1.0 < 20; long_side 1.0 < 10; skeleton_aspect 0.500 < 2.5
[CLEAN C1133] REJECT Pit: area 1.0 < 32
[CLEAN C1134] type=Rejected area=2.0 perimeter=6.0 bbox=(1110,526,2,3) long=2.0 box_short=1.0 box_aspect=2.000 skeleton_width=2.00 skeleton_range=2.00-2.00 skeleton_aspect=1.000 circularity=0.698
[CLEAN C1134] REJECT Scratch: area 2.0 < 20; long_side 2.0 < 10; skeleton_aspect 1.000 < 2.5
[CLEAN C1134] REJECT Pit: area 2.0 < 32
[CLEAN C1135] type=Scratch area=40.0 perimeter=30.1 bbox=(649,526,12,8) long=12.2 box_short=5.1 box_aspect=2.375 skeleton_width=4.39 skeleton_range=2.00-5.60 skeleton_aspect=2.768 circularity=0.553
[MEASURE C1135] Scratch width=0.116171 mm valid=False
[CLEAN C1136] type=Scratch area=61.0 perimeter=34.1 bbox=(1025,525,12,10) long=11.0 box_short=8.6 box_aspect=1.279 skeleton_width=4.39 skeleton_range=2.00-8.00 skeleton_aspect=2.504 circularity=0.658
[MEASURE C1136] Scratch width=0.207072 mm valid=False
[CLEAN C1137] type=Rejected area=1.0 perimeter=4.0 bbox=(788,525,2,2) long=1.0 box_short=1.0 box_aspect=1.000 skeleton_width=2.00 skeleton_range=2.00-2.00 skeleton_aspect=0.500 circularity=0.785
[CLEAN C1137] REJECT Scratch: area 1.0 < 20; long_side 1.0 < 10; skeleton_aspect 0.500 < 2.5
[CLEAN C1137] REJECT Pit: area 1.0 < 32
[CLEAN C1138] type=Scratch area=70.5 perimeter=44.4 bbox=(516,525,9,17) long=16.3 box_short=7.4 box_aspect=2.219 skeleton_width=4.00 skeleton_range=2.00-7.19 skeleton_aspect=4.084 circularity=0.450
[MEASURE C1138] Scratch width=0.164910 mm valid=False
[CLEAN C1139] type=Rejected area=3.0 perimeter=8.0 bbox=(1265,524,2,4) long=3.0 box_short=1.0 box_aspect=3.000 skeleton_width=2.00 skeleton_range=2.00-2.00 skeleton_aspect=1.500 circularity=0.589
[CLEAN C1139] REJECT Scratch: area 3.0 < 20; long_side 3.0 < 10; skeleton_aspect 1.500 < 2.5
[CLEAN C1139] REJECT Pit: area 3.0 < 32
[CLEAN C1140] type=Rejected area=1.0 perimeter=4.0 bbox=(1233,524,2,2) long=1.0 box_short=1.0 box_aspect=1.000 skeleton_width=2.00 skeleton_range=2.00-2.00 skeleton_aspect=0.500 circularity=0.785
[CLEAN C1140] REJECT Scratch: area 1.0 < 20; long_side 1.0 < 10; skeleton_aspect 0.500 < 2.5
[CLEAN C1140] REJECT Pit: area 1.0 < 32
[CLEAN C1141] type=Rejected area=1.0 perimeter=4.0 bbox=(1216,524,2,2) long=1.0 box_short=1.0 box_aspect=1.000 skeleton_width=2.00 skeleton_range=2.00-2.00 skeleton_aspect=0.500 circularity=0.785
[CLEAN C1141] REJECT Scratch: area 1.0 < 20; long_side 1.0 < 10; skeleton_aspect 0.500 < 2.5
[CLEAN C1141] REJECT Pit: area 1.0 < 32
[CLEAN C1142] type=Rejected area=1.0 perimeter=4.0 bbox=(1041,524,2,2) long=1.0 box_short=1.0 box_aspect=1.000 skeleton_width=2.00 skeleton_range=2.00-2.00 skeleton_aspect=0.500 circularity=0.785
[CLEAN C1142] REJECT Scratch: area 1.0 < 20; long_side 1.0 < 10; skeleton_aspect 0.500 < 2.5
[CLEAN C1142] REJECT Pit: area 1.0 < 32
[CLEAN C1143] type=Rejected area=9.5 perimeter=16.2 bbox=(1270,523,4,7) long=6.5 box_short=2.2 box_aspect=3.000 skeleton_width=2.00 skeleton_range=2.00-2.80 skeleton_aspect=3.274 circularity=0.453
[CLEAN C1143] REJECT Scratch: area 9.5 < 20; long_side 6.5 < 10
[CLEAN C1143] REJECT Pit: area 9.5 < 32; circularity 0.453 < 0.55
[CLEAN C1144] type=Rejected area=6.0 perimeter=10.0 bbox=(956,523,4,3) long=3.0 box_short=2.0 box_aspect=1.500 skeleton_width=2.00 skeleton_range=2.00-4.00 skeleton_aspect=1.500 circularity=0.754
[CLEAN C1144] REJECT Scratch: area 6.0 < 20; long_side 3.0 < 10; skeleton_aspect 1.500 < 2.5
[CLEAN C1144] REJECT Pit: area 6.0 < 32
[CLEAN C1145] type=Rejected area=9.0 perimeter=19.7 bbox=(64,523,7,6) long=7.8 box_short=3.3 box_aspect=2.381 skeleton_width=2.00 skeleton_range=2.00-2.80 skeleton_aspect=3.904 circularity=0.293
[CLEAN C1145] REJECT Scratch: area 9.0 < 20; long_side 7.8 < 10
[CLEAN C1145] REJECT Pit: area 9.0 < 32; circularity 0.293 < 0.55
[CLEAN C1146] type=Scratch area=97.5 perimeter=110.2 bbox=(52,523,13,43) long=42.7 box_short=11.2 box_aspect=3.804 skeleton_width=2.80 skeleton_range=2.00-5.60 skeleton_aspect=15.248 circularity=0.101
[MEASURE C1146] Scratch 不可测: 划痕最大宽度点超出中央有效测量区域
[CLEAN C1147] type=Scratch area=62.5 perimeter=52.7 bbox=(1287,522,7,22) long=21.0 box_short=6.0 box_aspect=3.500 skeleton_width=4.00 skeleton_range=2.00-6.00 skeleton_aspect=5.250 circularity=0.282
[MEASURE C1147] Scratch 不可测: 划痕最大宽度点超出中央有效测量区域
[CLEAN C1148] type=Pit area=41.0 perimeter=29.3 bbox=(1008,522,9,9) long=8.0 box_short=8.0 box_aspect=1.000 skeleton_width=4.00 skeleton_range=2.00-6.39 skeleton_aspect=2.000 circularity=0.600
[MEASURE C1148] Pit diameter=0.269887 mm valid=True
Pit: area = 41.0 diameter_mm = 0.2698867917060852 circularity = 0.5995869893231751
[CLEAN C1149] type=Scratch area=36.5 perimeter=29.9 bbox=(550,522,6,13) long=12.0 box_short=5.0 box_aspect=2.400 skeleton_width=4.00 skeleton_range=2.00-5.60 skeleton_aspect=3.000 circularity=0.513
[MEASURE C1149] Scratch width=0.140674 mm valid=False
[CLEAN C1150] type=Rejected area=1.0 perimeter=4.0 bbox=(592,521,2,2) long=1.0 box_short=1.0 box_aspect=1.000 skeleton_width=2.00 skeleton_range=2.00-2.00 skeleton_aspect=0.500 circularity=0.785
[CLEAN C1150] REJECT Scratch: area 1.0 < 20; long_side 1.0 < 10; skeleton_aspect 0.500 < 2.5
[CLEAN C1150] REJECT Pit: area 1.0 < 32
[CLEAN C1151] type=Rejected area=1.0 perimeter=4.0 bbox=(538,521,2,2) long=1.0 box_short=1.0 box_aspect=1.000 skeleton_width=2.00 skeleton_range=2.00-2.00 skeleton_aspect=0.500 circularity=0.785
[CLEAN C1151] REJECT Scratch: area 1.0 < 20; long_side 1.0 < 10; skeleton_aspect 0.500 < 2.5
[CLEAN C1151] REJECT Pit: area 1.0 < 32
[CLEAN C1152] type=Scratch area=108.0 perimeter=47.0 bbox=(439,521,20,9) long=19.3 box_short=7.7 box_aspect=2.516 skeleton_width=6.79 skeleton_range=2.00-8.00 skeleton_aspect=2.848 circularity=0.615
[MEASURE C1152] Scratch width=0.183218 mm valid=False
[CLEAN C1153] type=Rejected area=4.0 perimeter=8.8 bbox=(987,520,3,4) long=3.0 box_short=2.0 box_aspect=1.500 skeleton_width=2.00 skeleton_range=2.00-2.80 skeleton_aspect=1.500 circularity=0.645
[CLEAN C1153] REJECT Scratch: area 4.0 < 20; long_side 3.0 < 10; skeleton_aspect 1.500 < 2.5
[CLEAN C1153] REJECT Pit: area 4.0 < 32
[CLEAN C1154] type=Rejected area=3.5 perimeter=7.4 bbox=(601,520,3,3) long=2.0 box_short=2.0 box_aspect=1.000 skeleton_width=2.00 skeleton_range=2.00-2.80 skeleton_aspect=1.000 circularity=0.800
[CLEAN C1154] REJECT Scratch: area 3.5 < 20; long_side 2.0 < 10; skeleton_aspect 1.000 < 2.5
[CLEAN C1154] REJECT Pit: area 3.5 < 32
[CLEAN C1155] type=Rejected area=10.5 perimeter=14.2 bbox=(477,520,4,6) long=5.0 box_short=3.0 box_aspect=1.667 skeleton_width=2.80 skeleton_range=2.00-4.00 skeleton_aspect=1.786 circularity=0.650
[CLEAN C1155] REJECT Scratch: area 10.5 < 20; long_side 5.0 < 10; skeleton_aspect 1.786 < 2.5
[CLEAN C1155] REJECT Pit: area 10.5 < 32
[CLEAN C1156] type=Rejected area=2.0 perimeter=6.0 bbox=(314,520,3,2) long=2.0 box_short=1.0 box_aspect=2.000 skeleton_width=2.00 skeleton_range=2.00-2.00 skeleton_aspect=1.000 circularity=0.698
[CLEAN C1156] REJECT Scratch: area 2.0 < 20; long_side 2.0 < 10; skeleton_aspect 1.000 < 2.5
[CLEAN C1156] REJECT Pit: area 2.0 < 32
[CLEAN C1157] type=Rejected area=19.5 perimeter=25.9 bbox=(145,519,9,8) long=10.4 box_short=4.1 box_aspect=2.545 skeleton_width=2.80 skeleton_range=2.00-4.00 skeleton_aspect=3.721 circularity=0.365
[CLEAN C1157] REJECT Scratch: area 19.5 < 20
[CLEAN C1157] REJECT Pit: area 19.5 < 32; circularity 0.365 < 0.55
[CLEAN C1158] type=Rejected area=1.0 perimeter=4.0 bbox=(694,518,2,2) long=1.0 box_short=1.0 box_aspect=1.000 skeleton_width=2.00 skeleton_range=2.00-2.00 skeleton_aspect=0.500 circularity=0.785
[CLEAN C1158] REJECT Scratch: area 1.0 < 20; long_side 1.0 < 10; skeleton_aspect 0.500 < 2.5
[CLEAN C1158] REJECT Pit: area 1.0 < 32
[CLEAN C1159] type=Rejected area=18.5 perimeter=18.2 bbox=(1260,516,4,8) long=7.0 box_short=3.0 box_aspect=2.333 skeleton_width=4.00 skeleton_range=2.00-4.00 skeleton_aspect=1.750 circularity=0.699
[CLEAN C1159] REJECT Scratch: area 18.5 < 20; long_side 7.0 < 10; skeleton_aspect 1.750 < 2.5
[CLEAN C1159] REJECT Pit: area 18.5 < 32
[CLEAN C1160] type=Rejected area=5.0 perimeter=8.8 bbox=(471,516,4,3) long=3.0 box_short=2.0 box_aspect=1.500 skeleton_width=2.40 skeleton_range=2.00-2.80 skeleton_aspect=1.250 circularity=0.806
[CLEAN C1160] REJECT Scratch: area 5.0 < 20; long_side 3.0 < 10; skeleton_aspect 1.250 < 2.5
[CLEAN C1160] REJECT Pit: area 5.0 < 32
[CLEAN C1161] type=Rejected area=5.5 perimeter=9.4 bbox=(1092,515,3,4) long=3.0 box_short=2.0 box_aspect=1.500 skeleton_width=2.00 skeleton_range=2.00-4.00 skeleton_aspect=1.500 circularity=0.780
[CLEAN C1161] REJECT Scratch: area 5.5 < 20; long_side 3.0 < 10; skeleton_aspect 1.500 < 2.5
[CLEAN C1161] REJECT Pit: area 5.5 < 32
[CLEAN C1162] type=Rejected area=2.0 perimeter=6.0 bbox=(1030,515,3,2) long=2.0 box_short=1.0 box_aspect=2.000 skeleton_width=2.00 skeleton_range=2.00-2.00 skeleton_aspect=1.000 circularity=0.698
[CLEAN C1162] REJECT Scratch: area 2.0 < 20; long_side 2.0 < 10; skeleton_aspect 1.000 < 2.5
[CLEAN C1162] REJECT Pit: area 2.0 < 32
[CLEAN C1163] type=Rejected area=1.0 perimeter=4.0 bbox=(1052,514,2,2) long=1.0 box_short=1.0 box_aspect=1.000 skeleton_width=2.00 skeleton_range=2.00-2.00 skeleton_aspect=0.500 circularity=0.785
[CLEAN C1163] REJECT Scratch: area 1.0 < 20; long_side 1.0 < 10; skeleton_aspect 0.500 < 2.5
[CLEAN C1163] REJECT Pit: area 1.0 < 32
[CLEAN C1164] type=Rejected area=1.0 perimeter=4.0 bbox=(1025,514,2,2) long=1.0 box_short=1.0 box_aspect=1.000 skeleton_width=2.00 skeleton_range=2.00-2.00 skeleton_aspect=0.500 circularity=0.785
[CLEAN C1164] REJECT Scratch: area 1.0 < 20; long_side 1.0 < 10; skeleton_aspect 0.500 < 2.5
[CLEAN C1164] REJECT Pit: area 1.0 < 32
[CLEAN C1165] type=Rejected area=10.5 perimeter=13.4 bbox=(576,514,4,5) long=4.0 box_short=3.0 box_aspect=1.333 skeleton_width=2.80 skeleton_range=2.00-4.00 skeleton_aspect=1.429 circularity=0.733
[CLEAN C1165] REJECT Scratch: area 10.5 < 20; long_side 4.0 < 10; skeleton_aspect 1.429 < 2.5
[CLEAN C1165] REJECT Pit: area 10.5 < 32
[CLEAN C1166] type=Rejected area=7.0 perimeter=15.7 bbox=(1299,512,5,6) long=6.4 box_short=2.4 box_aspect=2.667 skeleton_width=2.00 skeleton_range=2.00-2.80 skeleton_aspect=3.200 circularity=0.359
[CLEAN C1166] REJECT Scratch: area 7.0 < 20; long_side 6.4 < 10
[CLEAN C1166] REJECT Pit: area 7.0 < 32; circularity 0.359 < 0.55
[CLEAN C1167] type=Rejected area=9.0 perimeter=15.7 bbox=(1268,512,5,6) long=6.4 box_short=2.8 box_aspect=2.250 skeleton_width=2.00 skeleton_range=2.00-2.80 skeleton_aspect=3.182 circularity=0.461
[CLEAN C1167] REJECT Scratch: area 9.0 < 20; long_side 6.4 < 10
[CLEAN C1167] REJECT Pit: area 9.0 < 32; circularity 0.461 < 0.55
[CLEAN C1168] type=Rejected area=14.5 perimeter=14.2 bbox=(986,512,5,5) long=4.0 box_short=4.0 box_aspect=1.000 skeleton_width=2.80 skeleton_range=2.00-5.60 skeleton_aspect=1.429 circularity=0.898
[CLEAN C1168] REJECT Scratch: area 14.5 < 20; long_side 4.0 < 10; skeleton_aspect 1.429 < 2.5
[CLEAN C1168] REJECT Pit: area 14.5 < 32
[CLEAN C1169] type=Rejected area=1.0 perimeter=4.0 bbox=(520,512,2,2) long=1.0 box_short=1.0 box_aspect=1.000 skeleton_width=2.00 skeleton_range=2.00-2.00 skeleton_aspect=0.500 circularity=0.785
[CLEAN C1169] REJECT Scratch: area 1.0 < 20; long_side 1.0 < 10; skeleton_aspect 0.500 < 2.5
[CLEAN C1169] REJECT Pit: area 1.0 < 32
[CLEAN C1170] type=Rejected area=1.0 perimeter=4.0 bbox=(995,511,2,2) long=1.0 box_short=1.0 box_aspect=1.000 skeleton_width=2.00 skeleton_range=2.00-2.00 skeleton_aspect=0.500 circularity=0.785
[CLEAN C1170] REJECT Scratch: area 1.0 < 20; long_side 1.0 < 10; skeleton_aspect 0.500 < 2.5
[CLEAN C1170] REJECT Pit: area 1.0 < 32
[CLEAN C1171] type=Rejected area=3.0 perimeter=6.8 bbox=(308,511,3,3) long=2.8 box_short=1.4 box_aspect=2.000 skeleton_width=2.00 skeleton_range=2.00-2.80 skeleton_aspect=1.414 circularity=0.809
[CLEAN C1171] REJECT Scratch: area 3.0 < 20; long_side 2.8 < 10; skeleton_aspect 1.414 < 2.5
[CLEAN C1171] REJECT Pit: area 3.0 < 32
[CLEAN C1172] type=Scratch area=20.0 perimeter=27.7 bbox=(1280,510,4,13) long=12.0 box_short=3.0 box_aspect=4.000 skeleton_width=2.00 skeleton_range=2.00-4.00 skeleton_aspect=6.000 circularity=0.329
[MEASURE C1172] Scratch 不可测: 划痕最大宽度点超出中央有效测量区域
[CLEAN C1173] type=Rejected area=5.0 perimeter=8.8 bbox=(1218,509,3,4) long=3.0 box_short=2.0 box_aspect=1.500 skeleton_width=2.40 skeleton_range=2.00-2.80 skeleton_aspect=1.250 circularity=0.806
[CLEAN C1173] REJECT Scratch: area 5.0 < 20; long_side 3.0 < 10; skeleton_aspect 1.250 < 2.5
[CLEAN C1173] REJECT Pit: area 5.0 < 32
[CLEAN C1174] type=Rejected area=26.0 perimeter=21.7 bbox=(961,509,8,6) long=7.0 box_short=5.0 box_aspect=1.400 skeleton_width=4.00 skeleton_range=2.00-5.60 skeleton_aspect=1.750 circularity=0.697
[CLEAN C1174] REJECT Scratch: long_side 7.0 < 10; skeleton_aspect 1.750 < 2.5
[CLEAN C1174] REJECT Pit: area 26.0 < 32
[CLEAN C1175] type=Scratch area=34.0 perimeter=26.5 bbox=(922,509,6,11) long=10.0 box_short=4.9 box_aspect=2.029 skeleton_width=4.00 skeleton_range=2.00-6.00 skeleton_aspect=2.510 circularity=0.609
[MEASURE C1175] Scratch width=0.124036 mm valid=False
[CLEAN C1176] type=Rejected area=2.0 perimeter=6.0 bbox=(524,509,3,2) long=2.0 box_short=1.0 box_aspect=2.000 skeleton_width=2.00 skeleton_range=2.00-2.00 skeleton_aspect=1.000 circularity=0.698
[CLEAN C1176] REJECT Scratch: area 2.0 < 20; long_side 2.0 < 10; skeleton_aspect 1.000 < 2.5
[CLEAN C1176] REJECT Pit: area 2.0 < 32
[CLEAN C1177] type=Rejected area=10.0 perimeter=14.8 bbox=(514,509,3,7) long=6.0 box_short=2.0 box_aspect=3.000 skeleton_width=2.40 skeleton_range=2.00-4.00 skeleton_aspect=2.500 circularity=0.572
[CLEAN C1177] REJECT Scratch: area 10.0 < 20; long_side 6.0 < 10; skeleton_aspect 2.500 < 2.5
[CLEAN C1177] REJECT Pit: area 10.0 < 32
[CLEAN C1178] type=Pit area=76.5 perimeter=33.6 bbox=(339,509,9,13) long=12.0 box_short=8.0 box_aspect=1.500 skeleton_width=6.79 skeleton_range=2.80-9.99 skeleton_aspect=1.766 circularity=0.854
[MEASURE C1178] Pit diameter=0.284514 mm valid=True
Pit: area = 76.5 diameter_mm = 0.28451356291770935 circularity = 0.8537326603137566
[CLEAN C1179] type=Rejected area=8.0 perimeter=11.7 bbox=(142,509,4,5) long=4.5 box_short=2.7 box_aspect=1.667 skeleton_width=2.80 skeleton_range=2.00-2.80 skeleton_aspect=1.597 circularity=0.740
[CLEAN C1179] REJECT Scratch: area 8.0 < 20; long_side 4.5 < 10; skeleton_aspect 1.597 < 2.5
[CLEAN C1179] REJECT Pit: area 8.0 < 32
[CLEAN C1180] type=Rejected area=11.5 perimeter=14.2 bbox=(1020,508,5,5) long=4.0 box_short=4.0 box_aspect=1.000 skeleton_width=2.80 skeleton_range=2.00-4.00 skeleton_aspect=1.429 circularity=0.712
[CLEAN C1180] REJECT Scratch: area 11.5 < 20; long_side 4.0 < 10; skeleton_aspect 1.429 < 2.5
[CLEAN C1180] REJECT Pit: area 11.5 < 32
[CLEAN C1181] type=Rejected area=24.5 perimeter=20.2 bbox=(999,508,7,6) long=6.0 box_short=5.0 box_aspect=1.200 skeleton_width=4.00 skeleton_range=2.00-5.60 skeleton_aspect=1.500 circularity=0.751
[CLEAN C1181] REJECT Scratch: long_side 6.0 < 10; skeleton_aspect 1.500 < 2.5
[CLEAN C1181] REJECT Pit: area 24.5 < 32
[CLEAN C1182] type=Rejected area=2.0 perimeter=6.0 bbox=(240,508,2,3) long=2.0 box_short=1.0 box_aspect=2.000 skeleton_width=2.00 skeleton_range=2.00-2.00 skeleton_aspect=1.000 circularity=0.698
[CLEAN C1182] REJECT Scratch: area 2.0 < 20; long_side 2.0 < 10; skeleton_aspect 1.000 < 2.5
[CLEAN C1182] REJECT Pit: area 2.0 < 32
[CLEAN C1183] type=Rejected area=1.0 perimeter=4.0 bbox=(13,508,2,2) long=1.0 box_short=1.0 box_aspect=1.000 skeleton_width=2.00 skeleton_range=2.00-2.00 skeleton_aspect=0.500 circularity=0.785
[CLEAN C1183] REJECT Scratch: area 1.0 < 20; long_side 1.0 < 10; skeleton_aspect 0.500 < 2.5
[CLEAN C1183] REJECT Pit: area 1.0 < 32
[CLEAN C1184] type=Scratch area=116.5 perimeter=54.4 bbox=(728,507,11,22) long=21.1 box_short=8.4 box_aspect=2.527 skeleton_width=6.39 skeleton_range=2.00-8.00 skeleton_aspect=3.305 circularity=0.495
[MEASURE C1184] Scratch width=0.183104 mm valid=False
[CLEAN C1185] type=Scratch area=48.0 perimeter=43.0 bbox=(685,507,9,18) long=18.7 box_short=4.1 box_aspect=4.538 skeleton_width=4.00 skeleton_range=2.00-4.39 skeleton_aspect=4.664 circularity=0.327
[MEASURE C1185] Scratch width=0.071912 mm valid=False
[CLEAN C1186] type=Scratch area=49.5 perimeter=70.7 bbox=(1347,506,4,33) long=32.0 box_short=3.0 box_aspect=10.667 skeleton_width=2.00 skeleton_range=2.00-4.00 skeleton_aspect=16.000 circularity=0.124
[MEASURE C1186] Scratch 不可测: 划痕最大宽度点超出中央有效测量区域
[CLEAN C1187] type=Scratch area=67.5 perimeter=68.4 bbox=(1241,506,9,22) long=21.0 box_short=8.0 box_aspect=2.625 skeleton_width=4.00 skeleton_range=2.00-6.00 skeleton_aspect=5.250 circularity=0.181
[MEASURE C1187] Scratch 不可测: 划痕最大宽度点超出中央有效测量区域
[CLEAN C1188] type=Scratch area=180.0 perimeter=76.6 bbox=(485,506,16,28) long=29.1 box_short=13.3 box_aspect=2.188 skeleton_width=6.00 skeleton_range=2.00-8.40 skeleton_aspect=4.852 circularity=0.385
[MEASURE C1188] Scratch width=0.187397 mm valid=False
[CLEAN C1189] type=Rejected area=5.5 perimeter=9.4 bbox=(270,506,4,3) long=3.0 box_short=2.0 box_aspect=1.500 skeleton_width=2.00 skeleton_range=2.00-4.00 skeleton_aspect=1.500 circularity=0.780
[CLEAN C1189] REJECT Scratch: area 5.5 < 20; long_side 3.0 < 10; skeleton_aspect 1.500 < 2.5
[CLEAN C1189] REJECT Pit: area 5.5 < 32
[CLEAN C1190] type=Rejected area=2.0 perimeter=6.0 bbox=(1126,505,3,2) long=2.0 box_short=1.0 box_aspect=2.000 skeleton_width=2.00 skeleton_range=2.00-2.00 skeleton_aspect=1.000 circularity=0.698
[CLEAN C1190] REJECT Scratch: area 2.0 < 20; long_side 2.0 < 10; skeleton_aspect 1.000 < 2.5
[CLEAN C1190] REJECT Pit: area 2.0 < 32
[CLEAN C1191] type=Rejected area=1.0 perimeter=4.0 bbox=(1301,504,2,2) long=1.0 box_short=1.0 box_aspect=1.000 skeleton_width=2.00 skeleton_range=2.00-2.00 skeleton_aspect=0.500 circularity=0.785
[CLEAN C1191] REJECT Scratch: area 1.0 < 20; long_side 1.0 < 10; skeleton_aspect 0.500 < 2.5
[CLEAN C1191] REJECT Pit: area 1.0 < 32
[CLEAN C1192] type=Rejected area=2.0 perimeter=6.0 bbox=(721,504,2,3) long=2.0 box_short=1.0 box_aspect=2.000 skeleton_width=2.00 skeleton_range=2.00-2.00 skeleton_aspect=1.000 circularity=0.698
[CLEAN C1192] REJECT Scratch: area 2.0 < 20; long_side 2.0 < 10; skeleton_aspect 1.000 < 2.5
[CLEAN C1192] REJECT Pit: area 2.0 < 32
[CLEAN C1193] type=Scratch area=72.0 perimeter=43.3 bbox=(704,503,6,19) long=18.0 box_short=5.0 box_aspect=3.600 skeleton_width=5.60 skeleton_range=2.00-6.00 skeleton_aspect=3.214 circularity=0.482
[MEASURE C1193] Scratch width=0.116253 mm valid=False
[CLEAN C1194] type=Pit area=32.5 perimeter=25.1 bbox=(389,503,6,10) long=9.0 box_short=5.0 box_aspect=1.800 skeleton_width=4.00 skeleton_range=2.00-5.60 skeleton_aspect=2.250 circularity=0.650
[MEASURE C1194] Pit diameter=0.205843 mm valid=False
[CLEAN C1195] type=Rejected area=2.0 perimeter=6.0 bbox=(364,503,3,2) long=2.0 box_short=1.0 box_aspect=2.000 skeleton_width=2.00 skeleton_range=2.00-2.00 skeleton_aspect=1.000 circularity=0.698
[CLEAN C1195] REJECT Scratch: area 2.0 < 20; long_side 2.0 < 10; skeleton_aspect 1.000 < 2.5
[CLEAN C1195] REJECT Pit: area 2.0 < 32
[CLEAN C1196] type=Rejected area=2.0 perimeter=6.0 bbox=(726,502,2,3) long=2.0 box_short=1.0 box_aspect=2.000 skeleton_width=2.00 skeleton_range=2.00-2.00 skeleton_aspect=1.000 circularity=0.698
[CLEAN C1196] REJECT Scratch: area 2.0 < 20; long_side 2.0 < 10; skeleton_aspect 1.000 < 2.5
[CLEAN C1196] REJECT Pit: area 2.0 < 32
[CLEAN C1197] type=Rejected area=16.5 perimeter=17.1 bbox=(486,502,6,6) long=5.1 box_short=4.7 box_aspect=1.067 skeleton_width=2.80 skeleton_range=2.00-4.39 skeleton_aspect=1.807 circularity=0.711
[CLEAN C1197] REJECT Scratch: area 16.5 < 20; long_side 5.1 < 10; skeleton_aspect 1.807 < 2.5
[CLEAN C1197] REJECT Pit: area 16.5 < 32
[CLEAN C1198] type=Rejected area=3.0 perimeter=8.8 bbox=(683,501,4,3) long=3.6 box_short=1.3 box_aspect=2.667 skeleton_width=2.00 skeleton_range=2.00-2.00 skeleton_aspect=1.789 circularity=0.484
[CLEAN C1198] REJECT Scratch: area 3.0 < 20; long_side 3.6 < 10; skeleton_aspect 1.789 < 2.5
[CLEAN C1198] REJECT Pit: area 3.0 < 32; circularity 0.484 < 0.55
[CLEAN C1199] type=Rejected area=5.5 perimeter=9.4 bbox=(82,501,3,4) long=3.0 box_short=2.0 box_aspect=1.500 skeleton_width=2.00 skeleton_range=2.00-4.00 skeleton_aspect=1.500 circularity=0.780
[CLEAN C1199] REJECT Scratch: area 5.5 < 20; long_side 3.0 < 10; skeleton_aspect 1.500 < 2.5
[CLEAN C1199] REJECT Pit: area 5.5 < 32
[CLEAN C1200] type=Scratch area=45.5 perimeter=30.7 bbox=(1066,500,9,11) long=12.1 box_short=6.3 box_aspect=1.929 skeleton_width=4.39 skeleton_range=2.00-6.39 skeleton_aspect=2.748 circularity=0.606
[MEASURE C1200] Scratch width=0.182915 mm valid=False
[CLEAN C1201] type=Scratch area=27.5 perimeter=42.7 bbox=(153,500,7,19) long=18.4 box_short=4.1 box_aspect=4.481 skeleton_width=2.00 skeleton_range=2.00-4.39 skeleton_aspect=9.199 circularity=0.189
[MEASURE C1201] Scratch 不可测: 划痕最大宽度点超出中央有效测量区域
[CLEAN C1202] type=Rejected area=6.0 perimeter=17.7 bbox=(936,499,8,4) long=7.6 box_short=1.6 box_aspect=4.800 skeleton_width=2.00 skeleton_range=2.00-2.00 skeleton_aspect=3.795 circularity=0.242
[CLEAN C1202] REJECT Scratch: area 6.0 < 20; long_side 7.6 < 10
[CLEAN C1202] REJECT Pit: area 6.0 < 32; circularity 0.242 < 0.55
[CLEAN C1203] type=Scratch area=83.0 perimeter=41.8 bbox=(425,499,15,11) long=14.0 box_short=9.7 box_aspect=1.454 skeleton_width=5.60 skeleton_range=2.00-8.39 skeleton_aspect=2.505 circularity=0.597
[MEASURE C1203] Scratch width=0.227871 mm valid=False
[CLEAN C1204] type=Rejected area=6.0 perimeter=11.7 bbox=(89,499,5,4) long=4.9 box_short=1.8 box_aspect=2.750 skeleton_width=2.40 skeleton_range=2.00-2.80 skeleton_aspect=2.050 circularity=0.555
[CLEAN C1204] REJECT Scratch: area 6.0 < 20; long_side 4.9 < 10; skeleton_aspect 2.050 < 2.5
[CLEAN C1204] REJECT Pit: area 6.0 < 32
[CLEAN C1205] type=Scratch area=32.0 perimeter=30.5 bbox=(1101,498,6,11) long=10.0 box_short=5.0 box_aspect=2.000 skeleton_width=4.00 skeleton_range=2.00-4.39 skeleton_aspect=2.500 circularity=0.433
[MEASURE C1205] Scratch 不可测: 划痕最大宽度点超出中央有效测量区域
[CLEAN C1206] type=Scratch area=122.5 perimeter=72.9 bbox=(130,498,13,25) long=26.1 box_short=9.1 box_aspect=2.852 skeleton_width=4.39 skeleton_range=2.00-7.19 skeleton_aspect=5.936 circularity=0.290
[MEASURE C1206] Scratch 不可测: 划痕最大宽度点超出中央有效测量区域
[CLEAN C1207] type=Rejected area=20.0 perimeter=21.7 bbox=(120,498,4,10) long=9.0 box_short=3.0 box_aspect=3.000 skeleton_width=4.00 skeleton_range=2.00-4.00 skeleton_aspect=2.250 circularity=0.536
[CLEAN C1207] REJECT Scratch: long_side 9.0 < 10; skeleton_aspect 2.250 < 2.5
[CLEAN C1207] REJECT Pit: area 20.0 < 32; circularity 0.536 < 0.55
[CLEAN C1208] type=Rejected area=4.5 perimeter=9.4 bbox=(1223,497,3,4) long=3.0 box_short=2.0 box_aspect=1.500 skeleton_width=2.00 skeleton_range=2.00-2.80 skeleton_aspect=1.500 circularity=0.638
[CLEAN C1208] REJECT Scratch: area 4.5 < 20; long_side 3.0 < 10; skeleton_aspect 1.500 < 2.5
[CLEAN C1208] REJECT Pit: area 4.5 < 32
[CLEAN C1209] type=Rejected area=14.0 perimeter=14.8 bbox=(1162,497,6,4) long=5.0 box_short=3.0 box_aspect=1.667 skeleton_width=4.00 skeleton_range=2.00-4.00 skeleton_aspect=1.250 circularity=0.800
[CLEAN C1209] REJECT Scratch: area 14.0 < 20; long_side 5.0 < 10; skeleton_aspect 1.250 < 2.5
[CLEAN C1209] REJECT Pit: area 14.0 < 32
[CLEAN C1210] type=Rejected area=1.0 perimeter=4.0 bbox=(1281,496,2,2) long=1.0 box_short=1.0 box_aspect=1.000 skeleton_width=2.00 skeleton_range=2.00-2.00 skeleton_aspect=0.500 circularity=0.785
[CLEAN C1210] REJECT Scratch: area 1.0 < 20; long_side 1.0 < 10; skeleton_aspect 0.500 < 2.5
[CLEAN C1210] REJECT Pit: area 1.0 < 32
[CLEAN C1211] type=Rejected area=1.0 perimeter=4.0 bbox=(75,496,2,2) long=1.0 box_short=1.0 box_aspect=1.000 skeleton_width=2.00 skeleton_range=2.00-2.00 skeleton_aspect=0.500 circularity=0.785
[CLEAN C1211] REJECT Scratch: area 1.0 < 20; long_side 1.0 < 10; skeleton_aspect 0.500 < 2.5
[CLEAN C1211] REJECT Pit: area 1.0 < 32
[CLEAN C1212] type=Rejected area=23.5 perimeter=20.2 bbox=(1201,494,6,7) long=6.0 box_short=5.0 box_aspect=1.200 skeleton_width=4.00 skeleton_range=2.00-5.60 skeleton_aspect=1.500 circularity=0.721
[CLEAN C1212] REJECT Scratch: long_side 6.0 < 10; skeleton_aspect 1.500 < 2.5
[CLEAN C1212] REJECT Pit: area 23.5 < 32
[CLEAN C1213] type=Scratch area=119.5 perimeter=61.2 bbox=(549,494,16,20) long=20.0 box_short=13.2 box_aspect=1.518 skeleton_width=5.60 skeleton_range=2.00-8.00 skeleton_aspect=3.565 circularity=0.401
[MEASURE C1213] Scratch width=0.222598 mm valid=False
[CLEAN C1214] type=Rejected area=11.5 perimeter=18.2 bbox=(509,494,4,8) long=7.0 box_short=3.0 box_aspect=2.333 skeleton_width=2.00 skeleton_range=2.00-4.00 skeleton_aspect=3.500 circularity=0.434
[CLEAN C1214] REJECT Scratch: area 11.5 < 20; long_side 7.0 < 10
[CLEAN C1214] REJECT Pit: area 11.5 < 32; circularity 0.434 < 0.55
[CLEAN C1215] type=Rejected area=18.0 perimeter=26.5 bbox=(1272,493,6,11) long=10.8 box_short=3.5 box_aspect=3.091 skeleton_width=2.80 skeleton_range=2.00-4.00 skeleton_aspect=3.840 circularity=0.322
[CLEAN C1215] REJECT Scratch: area 18.0 < 20
[CLEAN C1215] REJECT Pit: area 18.0 < 32; circularity 0.322 < 0.55
[CLEAN C1216] type=Pit area=109.5 perimeter=42.9 bbox=(463,493,17,11) long=14.8 box_short=9.9 box_aspect=1.500 skeleton_width=8.39 skeleton_range=4.39-9.99 skeleton_aspect=1.769 circularity=0.749
[MEASURE C1216] Pit diameter=0.387964 mm valid=True
Pit: area = 109.5 diameter_mm = 0.3879644572734833 circularity = 0.7487138365568782
[CLEAN C1217] type=Rejected area=23.0 perimeter=19.7 bbox=(410,493,8,5) long=7.0 box_short=4.0 box_aspect=1.750 skeleton_width=2.80 skeleton_range=2.00-6.00 skeleton_aspect=2.500 circularity=0.748
[CLEAN C1217] REJECT Scratch: long_side 7.0 < 10
[CLEAN C1217] REJECT Pit: area 23.0 < 32
[CLEAN C1218] type=Rejected area=1.0 perimeter=4.0 bbox=(141,493,2,2) long=1.0 box_short=1.0 box_aspect=1.000 skeleton_width=2.00 skeleton_range=2.00-2.00 skeleton_aspect=0.500 circularity=0.785
[CLEAN C1218] REJECT Scratch: area 1.0 < 20; long_side 1.0 < 10; skeleton_aspect 0.500 < 2.5
[CLEAN C1218] REJECT Pit: area 1.0 < 32
[CLEAN C1219] type=Rejected area=9.5 perimeter=13.4 bbox=(732,492,3,6) long=5.0 box_short=2.0 box_aspect=2.500 skeleton_width=2.80 skeleton_range=2.00-4.00 skeleton_aspect=1.786 circularity=0.663
[CLEAN C1219] REJECT Scratch: area 9.5 < 20; long_side 5.0 < 10; skeleton_aspect 1.786 < 2.5
[CLEAN C1219] REJECT Pit: area 9.5 < 32
[CLEAN C1220] type=Rejected area=8.5 perimeter=11.4 bbox=(1101,491,4,4) long=3.0 box_short=3.0 box_aspect=1.000 skeleton_width=2.80 skeleton_range=2.00-4.00 skeleton_aspect=1.071 circularity=0.820
[CLEAN C1220] REJECT Scratch: area 8.5 < 20; long_side 3.0 < 10; skeleton_aspect 1.071 < 2.5
[CLEAN C1220] REJECT Pit: area 8.5 < 32
[CLEAN C1221] type=Rejected area=3.0 perimeter=8.0 bbox=(1010,491,4,2) long=3.0 box_short=1.0 box_aspect=3.000 skeleton_width=2.00 skeleton_range=2.00-2.00 skeleton_aspect=1.500 circularity=0.589
[CLEAN C1221] REJECT Scratch: area 3.0 < 20; long_side 3.0 < 10; skeleton_aspect 1.500 < 2.5
[CLEAN C1221] REJECT Pit: area 3.0 < 32
[CLEAN C1222] type=Rejected area=3.5 perimeter=7.4 bbox=(328,491,3,3) long=2.0 box_short=2.0 box_aspect=1.000 skeleton_width=2.00 skeleton_range=2.00-2.80 skeleton_aspect=1.000 circularity=0.800
[CLEAN C1222] REJECT Scratch: area 3.5 < 20; long_side 2.0 < 10; skeleton_aspect 1.000 < 2.5
[CLEAN C1222] REJECT Pit: area 3.5 < 32
[CLEAN C1223] type=Rejected area=9.0 perimeter=12.8 bbox=(702,490,4,5) long=4.0 box_short=3.0 box_aspect=1.333 skeleton_width=2.40 skeleton_range=2.00-4.00 skeleton_aspect=1.667 circularity=0.687
[CLEAN C1223] REJECT Scratch: area 9.0 < 20; long_side 4.0 < 10; skeleton_aspect 1.667 < 2.5
[CLEAN C1223] REJECT Pit: area 9.0 < 32
[CLEAN C1224] type=Pit area=56.5 perimeter=31.9 bbox=(634,490,11,9) long=10.0 box_short=8.0 box_aspect=1.250 skeleton_width=4.80 skeleton_range=2.00-7.19 skeleton_aspect=2.083 circularity=0.698
[MEASURE C1224] Pit diameter=0.270551 mm valid=True
Pit: area = 56.5 diameter_mm = 0.2705512046813965 circularity = 0.6977353113971826
[CLEAN C1225] type=Rejected area=3.5 perimeter=7.4 bbox=(350,490,3,3) long=2.0 box_short=2.0 box_aspect=1.000 skeleton_width=2.00 skeleton_range=2.00-2.80 skeleton_aspect=1.000 circularity=0.800
[CLEAN C1225] REJECT Scratch: area 3.5 < 20; long_side 2.0 < 10; skeleton_aspect 1.000 < 2.5
[CLEAN C1225] REJECT Pit: area 3.5 < 32
[CLEAN C1226] type=Rejected area=5.5 perimeter=14.2 bbox=(1273,488,6,4) long=5.6 box_short=2.2 box_aspect=2.556 skeleton_width=2.00 skeleton_range=2.00-2.80 skeleton_aspect=2.789 circularity=0.341
[CLEAN C1226] REJECT Scratch: area 5.5 < 20; long_side 5.6 < 10
[CLEAN C1226] REJECT Pit: area 5.5 < 32; circularity 0.341 < 0.55
[CLEAN C1227] type=Rejected area=13.0 perimeter=14.8 bbox=(997,488,6,4) long=5.0 box_short=3.0 box_aspect=1.667 skeleton_width=3.40 skeleton_range=2.00-4.00 skeleton_aspect=1.471 circularity=0.743
[CLEAN C1227] REJECT Scratch: area 13.0 < 20; long_side 5.0 < 10; skeleton_aspect 1.471 < 2.5
[CLEAN C1227] REJECT Pit: area 13.0 < 32
[CLEAN C1228] type=Rejected area=20.5 perimeter=19.1 bbox=(957,488,5,8) long=7.0 box_short=4.0 box_aspect=1.750 skeleton_width=4.00 skeleton_range=2.00-4.39 skeleton_aspect=1.750 circularity=0.708
[CLEAN C1228] REJECT Scratch: long_side 7.0 < 10; skeleton_aspect 1.750 < 2.5
[CLEAN C1228] REJECT Pit: area 20.5 < 32
[CLEAN C1229] type=Pit area=61.5 perimeter=34.7 bbox=(494,488,8,14) long=13.0 box_short=7.0 box_aspect=1.857 skeleton_width=5.60 skeleton_range=2.00-8.00 skeleton_aspect=2.321 circularity=0.641
[MEASURE C1229] Pit diameter=0.295928 mm valid=True
Pit: area = 61.5 diameter_mm = 0.2959284782409668 circularity = 0.640807209094377
[CLEAN C1230] type=Scratch area=90.0 perimeter=45.0 bbox=(574,486,14,14) long=13.0 box_short=11.7 box_aspect=1.108 skeleton_width=4.39 skeleton_range=2.00-9.99 skeleton_aspect=2.951 circularity=0.559
[MEASURE C1230] Scratch width=0.227343 mm valid=False
[CLEAN C1231] type=Rejected area=4.0 perimeter=8.0 bbox=(125,486,3,3) long=2.0 box_short=2.0 box_aspect=1.000 skeleton_width=2.00 skeleton_range=2.00-4.00 skeleton_aspect=1.000 circularity=0.785
[CLEAN C1231] REJECT Scratch: area 4.0 < 20; long_side 2.0 < 10; skeleton_aspect 1.000 < 2.5
[CLEAN C1231] REJECT Pit: area 4.0 < 32
[CLEAN C1232] type=Rejected area=12.0 perimeter=16.8 bbox=(1256,485,4,7) long=6.0 box_short=3.0 box_aspect=2.000 skeleton_width=2.00 skeleton_range=2.00-4.00 skeleton_aspect=3.000 circularity=0.532
[CLEAN C1232] REJECT Scratch: area 12.0 < 20; long_side 6.0 < 10
[CLEAN C1232] REJECT Pit: area 12.0 < 32; circularity 0.532 < 0.55
[CLEAN C1233] type=Rejected area=18.5 perimeter=19.9 bbox=(1197,485,6,8) long=8.1 box_short=3.3 box_aspect=2.474 skeleton_width=2.80 skeleton_range=2.00-4.00 skeleton_aspect=2.879 circularity=0.587
[CLEAN C1233] REJECT Scratch: area 18.5 < 20; long_side 8.1 < 10
[CLEAN C1233] REJECT Pit: area 18.5 < 32
[CLEAN C1234] type=Rejected area=2.0 perimeter=6.0 bbox=(1183,485,2,3) long=2.0 box_short=1.0 box_aspect=2.000 skeleton_width=2.00 skeleton_range=2.00-2.00 skeleton_aspect=1.000 circularity=0.698
[CLEAN C1234] REJECT Scratch: area 2.0 < 20; long_side 2.0 < 10; skeleton_aspect 1.000 < 2.5
[CLEAN C1234] REJECT Pit: area 2.0 < 32
[CLEAN C1235] type=Rejected area=1.0 perimeter=4.0 bbox=(93,485,2,2) long=1.0 box_short=1.0 box_aspect=1.000 skeleton_width=2.00 skeleton_range=2.00-2.00 skeleton_aspect=0.500 circularity=0.785
[CLEAN C1235] REJECT Scratch: area 1.0 < 20; long_side 1.0 < 10; skeleton_aspect 0.500 < 2.5
[CLEAN C1235] REJECT Pit: area 1.0 < 32
[CLEAN C1236] type=Rejected area=15.0 perimeter=17.7 bbox=(74,485,4,8) long=7.0 box_short=3.0 box_aspect=2.333 skeleton_width=2.80 skeleton_range=2.00-4.00 skeleton_aspect=2.500 circularity=0.605
[CLEAN C1236] REJECT Scratch: area 15.0 < 20; long_side 7.0 < 10
[CLEAN C1236] REJECT Pit: area 15.0 < 32
[CLEAN C1237] type=Rejected area=1.0 perimeter=4.0 bbox=(706,484,2,2) long=1.0 box_short=1.0 box_aspect=1.000 skeleton_width=2.00 skeleton_range=2.00-2.00 skeleton_aspect=0.500 circularity=0.785
[CLEAN C1237] REJECT Scratch: area 1.0 < 20; long_side 1.0 < 10; skeleton_aspect 0.500 < 2.5
[CLEAN C1237] REJECT Pit: area 1.0 < 32
[CLEAN C1238] type=Rejected area=1.0 perimeter=4.0 bbox=(1271,483,2,2) long=1.0 box_short=1.0 box_aspect=1.000 skeleton_width=2.00 skeleton_range=2.00-2.00 skeleton_aspect=0.500 circularity=0.785
[CLEAN C1238] REJECT Scratch: area 1.0 < 20; long_side 1.0 < 10; skeleton_aspect 0.500 < 2.5
[CLEAN C1238] REJECT Pit: area 1.0 < 32
[CLEAN C1239] type=Rejected area=14.5 perimeter=17.1 bbox=(1064,482,5,7) long=6.0 box_short=4.0 box_aspect=1.500 skeleton_width=2.40 skeleton_range=2.00-4.39 skeleton_aspect=2.500 circularity=0.625
[CLEAN C1239] REJECT Scratch: area 14.5 < 20; long_side 6.0 < 10; skeleton_aspect 2.500 < 2.5
[CLEAN C1239] REJECT Pit: area 14.5 < 32
[CLEAN C1240] type=Rejected area=4.0 perimeter=8.0 bbox=(1247,481,3,3) long=2.0 box_short=2.0 box_aspect=1.000 skeleton_width=2.00 skeleton_range=2.00-4.00 skeleton_aspect=1.000 circularity=0.785
[CLEAN C1240] REJECT Scratch: area 4.0 < 20; long_side 2.0 < 10; skeleton_aspect 1.000 < 2.5
[CLEAN C1240] REJECT Pit: area 4.0 < 32
[CLEAN C1241] type=Scratch area=32.5 perimeter=27.9 bbox=(716,481,6,11) long=10.0 box_short=5.0 box_aspect=2.000 skeleton_width=4.00 skeleton_range=2.00-5.60 skeleton_aspect=2.500 circularity=0.525
[MEASURE C1241] Scratch width=0.116366 mm valid=False
[CLEAN C1242] type=Scratch area=38.5 perimeter=31.9 bbox=(116,481,6,14) long=13.0 box_short=5.0 box_aspect=2.600 skeleton_width=2.80 skeleton_range=2.00-6.00 skeleton_aspect=4.643 circularity=0.475
[MEASURE C1242] Scratch 不可测: 划痕最大宽度点超出中央有效测量区域
[CLEAN C1243] type=Rejected area=1.0 perimeter=4.0 bbox=(651,480,2,2) long=1.0 box_short=1.0 box_aspect=1.000 skeleton_width=2.00 skeleton_range=2.00-2.00 skeleton_aspect=0.500 circularity=0.785
[CLEAN C1243] REJECT Scratch: area 1.0 < 20; long_side 1.0 < 10; skeleton_aspect 0.500 < 2.5
[CLEAN C1243] REJECT Pit: area 1.0 < 32
[CLEAN C1244] type=Scratch area=25.0 perimeter=35.3 bbox=(150,480,6,15) long=14.6 box_short=3.6 box_aspect=4.000 skeleton_width=2.00 skeleton_range=2.00-4.00 skeleton_aspect=7.276 circularity=0.252
[MEASURE C1244] Scratch 不可测: 划痕最大宽度点超出中央有效测量区域
[CLEAN C1245] type=Rejected area=1.0 perimeter=4.0 bbox=(1218,478,2,2) long=1.0 box_short=1.0 box_aspect=1.000 skeleton_width=2.00 skeleton_range=2.00-2.00 skeleton_aspect=0.500 circularity=0.785
[CLEAN C1245] REJECT Scratch: area 1.0 < 20; long_side 1.0 < 10; skeleton_aspect 0.500 < 2.5
[CLEAN C1245] REJECT Pit: area 1.0 < 32
[CLEAN C1246] type=Rejected area=5.0 perimeter=8.8 bbox=(1076,478,3,4) long=3.0 box_short=2.0 box_aspect=1.500 skeleton_width=2.40 skeleton_range=2.00-2.80 skeleton_aspect=1.250 circularity=0.806
[CLEAN C1246] REJECT Scratch: area 5.0 < 20; long_side 3.0 < 10; skeleton_aspect 1.250 < 2.5
[CLEAN C1246] REJECT Pit: area 5.0 < 32
[CLEAN C1247] type=Rejected area=12.0 perimeter=15.7 bbox=(929,478,7,4) long=6.0 box_short=3.0 box_aspect=2.000 skeleton_width=2.80 skeleton_range=2.00-4.00 skeleton_aspect=2.143 circularity=0.615
[CLEAN C1247] REJECT Scratch: area 12.0 < 20; long_side 6.0 < 10; skeleton_aspect 2.143 < 2.5
[CLEAN C1247] REJECT Pit: area 12.0 < 32
[CLEAN C1248] type=Rejected area=8.0 perimeter=10.8 bbox=(785,478,4,4) long=3.0 box_short=3.0 box_aspect=1.000 skeleton_width=2.80 skeleton_range=2.00-4.00 skeleton_aspect=1.071 circularity=0.857
[CLEAN C1248] REJECT Scratch: area 8.0 < 20; long_side 3.0 < 10; skeleton_aspect 1.071 < 2.5
[CLEAN C1248] REJECT Pit: area 8.0 < 32
[CLEAN C1249] type=Pit area=40.5 perimeter=28.2 bbox=(533,478,6,11) long=10.0 box_short=5.0 box_aspect=2.000 skeleton_width=4.39 skeleton_range=2.00-6.00 skeleton_aspect=2.276 circularity=0.638
[MEASURE C1249] Pit diameter=0.233549 mm valid=False
[CLEAN C1250] type=Rejected area=8.0 perimeter=10.8 bbox=(571,477,4,4) long=3.0 box_short=3.0 box_aspect=1.000 skeleton_width=2.80 skeleton_range=2.00-4.00 skeleton_aspect=1.071 circularity=0.857
[CLEAN C1250] REJECT Scratch: area 8.0 < 20; long_side 3.0 < 10; skeleton_aspect 1.071 < 2.5
[CLEAN C1250] REJECT Pit: area 8.0 < 32
[CLEAN C1251] type=Rejected area=1.0 perimeter=4.0 bbox=(1261,476,2,2) long=1.0 box_short=1.0 box_aspect=1.000 skeleton_width=2.00 skeleton_range=2.00-2.00 skeleton_aspect=0.500 circularity=0.785
[CLEAN C1251] REJECT Scratch: area 1.0 < 20; long_side 1.0 < 10; skeleton_aspect 0.500 < 2.5
[CLEAN C1251] REJECT Pit: area 1.0 < 32
[CLEAN C1252] type=Rejected area=17.5 perimeter=16.2 bbox=(1204,476,5,6) long=5.0 box_short=4.0 box_aspect=1.250 skeleton_width=2.80 skeleton_range=2.00-5.60 skeleton_aspect=1.786 circularity=0.834
[CLEAN C1252] REJECT Scratch: area 17.5 < 20; long_side 5.0 < 10; skeleton_aspect 1.786 < 2.5
[CLEAN C1252] REJECT Pit: area 17.5 < 32
[CLEAN C1253] type=Rejected area=1.0 perimeter=4.0 bbox=(1065,476,2,2) long=1.0 box_short=1.0 box_aspect=1.000 skeleton_width=2.00 skeleton_range=2.00-2.00 skeleton_aspect=0.500 circularity=0.785
[CLEAN C1253] REJECT Scratch: area 1.0 < 20; long_side 1.0 < 10; skeleton_aspect 0.500 < 2.5
[CLEAN C1253] REJECT Pit: area 1.0 < 32
[CLEAN C1254] type=Rejected area=7.0 perimeter=14.8 bbox=(955,475,7,3) long=6.0 box_short=2.0 box_aspect=3.000 skeleton_width=2.00 skeleton_range=2.00-2.80 skeleton_aspect=3.000 circularity=0.400
[CLEAN C1254] REJECT Scratch: area 7.0 < 20; long_side 6.0 < 10
[CLEAN C1254] REJECT Pit: area 7.0 < 32; circularity 0.400 < 0.55
[CLEAN C1255] type=Rejected area=1.0 perimeter=4.0 bbox=(435,474,2,2) long=1.0 box_short=1.0 box_aspect=1.000 skeleton_width=2.00 skeleton_range=2.00-2.00 skeleton_aspect=0.500 circularity=0.785
[CLEAN C1255] REJECT Scratch: area 1.0 < 20; long_side 1.0 < 10; skeleton_aspect 0.500 < 2.5
[CLEAN C1255] REJECT Pit: area 1.0 < 32
[CLEAN C1256] type=Rejected area=11.0 perimeter=13.7 bbox=(72,474,4,6) long=5.0 box_short=3.0 box_aspect=1.667 skeleton_width=2.80 skeleton_range=2.00-4.00 skeleton_aspect=1.786 circularity=0.741
[CLEAN C1256] REJECT Scratch: area 11.0 < 20; long_side 5.0 < 10; skeleton_aspect 1.786 < 2.5
[CLEAN C1256] REJECT Pit: area 11.0 < 32
[CLEAN C1257] type=Rejected area=2.0 perimeter=6.0 bbox=(119,473,2,3) long=2.0 box_short=1.0 box_aspect=2.000 skeleton_width=2.00 skeleton_range=2.00-2.00 skeleton_aspect=1.000 circularity=0.698
[CLEAN C1257] REJECT Scratch: area 2.0 < 20; long_side 2.0 < 10; skeleton_aspect 1.000 < 2.5
[CLEAN C1257] REJECT Pit: area 2.0 < 32
[CLEAN C1258] type=Scratch area=132.0 perimeter=102.4 bbox=(44,473,20,42) long=44.0 box_short=6.9 box_aspect=6.424 skeleton_width=4.00 skeleton_range=2.00-6.00 skeleton_aspect=11.003 circularity=0.158
[MEASURE C1258] Scratch 不可测: 划痕最大宽度点超出中央有效测量区域
[CLEAN C1259] type=Rejected area=1.0 perimeter=4.0 bbox=(910,472,2,2) long=1.0 box_short=1.0 box_aspect=1.000 skeleton_width=2.00 skeleton_range=2.00-2.00 skeleton_aspect=0.500 circularity=0.785
[CLEAN C1259] REJECT Scratch: area 1.0 < 20; long_side 1.0 < 10; skeleton_aspect 0.500 < 2.5
[CLEAN C1259] REJECT Pit: area 1.0 < 32
[CLEAN C1260] type=Scratch area=79.5 perimeter=46.4 bbox=(681,472,9,18) long=17.0 box_short=8.0 box_aspect=2.125 skeleton_width=4.39 skeleton_range=2.00-7.19 skeleton_aspect=3.869 circularity=0.464
[MEASURE C1260] Scratch width=0.160406 mm valid=False
[CLEAN C1261] type=Rejected area=17.5 perimeter=19.9 bbox=(493,472,6,8) long=8.1 box_short=3.3 box_aspect=2.474 skeleton_width=2.80 skeleton_range=2.00-4.00 skeleton_aspect=2.879 circularity=0.555
[CLEAN C1261] REJECT Scratch: area 17.5 < 20; long_side 8.1 < 10
[CLEAN C1261] REJECT Pit: area 17.5 < 32
[CLEAN C1262] type=Rejected area=2.0 perimeter=6.0 bbox=(489,472,2,3) long=2.0 box_short=1.0 box_aspect=2.000 skeleton_width=2.00 skeleton_range=2.00-2.00 skeleton_aspect=1.000 circularity=0.698
[CLEAN C1262] REJECT Scratch: area 2.0 < 20; long_side 2.0 < 10; skeleton_aspect 1.000 < 2.5
[CLEAN C1262] REJECT Pit: area 2.0 < 32
[CLEAN C1263] type=Rejected area=2.0 perimeter=6.0 bbox=(1281,471,3,2) long=2.0 box_short=1.0 box_aspect=2.000 skeleton_width=2.00 skeleton_range=2.00-2.00 skeleton_aspect=1.000 circularity=0.698
[CLEAN C1263] REJECT Scratch: area 2.0 < 20; long_side 2.0 < 10; skeleton_aspect 1.000 < 2.5
[CLEAN C1263] REJECT Pit: area 2.0 < 32
[CLEAN C1264] type=Rejected area=28.5 perimeter=21.9 bbox=(477,471,6,9) long=8.0 box_short=5.0 box_aspect=1.600 skeleton_width=4.39 skeleton_range=2.00-5.60 skeleton_aspect=1.821 circularity=0.747
[CLEAN C1264] REJECT Scratch: long_side 8.0 < 10; skeleton_aspect 1.821 < 2.5
[CLEAN C1264] REJECT Pit: area 28.5 < 32
[CLEAN C1265] type=Rejected area=21.5 perimeter=23.9 bbox=(1270,470,8,8) long=8.6 box_short=4.5 box_aspect=1.897 skeleton_width=2.80 skeleton_range=2.00-4.00 skeleton_aspect=3.068 circularity=0.473
[CLEAN C1265] REJECT Scratch: long_side 8.6 < 10
[CLEAN C1265] REJECT Pit: area 21.5 < 32; circularity 0.473 < 0.55
[CLEAN C1266] type=Rejected area=7.5 perimeter=11.4 bbox=(1199,470,5,3) long=4.0 box_short=2.0 box_aspect=2.000 skeleton_width=2.40 skeleton_range=2.00-4.00 skeleton_aspect=1.667 circularity=0.723
[CLEAN C1266] REJECT Scratch: area 7.5 < 20; long_side 4.0 < 10; skeleton_aspect 1.667 < 2.5
[CLEAN C1266] REJECT Pit: area 7.5 < 32
[CLEAN C1267] type=Rejected area=2.0 perimeter=6.0 bbox=(717,469,3,2) long=2.0 box_short=1.0 box_aspect=2.000 skeleton_width=2.00 skeleton_range=2.00-2.00 skeleton_aspect=1.000 circularity=0.698
[CLEAN C1267] REJECT Scratch: area 2.0 < 20; long_side 2.0 < 10; skeleton_aspect 1.000 < 2.5
[CLEAN C1267] REJECT Pit: area 2.0 < 32
[CLEAN C1268] type=Scratch area=76.5 perimeter=38.7 bbox=(340,469,8,16) long=15.1 box_short=6.8 box_aspect=2.229 skeleton_width=6.00 skeleton_range=2.00-8.00 skeleton_aspect=2.522 circularity=0.641
[MEASURE C1268] Scratch width=0.183389 mm valid=False
[CLEAN C1269] type=Rejected area=2.0 perimeter=6.0 bbox=(1192,468,2,3) long=2.0 box_short=1.0 box_aspect=2.000 skeleton_width=2.00 skeleton_range=2.00-2.00 skeleton_aspect=1.000 circularity=0.698
[CLEAN C1269] REJECT Scratch: area 2.0 < 20; long_side 2.0 < 10; skeleton_aspect 1.000 < 2.5
[CLEAN C1269] REJECT Pit: area 2.0 < 32
[CLEAN C1270] type=Pit area=69.0 perimeter=35.3 bbox=(1018,468,10,12) long=11.0 box_short=9.0 box_aspect=1.222 skeleton_width=5.00 skeleton_range=2.00-8.39 skeleton_aspect=2.201 circularity=0.695
[MEASURE C1270] Pit diameter=0.288262 mm valid=True
Pit: area = 69.0 diameter_mm = 0.2882615029811859 circularity = 0.6953001194577152
[CLEAN C1271] type=Rejected area=5.0 perimeter=11.7 bbox=(758,468,4,5) long=5.0 box_short=1.7 box_aspect=3.000 skeleton_width=2.00 skeleton_range=2.00-2.80 skeleton_aspect=2.496 circularity=0.462
[CLEAN C1271] REJECT Scratch: area 5.0 < 20; long_side 5.0 < 10; skeleton_aspect 2.496 < 2.5
[CLEAN C1271] REJECT Pit: area 5.0 < 32; circularity 0.462 < 0.55
[CLEAN C1272] type=Rejected area=17.5 perimeter=17.1 bbox=(126,468,6,6) long=5.0 box_short=5.0 box_aspect=1.000 skeleton_width=4.00 skeleton_range=2.00-4.39 skeleton_aspect=1.250 circularity=0.755
[CLEAN C1272] REJECT Scratch: area 17.5 < 20; long_side 5.0 < 10; skeleton_aspect 1.250 < 2.5
[CLEAN C1272] REJECT Pit: area 17.5 < 32
[CLEAN C1273] type=Rejected area=15.5 perimeter=21.1 bbox=(1207,466,8,6) long=8.0 box_short=3.6 box_aspect=2.250 skeleton_width=2.80 skeleton_range=2.00-4.00 skeleton_aspect=2.875 circularity=0.439
[CLEAN C1273] REJECT Scratch: area 15.5 < 20; long_side 8.0 < 10
[CLEAN C1273] REJECT Pit: area 15.5 < 32; circularity 0.439 < 0.55
[CLEAN C1274] type=Rejected area=1.0 perimeter=4.0 bbox=(1100,466,2,2) long=1.0 box_short=1.0 box_aspect=1.000 skeleton_width=2.00 skeleton_range=2.00-2.00 skeleton_aspect=0.500 circularity=0.785
[CLEAN C1274] REJECT Scratch: area 1.0 < 20; long_side 1.0 < 10; skeleton_aspect 0.500 < 2.5
[CLEAN C1274] REJECT Pit: area 1.0 < 32
[CLEAN C1275] type=Rejected area=2.0 perimeter=6.0 bbox=(55,466,2,3) long=2.0 box_short=1.0 box_aspect=2.000 skeleton_width=2.00 skeleton_range=2.00-2.00 skeleton_aspect=1.000 circularity=0.698
[CLEAN C1275] REJECT Scratch: area 2.0 < 20; long_side 2.0 < 10; skeleton_aspect 1.000 < 2.5
[CLEAN C1275] REJECT Pit: area 2.0 < 32
[CLEAN C1276] type=Pit area=83.5 perimeter=38.4 bbox=(447,465,10,15) long=14.0 box_short=9.0 box_aspect=1.556 skeleton_width=6.39 skeleton_range=2.00-8.79 skeleton_aspect=2.190 circularity=0.712
[MEASURE C1276] Pit diameter=0.331390 mm valid=True
Pit: area = 83.5 diameter_mm = 0.33138951659202576 circularity = 0.7121612159703206
[CLEAN C1277] type=Rejected area=10.0 perimeter=14.8 bbox=(1262,464,3,7) long=6.0 box_short=2.0 box_aspect=3.000 skeleton_width=2.40 skeleton_range=2.00-4.00 skeleton_aspect=2.500 circularity=0.572
[CLEAN C1277] REJECT Scratch: area 10.0 < 20; long_side 6.0 < 10; skeleton_aspect 2.500 < 2.5
[CLEAN C1277] REJECT Pit: area 10.0 < 32
[CLEAN C1278] type=Scratch area=90.0 perimeter=54.1 bbox=(134,464,10,22) long=22.4 box_short=7.6 box_aspect=2.937 skeleton_width=4.00 skeleton_range=2.00-6.00 skeleton_aspect=5.608 circularity=0.386
[MEASURE C1278] Scratch 不可测: 划痕最大宽度点超出中央有效测量区域
[CLEAN C1279] type=Rejected area=10.0 perimeter=16.8 bbox=(95,463,3,8) long=7.0 box_short=2.0 box_aspect=3.500 skeleton_width=2.00 skeleton_range=2.00-4.00 skeleton_aspect=3.500 circularity=0.444
[CLEAN C1279] REJECT Scratch: area 10.0 < 20; long_side 7.0 < 10
[CLEAN C1279] REJECT Pit: area 10.0 < 32; circularity 0.444 < 0.55
[CLEAN C1280] type=Scratch area=73.0 perimeter=45.0 bbox=(725,462,9,18) long=17.0 box_short=8.0 box_aspect=2.125 skeleton_width=4.39 skeleton_range=2.00-7.19 skeleton_aspect=3.869 circularity=0.454
[MEASURE C1280] Scratch width=0.183017 mm valid=False
[CLEAN C1281] type=Scratch area=93.5 perimeter=45.6 bbox=(659,462,10,17) long=16.5 box_short=8.0 box_aspect=2.075 skeleton_width=6.00 skeleton_range=2.00-8.00 skeleton_aspect=2.753 circularity=0.566
[MEASURE C1281] Scratch width=0.182560 mm valid=False
[CLEAN C1282] type=Rejected area=1.0 perimeter=4.0 bbox=(44,461,2,2) long=1.0 box_short=1.0 box_aspect=1.000 skeleton_width=2.00 skeleton_range=2.00-2.00 skeleton_aspect=0.500 circularity=0.785
[CLEAN C1282] REJECT Scratch: area 1.0 < 20; long_side 1.0 < 10; skeleton_aspect 0.500 < 2.5
[CLEAN C1282] REJECT Pit: area 1.0 < 32
[CLEAN C1283] type=Rejected area=7.0 perimeter=10.8 bbox=(925,460,4,4) long=3.0 box_short=3.0 box_aspect=1.000 skeleton_width=2.40 skeleton_range=2.00-4.00 skeleton_aspect=1.250 circularity=0.750
[CLEAN C1283] REJECT Scratch: area 7.0 < 20; long_side 3.0 < 10; skeleton_aspect 1.250 < 2.5
[CLEAN C1283] REJECT Pit: area 7.0 < 32
[CLEAN C1284] type=Rejected area=17.5 perimeter=17.9 bbox=(1250,459,6,7) long=6.4 box_short=4.2 box_aspect=1.500 skeleton_width=3.40 skeleton_range=2.00-4.39 skeleton_aspect=1.872 circularity=0.686
[CLEAN C1284] REJECT Scratch: area 17.5 < 20; long_side 6.4 < 10; skeleton_aspect 1.872 < 2.5
[CLEAN C1284] REJECT Pit: area 17.5 < 32
[CLEAN C1285] type=Rejected area=8.0 perimeter=12.8 bbox=(937,459,6,3) long=5.0 box_short=2.0 box_aspect=2.500 skeleton_width=2.00 skeleton_range=2.00-4.00 skeleton_aspect=2.500 circularity=0.611
[CLEAN C1285] REJECT Scratch: area 8.0 < 20; long_side 5.0 < 10
[CLEAN C1285] REJECT Pit: area 8.0 < 32
[CLEAN C1286] type=Rejected area=1.0 perimeter=4.0 bbox=(652,459,2,2) long=1.0 box_short=1.0 box_aspect=1.000 skeleton_width=2.00 skeleton_range=2.00-2.00 skeleton_aspect=0.500 circularity=0.785
[CLEAN C1286] REJECT Scratch: area 1.0 < 20; long_side 1.0 < 10; skeleton_aspect 0.500 < 2.5
[CLEAN C1286] REJECT Pit: area 1.0 < 32
[CLEAN C1287] type=Scratch area=29.0 perimeter=25.3 bbox=(632,459,7,10) long=10.3 box_short=4.5 box_aspect=2.300 skeleton_width=3.40 skeleton_range=2.00-5.60 skeleton_aspect=3.025 circularity=0.569
[MEASURE C1287] Scratch width=0.116370 mm valid=False
[CLEAN C1288] type=Rejected area=16.0 perimeter=27.3 bbox=(680,458,6,12) long=12.1 box_short=2.9 box_aspect=4.182 skeleton_width=2.00 skeleton_range=2.00-2.80 skeleton_aspect=6.040 circularity=0.270
[CLEAN C1288] REJECT Scratch: area 16.0 < 20
[CLEAN C1288] REJECT Pit: area 16.0 < 32; circularity 0.270 < 0.55
[CLEAN C1289] type=Rejected area=5.0 perimeter=8.8 bbox=(555,458,3,4) long=3.0 box_short=2.0 box_aspect=1.500 skeleton_width=2.40 skeleton_range=2.00-2.80 skeleton_aspect=1.250 circularity=0.806
[CLEAN C1289] REJECT Scratch: area 5.0 < 20; long_side 3.0 < 10; skeleton_aspect 1.250 < 2.5
[CLEAN C1289] REJECT Pit: area 5.0 < 32
[CLEAN C1290] type=Pit area=36.5 perimeter=25.1 bbox=(142,458,8,8) long=7.0 box_short=7.0 box_aspect=1.000 skeleton_width=4.20 skeleton_range=2.00-6.39 skeleton_aspect=1.668 circularity=0.730
[MEASURE C1290] Pit 不可测: 凹点中心超出中央有效测量区域
[CLEAN C1291] type=Rejected area=3.0 perimeter=8.8 bbox=(536,457,3,4) long=3.6 box_short=1.3 box_aspect=2.667 skeleton_width=2.00 skeleton_range=2.00-2.00 skeleton_aspect=1.789 circularity=0.484
[CLEAN C1291] REJECT Scratch: area 3.0 < 20; long_side 3.6 < 10; skeleton_aspect 1.789 < 2.5
[CLEAN C1291] REJECT Pit: area 3.0 < 32; circularity 0.484 < 0.55
[CLEAN C1292] type=Pit area=40.5 perimeter=25.9 bbox=(485,457,7,10) long=9.0 box_short=6.0 box_aspect=1.500 skeleton_width=5.60 skeleton_range=2.00-6.00 skeleton_aspect=1.607 circularity=0.759
[MEASURE C1292] Pit diameter=0.230257 mm valid=False
[CLEAN C1293] type=Rejected area=1.0 perimeter=4.0 bbox=(128,457,2,2) long=1.0 box_short=1.0 box_aspect=1.000 skeleton_width=2.00 skeleton_range=2.00-2.00 skeleton_aspect=0.500 circularity=0.785
[CLEAN C1293] REJECT Scratch: area 1.0 < 20; long_side 1.0 < 10; skeleton_aspect 0.500 < 2.5
[CLEAN C1293] REJECT Pit: area 1.0 < 32
[CLEAN C1294] type=Rejected area=2.0 perimeter=6.0 bbox=(1238,456,2,3) long=2.0 box_short=1.0 box_aspect=2.000 skeleton_width=2.00 skeleton_range=2.00-2.00 skeleton_aspect=1.000 circularity=0.698
[CLEAN C1294] REJECT Scratch: area 2.0 < 20; long_side 2.0 < 10; skeleton_aspect 1.000 < 2.5
[CLEAN C1294] REJECT Pit: area 2.0 < 32
[CLEAN C1295] type=Rejected area=1.0 perimeter=4.0 bbox=(1273,455,2,2) long=1.0 box_short=1.0 box_aspect=1.000 skeleton_width=2.00 skeleton_range=2.00-2.00 skeleton_aspect=0.500 circularity=0.785
[CLEAN C1295] REJECT Scratch: area 1.0 < 20; long_side 1.0 < 10; skeleton_aspect 0.500 < 2.5
[CLEAN C1295] REJECT Pit: area 1.0 < 32
[CLEAN C1296] type=Rejected area=1.0 perimeter=4.0 bbox=(660,455,2,2) long=1.0 box_short=1.0 box_aspect=1.000 skeleton_width=2.00 skeleton_range=2.00-2.00 skeleton_aspect=0.500 circularity=0.785
[CLEAN C1296] REJECT Scratch: area 1.0 < 20; long_side 1.0 < 10; skeleton_aspect 0.500 < 2.5
[CLEAN C1296] REJECT Pit: area 1.0 < 32
[CLEAN C1297] type=Scratch area=51.0 perimeter=49.3 bbox=(1195,454,16,12) long=15.0 box_short=10.5 box_aspect=1.431 skeleton_width=2.80 skeleton_range=2.00-4.39 skeleton_aspect=5.369 circularity=0.264
[MEASURE C1297] Scratch 不可测: 划痕最大宽度点超出中央有效测量区域
[CLEAN C1298] type=Rejected area=2.0 perimeter=6.0 bbox=(449,454,3,2) long=2.0 box_short=1.0 box_aspect=2.000 skeleton_width=2.00 skeleton_range=2.00-2.00 skeleton_aspect=1.000 circularity=0.698
[CLEAN C1298] REJECT Scratch: area 2.0 < 20; long_side 2.0 < 10; skeleton_aspect 1.000 < 2.5
[CLEAN C1298] REJECT Pit: area 2.0 < 32
[CLEAN C1299] type=Rejected area=1.0 perimeter=4.0 bbox=(729,453,2,2) long=1.0 box_short=1.0 box_aspect=1.000 skeleton_width=2.00 skeleton_range=2.00-2.00 skeleton_aspect=0.500 circularity=0.785
[CLEAN C1299] REJECT Scratch: area 1.0 < 20; long_side 1.0 < 10; skeleton_aspect 0.500 < 2.5
[CLEAN C1299] REJECT Pit: area 1.0 < 32
[CLEAN C1300] type=Rejected area=4.0 perimeter=8.8 bbox=(1104,452,4,3) long=3.0 box_short=2.0 box_aspect=1.500 skeleton_width=2.00 skeleton_range=2.00-2.80 skeleton_aspect=1.500 circularity=0.645
[CLEAN C1300] REJECT Scratch: area 4.0 < 20; long_side 3.0 < 10; skeleton_aspect 1.500 < 2.5
[CLEAN C1300] REJECT Pit: area 4.0 < 32
[CLEAN C1301] type=Rejected area=4.0 perimeter=8.8 bbox=(1090,452,3,4) long=3.0 box_short=2.0 box_aspect=1.500 skeleton_width=2.00 skeleton_range=2.00-2.80 skeleton_aspect=1.500 circularity=0.645
[CLEAN C1301] REJECT Scratch: area 4.0 < 20; long_side 3.0 < 10; skeleton_aspect 1.500 < 2.5
[CLEAN C1301] REJECT Pit: area 4.0 < 32
[CLEAN C1302] type=Rejected area=1.0 perimeter=4.0 bbox=(951,452,2,2) long=1.0 box_short=1.0 box_aspect=1.000 skeleton_width=2.00 skeleton_range=2.00-2.00 skeleton_aspect=0.500 circularity=0.785
[CLEAN C1302] REJECT Scratch: area 1.0 < 20; long_side 1.0 < 10; skeleton_aspect 0.500 < 2.5
[CLEAN C1302] REJECT Pit: area 1.0 < 32
[CLEAN C1303] type=Rejected area=17.5 perimeter=17.1 bbox=(920,452,7,5) long=6.3 box_short=3.8 box_aspect=1.667 skeleton_width=3.40 skeleton_range=2.00-4.39 skeleton_aspect=1.860 circularity=0.755
[CLEAN C1303] REJECT Scratch: area 17.5 < 20; long_side 6.3 < 10; skeleton_aspect 1.860 < 2.5
[CLEAN C1303] REJECT Pit: area 17.5 < 32
[CLEAN C1304] type=Rejected area=3.0 perimeter=8.0 bbox=(1126,451,4,2) long=3.0 box_short=1.0 box_aspect=3.000 skeleton_width=2.00 skeleton_range=2.00-2.00 skeleton_aspect=1.500 circularity=0.589
[CLEAN C1304] REJECT Scratch: area 3.0 < 20; long_side 3.0 < 10; skeleton_aspect 1.500 < 2.5
[CLEAN C1304] REJECT Pit: area 3.0 < 32
[CLEAN C1305] type=Rejected area=2.0 perimeter=6.0 bbox=(1243,450,3,2) long=2.0 box_short=1.0 box_aspect=2.000 skeleton_width=2.00 skeleton_range=2.00-2.00 skeleton_aspect=1.000 circularity=0.698
[CLEAN C1305] REJECT Scratch: area 2.0 < 20; long_side 2.0 < 10; skeleton_aspect 1.000 < 2.5
[CLEAN C1305] REJECT Pit: area 2.0 < 32
[CLEAN C1306] type=Rejected area=1.0 perimeter=4.0 bbox=(797,450,2,2) long=1.0 box_short=1.0 box_aspect=1.000 skeleton_width=2.00 skeleton_range=2.00-2.00 skeleton_aspect=0.500 circularity=0.785
[CLEAN C1306] REJECT Scratch: area 1.0 < 20; long_side 1.0 < 10; skeleton_aspect 0.500 < 2.5
[CLEAN C1306] REJECT Pit: area 1.0 < 32
[CLEAN C1307] type=Rejected area=16.0 perimeter=15.7 bbox=(765,450,6,5) long=5.0 box_short=4.0 box_aspect=1.250 skeleton_width=2.80 skeleton_range=2.00-4.39 skeleton_aspect=1.786 circularity=0.820
[CLEAN C1307] REJECT Scratch: area 16.0 < 20; long_side 5.0 < 10; skeleton_aspect 1.786 < 2.5
[CLEAN C1307] REJECT Pit: area 16.0 < 32
[CLEAN C1308] type=Pit area=35.0 perimeter=26.5 bbox=(86,448,7,10) long=10.4 box_short=5.1 box_aspect=2.062 skeleton_width=4.20 skeleton_range=2.00-5.60 skeleton_aspect=2.486 circularity=0.627
[MEASURE C1308] Pit 不可测: 凹点中心超出中央有效测量区域
[CLEAN C1309] type=Rejected area=10.0 perimeter=16.8 bbox=(71,448,3,8) long=7.0 box_short=2.0 box_aspect=3.500 skeleton_width=2.00 skeleton_range=2.00-4.00 skeleton_aspect=3.500 circularity=0.444
[CLEAN C1309] REJECT Scratch: area 10.0 < 20; long_side 7.0 < 10
[CLEAN C1309] REJECT Pit: area 10.0 < 32; circularity 0.444 < 0.55
[CLEAN C1310] type=Rejected area=2.0 perimeter=6.0 bbox=(64,447,3,2) long=2.0 box_short=1.0 box_aspect=2.000 skeleton_width=2.00 skeleton_range=2.00-2.00 skeleton_aspect=1.000 circularity=0.698
[CLEAN C1310] REJECT Scratch: area 2.0 < 20; long_side 2.0 < 10; skeleton_aspect 1.000 < 2.5
[CLEAN C1310] REJECT Pit: area 2.0 < 32
[CLEAN C1311] type=Rejected area=1.0 perimeter=4.0 bbox=(1256,446,2,2) long=1.0 box_short=1.0 box_aspect=1.000 skeleton_width=2.00 skeleton_range=2.00-2.00 skeleton_aspect=0.500 circularity=0.785
[CLEAN C1311] REJECT Scratch: area 1.0 < 20; long_side 1.0 < 10; skeleton_aspect 0.500 < 2.5
[CLEAN C1311] REJECT Pit: area 1.0 < 32
[CLEAN C1312] type=Rejected area=3.5 perimeter=7.4 bbox=(148,446,3,3) long=2.0 box_short=2.0 box_aspect=1.000 skeleton_width=2.00 skeleton_range=2.00-2.80 skeleton_aspect=1.000 circularity=0.800
[CLEAN C1312] REJECT Scratch: area 3.5 < 20; long_side 2.0 < 10; skeleton_aspect 1.000 < 2.5
[CLEAN C1312] REJECT Pit: area 3.5 < 32
[CLEAN C1313] type=Rejected area=3.5 perimeter=7.4 bbox=(1103,442,3,3) long=2.0 box_short=2.0 box_aspect=1.000 skeleton_width=2.00 skeleton_range=2.00-2.80 skeleton_aspect=1.000 circularity=0.800
[CLEAN C1313] REJECT Scratch: area 3.5 < 20; long_side 2.0 < 10; skeleton_aspect 1.000 < 2.5
[CLEAN C1313] REJECT Pit: area 3.5 < 32
[CLEAN C1314] type=Rejected area=4.5 perimeter=14.2 bbox=(1090,442,5,5) long=5.0 box_short=2.8 box_aspect=1.800 skeleton_width=2.00 skeleton_range=2.00-2.80 skeleton_aspect=2.496 circularity=0.279
[CLEAN C1314] REJECT Scratch: area 4.5 < 20; long_side 5.0 < 10; skeleton_aspect 2.496 < 2.5
[CLEAN C1314] REJECT Pit: area 4.5 < 32; circularity 0.279 < 0.55
[CLEAN C1315] type=Rejected area=1.0 perimeter=4.0 bbox=(409,442,2,2) long=1.0 box_short=1.0 box_aspect=1.000 skeleton_width=2.00 skeleton_range=2.00-2.00 skeleton_aspect=0.500 circularity=0.785
[CLEAN C1315] REJECT Scratch: area 1.0 < 20; long_side 1.0 < 10; skeleton_aspect 0.500 < 2.5
[CLEAN C1315] REJECT Pit: area 1.0 < 32
[CLEAN C1316] type=Rejected area=1.0 perimeter=4.0 bbox=(1025,440,2,2) long=1.0 box_short=1.0 box_aspect=1.000 skeleton_width=2.00 skeleton_range=2.00-2.00 skeleton_aspect=0.500 circularity=0.785
[CLEAN C1316] REJECT Scratch: area 1.0 < 20; long_side 1.0 < 10; skeleton_aspect 0.500 < 2.5
[CLEAN C1316] REJECT Pit: area 1.0 < 32
[CLEAN C1317] type=Scratch area=60.5 perimeter=35.6 bbox=(592,439,9,14) long=13.6 box_short=6.5 box_aspect=2.074 skeleton_width=5.00 skeleton_range=2.00-6.39 skeleton_aspect=2.718 circularity=0.601
[MEASURE C1317] Scratch width=0.161482 mm valid=False
[CLEAN C1318] type=Rejected area=18.5 perimeter=17.1 bbox=(95,439,5,7) long=6.0 box_short=4.0 box_aspect=1.500 skeleton_width=4.00 skeleton_range=2.00-4.39 skeleton_aspect=1.500 circularity=0.798
[CLEAN C1318] REJECT Scratch: area 18.5 < 20; long_side 6.0 < 10; skeleton_aspect 1.500 < 2.5
[CLEAN C1318] REJECT Pit: area 18.5 < 32
[CLEAN C1319] type=Rejected area=1.0 perimeter=4.0 bbox=(1233,438,2,2) long=1.0 box_short=1.0 box_aspect=1.000 skeleton_width=2.00 skeleton_range=2.00-2.00 skeleton_aspect=0.500 circularity=0.785
[CLEAN C1319] REJECT Scratch: area 1.0 < 20; long_side 1.0 < 10; skeleton_aspect 0.500 < 2.5
[CLEAN C1319] REJECT Pit: area 1.0 < 32
[CLEAN C1320] type=Pit area=41.0 perimeter=27.3 bbox=(481,438,9,9) long=8.7 box_short=7.0 box_aspect=1.241 skeleton_width=4.00 skeleton_range=2.00-6.39 skeleton_aspect=2.183 circularity=0.691
[MEASURE C1320] Pit diameter=0.225092 mm valid=False
[CLEAN C1321] type=Rejected area=1.0 perimeter=4.0 bbox=(818,437,2,2) long=1.0 box_short=1.0 box_aspect=1.000 skeleton_width=2.00 skeleton_range=2.00-2.00 skeleton_aspect=0.500 circularity=0.785
[CLEAN C1321] REJECT Scratch: area 1.0 < 20; long_side 1.0 < 10; skeleton_aspect 0.500 < 2.5
[CLEAN C1321] REJECT Pit: area 1.0 < 32
[CLEAN C1322] type=Rejected area=1.0 perimeter=4.0 bbox=(403,437,2,2) long=1.0 box_short=1.0 box_aspect=1.000 skeleton_width=2.00 skeleton_range=2.00-2.00 skeleton_aspect=0.500 circularity=0.785
[CLEAN C1322] REJECT Scratch: area 1.0 < 20; long_side 1.0 < 10; skeleton_aspect 0.500 < 2.5
[CLEAN C1322] REJECT Pit: area 1.0 < 32
[CLEAN C1323] type=Rejected area=1.0 perimeter=4.0 bbox=(387,437,2,2) long=1.0 box_short=1.0 box_aspect=1.000 skeleton_width=2.00 skeleton_range=2.00-2.00 skeleton_aspect=0.500 circularity=0.785
[CLEAN C1323] REJECT Scratch: area 1.0 < 20; long_side 1.0 < 10; skeleton_aspect 0.500 < 2.5
[CLEAN C1323] REJECT Pit: area 1.0 < 32
[CLEAN C1324] type=Rejected area=1.0 perimeter=4.0 bbox=(189,436,2,2) long=1.0 box_short=1.0 box_aspect=1.000 skeleton_width=2.00 skeleton_range=2.00-2.00 skeleton_aspect=0.500 circularity=0.785
[CLEAN C1324] REJECT Scratch: area 1.0 < 20; long_side 1.0 < 10; skeleton_aspect 0.500 < 2.5
[CLEAN C1324] REJECT Pit: area 1.0 < 32
[CLEAN C1325] type=Rejected area=1.0 perimeter=4.0 bbox=(1322,435,2,2) long=1.0 box_short=1.0 box_aspect=1.000 skeleton_width=2.00 skeleton_range=2.00-2.00 skeleton_aspect=0.500 circularity=0.785
[CLEAN C1325] REJECT Scratch: area 1.0 < 20; long_side 1.0 < 10; skeleton_aspect 0.500 < 2.5
[CLEAN C1325] REJECT Pit: area 1.0 < 32
[CLEAN C1326] type=Rejected area=9.5 perimeter=12.2 bbox=(919,434,4,5) long=4.0 box_short=3.0 box_aspect=1.333 skeleton_width=2.80 skeleton_range=2.00-4.00 skeleton_aspect=1.429 circularity=0.796
[CLEAN C1326] REJECT Scratch: area 9.5 < 20; long_side 4.0 < 10; skeleton_aspect 1.429 < 2.5
[CLEAN C1326] REJECT Pit: area 9.5 < 32
[CLEAN C1327] type=Scratch area=183.0 perimeter=117.6 bbox=(544,434,11,50) long=49.1 box_short=9.0 box_aspect=5.439 skeleton_width=4.39 skeleton_range=2.00-6.39 skeleton_aspect=11.178 circularity=0.166
[MEASURE C1327] Scratch width=0.163394 mm valid=False
[CLEAN C1328] type=Rejected area=12.5 perimeter=15.1 bbox=(475,434,6,5) long=5.7 box_short=3.2 box_aspect=1.800 skeleton_width=2.80 skeleton_range=2.00-4.00 skeleton_aspect=2.033 circularity=0.692
[CLEAN C1328] REJECT Scratch: area 12.5 < 20; long_side 5.7 < 10; skeleton_aspect 2.033 < 2.5
[CLEAN C1328] REJECT Pit: area 12.5 < 32
[CLEAN C1329] type=Scratch area=57.5 perimeter=39.2 bbox=(674,431,13,13) long=16.3 box_short=6.3 box_aspect=2.586 skeleton_width=3.40 skeleton_range=2.00-7.19 skeleton_aspect=4.785 circularity=0.470
[MEASURE C1329] Scratch width=0.149337 mm valid=False
[CLEAN C1330] type=Rejected area=1.0 perimeter=4.0 bbox=(591,430,2,2) long=1.0 box_short=1.0 box_aspect=1.000 skeleton_width=2.00 skeleton_range=2.00-2.00 skeleton_aspect=0.500 circularity=0.785
[CLEAN C1330] REJECT Scratch: area 1.0 < 20; long_side 1.0 < 10; skeleton_aspect 0.500 < 2.5
[CLEAN C1330] REJECT Pit: area 1.0 < 32
[CLEAN C1331] type=Rejected area=19.5 perimeter=19.1 bbox=(146,430,5,8) long=7.0 box_short=4.0 box_aspect=1.750 skeleton_width=4.00 skeleton_range=2.00-4.39 skeleton_aspect=1.750 circularity=0.674
[CLEAN C1331] REJECT Scratch: area 19.5 < 20; long_side 7.0 < 10; skeleton_aspect 1.750 < 2.5
[CLEAN C1331] REJECT Pit: area 19.5 < 32
[CLEAN C1332] type=Rejected area=7.5 perimeter=11.4 bbox=(97,430,5,3) long=4.0 box_short=2.0 box_aspect=2.000 skeleton_width=2.40 skeleton_range=2.00-4.00 skeleton_aspect=1.667 circularity=0.723
[CLEAN C1332] REJECT Scratch: area 7.5 < 20; long_side 4.0 < 10; skeleton_aspect 1.667 < 2.5
[CLEAN C1332] REJECT Pit: area 7.5 < 32
[CLEAN C1333] type=Rejected area=1.0 perimeter=4.0 bbox=(1107,429,2,2) long=1.0 box_short=1.0 box_aspect=1.000 skeleton_width=2.00 skeleton_range=2.00-2.00 skeleton_aspect=0.500 circularity=0.785
[CLEAN C1333] REJECT Scratch: area 1.0 < 20; long_side 1.0 < 10; skeleton_aspect 0.500 < 2.5
[CLEAN C1333] REJECT Pit: area 1.0 < 32
[CLEAN C1334] type=Rejected area=3.0 perimeter=6.8 bbox=(1276,427,3,3) long=2.8 box_short=1.4 box_aspect=2.000 skeleton_width=2.00 skeleton_range=2.00-2.80 skeleton_aspect=1.414 circularity=0.809
[CLEAN C1334] REJECT Scratch: area 3.0 < 20; long_side 2.8 < 10; skeleton_aspect 1.414 < 2.5
[CLEAN C1334] REJECT Pit: area 3.0 < 32
[CLEAN C1335] type=Rejected area=1.0 perimeter=4.0 bbox=(1262,427,2,2) long=1.0 box_short=1.0 box_aspect=1.000 skeleton_width=2.00 skeleton_range=2.00-2.00 skeleton_aspect=0.500 circularity=0.785
[CLEAN C1335] REJECT Scratch: area 1.0 < 20; long_side 1.0 < 10; skeleton_aspect 0.500 < 2.5
[CLEAN C1335] REJECT Pit: area 1.0 < 32
[CLEAN C1336] type=Rejected area=17.5 perimeter=23.1 bbox=(438,427,4,10) long=9.0 box_short=3.0 box_aspect=3.000 skeleton_width=2.80 skeleton_range=2.00-4.00 skeleton_aspect=3.214 circularity=0.413
[CLEAN C1336] REJECT Scratch: area 17.5 < 20; long_side 9.0 < 10
[CLEAN C1336] REJECT Pit: area 17.5 < 32; circularity 0.413 < 0.55
[CLEAN C1337] type=Rejected area=3.0 perimeter=8.0 bbox=(992,426,4,2) long=3.0 box_short=1.0 box_aspect=3.000 skeleton_width=2.00 skeleton_range=2.00-2.00 skeleton_aspect=1.500 circularity=0.589
[CLEAN C1337] REJECT Scratch: area 3.0 < 20; long_side 3.0 < 10; skeleton_aspect 1.500 < 2.5
[CLEAN C1337] REJECT Pit: area 3.0 < 32
[CLEAN C1338] type=Rejected area=1.0 perimeter=4.0 bbox=(444,425,2,2) long=1.0 box_short=1.0 box_aspect=1.000 skeleton_width=2.00 skeleton_range=2.00-2.00 skeleton_aspect=0.500 circularity=0.785
[CLEAN C1338] REJECT Scratch: area 1.0 < 20; long_side 1.0 < 10; skeleton_aspect 0.500 < 2.5
[CLEAN C1338] REJECT Pit: area 1.0 < 32
[CLEAN C1339] type=Rejected area=2.0 perimeter=6.0 bbox=(197,425,2,3) long=2.0 box_short=1.0 box_aspect=2.000 skeleton_width=2.00 skeleton_range=2.00-2.00 skeleton_aspect=1.000 circularity=0.698
[CLEAN C1339] REJECT Scratch: area 2.0 < 20; long_side 2.0 < 10; skeleton_aspect 1.000 < 2.5
[CLEAN C1339] REJECT Pit: area 2.0 < 32
[CLEAN C1340] type=Rejected area=21.0 perimeter=18.5 bbox=(266,423,7,6) long=6.0 box_short=5.0 box_aspect=1.200 skeleton_width=3.60 skeleton_range=2.00-5.60 skeleton_aspect=1.668 circularity=0.772
[CLEAN C1340] REJECT Scratch: long_side 6.0 < 10; skeleton_aspect 1.668 < 2.5
[CLEAN C1340] REJECT Pit: area 21.0 < 32
[CLEAN C1341] type=Rejected area=2.0 perimeter=6.0 bbox=(1193,421,2,3) long=2.0 box_short=1.0 box_aspect=2.000 skeleton_width=2.00 skeleton_range=2.00-2.00 skeleton_aspect=1.000 circularity=0.698
[CLEAN C1341] REJECT Scratch: area 2.0 < 20; long_side 2.0 < 10; skeleton_aspect 1.000 < 2.5
[CLEAN C1341] REJECT Pit: area 2.0 < 32
[CLEAN C1342] type=Rejected area=11.5 perimeter=15.1 bbox=(917,420,6,5) long=6.4 box_short=2.8 box_aspect=2.300 skeleton_width=2.80 skeleton_range=2.00-4.00 skeleton_aspect=2.278 circularity=0.636
[CLEAN C1342] REJECT Scratch: area 11.5 < 20; long_side 6.4 < 10; skeleton_aspect 2.278 < 2.5
[CLEAN C1342] REJECT Pit: area 11.5 < 32
[CLEAN C1343] type=Scratch area=162.5 perimeter=75.2 bbox=(720,420,11,33) long=32.7 box_short=9.3 box_aspect=3.525 skeleton_width=5.60 skeleton_range=2.00-8.40 skeleton_aspect=5.838 circularity=0.361
[MEASURE C1343] Scratch width=0.182970 mm valid=False
[CLEAN C1344] type=Rejected area=10.5 perimeter=15.1 bbox=(475,418,5,6) long=5.7 box_short=2.8 box_aspect=2.000 skeleton_width=2.80 skeleton_range=2.00-2.80 skeleton_aspect=2.020 circularity=0.581
[CLEAN C1344] REJECT Scratch: area 10.5 < 20; long_side 5.7 < 10; skeleton_aspect 2.020 < 2.5
[CLEAN C1344] REJECT Pit: area 10.5 < 32
[CLEAN C1345] type=Rejected area=5.0 perimeter=8.8 bbox=(74,417,3,4) long=3.0 box_short=2.0 box_aspect=1.500 skeleton_width=2.40 skeleton_range=2.00-2.80 skeleton_aspect=1.250 circularity=0.806
[CLEAN C1345] REJECT Scratch: area 5.0 < 20; long_side 3.0 < 10; skeleton_aspect 1.250 < 2.5
[CLEAN C1345] REJECT Pit: area 5.0 < 32
[CLEAN C1346] type=Rejected area=1.0 perimeter=4.0 bbox=(925,416,2,2) long=1.0 box_short=1.0 box_aspect=1.000 skeleton_width=2.00 skeleton_range=2.00-2.00 skeleton_aspect=0.500 circularity=0.785
[CLEAN C1346] REJECT Scratch: area 1.0 < 20; long_side 1.0 < 10; skeleton_aspect 0.500 < 2.5
[CLEAN C1346] REJECT Pit: area 1.0 < 32
[CLEAN C1347] type=Rejected area=15.5 perimeter=17.1 bbox=(107,416,7,5) long=7.2 box_short=3.1 box_aspect=2.286 skeleton_width=2.80 skeleton_range=2.00-4.00 skeleton_aspect=2.556 circularity=0.668
[CLEAN C1347] REJECT Scratch: area 15.5 < 20; long_side 7.2 < 10
[CLEAN C1347] REJECT Pit: area 15.5 < 32
[CLEAN C1348] type=Rejected area=1.0 perimeter=4.0 bbox=(1110,415,2,2) long=1.0 box_short=1.0 box_aspect=1.000 skeleton_width=2.00 skeleton_range=2.00-2.00 skeleton_aspect=0.500 circularity=0.785
[CLEAN C1348] REJECT Scratch: area 1.0 < 20; long_side 1.0 < 10; skeleton_aspect 0.500 < 2.5
[CLEAN C1348] REJECT Pit: area 1.0 < 32
[CLEAN C1349] type=Rejected area=8.5 perimeter=12.2 bbox=(460,414,4,5) long=4.0 box_short=3.0 box_aspect=1.333 skeleton_width=2.80 skeleton_range=2.00-4.00 skeleton_aspect=1.429 circularity=0.713
[CLEAN C1349] REJECT Scratch: area 8.5 < 20; long_side 4.0 < 10; skeleton_aspect 1.429 < 2.5
[CLEAN C1349] REJECT Pit: area 8.5 < 32
[CLEAN C1350] type=Rejected area=2.0 perimeter=6.0 bbox=(920,413,2,3) long=2.0 box_short=1.0 box_aspect=2.000 skeleton_width=2.00 skeleton_range=2.00-2.00 skeleton_aspect=1.000 circularity=0.698
[CLEAN C1350] REJECT Scratch: area 2.0 < 20; long_side 2.0 < 10; skeleton_aspect 1.000 < 2.5
[CLEAN C1350] REJECT Pit: area 2.0 < 32
[CLEAN C1351] type=Rejected area=21.5 perimeter=19.9 bbox=(684,410,7,7) long=8.5 box_short=3.5 box_aspect=2.400 skeleton_width=4.00 skeleton_range=2.00-4.39 skeleton_aspect=2.121 circularity=0.682
[CLEAN C1351] REJECT Scratch: long_side 8.5 < 10; skeleton_aspect 2.121 < 2.5
[CLEAN C1351] REJECT Pit: area 21.5 < 32
[CLEAN C1352] type=Rejected area=1.0 perimeter=4.0 bbox=(1106,409,2,2) long=1.0 box_short=1.0 box_aspect=1.000 skeleton_width=2.00 skeleton_range=2.00-2.00 skeleton_aspect=0.500 circularity=0.785
[CLEAN C1352] REJECT Scratch: area 1.0 < 20; long_side 1.0 < 10; skeleton_aspect 0.500 < 2.5
[CLEAN C1352] REJECT Pit: area 1.0 < 32
[CLEAN C1353] type=Rejected area=9.0 perimeter=14.8 bbox=(440,409,3,7) long=6.0 box_short=2.0 box_aspect=3.000 skeleton_width=2.00 skeleton_range=2.00-4.00 skeleton_aspect=3.000 circularity=0.514
[CLEAN C1353] REJECT Scratch: area 9.0 < 20; long_side 6.0 < 10
[CLEAN C1353] REJECT Pit: area 9.0 < 32; circularity 0.514 < 0.55
[CLEAN C1354] type=Rejected area=20.0 perimeter=19.7 bbox=(725,408,5,8) long=7.0 box_short=4.0 box_aspect=1.750 skeleton_width=2.80 skeleton_range=2.00-5.60 skeleton_aspect=2.500 circularity=0.650
[CLEAN C1354] REJECT Scratch: long_side 7.0 < 10
[CLEAN C1354] REJECT Pit: area 20.0 < 32
[CLEAN C1355] type=Scratch area=145.5 perimeter=67.2 bbox=(421,408,9,28) long=27.3 box_short=7.9 box_aspect=3.476 skeleton_width=6.00 skeleton_range=2.80-8.00 skeleton_aspect=4.554 circularity=0.405
[MEASURE C1355] Scratch width=0.172832 mm valid=False
[CLEAN C1356] type=Rejected area=1.0 perimeter=4.0 bbox=(1325,405,2,2) long=1.0 box_short=1.0 box_aspect=1.000 skeleton_width=2.00 skeleton_range=2.00-2.00 skeleton_aspect=0.500 circularity=0.785
[CLEAN C1356] REJECT Scratch: area 1.0 < 20; long_side 1.0 < 10; skeleton_aspect 0.500 < 2.5
[CLEAN C1356] REJECT Pit: area 1.0 < 32
[CLEAN C1357] type=Rejected area=1.0 perimeter=4.0 bbox=(1051,405,2,2) long=1.0 box_short=1.0 box_aspect=1.000 skeleton_width=2.00 skeleton_range=2.00-2.00 skeleton_aspect=0.500 circularity=0.785
[CLEAN C1357] REJECT Scratch: area 1.0 < 20; long_side 1.0 < 10; skeleton_aspect 0.500 < 2.5
[CLEAN C1357] REJECT Pit: area 1.0 < 32
[CLEAN C1358] type=Rejected area=1.0 perimeter=4.0 bbox=(1046,405,2,2) long=1.0 box_short=1.0 box_aspect=1.000 skeleton_width=2.00 skeleton_range=2.00-2.00 skeleton_aspect=0.500 circularity=0.785
[CLEAN C1358] REJECT Scratch: area 1.0 < 20; long_side 1.0 < 10; skeleton_aspect 0.500 < 2.5
[CLEAN C1358] REJECT Pit: area 1.0 < 32
[CLEAN C1359] type=Rejected area=16.0 perimeter=17.7 bbox=(632,405,4,8) long=7.0 box_short=3.0 box_aspect=2.333 skeleton_width=2.80 skeleton_range=2.00-4.00 skeleton_aspect=2.500 circularity=0.645
[CLEAN C1359] REJECT Scratch: area 16.0 < 20; long_side 7.0 < 10
[CLEAN C1359] REJECT Pit: area 16.0 < 32
[CLEAN C1360] type=Scratch area=62.5 perimeter=35.6 bbox=(451,403,10,13) long=14.9 box_short=6.9 box_aspect=2.175 skeleton_width=5.60 skeleton_range=2.00-7.19 skeleton_aspect=2.664 circularity=0.621
[MEASURE C1360] Scratch width=0.156231 mm valid=False
[CLEAN C1361] type=Rejected area=1.0 perimeter=4.0 bbox=(1271,402,2,2) long=1.0 box_short=1.0 box_aspect=1.000 skeleton_width=2.00 skeleton_range=2.00-2.00 skeleton_aspect=0.500 circularity=0.785
[CLEAN C1361] REJECT Scratch: area 1.0 < 20; long_side 1.0 < 10; skeleton_aspect 0.500 < 2.5
[CLEAN C1361] REJECT Pit: area 1.0 < 32
[CLEAN C1362] type=Rejected area=3.5 perimeter=7.4 bbox=(1258,401,3,3) long=2.0 box_short=2.0 box_aspect=1.000 skeleton_width=2.00 skeleton_range=2.00-2.80 skeleton_aspect=1.000 circularity=0.800
[CLEAN C1362] REJECT Scratch: area 3.5 < 20; long_side 2.0 < 10; skeleton_aspect 1.000 < 2.5
[CLEAN C1362] REJECT Pit: area 3.5 < 32
[CLEAN C1363] type=Rejected area=3.5 perimeter=7.4 bbox=(1193,401,3,3) long=2.0 box_short=2.0 box_aspect=1.000 skeleton_width=2.00 skeleton_range=2.00-2.80 skeleton_aspect=1.000 circularity=0.800
[CLEAN C1363] REJECT Scratch: area 3.5 < 20; long_side 2.0 < 10; skeleton_aspect 1.000 < 2.5
[CLEAN C1363] REJECT Pit: area 3.5 < 32
[CLEAN C1364] type=Rejected area=2.0 perimeter=6.0 bbox=(226,401,2,3) long=2.0 box_short=1.0 box_aspect=2.000 skeleton_width=2.00 skeleton_range=2.00-2.00 skeleton_aspect=1.000 circularity=0.698
[CLEAN C1364] REJECT Scratch: area 2.0 < 20; long_side 2.0 < 10; skeleton_aspect 1.000 < 2.5
[CLEAN C1364] REJECT Pit: area 2.0 < 32
[CLEAN C1365] type=Rejected area=1.0 perimeter=4.0 bbox=(439,400,2,2) long=1.0 box_short=1.0 box_aspect=1.000 skeleton_width=2.00 skeleton_range=2.00-2.00 skeleton_aspect=0.500 circularity=0.785
[CLEAN C1365] REJECT Scratch: area 1.0 < 20; long_side 1.0 < 10; skeleton_aspect 0.500 < 2.5
[CLEAN C1365] REJECT Pit: area 1.0 < 32
[CLEAN C1366] type=Rejected area=1.0 perimeter=4.0 bbox=(1221,398,2,2) long=1.0 box_short=1.0 box_aspect=1.000 skeleton_width=2.00 skeleton_range=2.00-2.00 skeleton_aspect=0.500 circularity=0.785
[CLEAN C1366] REJECT Scratch: area 1.0 < 20; long_side 1.0 < 10; skeleton_aspect 0.500 < 2.5
[CLEAN C1366] REJECT Pit: area 1.0 < 32
[CLEAN C1367] type=Rejected area=2.0 perimeter=6.0 bbox=(792,398,2,3) long=2.0 box_short=1.0 box_aspect=2.000 skeleton_width=2.00 skeleton_range=2.00-2.00 skeleton_aspect=1.000 circularity=0.698
[CLEAN C1367] REJECT Scratch: area 2.0 < 20; long_side 2.0 < 10; skeleton_aspect 1.000 < 2.5
[CLEAN C1367] REJECT Pit: area 2.0 < 32
[CLEAN C1368] type=Rejected area=7.5 perimeter=13.1 bbox=(1102,397,5,5) long=5.7 box_short=2.1 box_aspect=2.667 skeleton_width=2.40 skeleton_range=2.00-2.80 skeleton_aspect=2.357 circularity=0.552
[CLEAN C1368] REJECT Scratch: area 7.5 < 20; long_side 5.7 < 10; skeleton_aspect 2.357 < 2.5
[CLEAN C1368] REJECT Pit: area 7.5 < 32
[CLEAN C1369] type=Rejected area=20.0 perimeter=24.5 bbox=(1066,397,6,10) long=9.2 box_short=4.1 box_aspect=2.231 skeleton_width=2.80 skeleton_range=2.00-4.00 skeleton_aspect=3.275 circularity=0.419
[CLEAN C1369] REJECT Scratch: long_side 9.2 < 10
[CLEAN C1369] REJECT Pit: area 20.0 < 32; circularity 0.419 < 0.55
[CLEAN C1370] type=Rejected area=1.0 perimeter=4.0 bbox=(424,397,2,2) long=1.0 box_short=1.0 box_aspect=1.000 skeleton_width=2.00 skeleton_range=2.00-2.00 skeleton_aspect=0.500 circularity=0.785
[CLEAN C1370] REJECT Scratch: area 1.0 < 20; long_side 1.0 < 10; skeleton_aspect 0.500 < 2.5
[CLEAN C1370] REJECT Pit: area 1.0 < 32
[CLEAN C1371] type=Rejected area=3.0 perimeter=8.0 bbox=(68,396,2,4) long=3.0 box_short=1.0 box_aspect=3.000 skeleton_width=2.00 skeleton_range=2.00-2.00 skeleton_aspect=1.500 circularity=0.589
[CLEAN C1371] REJECT Scratch: area 3.0 < 20; long_side 3.0 < 10; skeleton_aspect 1.500 < 2.5
[CLEAN C1371] REJECT Pit: area 3.0 < 32
[CLEAN C1372] type=Rejected area=18.5 perimeter=19.1 bbox=(673,395,7,6) long=6.0 box_short=5.0 box_aspect=1.200 skeleton_width=2.80 skeleton_range=2.00-4.39 skeleton_aspect=2.143 circularity=0.639
[CLEAN C1372] REJECT Scratch: area 18.5 < 20; long_side 6.0 < 10; skeleton_aspect 2.143 < 2.5
[CLEAN C1372] REJECT Pit: area 18.5 < 32
[CLEAN C1373] type=Scratch area=48.5 perimeter=42.4 bbox=(79,394,13,13) long=15.9 box_short=6.5 box_aspect=2.446 skeleton_width=2.40 skeleton_range=2.00-6.00 skeleton_aspect=6.636 circularity=0.339
[MEASURE C1373] Scratch 不可测: 划痕最大宽度点超出中央有效测量区域
[CLEAN C1374] type=Pit area=63.0 perimeter=33.3 bbox=(709,390,9,12) long=11.0 box_short=8.0 box_aspect=1.375 skeleton_width=5.60 skeleton_range=2.00-8.00 skeleton_aspect=1.964 circularity=0.713
[MEASURE C1374] Pit diameter=0.288771 mm valid=True
Pit: area = 63.0 diameter_mm = 0.288771390914917 circularity = 0.713352945956878
[CLEAN C1375] type=Scratch area=171.5 perimeter=71.2 bbox=(508,388,12,30) long=29.3 box_short=10.5 box_aspect=2.802 skeleton_width=6.00 skeleton_range=2.00-9.99 skeleton_aspect=4.886 circularity=0.425
[MEASURE C1375] Scratch width=0.256445 mm valid=True
Scratch: area = 171.5 width_px = 6.0 width_mm = 0.2564454169560964 ratio = 4.885842641194661
[CLEAN C1376] type=Rejected area=6.0 perimeter=14.0 bbox=(443,388,2,7) long=6.0 box_short=1.0 box_aspect=6.000 skeleton_width=2.00 skeleton_range=2.00-2.00 skeleton_aspect=3.000 circularity=0.385
[CLEAN C1376] REJECT Scratch: area 6.0 < 20; long_side 6.0 < 10
[CLEAN C1376] REJECT Pit: area 6.0 < 32; circularity 0.385 < 0.55; aspect_ratio 6.000 > 5.0
[CLEAN C1377] type=Rejected area=7.0 perimeter=10.8 bbox=(404,388,4,4) long=3.0 box_short=3.0 box_aspect=1.000 skeleton_width=2.40 skeleton_range=2.00-4.00 skeleton_aspect=1.250 circularity=0.750
[CLEAN C1377] REJECT Scratch: area 7.0 < 20; long_side 3.0 < 10; skeleton_aspect 1.250 < 2.5
[CLEAN C1377] REJECT Pit: area 7.0 < 32
[CLEAN C1378] type=Rejected area=3.0 perimeter=8.8 bbox=(382,387,3,4) long=3.6 box_short=1.3 box_aspect=2.667 skeleton_width=2.00 skeleton_range=2.00-2.00 skeleton_aspect=1.789 circularity=0.484
[CLEAN C1378] REJECT Scratch: area 3.0 < 20; long_side 3.6 < 10; skeleton_aspect 1.789 < 2.5
[CLEAN C1378] REJECT Pit: area 3.0 < 32; circularity 0.484 < 0.55
[CLEAN C1379] type=Rejected area=1.0 perimeter=4.0 bbox=(669,384,2,2) long=1.0 box_short=1.0 box_aspect=1.000 skeleton_width=2.00 skeleton_range=2.00-2.00 skeleton_aspect=0.500 circularity=0.785
[CLEAN C1379] REJECT Scratch: area 1.0 < 20; long_side 1.0 < 10; skeleton_aspect 0.500 < 2.5
[CLEAN C1379] REJECT Pit: area 1.0 < 32
[CLEAN C1380] type=Rejected area=5.5 perimeter=9.4 bbox=(1290,382,3,4) long=3.0 box_short=2.0 box_aspect=1.500 skeleton_width=2.00 skeleton_range=2.00-4.00 skeleton_aspect=1.500 circularity=0.780
[CLEAN C1380] REJECT Scratch: area 5.5 < 20; long_side 3.0 < 10; skeleton_aspect 1.500 < 2.5
[CLEAN C1380] REJECT Pit: area 5.5 < 32
[CLEAN C1381] type=Rejected area=11.0 perimeter=13.7 bbox=(1247,382,5,5) long=5.7 box_short=2.8 box_aspect=2.000 skeleton_width=2.80 skeleton_range=2.00-4.00 skeleton_aspect=2.020 circularity=0.741
[CLEAN C1381] REJECT Scratch: area 11.0 < 20; long_side 5.7 < 10; skeleton_aspect 2.020 < 2.5
[CLEAN C1381] REJECT Pit: area 11.0 < 32
[CLEAN C1382] type=Rejected area=4.5 perimeter=9.4 bbox=(684,380,3,4) long=3.0 box_short=2.0 box_aspect=1.500 skeleton_width=2.00 skeleton_range=2.00-2.80 skeleton_aspect=1.500 circularity=0.638
[CLEAN C1382] REJECT Scratch: area 4.5 < 20; long_side 3.0 < 10; skeleton_aspect 1.500 < 2.5
[CLEAN C1382] REJECT Pit: area 4.5 < 32
[CLEAN C1383] type=Rejected area=1.0 perimeter=4.0 bbox=(369,380,2,2) long=1.0 box_short=1.0 box_aspect=1.000 skeleton_width=2.00 skeleton_range=2.00-2.00 skeleton_aspect=0.500 circularity=0.785
[CLEAN C1383] REJECT Scratch: area 1.0 < 20; long_side 1.0 < 10; skeleton_aspect 0.500 < 2.5
[CLEAN C1383] REJECT Pit: area 1.0 < 32
[CLEAN C1384] type=Rejected area=2.0 perimeter=6.0 bbox=(125,380,2,3) long=2.0 box_short=1.0 box_aspect=2.000 skeleton_width=2.00 skeleton_range=2.00-2.00 skeleton_aspect=1.000 circularity=0.698
[CLEAN C1384] REJECT Scratch: area 2.0 < 20; long_side 2.0 < 10; skeleton_aspect 1.000 < 2.5
[CLEAN C1384] REJECT Pit: area 2.0 < 32
[CLEAN C1385] type=Rejected area=1.0 perimeter=4.0 bbox=(1237,377,2,2) long=1.0 box_short=1.0 box_aspect=1.000 skeleton_width=2.00 skeleton_range=2.00-2.00 skeleton_aspect=0.500 circularity=0.785
[CLEAN C1385] REJECT Scratch: area 1.0 < 20; long_side 1.0 < 10; skeleton_aspect 0.500 < 2.5
[CLEAN C1385] REJECT Pit: area 1.0 < 32
[CLEAN C1386] type=Rejected area=4.0 perimeter=8.0 bbox=(730,377,3,3) long=2.0 box_short=2.0 box_aspect=1.000 skeleton_width=2.00 skeleton_range=2.00-4.00 skeleton_aspect=1.000 circularity=0.785
[CLEAN C1386] REJECT Scratch: area 4.0 < 20; long_side 2.0 < 10; skeleton_aspect 1.000 < 2.5
[CLEAN C1386] REJECT Pit: area 4.0 < 32
[CLEAN C1387] type=Rejected area=17.5 perimeter=23.9 bbox=(1267,375,10,6) long=10.3 box_short=3.1 box_aspect=3.286 skeleton_width=2.80 skeleton_range=2.00-4.00 skeleton_aspect=3.674 circularity=0.385
[CLEAN C1387] REJECT Scratch: area 17.5 < 20
[CLEAN C1387] REJECT Pit: area 17.5 < 32; circularity 0.385 < 0.55
[CLEAN C1388] type=Scratch area=111.5 perimeter=69.7 bbox=(75,375,20,17) long=17.2 box_short=15.8 box_aspect=1.085 skeleton_width=4.00 skeleton_range=2.00-6.39 skeleton_aspect=4.293 circularity=0.288
[MEASURE C1388] Scratch 不可测: 划痕最大宽度点超出中央有效测量区域
[CLEAN C1389] type=Rejected area=2.0 perimeter=6.0 bbox=(423,374,2,3) long=2.0 box_short=1.0 box_aspect=2.000 skeleton_width=2.00 skeleton_range=2.00-2.00 skeleton_aspect=1.000 circularity=0.698
[CLEAN C1389] REJECT Scratch: area 2.0 < 20; long_side 2.0 < 10; skeleton_aspect 1.000 < 2.5
[CLEAN C1389] REJECT Pit: area 2.0 < 32
[CLEAN C1390] type=Scratch area=146.5 perimeter=143.7 bbox=(40,373,12,67) long=66.5 box_short=5.6 box_aspect=11.804 skeleton_width=4.00 skeleton_range=2.00-5.60 skeleton_aspect=16.620 circularity=0.089
[MEASURE C1390] Scratch 不可测: 划痕最大宽度点超出中央有效测量区域
[CLEAN C1391] type=Rejected area=9.5 perimeter=13.4 bbox=(1255,370,5,4) long=4.0 box_short=3.0 box_aspect=1.333 skeleton_width=2.40 skeleton_range=2.00-4.00 skeleton_aspect=1.667 circularity=0.663
[CLEAN C1391] REJECT Scratch: area 9.5 < 20; long_side 4.0 < 10; skeleton_aspect 1.667 < 2.5
[CLEAN C1391] REJECT Pit: area 9.5 < 32
[CLEAN C1392] type=Rejected area=3.0 perimeter=6.8 bbox=(379,369,3,3) long=2.8 box_short=1.4 box_aspect=2.000 skeleton_width=2.00 skeleton_range=2.00-2.80 skeleton_aspect=1.414 circularity=0.809
[CLEAN C1392] REJECT Scratch: area 3.0 < 20; long_side 2.8 < 10; skeleton_aspect 1.414 < 2.5
[CLEAN C1392] REJECT Pit: area 3.0 < 32
[CLEAN C1393] type=Scratch area=55.0 perimeter=37.8 bbox=(677,367,11,14) long=15.8 box_short=6.0 box_aspect=2.633 skeleton_width=3.40 skeleton_range=2.00-6.39 skeleton_aspect=4.647 circularity=0.484
[MEASURE C1393] Scratch width=0.138276 mm valid=False
[CLEAN C1394] type=Rejected area=14.5 perimeter=17.1 bbox=(671,366,6,6) long=5.0 box_short=5.0 box_aspect=1.000 skeleton_width=2.80 skeleton_range=2.00-4.00 skeleton_aspect=1.786 circularity=0.625
[CLEAN C1394] REJECT Scratch: area 14.5 < 20; long_side 5.0 < 10; skeleton_aspect 1.786 < 2.5
[CLEAN C1394] REJECT Pit: area 14.5 < 32
[CLEAN C1395] type=Rejected area=1.0 perimeter=4.0 bbox=(919,365,2,2) long=1.0 box_short=1.0 box_aspect=1.000 skeleton_width=2.00 skeleton_range=2.00-2.00 skeleton_aspect=0.500 circularity=0.785
[CLEAN C1395] REJECT Scratch: area 1.0 < 20; long_side 1.0 < 10; skeleton_aspect 0.500 < 2.5
[CLEAN C1395] REJECT Pit: area 1.0 < 32
[CLEAN C1396] type=Rejected area=1.0 perimeter=4.0 bbox=(680,364,2,2) long=1.0 box_short=1.0 box_aspect=1.000 skeleton_width=2.00 skeleton_range=2.00-2.00 skeleton_aspect=0.500 circularity=0.785
[CLEAN C1396] REJECT Scratch: area 1.0 < 20; long_side 1.0 < 10; skeleton_aspect 0.500 < 2.5
[CLEAN C1396] REJECT Pit: area 1.0 < 32
[CLEAN C1397] type=Rejected area=1.0 perimeter=4.0 bbox=(1273,363,2,2) long=1.0 box_short=1.0 box_aspect=1.000 skeleton_width=2.00 skeleton_range=2.00-2.00 skeleton_aspect=0.500 circularity=0.785
[CLEAN C1397] REJECT Scratch: area 1.0 < 20; long_side 1.0 < 10; skeleton_aspect 0.500 < 2.5
[CLEAN C1397] REJECT Pit: area 1.0 < 32
[CLEAN C1398] type=Rejected area=1.0 perimeter=4.0 bbox=(1215,363,2,2) long=1.0 box_short=1.0 box_aspect=1.000 skeleton_width=2.00 skeleton_range=2.00-2.00 skeleton_aspect=0.500 circularity=0.785
[CLEAN C1398] REJECT Scratch: area 1.0 < 20; long_side 1.0 < 10; skeleton_aspect 0.500 < 2.5
[CLEAN C1398] REJECT Pit: area 1.0 < 32
[CLEAN C1399] type=Rejected area=5.0 perimeter=9.7 bbox=(588,363,4,4) long=4.2 box_short=1.4 box_aspect=3.000 skeleton_width=2.40 skeleton_range=2.00-2.80 skeleton_aspect=1.768 circularity=0.674
[CLEAN C1399] REJECT Scratch: area 5.0 < 20; long_side 4.2 < 10; skeleton_aspect 1.768 < 2.5
[CLEAN C1399] REJECT Pit: area 5.0 < 32
[CLEAN C1400] type=Rejected area=13.5 perimeter=19.1 bbox=(408,362,5,8) long=7.1 box_short=3.5 box_aspect=2.000 skeleton_width=2.80 skeleton_range=2.00-4.00 skeleton_aspect=2.521 circularity=0.466
[CLEAN C1400] REJECT Scratch: area 13.5 < 20; long_side 7.1 < 10
[CLEAN C1400] REJECT Pit: area 13.5 < 32; circularity 0.466 < 0.55
[CLEAN C1401] type=Rejected area=4.0 perimeter=8.8 bbox=(66,361,3,4) long=3.0 box_short=2.0 box_aspect=1.500 skeleton_width=2.00 skeleton_range=2.00-2.80 skeleton_aspect=1.500 circularity=0.645
[CLEAN C1401] REJECT Scratch: area 4.0 < 20; long_side 3.0 < 10; skeleton_aspect 1.500 < 2.5
[CLEAN C1401] REJECT Pit: area 4.0 < 32
[CLEAN C1402] type=Rejected area=1.0 perimeter=4.0 bbox=(1154,360,2,2) long=1.0 box_short=1.0 box_aspect=1.000 skeleton_width=2.00 skeleton_range=2.00-2.00 skeleton_aspect=0.500 circularity=0.785
[CLEAN C1402] REJECT Scratch: area 1.0 < 20; long_side 1.0 < 10; skeleton_aspect 0.500 < 2.5
[CLEAN C1402] REJECT Pit: area 1.0 < 32
[CLEAN C1403] type=Scratch area=159.0 perimeter=81.0 bbox=(432,359,8,36) long=35.1 box_short=6.9 box_aspect=5.079 skeleton_width=5.60 skeleton_range=2.00-7.19 skeleton_aspect=6.260 circularity=0.305
[MEASURE C1403] Scratch width=0.171622 mm valid=False
[CLEAN C1404] type=Rejected area=4.0 perimeter=8.8 bbox=(703,357,4,3) long=3.0 box_short=2.0 box_aspect=1.500 skeleton_width=2.00 skeleton_range=2.00-2.80 skeleton_aspect=1.500 circularity=0.645
[CLEAN C1404] REJECT Scratch: area 4.0 < 20; long_side 3.0 < 10; skeleton_aspect 1.500 < 2.5
[CLEAN C1404] REJECT Pit: area 4.0 < 32
[CLEAN C1405] type=Scratch area=46.5 perimeter=31.9 bbox=(481,357,7,13) long=12.0 box_short=6.0 box_aspect=2.000 skeleton_width=4.00 skeleton_range=2.00-6.39 skeleton_aspect=3.000 circularity=0.574
[MEASURE C1405] Scratch width=0.155818 mm valid=False
[CLEAN C1406] type=Rejected area=2.0 perimeter=6.0 bbox=(406,357,2,3) long=2.0 box_short=1.0 box_aspect=2.000 skeleton_width=2.00 skeleton_range=2.00-2.00 skeleton_aspect=1.000 circularity=0.698
[CLEAN C1406] REJECT Scratch: area 2.0 < 20; long_side 2.0 < 10; skeleton_aspect 1.000 < 2.5
[CLEAN C1406] REJECT Pit: area 2.0 < 32
[CLEAN C1407] type=Scratch area=47.0 perimeter=31.3 bbox=(75,357,8,12) long=11.6 box_short=6.5 box_aspect=1.788 skeleton_width=4.39 skeleton_range=2.00-6.00 skeleton_aspect=2.633 circularity=0.602
[MEASURE C1407] Scratch 不可测: 划痕最大宽度点超出中央有效测量区域
[CLEAN C1408] type=Rejected area=4.5 perimeter=9.4 bbox=(1290,356,3,4) long=3.0 box_short=2.0 box_aspect=1.500 skeleton_width=2.00 skeleton_range=2.00-2.80 skeleton_aspect=1.500 circularity=0.638
[CLEAN C1408] REJECT Scratch: area 4.5 < 20; long_side 3.0 < 10; skeleton_aspect 1.500 < 2.5
[CLEAN C1408] REJECT Pit: area 4.5 < 32
[CLEAN C1409] type=Rejected area=1.0 perimeter=4.0 bbox=(1187,356,2,2) long=1.0 box_short=1.0 box_aspect=1.000 skeleton_width=2.00 skeleton_range=2.00-2.00 skeleton_aspect=0.500 circularity=0.785
[CLEAN C1409] REJECT Scratch: area 1.0 < 20; long_side 1.0 < 10; skeleton_aspect 0.500 < 2.5
[CLEAN C1409] REJECT Pit: area 1.0 < 32
[CLEAN C1410] type=Rejected area=3.0 perimeter=6.8 bbox=(250,354,3,3) long=2.8 box_short=1.4 box_aspect=2.000 skeleton_width=2.00 skeleton_range=2.00-2.80 skeleton_aspect=1.414 circularity=0.809
[CLEAN C1410] REJECT Scratch: area 3.0 < 20; long_side 2.8 < 10; skeleton_aspect 1.414 < 2.5
[CLEAN C1410] REJECT Pit: area 3.0 < 32
[CLEAN C1411] type=Rejected area=1.0 perimeter=4.0 bbox=(70,353,2,2) long=1.0 box_short=1.0 box_aspect=1.000 skeleton_width=2.00 skeleton_range=2.00-2.00 skeleton_aspect=0.500 circularity=0.785
[CLEAN C1411] REJECT Scratch: area 1.0 < 20; long_side 1.0 < 10; skeleton_aspect 0.500 < 2.5
[CLEAN C1411] REJECT Pit: area 1.0 < 32
[CLEAN C1412] type=Rejected area=4.0 perimeter=10.0 bbox=(400,352,2,5) long=4.0 box_short=1.0 box_aspect=4.000 skeleton_width=2.00 skeleton_range=2.00-2.00 skeleton_aspect=2.000 circularity=0.503
[CLEAN C1412] REJECT Scratch: area 4.0 < 20; long_side 4.0 < 10; skeleton_aspect 2.000 < 2.5
[CLEAN C1412] REJECT Pit: area 4.0 < 32; circularity 0.503 < 0.55
[CLEAN C1413] type=Rejected area=1.0 perimeter=4.0 bbox=(950,351,2,2) long=1.0 box_short=1.0 box_aspect=1.000 skeleton_width=2.00 skeleton_range=2.00-2.00 skeleton_aspect=0.500 circularity=0.785
[CLEAN C1413] REJECT Scratch: area 1.0 < 20; long_side 1.0 < 10; skeleton_aspect 0.500 < 2.5
[CLEAN C1413] REJECT Pit: area 1.0 < 32
[CLEAN C1414] type=Pit area=39.0 perimeter=25.7 bbox=(419,350,6,10) long=9.0 box_short=5.0 box_aspect=1.800 skeleton_width=5.60 skeleton_range=2.00-6.00 skeleton_aspect=1.607 circularity=0.745
[MEASURE C1414] Pit diameter=0.222638 mm valid=False
[CLEAN C1415] type=Rejected area=1.0 perimeter=4.0 bbox=(1169,349,2,2) long=1.0 box_short=1.0 box_aspect=1.000 skeleton_width=2.00 skeleton_range=2.00-2.00 skeleton_aspect=0.500 circularity=0.785
[CLEAN C1415] REJECT Scratch: area 1.0 < 20; long_side 1.0 < 10; skeleton_aspect 0.500 < 2.5
[CLEAN C1415] REJECT Pit: area 1.0 < 32
[CLEAN C1416] type=Rejected area=7.5 perimeter=10.2 bbox=(1253,348,4,4) long=3.0 box_short=3.0 box_aspect=1.000 skeleton_width=2.80 skeleton_range=2.00-4.00 skeleton_aspect=1.071 circularity=0.898
[CLEAN C1416] REJECT Scratch: area 7.5 < 20; long_side 3.0 < 10; skeleton_aspect 1.071 < 2.5
[CLEAN C1416] REJECT Pit: area 7.5 < 32
[CLEAN C1417] type=Rejected area=13.5 perimeter=19.1 bbox=(64,347,4,8) long=7.0 box_short=3.0 box_aspect=2.333 skeleton_width=2.80 skeleton_range=2.00-4.00 skeleton_aspect=2.500 circularity=0.466
[CLEAN C1417] REJECT Scratch: area 13.5 < 20; long_side 7.0 < 10
[CLEAN C1417] REJECT Pit: area 13.5 < 32; circularity 0.466 < 0.55
[CLEAN C1418] type=Rejected area=10.5 perimeter=20.2 bbox=(1004,346,7,6) long=7.4 box_short=3.5 box_aspect=2.105 skeleton_width=2.00 skeleton_range=2.00-4.00 skeleton_aspect=3.714 circularity=0.322
[CLEAN C1418] REJECT Scratch: area 10.5 < 20; long_side 7.4 < 10
[CLEAN C1418] REJECT Pit: area 10.5 < 32; circularity 0.322 < 0.55
[CLEAN C1419] type=Rejected area=8.0 perimeter=14.8 bbox=(437,346,3,7) long=6.0 box_short=2.0 box_aspect=3.000 skeleton_width=2.00 skeleton_range=2.00-2.80 skeleton_aspect=3.000 circularity=0.457
[CLEAN C1419] REJECT Scratch: area 8.0 < 20; long_side 6.0 < 10
[CLEAN C1419] REJECT Pit: area 8.0 < 32; circularity 0.457 < 0.55
[CLEAN C1420] type=Rejected area=3.0 perimeter=8.0 bbox=(413,346,2,4) long=3.0 box_short=1.0 box_aspect=3.000 skeleton_width=2.00 skeleton_range=2.00-2.00 skeleton_aspect=1.500 circularity=0.589
[CLEAN C1420] REJECT Scratch: area 3.0 < 20; long_side 3.0 < 10; skeleton_aspect 1.500 < 2.5
[CLEAN C1420] REJECT Pit: area 3.0 < 32
[CLEAN C1421] type=Rejected area=1.0 perimeter=4.0 bbox=(394,345,2,2) long=1.0 box_short=1.0 box_aspect=1.000 skeleton_width=2.00 skeleton_range=2.00-2.00 skeleton_aspect=0.500 circularity=0.785
[CLEAN C1421] REJECT Scratch: area 1.0 < 20; long_side 1.0 < 10; skeleton_aspect 0.500 < 2.5
[CLEAN C1421] REJECT Pit: area 1.0 < 32
[CLEAN C1422] type=Rejected area=1.0 perimeter=4.0 bbox=(1120,343,2,2) long=1.0 box_short=1.0 box_aspect=1.000 skeleton_width=2.00 skeleton_range=2.00-2.00 skeleton_aspect=0.500 circularity=0.785
[CLEAN C1422] REJECT Scratch: area 1.0 < 20; long_side 1.0 < 10; skeleton_aspect 0.500 < 2.5
[CLEAN C1422] REJECT Pit: area 1.0 < 32
[CLEAN C1423] type=Rejected area=2.0 perimeter=6.0 bbox=(1254,342,2,3) long=2.0 box_short=1.0 box_aspect=2.000 skeleton_width=2.00 skeleton_range=2.00-2.00 skeleton_aspect=1.000 circularity=0.698
[CLEAN C1423] REJECT Scratch: area 2.0 < 20; long_side 2.0 < 10; skeleton_aspect 1.000 < 2.5
[CLEAN C1423] REJECT Pit: area 2.0 < 32
[CLEAN C1424] type=Rejected area=13.0 perimeter=16.5 bbox=(626,342,5,7) long=6.7 box_short=3.1 box_aspect=2.182 skeleton_width=2.80 skeleton_range=2.00-4.00 skeleton_aspect=2.377 circularity=0.601
[CLEAN C1424] REJECT Scratch: area 13.0 < 20; long_side 6.7 < 10; skeleton_aspect 2.377 < 2.5
[CLEAN C1424] REJECT Pit: area 13.0 < 32
[CLEAN C1425] type=Rejected area=15.5 perimeter=27.1 bbox=(1319,338,4,12) long=11.0 box_short=3.0 box_aspect=3.667 skeleton_width=2.00 skeleton_range=2.00-4.00 skeleton_aspect=5.500 circularity=0.266
[CLEAN C1425] REJECT Scratch: area 15.5 < 20
[CLEAN C1425] REJECT Pit: area 15.5 < 32; circularity 0.266 < 0.55
[CLEAN C1426] type=Rejected area=1.0 perimeter=4.0 bbox=(1238,338,2,2) long=1.0 box_short=1.0 box_aspect=1.000 skeleton_width=2.00 skeleton_range=2.00-2.00 skeleton_aspect=0.500 circularity=0.785
[CLEAN C1426] REJECT Scratch: area 1.0 < 20; long_side 1.0 < 10; skeleton_aspect 0.500 < 2.5
[CLEAN C1426] REJECT Pit: area 1.0 < 32
[CLEAN C1427] type=Rejected area=5.0 perimeter=8.8 bbox=(413,337,3,4) long=3.0 box_short=2.0 box_aspect=1.500 skeleton_width=2.40 skeleton_range=2.00-2.80 skeleton_aspect=1.250 circularity=0.806
[CLEAN C1427] REJECT Scratch: area 5.0 < 20; long_side 3.0 < 10; skeleton_aspect 1.250 < 2.5
[CLEAN C1427] REJECT Pit: area 5.0 < 32
[CLEAN C1428] type=Rejected area=15.0 perimeter=24.8 bbox=(425,336,3,12) long=11.0 box_short=2.0 box_aspect=5.500 skeleton_width=2.00 skeleton_range=2.00-4.00 skeleton_aspect=5.500 circularity=0.306
[CLEAN C1428] REJECT Scratch: area 15.0 < 20
[CLEAN C1428] REJECT Pit: area 15.0 < 32; circularity 0.306 < 0.55; aspect_ratio 5.500 > 5.0
[CLEAN C1429] type=Rejected area=5.5 perimeter=14.2 bbox=(437,335,4,6) long=5.3 box_short=2.4 box_aspect=2.200 skeleton_width=2.00 skeleton_range=2.00-2.80 skeleton_aspect=2.668 circularity=0.341
[CLEAN C1429] REJECT Scratch: area 5.5 < 20; long_side 5.3 < 10
[CLEAN C1429] REJECT Pit: area 5.5 < 32; circularity 0.341 < 0.55
[CLEAN C1430] type=Scratch area=135.0 perimeter=89.0 bbox=(28,335,10,40) long=39.6 box_short=6.3 box_aspect=6.255 skeleton_width=4.00 skeleton_range=2.00-7.19 skeleton_aspect=9.892 circularity=0.214
[MEASURE C1430] Scratch 不可测: 划痕最大宽度点超出中央有效测量区域
[CLEAN C1431] type=Rejected area=1.0 perimeter=4.0 bbox=(1313,334,2,2) long=1.0 box_short=1.0 box_aspect=1.000 skeleton_width=2.00 skeleton_range=2.00-2.00 skeleton_aspect=0.500 circularity=0.785
[CLEAN C1431] REJECT Scratch: area 1.0 < 20; long_side 1.0 < 10; skeleton_aspect 0.500 < 2.5
[CLEAN C1431] REJECT Pit: area 1.0 < 32
[CLEAN C1432] type=Scratch area=133.0 perimeter=64.6 bbox=(719,334,10,27) long=26.0 box_short=9.0 box_aspect=2.889 skeleton_width=5.60 skeleton_range=2.00-8.00 skeleton_aspect=4.643 circularity=0.400
[MEASURE C1432] Scratch width=0.182927 mm valid=False
[CLEAN C1433] type=Rejected area=1.0 perimeter=4.0 bbox=(116,332,2,2) long=1.0 box_short=1.0 box_aspect=1.000 skeleton_width=2.00 skeleton_range=2.00-2.00 skeleton_aspect=0.500 circularity=0.785
[CLEAN C1433] REJECT Scratch: area 1.0 < 20; long_side 1.0 < 10; skeleton_aspect 0.500 < 2.5
[CLEAN C1433] REJECT Pit: area 1.0 < 32
[CLEAN C1434] type=Rejected area=4.0 perimeter=10.0 bbox=(1217,331,2,5) long=4.0 box_short=1.0 box_aspect=4.000 skeleton_width=2.00 skeleton_range=2.00-2.00 skeleton_aspect=2.000 circularity=0.503
[CLEAN C1434] REJECT Scratch: area 4.0 < 20; long_side 4.0 < 10; skeleton_aspect 2.000 < 2.5
[CLEAN C1434] REJECT Pit: area 4.0 < 32; circularity 0.503 < 0.55
[CLEAN C1435] type=Rejected area=2.0 perimeter=6.0 bbox=(414,330,2,3) long=2.0 box_short=1.0 box_aspect=2.000 skeleton_width=2.00 skeleton_range=2.00-2.00 skeleton_aspect=1.000 circularity=0.698
[CLEAN C1435] REJECT Scratch: area 2.0 < 20; long_side 2.0 < 10; skeleton_aspect 1.000 < 2.5
[CLEAN C1435] REJECT Pit: area 2.0 < 32
[CLEAN C1436] type=Rejected area=1.0 perimeter=4.0 bbox=(1130,328,2,2) long=1.0 box_short=1.0 box_aspect=1.000 skeleton_width=2.00 skeleton_range=2.00-2.00 skeleton_aspect=0.500 circularity=0.785
[CLEAN C1436] REJECT Scratch: area 1.0 < 20; long_side 1.0 < 10; skeleton_aspect 0.500 < 2.5
[CLEAN C1436] REJECT Pit: area 1.0 < 32
[CLEAN C1437] type=Scratch area=21.0 perimeter=23.7 bbox=(1289,326,4,11) long=10.0 box_short=3.0 box_aspect=3.333 skeleton_width=4.00 skeleton_range=2.00-4.00 skeleton_aspect=2.500 circularity=0.472
[MEASURE C1437] Scratch 不可测: 划痕最大宽度点超出中央有效测量区域
[CLEAN C1438] type=Rejected area=1.0 perimeter=4.0 bbox=(760,326,2,2) long=1.0 box_short=1.0 box_aspect=1.000 skeleton_width=2.00 skeleton_range=2.00-2.00 skeleton_aspect=0.500 circularity=0.785
[CLEAN C1438] REJECT Scratch: area 1.0 < 20; long_side 1.0 < 10; skeleton_aspect 0.500 < 2.5
[CLEAN C1438] REJECT Pit: area 1.0 < 32
[CLEAN C1439] type=Rejected area=1.0 perimeter=4.0 bbox=(1315,325,2,2) long=1.0 box_short=1.0 box_aspect=1.000 skeleton_width=2.00 skeleton_range=2.00-2.00 skeleton_aspect=0.500 circularity=0.785
[CLEAN C1439] REJECT Scratch: area 1.0 < 20; long_side 1.0 < 10; skeleton_aspect 0.500 < 2.5
[CLEAN C1439] REJECT Pit: area 1.0 < 32
[CLEAN C1440] type=Rejected area=16.0 perimeter=17.7 bbox=(663,325,6,6) long=5.0 box_short=5.0 box_aspect=1.000 skeleton_width=2.80 skeleton_range=2.00-4.00 skeleton_aspect=1.786 circularity=0.645
[CLEAN C1440] REJECT Scratch: area 16.0 < 20; long_side 5.0 < 10; skeleton_aspect 1.786 < 2.5
[CLEAN C1440] REJECT Pit: area 16.0 < 32
[CLEAN C1441] type=Scratch area=29.0 perimeter=30.5 bbox=(395,325,7,12) long=12.3 box_short=3.9 box_aspect=3.122 skeleton_width=2.80 skeleton_range=2.00-4.00 skeleton_aspect=4.379 circularity=0.392
[MEASURE C1441] Scratch width=0.102084 mm valid=False
[CLEAN C1442] type=Rejected area=3.5 perimeter=7.4 bbox=(412,323,3,3) long=2.0 box_short=2.0 box_aspect=1.000 skeleton_width=2.00 skeleton_range=2.00-2.80 skeleton_aspect=1.000 circularity=0.800
[CLEAN C1442] REJECT Scratch: area 3.5 < 20; long_side 2.0 < 10; skeleton_aspect 1.000 < 2.5
[CLEAN C1442] REJECT Pit: area 3.5 < 32
[CLEAN C1443] type=Rejected area=1.0 perimeter=4.0 bbox=(1255,322,2,2) long=1.0 box_short=1.0 box_aspect=1.000 skeleton_width=2.00 skeleton_range=2.00-2.00 skeleton_aspect=0.500 circularity=0.785
[CLEAN C1443] REJECT Scratch: area 1.0 < 20; long_side 1.0 < 10; skeleton_aspect 0.500 < 2.5
[CLEAN C1443] REJECT Pit: area 1.0 < 32
[CLEAN C1444] type=Rejected area=5.5 perimeter=9.4 bbox=(453,322,3,4) long=3.0 box_short=2.0 box_aspect=1.500 skeleton_width=2.00 skeleton_range=2.00-4.00 skeleton_aspect=1.500 circularity=0.780
[CLEAN C1444] REJECT Scratch: area 5.5 < 20; long_side 3.0 < 10; skeleton_aspect 1.500 < 2.5
[CLEAN C1444] REJECT Pit: area 5.5 < 32
[CLEAN C1445] type=Rejected area=4.0 perimeter=8.8 bbox=(404,322,4,3) long=3.0 box_short=2.0 box_aspect=1.500 skeleton_width=2.00 skeleton_range=2.00-2.80 skeleton_aspect=1.500 circularity=0.645
[CLEAN C1445] REJECT Scratch: area 4.0 < 20; long_side 3.0 < 10; skeleton_aspect 1.500 < 2.5
[CLEAN C1445] REJECT Pit: area 4.0 < 32
[CLEAN C1446] type=Rejected area=19.0 perimeter=17.7 bbox=(1214,321,5,7) long=6.0 box_short=4.0 box_aspect=1.500 skeleton_width=2.80 skeleton_range=2.00-5.60 skeleton_aspect=2.143 circularity=0.766
[CLEAN C1446] REJECT Scratch: area 19.0 < 20; long_side 6.0 < 10; skeleton_aspect 2.143 < 2.5
[CLEAN C1446] REJECT Pit: area 19.0 < 32
[CLEAN C1447] type=Rejected area=15.5 perimeter=17.1 bbox=(472,321,6,6) long=5.3 box_short=4.6 box_aspect=1.158 skeleton_width=2.80 skeleton_range=2.00-4.39 skeleton_aspect=1.906 circularity=0.668
[CLEAN C1447] REJECT Scratch: area 15.5 < 20; long_side 5.3 < 10; skeleton_aspect 1.906 < 2.5
[CLEAN C1447] REJECT Pit: area 15.5 < 32
[CLEAN C1448] type=Scratch area=96.5 perimeter=53.2 bbox=(56,319,11,21) long=21.4 box_short=7.4 box_aspect=2.905 skeleton_width=5.00 skeleton_range=2.00-6.39 skeleton_aspect=4.283 circularity=0.428
[MEASURE C1448] Scratch 不可测: 划痕最大宽度点超出中央有效测量区域
[CLEAN C1449] type=Rejected area=21.0 perimeter=21.7 bbox=(540,318,9,5) long=8.0 box_short=4.0 box_aspect=2.000 skeleton_width=2.80 skeleton_range=2.00-4.39 skeleton_aspect=2.857 circularity=0.563
[CLEAN C1449] REJECT Scratch: long_side 8.0 < 10
[CLEAN C1449] REJECT Pit: area 21.0 < 32
[CLEAN C1450] type=Rejected area=1.0 perimeter=4.0 bbox=(1271,317,2,2) long=1.0 box_short=1.0 box_aspect=1.000 skeleton_width=2.00 skeleton_range=2.00-2.00 skeleton_aspect=0.500 circularity=0.785
[CLEAN C1450] REJECT Scratch: area 1.0 < 20; long_side 1.0 < 10; skeleton_aspect 0.500 < 2.5
[CLEAN C1450] REJECT Pit: area 1.0 < 32
[CLEAN C1451] type=Rejected area=1.0 perimeter=4.0 bbox=(1004,317,2,2) long=1.0 box_short=1.0 box_aspect=1.000 skeleton_width=2.00 skeleton_range=2.00-2.00 skeleton_aspect=0.500 circularity=0.785
[CLEAN C1451] REJECT Scratch: area 1.0 < 20; long_side 1.0 < 10; skeleton_aspect 0.500 < 2.5
[CLEAN C1451] REJECT Pit: area 1.0 < 32
[CLEAN C1452] type=Rejected area=2.0 perimeter=6.0 bbox=(381,317,2,3) long=2.0 box_short=1.0 box_aspect=2.000 skeleton_width=2.00 skeleton_range=2.00-2.00 skeleton_aspect=1.000 circularity=0.698
[CLEAN C1452] REJECT Scratch: area 2.0 < 20; long_side 2.0 < 10; skeleton_aspect 1.000 < 2.5
[CLEAN C1452] REJECT Pit: area 2.0 < 32
[CLEAN C1453] type=Rejected area=2.0 perimeter=6.0 bbox=(1255,315,2,3) long=2.0 box_short=1.0 box_aspect=2.000 skeleton_width=2.00 skeleton_range=2.00-2.00 skeleton_aspect=1.000 circularity=0.698
[CLEAN C1453] REJECT Scratch: area 2.0 < 20; long_side 2.0 < 10; skeleton_aspect 1.000 < 2.5
[CLEAN C1453] REJECT Pit: area 2.0 < 32
[CLEAN C1454] type=Rejected area=2.0 perimeter=6.0 bbox=(444,311,2,3) long=2.0 box_short=1.0 box_aspect=2.000 skeleton_width=2.00 skeleton_range=2.00-2.00 skeleton_aspect=1.000 circularity=0.698
[CLEAN C1454] REJECT Scratch: area 2.0 < 20; long_side 2.0 < 10; skeleton_aspect 1.000 < 2.5
[CLEAN C1454] REJECT Pit: area 2.0 < 32
[CLEAN C1455] type=Rejected area=5.5 perimeter=9.4 bbox=(1236,310,4,3) long=3.0 box_short=2.0 box_aspect=1.500 skeleton_width=2.00 skeleton_range=2.00-4.00 skeleton_aspect=1.500 circularity=0.780
[CLEAN C1455] REJECT Scratch: area 5.5 < 20; long_side 3.0 < 10; skeleton_aspect 1.500 < 2.5
[CLEAN C1455] REJECT Pit: area 5.5 < 32
[CLEAN C1456] type=Scratch area=121.0 perimeter=61.5 bbox=(428,308,15,21) long=23.2 box_short=10.4 box_aspect=2.224 skeleton_width=6.00 skeleton_range=2.00-8.00 skeleton_aspect=3.868 circularity=0.403
[MEASURE C1456] Scratch width=0.181770 mm valid=False
[CLEAN C1457] type=Scratch area=55.0 perimeter=43.8 bbox=(722,307,11,12) long=11.0 box_short=10.0 box_aspect=1.100 skeleton_width=4.20 skeleton_range=2.00-6.00 skeleton_aspect=2.621 circularity=0.360
[MEASURE C1457] Scratch width=0.149408 mm valid=False
[CLEAN C1458] type=Rejected area=14.5 perimeter=19.4 bbox=(1290,306,3,9) long=8.0 box_short=2.0 box_aspect=4.000 skeleton_width=2.80 skeleton_range=2.00-4.00 skeleton_aspect=2.857 circularity=0.483
[CLEAN C1458] REJECT Scratch: area 14.5 < 20; long_side 8.0 < 10
[CLEAN C1458] REJECT Pit: area 14.5 < 32; circularity 0.483 < 0.55
[CLEAN C1459] type=Rejected area=5.0 perimeter=14.8 bbox=(409,305,3,7) long=6.3 box_short=1.5 box_aspect=4.333 skeleton_width=2.00 skeleton_range=2.00-2.00 skeleton_aspect=3.153 circularity=0.286
[CLEAN C1459] REJECT Scratch: area 5.0 < 20; long_side 6.3 < 10
[CLEAN C1459] REJECT Pit: area 5.0 < 32; circularity 0.286 < 0.55
[CLEAN C1460] type=Rejected area=2.0 perimeter=6.0 bbox=(978,304,3,2) long=2.0 box_short=1.0 box_aspect=2.000 skeleton_width=2.00 skeleton_range=2.00-2.00 skeleton_aspect=1.000 circularity=0.698
[CLEAN C1460] REJECT Scratch: area 2.0 < 20; long_side 2.0 < 10; skeleton_aspect 1.000 < 2.5
[CLEAN C1460] REJECT Pit: area 2.0 < 32
[CLEAN C1461] type=Rejected area=27.5 perimeter=21.1 bbox=(688,304,7,7) long=6.0 box_short=6.0 box_aspect=1.000 skeleton_width=4.00 skeleton_range=2.00-5.60 skeleton_aspect=1.500 circularity=0.778
[CLEAN C1461] REJECT Scratch: long_side 6.0 < 10; skeleton_aspect 1.500 < 2.5
[CLEAN C1461] REJECT Pit: area 27.5 < 32
[CLEAN C1462] type=Rejected area=15.5 perimeter=25.9 bbox=(1217,303,5,11) long=10.0 box_short=3.5 box_aspect=2.833 skeleton_width=2.00 skeleton_range=2.00-4.00 skeleton_aspect=5.001 circularity=0.290
[CLEAN C1462] REJECT Scratch: area 15.5 < 20
[CLEAN C1462] REJECT Pit: area 15.5 < 32; circularity 0.290 < 0.55
[CLEAN C1463] type=Scratch area=107.5 perimeter=81.2 bbox=(32,302,9,37) long=36.3 box_short=5.4 box_aspect=6.768 skeleton_width=4.00 skeleton_range=2.00-6.00 skeleton_aspect=9.074 circularity=0.205
[MEASURE C1463] Scratch 不可测: 划痕最大宽度点超出中央有效测量区域
[CLEAN C1464] type=Rejected area=1.0 perimeter=4.0 bbox=(711,298,2,2) long=1.0 box_short=1.0 box_aspect=1.000 skeleton_width=2.00 skeleton_range=2.00-2.00 skeleton_aspect=0.500 circularity=0.785
[CLEAN C1464] REJECT Scratch: area 1.0 < 20; long_side 1.0 < 10; skeleton_aspect 0.500 < 2.5
[CLEAN C1464] REJECT Pit: area 1.0 < 32
[CLEAN C1465] type=Rejected area=2.0 perimeter=6.0 bbox=(425,298,3,2) long=2.0 box_short=1.0 box_aspect=2.000 skeleton_width=2.00 skeleton_range=2.00-2.00 skeleton_aspect=1.000 circularity=0.698
[CLEAN C1465] REJECT Scratch: area 2.0 < 20; long_side 2.0 < 10; skeleton_aspect 1.000 < 2.5
[CLEAN C1465] REJECT Pit: area 2.0 < 32
[CLEAN C1466] type=Rejected area=1.0 perimeter=4.0 bbox=(22,294,2,2) long=1.0 box_short=1.0 box_aspect=1.000 skeleton_width=2.00 skeleton_range=2.00-2.00 skeleton_aspect=0.500 circularity=0.785
[CLEAN C1466] REJECT Scratch: area 1.0 < 20; long_side 1.0 < 10; skeleton_aspect 0.500 < 2.5
[CLEAN C1466] REJECT Pit: area 1.0 < 32
[CLEAN C1467] type=Rejected area=20.5 perimeter=21.1 bbox=(521,293,5,9) long=8.4 box_short=3.6 box_aspect=2.318 skeleton_width=3.40 skeleton_range=2.00-4.00 skeleton_aspect=2.466 circularity=0.580
[CLEAN C1467] REJECT Scratch: long_side 8.4 < 10; skeleton_aspect 2.466 < 2.5
[CLEAN C1467] REJECT Pit: area 20.5 < 32
[CLEAN C1468] type=Rejected area=1.0 perimeter=4.0 bbox=(431,293,2,2) long=1.0 box_short=1.0 box_aspect=1.000 skeleton_width=2.00 skeleton_range=2.00-2.00 skeleton_aspect=0.500 circularity=0.785
[CLEAN C1468] REJECT Scratch: area 1.0 < 20; long_side 1.0 < 10; skeleton_aspect 0.500 < 2.5
[CLEAN C1468] REJECT Pit: area 1.0 < 32
[CLEAN C1469] type=Rejected area=5.0 perimeter=8.8 bbox=(714,292,4,3) long=3.0 box_short=2.0 box_aspect=1.500 skeleton_width=2.40 skeleton_range=2.00-2.80 skeleton_aspect=1.250 circularity=0.806
[CLEAN C1469] REJECT Scratch: area 5.0 < 20; long_side 3.0 < 10; skeleton_aspect 1.250 < 2.5
[CLEAN C1469] REJECT Pit: area 5.0 < 32
[CLEAN C1470] type=Rejected area=2.0 perimeter=6.0 bbox=(1270,291,2,3) long=2.0 box_short=1.0 box_aspect=2.000 skeleton_width=2.00 skeleton_range=2.00-2.00 skeleton_aspect=1.000 circularity=0.698
[CLEAN C1470] REJECT Scratch: area 2.0 < 20; long_side 2.0 < 10; skeleton_aspect 1.000 < 2.5
[CLEAN C1470] REJECT Pit: area 2.0 < 32
[CLEAN C1471] type=Rejected area=1.0 perimeter=4.0 bbox=(400,291,2,2) long=1.0 box_short=1.0 box_aspect=1.000 skeleton_width=2.00 skeleton_range=2.00-2.00 skeleton_aspect=0.500 circularity=0.785
[CLEAN C1471] REJECT Scratch: area 1.0 < 20; long_side 1.0 < 10; skeleton_aspect 0.500 < 2.5
[CLEAN C1471] REJECT Pit: area 1.0 < 32
[CLEAN C1472] type=Rejected area=15.0 perimeter=33.7 bbox=(407,289,4,15) long=14.3 box_short=2.8 box_aspect=5.081 skeleton_width=2.00 skeleton_range=2.00-2.80 skeleton_aspect=7.147 circularity=0.166
[CLEAN C1472] REJECT Scratch: area 15.0 < 20
[CLEAN C1472] REJECT Pit: area 15.0 < 32; circularity 0.166 < 0.55; aspect_ratio 5.081 > 5.0
[CLEAN C1473] type=Rejected area=6.0 perimeter=10.8 bbox=(1254,288,3,5) long=4.0 box_short=2.0 box_aspect=2.000 skeleton_width=2.00 skeleton_range=2.00-2.80 skeleton_aspect=2.000 circularity=0.643
[CLEAN C1473] REJECT Scratch: area 6.0 < 20; long_side 4.0 < 10; skeleton_aspect 2.000 < 2.5
[CLEAN C1473] REJECT Pit: area 6.0 < 32
[CLEAN C1474] type=Rejected area=11.0 perimeter=14.8 bbox=(1217,288,3,7) long=6.0 box_short=2.0 box_aspect=3.000 skeleton_width=2.80 skeleton_range=2.00-4.00 skeleton_aspect=2.143 circularity=0.629
[CLEAN C1474] REJECT Scratch: area 11.0 < 20; long_side 6.0 < 10; skeleton_aspect 2.143 < 2.5
[CLEAN C1474] REJECT Pit: area 11.0 < 32
[CLEAN C1475] type=Rejected area=16.0 perimeter=17.7 bbox=(1289,286,4,8) long=7.0 box_short=3.0 box_aspect=2.333 skeleton_width=2.80 skeleton_range=2.00-4.00 skeleton_aspect=2.500 circularity=0.645
[CLEAN C1475] REJECT Scratch: area 16.0 < 20; long_side 7.0 < 10
[CLEAN C1475] REJECT Pit: area 16.0 < 32
[CLEAN C1476] type=Pit area=43.5 perimeter=27.9 bbox=(495,286,8,10) long=9.0 box_short=7.0 box_aspect=1.286 skeleton_width=4.20 skeleton_range=2.00-7.19 skeleton_aspect=2.144 circularity=0.702
[MEASURE C1476] Pit diameter=0.230003 mm valid=False
[CLEAN C1477] type=Rejected area=1.0 perimeter=4.0 bbox=(927,283,2,2) long=1.0 box_short=1.0 box_aspect=1.000 skeleton_width=2.00 skeleton_range=2.00-2.00 skeleton_aspect=0.500 circularity=0.785
[CLEAN C1477] REJECT Scratch: area 1.0 < 20; long_side 1.0 < 10; skeleton_aspect 0.500 < 2.5
[CLEAN C1477] REJECT Pit: area 1.0 < 32
[CLEAN C1478] type=Scratch area=65.5 perimeter=41.6 bbox=(738,278,10,16) long=17.1 box_short=6.3 box_aspect=2.700 skeleton_width=4.39 skeleton_range=2.00-7.19 skeleton_aspect=3.886 circularity=0.477
[MEASURE C1478] Scratch width=0.172162 mm valid=False
[CLEAN C1479] type=Pit area=34.0 perimeter=24.5 bbox=(424,278,7,9) long=8.0 box_short=6.0 box_aspect=1.333 skeleton_width=4.39 skeleton_range=2.00-6.00 skeleton_aspect=1.821 circularity=0.713
[MEASURE C1479] Pit diameter=0.213521 mm valid=False
[CLEAN C1480] type=Rejected area=1.0 perimeter=4.0 bbox=(1001,276,2,2) long=1.0 box_short=1.0 box_aspect=1.000 skeleton_width=2.00 skeleton_range=2.00-2.00 skeleton_aspect=0.500 circularity=0.785
[CLEAN C1480] REJECT Scratch: area 1.0 < 20; long_side 1.0 < 10; skeleton_aspect 0.500 < 2.5
[CLEAN C1480] REJECT Pit: area 1.0 < 32
[CLEAN C1481] type=Rejected area=3.0 perimeter=6.8 bbox=(502,276,3,3) long=2.8 box_short=1.4 box_aspect=2.000 skeleton_width=2.00 skeleton_range=2.00-2.80 skeleton_aspect=1.414 circularity=0.809
[CLEAN C1481] REJECT Scratch: area 3.0 < 20; long_side 2.8 < 10; skeleton_aspect 1.414 < 2.5
[CLEAN C1481] REJECT Pit: area 3.0 < 32
[CLEAN C1482] type=Rejected area=9.5 perimeter=12.2 bbox=(479,276,4,5) long=4.0 box_short=3.0 box_aspect=1.333 skeleton_width=2.80 skeleton_range=2.00-4.00 skeleton_aspect=1.429 circularity=0.796
[CLEAN C1482] REJECT Scratch: area 9.5 < 20; long_side 4.0 < 10; skeleton_aspect 1.429 < 2.5
[CLEAN C1482] REJECT Pit: area 9.5 < 32
[CLEAN C1483] type=Rejected area=3.5 perimeter=7.4 bbox=(407,276,3,3) long=2.0 box_short=2.0 box_aspect=1.000 skeleton_width=2.00 skeleton_range=2.00-2.80 skeleton_aspect=1.000 circularity=0.800
[CLEAN C1483] REJECT Scratch: area 3.5 < 20; long_side 2.0 < 10; skeleton_aspect 1.000 < 2.5
[CLEAN C1483] REJECT Pit: area 3.5 < 32
[CLEAN C1484] type=Rejected area=5.0 perimeter=10.8 bbox=(1189,275,5,3) long=4.0 box_short=2.0 box_aspect=2.000 skeleton_width=2.00 skeleton_range=2.00-2.80 skeleton_aspect=2.000 circularity=0.536
[CLEAN C1484] REJECT Scratch: area 5.0 < 20; long_side 4.0 < 10; skeleton_aspect 2.000 < 2.5
[CLEAN C1484] REJECT Pit: area 5.0 < 32; circularity 0.536 < 0.55
[CLEAN C1485] type=Rejected area=1.0 perimeter=4.0 bbox=(438,270,2,2) long=1.0 box_short=1.0 box_aspect=1.000 skeleton_width=2.00 skeleton_range=2.00-2.00 skeleton_aspect=0.500 circularity=0.785
[CLEAN C1485] REJECT Scratch: area 1.0 < 20; long_side 1.0 < 10; skeleton_aspect 0.500 < 2.5
[CLEAN C1485] REJECT Pit: area 1.0 < 32
[CLEAN C1486] type=Rejected area=9.0 perimeter=14.8 bbox=(1290,268,3,7) long=6.0 box_short=2.0 box_aspect=3.000 skeleton_width=2.00 skeleton_range=2.00-4.00 skeleton_aspect=3.000 circularity=0.514
[CLEAN C1486] REJECT Scratch: area 9.0 < 20; long_side 6.0 < 10
[CLEAN C1486] REJECT Pit: area 9.0 < 32; circularity 0.514 < 0.55
[CLEAN C1487] type=Rejected area=1.0 perimeter=4.0 bbox=(397,265,2,2) long=1.0 box_short=1.0 box_aspect=1.000 skeleton_width=2.00 skeleton_range=2.00-2.00 skeleton_aspect=0.500 circularity=0.785
[CLEAN C1487] REJECT Scratch: area 1.0 < 20; long_side 1.0 < 10; skeleton_aspect 0.500 < 2.5
[CLEAN C1487] REJECT Pit: area 1.0 < 32
[CLEAN C1488] type=Rejected area=1.0 perimeter=4.0 bbox=(378,265,2,2) long=1.0 box_short=1.0 box_aspect=1.000 skeleton_width=2.00 skeleton_range=2.00-2.00 skeleton_aspect=0.500 circularity=0.785
[CLEAN C1488] REJECT Scratch: area 1.0 < 20; long_side 1.0 < 10; skeleton_aspect 0.500 < 2.5
[CLEAN C1488] REJECT Pit: area 1.0 < 32
[CLEAN C1489] type=Rejected area=1.0 perimeter=4.0 bbox=(374,265,2,2) long=1.0 box_short=1.0 box_aspect=1.000 skeleton_width=2.00 skeleton_range=2.00-2.00 skeleton_aspect=0.500 circularity=0.785
[CLEAN C1489] REJECT Scratch: area 1.0 < 20; long_side 1.0 < 10; skeleton_aspect 0.500 < 2.5
[CLEAN C1489] REJECT Pit: area 1.0 < 32
[CLEAN C1490] type=Rejected area=13.0 perimeter=22.8 bbox=(22,263,3,11) long=10.0 box_short=2.0 box_aspect=5.000 skeleton_width=2.00 skeleton_range=2.00-4.00 skeleton_aspect=5.000 circularity=0.313
[CLEAN C1490] REJECT Scratch: area 13.0 < 20
[CLEAN C1490] REJECT Pit: area 13.0 < 32; circularity 0.313 < 0.55
[CLEAN C1491] type=Rejected area=15.0 perimeter=18.5 bbox=(494,261,7,6) long=7.2 box_short=3.8 box_aspect=1.909 skeleton_width=2.80 skeleton_range=2.00-4.00 skeleton_aspect=2.572 circularity=0.552
[CLEAN C1491] REJECT Scratch: area 15.0 < 20; long_side 7.2 < 10
[CLEAN C1491] REJECT Pit: area 15.0 < 32
[CLEAN C1492] type=Rejected area=3.5 perimeter=7.4 bbox=(739,260,3,3) long=2.0 box_short=2.0 box_aspect=1.000 skeleton_width=2.00 skeleton_range=2.00-2.80 skeleton_aspect=1.000 circularity=0.800
[CLEAN C1492] REJECT Scratch: area 3.5 < 20; long_side 2.0 < 10; skeleton_aspect 1.000 < 2.5
[CLEAN C1492] REJECT Pit: area 3.5 < 32
[CLEAN C1493] type=Rejected area=10.5 perimeter=14.2 bbox=(406,259,4,6) long=5.0 box_short=3.0 box_aspect=1.667 skeleton_width=2.80 skeleton_range=2.00-4.00 skeleton_aspect=1.786 circularity=0.650
[CLEAN C1493] REJECT Scratch: area 10.5 < 20; long_side 5.0 < 10; skeleton_aspect 1.786 < 2.5
[CLEAN C1493] REJECT Pit: area 10.5 < 32
[CLEAN C1494] type=Rejected area=1.0 perimeter=4.0 bbox=(377,259,2,2) long=1.0 box_short=1.0 box_aspect=1.000 skeleton_width=2.00 skeleton_range=2.00-2.00 skeleton_aspect=0.500 circularity=0.785
[CLEAN C1494] REJECT Scratch: area 1.0 < 20; long_side 1.0 < 10; skeleton_aspect 0.500 < 2.5
[CLEAN C1494] REJECT Pit: area 1.0 < 32
[CLEAN C1495] type=Rejected area=3.0 perimeter=8.8 bbox=(394,258,3,4) long=3.6 box_short=1.3 box_aspect=2.667 skeleton_width=2.00 skeleton_range=2.00-2.00 skeleton_aspect=1.789 circularity=0.484
[CLEAN C1495] REJECT Scratch: area 3.0 < 20; long_side 3.6 < 10; skeleton_aspect 1.789 < 2.5
[CLEAN C1495] REJECT Pit: area 3.0 < 32; circularity 0.484 < 0.55
[CLEAN C1496] type=Rejected area=26.5 perimeter=21.1 bbox=(716,256,7,7) long=6.0 box_short=6.0 box_aspect=1.000 skeleton_width=4.39 skeleton_range=2.00-6.00 skeleton_aspect=1.366 circularity=0.750
[CLEAN C1496] REJECT Scratch: long_side 6.0 < 10; skeleton_aspect 1.366 < 2.5
[CLEAN C1496] REJECT Pit: area 26.5 < 32
[CLEAN C1497] type=Rejected area=2.0 perimeter=6.0 bbox=(1003,254,3,2) long=2.0 box_short=1.0 box_aspect=2.000 skeleton_width=2.00 skeleton_range=2.00-2.00 skeleton_aspect=1.000 circularity=0.698
[CLEAN C1497] REJECT Scratch: area 2.0 < 20; long_side 2.0 < 10; skeleton_aspect 1.000 < 2.5
[CLEAN C1497] REJECT Pit: area 2.0 < 32
[CLEAN C1498] type=Rejected area=20.5 perimeter=19.1 bbox=(463,254,6,7) long=6.0 box_short=5.0 box_aspect=1.200 skeleton_width=4.00 skeleton_range=2.00-4.39 skeleton_aspect=1.500 circularity=0.708
[CLEAN C1498] REJECT Scratch: long_side 6.0 < 10; skeleton_aspect 1.500 < 2.5
[CLEAN C1498] REJECT Pit: area 20.5 < 32
[CLEAN C1499] type=Scratch area=110.5 perimeter=49.6 bbox=(423,251,8,22) long=21.0 box_short=7.0 box_aspect=3.000 skeleton_width=6.79 skeleton_range=2.00-8.00 skeleton_aspect=3.091 circularity=0.565
[MEASURE C1499] Scratch width=0.172643 mm valid=False
[CLEAN C1500] type=Rejected area=6.0 perimeter=10.8 bbox=(409,249,4,4) long=3.0 box_short=3.0 box_aspect=1.000 skeleton_width=2.00 skeleton_range=2.00-2.80 skeleton_aspect=1.500 circularity=0.643
[CLEAN C1500] REJECT Scratch: area 6.0 < 20; long_side 3.0 < 10; skeleton_aspect 1.500 < 2.5
[CLEAN C1500] REJECT Pit: area 6.0 < 32
[CLEAN C1501] type=Scratch area=28.0 perimeter=43.7 bbox=(1290,244,3,21) long=20.0 box_short=2.0 box_aspect=10.000 skeleton_width=2.00 skeleton_range=2.00-4.00 skeleton_aspect=10.000 circularity=0.185
[MEASURE C1501] Scratch 不可测: 划痕最大宽度点超出中央有效测量区域
[CLEAN C1502] type=Pit area=38.0 perimeter=28.1 bbox=(534,242,10,9) long=10.3 box_short=6.0 box_aspect=1.729 skeleton_width=4.39 skeleton_range=2.00-5.60 skeleton_aspect=2.343 circularity=0.603
[MEASURE C1502] Pit diameter=0.238776 mm valid=False
[CLEAN C1503] type=Rejected area=6.0 perimeter=10.0 bbox=(482,242,3,4) long=3.0 box_short=2.0 box_aspect=1.500 skeleton_width=2.00 skeleton_range=2.00-4.00 skeleton_aspect=1.500 circularity=0.754
[CLEAN C1503] REJECT Scratch: area 6.0 < 20; long_side 3.0 < 10; skeleton_aspect 1.500 < 2.5
[CLEAN C1503] REJECT Pit: area 6.0 < 32
[CLEAN C1504] type=Rejected area=1.0 perimeter=4.0 bbox=(401,242,2,2) long=1.0 box_short=1.0 box_aspect=1.000 skeleton_width=2.00 skeleton_range=2.00-2.00 skeleton_aspect=0.500 circularity=0.785
[CLEAN C1504] REJECT Scratch: area 1.0 < 20; long_side 1.0 < 10; skeleton_aspect 0.500 < 2.5
[CLEAN C1504] REJECT Pit: area 1.0 < 32
[CLEAN C1505] type=Rejected area=4.0 perimeter=14.8 bbox=(394,241,5,5) long=5.7 box_short=2.1 box_aspect=2.667 skeleton_width=2.00 skeleton_range=2.00-2.00 skeleton_aspect=2.828 circularity=0.229
[CLEAN C1505] REJECT Scratch: area 4.0 < 20; long_side 5.7 < 10
[CLEAN C1505] REJECT Pit: area 4.0 < 32; circularity 0.229 < 0.55
[CLEAN C1506] type=Rejected area=6.0 perimeter=14.0 bbox=(474,237,2,7) long=6.0 box_short=1.0 box_aspect=6.000 skeleton_width=2.00 skeleton_range=2.00-2.00 skeleton_aspect=3.000 circularity=0.385
[CLEAN C1506] REJECT Scratch: area 6.0 < 20; long_side 6.0 < 10
[CLEAN C1506] REJECT Pit: area 6.0 < 32; circularity 0.385 < 0.55; aspect_ratio 6.000 > 5.0
[CLEAN C1507] type=Rejected area=5.5 perimeter=14.2 bbox=(405,237,4,6) long=5.3 box_short=2.4 box_aspect=2.200 skeleton_width=2.00 skeleton_range=2.00-2.80 skeleton_aspect=2.668 circularity=0.341
[CLEAN C1507] REJECT Scratch: area 5.5 < 20; long_side 5.3 < 10
[CLEAN C1507] REJECT Pit: area 5.5 < 32; circularity 0.341 < 0.55
[CLEAN C1508] type=Scratch area=31.5 perimeter=33.1 bbox=(18,237,6,14) long=13.3 box_short=4.7 box_aspect=2.816 skeleton_width=4.00 skeleton_range=2.00-4.00 skeleton_aspect=3.318 circularity=0.362
[MEASURE C1508] Scratch 不可测: 划痕最大宽度点超出中央有效测量区域
[CLEAN C1509] type=Rejected area=2.0 perimeter=6.0 bbox=(999,235,3,2) long=2.0 box_short=1.0 box_aspect=2.000 skeleton_width=2.00 skeleton_range=2.00-2.00 skeleton_aspect=1.000 circularity=0.698
[CLEAN C1509] REJECT Scratch: area 2.0 < 20; long_side 2.0 < 10; skeleton_aspect 1.000 < 2.5
[CLEAN C1509] REJECT Pit: area 2.0 < 32
[CLEAN C1510] type=Pit area=51.0 perimeter=28.1 bbox=(727,232,10,9) long=9.2 box_short=7.8 box_aspect=1.182 skeleton_width=5.60 skeleton_range=2.00-8.39 skeleton_aspect=1.641 circularity=0.809
[MEASURE C1510] Pit diameter=0.213560 mm valid=False
[CLEAN C1511] type=Rejected area=13.0 perimeter=15.7 bbox=(519,231,6,5) long=5.0 box_short=4.0 box_aspect=1.250 skeleton_width=2.80 skeleton_range=2.00-4.00 skeleton_aspect=1.786 circularity=0.666
[CLEAN C1511] REJECT Scratch: area 13.0 < 20; long_side 5.0 < 10; skeleton_aspect 1.786 < 2.5
[CLEAN C1511] REJECT Pit: area 13.0 < 32
[CLEAN C1512] type=Scratch area=25.5 perimeter=25.9 bbox=(1215,230,6,11) long=10.4 box_short=4.4 box_aspect=2.389 skeleton_width=2.80 skeleton_range=2.00-4.39 skeleton_aspect=3.725 circularity=0.478
[MEASURE C1512] Scratch 不可测: 划痕最大宽度点超出中央有效测量区域
[CLEAN C1513] type=Rejected area=18.0 perimeter=20.8 bbox=(388,229,4,9) long=8.0 box_short=3.0 box_aspect=2.667 skeleton_width=4.00 skeleton_range=2.00-4.00 skeleton_aspect=2.000 circularity=0.521
[CLEAN C1513] REJECT Scratch: area 18.0 < 20; long_side 8.0 < 10; skeleton_aspect 2.000 < 2.5
[CLEAN C1513] REJECT Pit: area 18.0 < 32; circularity 0.521 < 0.55
[CLEAN C1514] type=Rejected area=1.0 perimeter=4.0 bbox=(452,226,2,2) long=1.0 box_short=1.0 box_aspect=1.000 skeleton_width=2.00 skeleton_range=2.00-2.00 skeleton_aspect=0.500 circularity=0.785
[CLEAN C1514] REJECT Scratch: area 1.0 < 20; long_side 1.0 < 10; skeleton_aspect 0.500 < 2.5
[CLEAN C1514] REJECT Pit: area 1.0 < 32
[CLEAN C1515] type=Rejected area=3.0 perimeter=6.8 bbox=(410,224,3,3) long=2.8 box_short=1.4 box_aspect=2.000 skeleton_width=2.00 skeleton_range=2.00-2.80 skeleton_aspect=1.414 circularity=0.809
[CLEAN C1515] REJECT Scratch: area 3.0 < 20; long_side 2.8 < 10; skeleton_aspect 1.414 < 2.5
[CLEAN C1515] REJECT Pit: area 3.0 < 32
[CLEAN C1516] type=Rejected area=2.0 perimeter=6.0 bbox=(386,223,2,3) long=2.0 box_short=1.0 box_aspect=2.000 skeleton_width=2.00 skeleton_range=2.00-2.00 skeleton_aspect=1.000 circularity=0.698
[CLEAN C1516] REJECT Scratch: area 2.0 < 20; long_side 2.0 < 10; skeleton_aspect 1.000 < 2.5
[CLEAN C1516] REJECT Pit: area 2.0 < 32
[CLEAN C1517] type=Pit area=93.5 perimeter=41.6 bbox=(651,220,14,12) long=12.6 box_short=10.9 box_aspect=1.165 skeleton_width=6.79 skeleton_range=2.00-9.99 skeleton_aspect=1.860 circularity=0.680
[MEASURE C1517] Pit diameter=0.309107 mm valid=True
Pit: area = 93.5 diameter_mm = 0.30910712480545044 circularity = 0.6803724298137155
[CLEAN C1518] type=Rejected area=1.0 perimeter=4.0 bbox=(391,220,2,2) long=1.0 box_short=1.0 box_aspect=1.000 skeleton_width=2.00 skeleton_range=2.00-2.00 skeleton_aspect=0.500 circularity=0.785
[CLEAN C1518] REJECT Scratch: area 1.0 < 20; long_side 1.0 < 10; skeleton_aspect 0.500 < 2.5
[CLEAN C1518] REJECT Pit: area 1.0 < 32
[CLEAN C1519] type=Scratch area=39.5 perimeter=28.7 bbox=(678,217,9,10) long=10.6 box_short=6.2 box_aspect=1.719 skeleton_width=4.00 skeleton_range=2.00-5.60 skeleton_aspect=2.657 circularity=0.601
[MEASURE C1519] Scratch width=0.132748 mm valid=False
[CLEAN C1520] type=Scratch area=31.0 perimeter=44.5 bbox=(1288,216,5,21) long=20.1 box_short=3.0 box_aspect=6.756 skeleton_width=2.00 skeleton_range=2.00-4.00 skeleton_aspect=10.044 circularity=0.197
[MEASURE C1520] Scratch 不可测: 划痕最大宽度点超出中央有效测量区域
[CLEAN C1521] type=Rejected area=1.0 perimeter=4.0 bbox=(1109,216,2,2) long=1.0 box_short=1.0 box_aspect=1.000 skeleton_width=2.00 skeleton_range=2.00-2.00 skeleton_aspect=0.500 circularity=0.785
[CLEAN C1521] REJECT Scratch: area 1.0 < 20; long_side 1.0 < 10; skeleton_aspect 0.500 < 2.5
[CLEAN C1521] REJECT Pit: area 1.0 < 32
[CLEAN C1522] type=Scratch area=76.0 perimeter=49.3 bbox=(440,216,11,15) long=14.8 box_short=9.2 box_aspect=1.605 skeleton_width=4.00 skeleton_range=2.00-8.00 skeleton_aspect=3.699 circularity=0.393
[MEASURE C1522] Scratch width=0.230400 mm valid=False
[CLEAN C1523] type=Rejected area=26.0 perimeter=21.3 bbox=(419,215,7,8) long=7.8 box_short=4.9 box_aspect=1.571 skeleton_width=4.39 skeleton_range=2.00-5.60 skeleton_aspect=1.770 circularity=0.719
[CLEAN C1523] REJECT Scratch: long_side 7.8 < 10; skeleton_aspect 1.770 < 2.5
[CLEAN C1523] REJECT Pit: area 26.0 < 32
[CLEAN C1524] type=Rejected area=15.5 perimeter=23.1 bbox=(532,212,8,7) long=8.6 box_short=3.8 box_aspect=2.263 skeleton_width=2.40 skeleton_range=2.00-4.00 skeleton_aspect=3.583 circularity=0.366
[CLEAN C1524] REJECT Scratch: area 15.5 < 20; long_side 8.6 < 10
[CLEAN C1524] REJECT Pit: area 15.5 < 32; circularity 0.366 < 0.55
[CLEAN C1525] type=Rejected area=2.0 perimeter=6.0 bbox=(407,212,2,3) long=2.0 box_short=1.0 box_aspect=2.000 skeleton_width=2.00 skeleton_range=2.00-2.00 skeleton_aspect=1.000 circularity=0.698
[CLEAN C1525] REJECT Scratch: area 2.0 < 20; long_side 2.0 < 10; skeleton_aspect 1.000 < 2.5
[CLEAN C1525] REJECT Pit: area 2.0 < 32
[CLEAN C1526] type=Rejected area=2.0 perimeter=6.0 bbox=(1217,208,2,3) long=2.0 box_short=1.0 box_aspect=2.000 skeleton_width=2.00 skeleton_range=2.00-2.00 skeleton_aspect=1.000 circularity=0.698
[CLEAN C1526] REJECT Scratch: area 2.0 < 20; long_side 2.0 < 10; skeleton_aspect 1.000 < 2.5
[CLEAN C1526] REJECT Pit: area 2.0 < 32
[CLEAN C1527] type=Rejected area=22.0 perimeter=22.5 bbox=(466,201,9,5) long=8.0 box_short=4.0 box_aspect=2.000 skeleton_width=2.80 skeleton_range=2.00-5.60 skeleton_aspect=2.857 circularity=0.547
[CLEAN C1527] REJECT Scratch: long_side 8.0 < 10
[CLEAN C1527] REJECT Pit: area 22.0 < 32; circularity 0.547 < 0.55
[CLEAN C1528] type=Rejected area=2.0 perimeter=6.0 bbox=(422,201,2,3) long=2.0 box_short=1.0 box_aspect=2.000 skeleton_width=2.00 skeleton_range=2.00-2.00 skeleton_aspect=1.000 circularity=0.698
[CLEAN C1528] REJECT Scratch: area 2.0 < 20; long_side 2.0 < 10; skeleton_aspect 1.000 < 2.5
[CLEAN C1528] REJECT Pit: area 2.0 < 32
[CLEAN C1529] type=Rejected area=5.0 perimeter=10.8 bbox=(1216,198,3,5) long=4.0 box_short=2.0 box_aspect=2.000 skeleton_width=2.00 skeleton_range=2.00-2.80 skeleton_aspect=2.000 circularity=0.536
[CLEAN C1529] REJECT Scratch: area 5.0 < 20; long_side 4.0 < 10; skeleton_aspect 2.000 < 2.5
[CLEAN C1529] REJECT Pit: area 5.0 < 32; circularity 0.536 < 0.55
[CLEAN C1530] type=Rejected area=1.0 perimeter=4.0 bbox=(768,196,2,2) long=1.0 box_short=1.0 box_aspect=1.000 skeleton_width=2.00 skeleton_range=2.00-2.00 skeleton_aspect=0.500 circularity=0.785
[CLEAN C1530] REJECT Scratch: area 1.0 < 20; long_side 1.0 < 10; skeleton_aspect 0.500 < 2.5
[CLEAN C1530] REJECT Pit: area 1.0 < 32
[CLEAN C1531] type=Rejected area=1.0 perimeter=4.0 bbox=(422,194,2,2) long=1.0 box_short=1.0 box_aspect=1.000 skeleton_width=2.00 skeleton_range=2.00-2.00 skeleton_aspect=0.500 circularity=0.785
[CLEAN C1531] REJECT Scratch: area 1.0 < 20; long_side 1.0 < 10; skeleton_aspect 0.500 < 2.5
[CLEAN C1531] REJECT Pit: area 1.0 < 32
[CLEAN C1532] type=Rejected area=2.0 perimeter=6.0 bbox=(1092,193,3,2) long=2.0 box_short=1.0 box_aspect=2.000 skeleton_width=2.00 skeleton_range=2.00-2.00 skeleton_aspect=1.000 circularity=0.698
[CLEAN C1532] REJECT Scratch: area 2.0 < 20; long_side 2.0 < 10; skeleton_aspect 1.000 < 2.5
[CLEAN C1532] REJECT Pit: area 2.0 < 32
[CLEAN C1533] type=Rejected area=1.0 perimeter=4.0 bbox=(724,193,2,2) long=1.0 box_short=1.0 box_aspect=1.000 skeleton_width=2.00 skeleton_range=2.00-2.00 skeleton_aspect=0.500 circularity=0.785
[CLEAN C1533] REJECT Scratch: area 1.0 < 20; long_side 1.0 < 10; skeleton_aspect 0.500 < 2.5
[CLEAN C1533] REJECT Pit: area 1.0 < 32
[CLEAN C1534] type=Rejected area=4.0 perimeter=8.0 bbox=(1335,192,3,3) long=2.0 box_short=2.0 box_aspect=1.000 skeleton_width=2.00 skeleton_range=2.00-4.00 skeleton_aspect=1.000 circularity=0.785
[CLEAN C1534] REJECT Scratch: area 4.0 < 20; long_side 2.0 < 10; skeleton_aspect 1.000 < 2.5
[CLEAN C1534] REJECT Pit: area 4.0 < 32
[CLEAN C1535] type=Rejected area=1.0 perimeter=4.0 bbox=(878,190,2,2) long=1.0 box_short=1.0 box_aspect=1.000 skeleton_width=2.00 skeleton_range=2.00-2.00 skeleton_aspect=0.500 circularity=0.785
[CLEAN C1535] REJECT Scratch: area 1.0 < 20; long_side 1.0 < 10; skeleton_aspect 0.500 < 2.5
[CLEAN C1535] REJECT Pit: area 1.0 < 32
[CLEAN C1536] type=Scratch area=34.0 perimeter=45.7 bbox=(1290,187,3,22) long=21.0 box_short=2.0 box_aspect=10.500 skeleton_width=2.00 skeleton_range=2.00-4.00 skeleton_aspect=10.500 circularity=0.205
[MEASURE C1536] Scratch 不可测: 划痕最大宽度点超出中央有效测量区域
[CLEAN C1537] type=Rejected area=2.0 perimeter=6.0 bbox=(530,187,2,3) long=2.0 box_short=1.0 box_aspect=2.000 skeleton_width=2.00 skeleton_range=2.00-2.00 skeleton_aspect=1.000 circularity=0.698
[CLEAN C1537] REJECT Scratch: area 2.0 < 20; long_side 2.0 < 10; skeleton_aspect 1.000 < 2.5
[CLEAN C1537] REJECT Pit: area 2.0 < 32
[CLEAN C1538] type=Rejected area=13.0 perimeter=16.5 bbox=(650,185,6,6) long=7.1 box_short=2.8 box_aspect=2.500 skeleton_width=2.80 skeleton_range=2.00-4.00 skeleton_aspect=2.525 circularity=0.601
[CLEAN C1538] REJECT Scratch: area 13.0 < 20; long_side 7.1 < 10
[CLEAN C1538] REJECT Pit: area 13.0 < 32
[CLEAN C1539] type=Rejected area=2.0 perimeter=6.0 bbox=(399,185,2,3) long=2.0 box_short=1.0 box_aspect=2.000 skeleton_width=2.00 skeleton_range=2.00-2.00 skeleton_aspect=1.000 circularity=0.698
[CLEAN C1539] REJECT Scratch: area 2.0 < 20; long_side 2.0 < 10; skeleton_aspect 1.000 < 2.5
[CLEAN C1539] REJECT Pit: area 2.0 < 32
[CLEAN C1540] type=Rejected area=1.0 perimeter=4.0 bbox=(999,183,2,2) long=1.0 box_short=1.0 box_aspect=1.000 skeleton_width=2.00 skeleton_range=2.00-2.00 skeleton_aspect=0.500 circularity=0.785
[CLEAN C1540] REJECT Scratch: area 1.0 < 20; long_side 1.0 < 10; skeleton_aspect 0.500 < 2.5
[CLEAN C1540] REJECT Pit: area 1.0 < 32
[CLEAN C1541] type=Scratch area=38.0 perimeter=29.3 bbox=(663,182,7,12) long=11.0 box_short=5.4 box_aspect=2.043 skeleton_width=4.00 skeleton_range=2.00-5.60 skeleton_aspect=2.750 circularity=0.556
[MEASURE C1541] Scratch width=0.121699 mm valid=False
[CLEAN C1542] type=Scratch area=342.0 perimeter=263.1 bbox=(24,176,19,117) long=117.3 box_short=8.3 box_aspect=14.114 skeleton_width=4.00 skeleton_range=2.00-6.00 skeleton_aspect=29.323 circularity=0.062
[MEASURE C1542] Scratch 不可测: 划痕最大宽度点超出中央有效测量区域
[CLEAN C1543] type=Rejected area=1.0 perimeter=4.0 bbox=(386,173,2,2) long=1.0 box_short=1.0 box_aspect=1.000 skeleton_width=2.00 skeleton_range=2.00-2.00 skeleton_aspect=0.500 circularity=0.785
[CLEAN C1543] REJECT Scratch: area 1.0 < 20; long_side 1.0 < 10; skeleton_aspect 0.500 < 2.5
[CLEAN C1543] REJECT Pit: area 1.0 < 32
[CLEAN C1544] type=Scratch area=51.0 perimeter=33.3 bbox=(429,171,11,10) long=10.7 box_short=8.2 box_aspect=1.300 skeleton_width=4.20 skeleton_range=2.00-7.19 skeleton_aspect=2.546 circularity=0.577
[MEASURE C1544] Scratch width=0.202119 mm valid=False
[CLEAN C1545] type=Rejected area=1.0 perimeter=4.0 bbox=(1217,168,2,2) long=1.0 box_short=1.0 box_aspect=1.000 skeleton_width=2.00 skeleton_range=2.00-2.00 skeleton_aspect=0.500 circularity=0.785
[CLEAN C1545] REJECT Scratch: area 1.0 < 20; long_side 1.0 < 10; skeleton_aspect 0.500 < 2.5
[CLEAN C1545] REJECT Pit: area 1.0 < 32
[CLEAN C1546] type=Rejected area=15.0 perimeter=24.8 bbox=(420,168,3,12) long=11.0 box_short=2.0 box_aspect=5.500 skeleton_width=2.00 skeleton_range=2.00-4.00 skeleton_aspect=5.500 circularity=0.306
[CLEAN C1546] REJECT Scratch: area 15.0 < 20
[CLEAN C1546] REJECT Pit: area 15.0 < 32; circularity 0.306 < 0.55; aspect_ratio 5.500 > 5.0
[CLEAN C1547] type=Rejected area=10.0 perimeter=21.7 bbox=(757,167,6,8) long=8.6 box_short=3.3 box_aspect=2.619 skeleton_width=2.00 skeleton_range=2.00-4.00 skeleton_aspect=4.295 circularity=0.268
[CLEAN C1547] REJECT Scratch: area 10.0 < 20; long_side 8.6 < 10
[CLEAN C1547] REJECT Pit: area 10.0 < 32; circularity 0.268 < 0.55
[CLEAN C1548] type=Rejected area=1.0 perimeter=4.0 bbox=(387,165,2,2) long=1.0 box_short=1.0 box_aspect=1.000 skeleton_width=2.00 skeleton_range=2.00-2.00 skeleton_aspect=0.500 circularity=0.785
[CLEAN C1548] REJECT Scratch: area 1.0 < 20; long_side 1.0 < 10; skeleton_aspect 0.500 < 2.5
[CLEAN C1548] REJECT Pit: area 1.0 < 32
[CLEAN C1549] type=Scratch area=22.0 perimeter=35.7 bbox=(1289,164,4,16) long=15.0 box_short=3.0 box_aspect=5.000 skeleton_width=2.00 skeleton_range=2.00-4.00 skeleton_aspect=7.500 circularity=0.217
[MEASURE C1549] Scratch 不可测: 划痕最大宽度点超出中央有效测量区域
[CLEAN C1550] type=Rejected area=24.5 perimeter=21.9 bbox=(660,164,9,6) long=9.4 box_short=3.9 box_aspect=2.429 skeleton_width=4.00 skeleton_range=2.00-4.39 skeleton_aspect=2.357 circularity=0.642
[CLEAN C1550] REJECT Scratch: long_side 9.4 < 10; skeleton_aspect 2.357 < 2.5
[CLEAN C1550] REJECT Pit: area 24.5 < 32
[CLEAN C1551] type=Rejected area=1.0 perimeter=4.0 bbox=(980,160,2,2) long=1.0 box_short=1.0 box_aspect=1.000 skeleton_width=2.00 skeleton_range=2.00-2.00 skeleton_aspect=0.500 circularity=0.785
[CLEAN C1551] REJECT Scratch: area 1.0 < 20; long_side 1.0 < 10; skeleton_aspect 0.500 < 2.5
[CLEAN C1551] REJECT Pit: area 1.0 < 32
[CLEAN C1552] type=Rejected area=1.0 perimeter=4.0 bbox=(1085,159,2,2) long=1.0 box_short=1.0 box_aspect=1.000 skeleton_width=2.00 skeleton_range=2.00-2.00 skeleton_aspect=0.500 circularity=0.785
[CLEAN C1552] REJECT Scratch: area 1.0 < 20; long_side 1.0 < 10; skeleton_aspect 0.500 < 2.5
[CLEAN C1552] REJECT Pit: area 1.0 < 32
[CLEAN C1553] type=Rejected area=1.0 perimeter=4.0 bbox=(739,158,2,2) long=1.0 box_short=1.0 box_aspect=1.000 skeleton_width=2.00 skeleton_range=2.00-2.00 skeleton_aspect=0.500 circularity=0.785
[CLEAN C1553] REJECT Scratch: area 1.0 < 20; long_side 1.0 < 10; skeleton_aspect 0.500 < 2.5
[CLEAN C1553] REJECT Pit: area 1.0 < 32
[CLEAN C1554] type=Rejected area=1.0 perimeter=4.0 bbox=(407,157,2,2) long=1.0 box_short=1.0 box_aspect=1.000 skeleton_width=2.00 skeleton_range=2.00-2.00 skeleton_aspect=0.500 circularity=0.785
[CLEAN C1554] REJECT Scratch: area 1.0 < 20; long_side 1.0 < 10; skeleton_aspect 0.500 < 2.5
[CLEAN C1554] REJECT Pit: area 1.0 < 32
[CLEAN C1555] type=Rejected area=1.0 perimeter=4.0 bbox=(411,156,2,2) long=1.0 box_short=1.0 box_aspect=1.000 skeleton_width=2.00 skeleton_range=2.00-2.00 skeleton_aspect=0.500 circularity=0.785
[CLEAN C1555] REJECT Scratch: area 1.0 < 20; long_side 1.0 < 10; skeleton_aspect 0.500 < 2.5
[CLEAN C1555] REJECT Pit: area 1.0 < 32
[CLEAN C1556] type=Rejected area=1.0 perimeter=4.0 bbox=(1233,155,2,2) long=1.0 box_short=1.0 box_aspect=1.000 skeleton_width=2.00 skeleton_range=2.00-2.00 skeleton_aspect=0.500 circularity=0.785
[CLEAN C1556] REJECT Scratch: area 1.0 < 20; long_side 1.0 < 10; skeleton_aspect 0.500 < 2.5
[CLEAN C1556] REJECT Pit: area 1.0 < 32
[CLEAN C1557] type=Rejected area=3.0 perimeter=6.8 bbox=(419,155,3,3) long=2.8 box_short=1.4 box_aspect=2.000 skeleton_width=2.00 skeleton_range=2.00-2.80 skeleton_aspect=1.414 circularity=0.809
[CLEAN C1557] REJECT Scratch: area 3.0 < 20; long_side 2.8 < 10; skeleton_aspect 1.414 < 2.5
[CLEAN C1557] REJECT Pit: area 3.0 < 32
[CLEAN C1558] type=Scratch area=38.5 perimeter=40.7 bbox=(578,154,12,12) long=11.8 box_short=9.7 box_aspect=1.225 skeleton_width=2.80 skeleton_range=2.00-5.60 skeleton_aspect=4.222 circularity=0.292
[MEASURE C1558] Scratch width=0.127812 mm valid=False
[CLEAN C1559] type=Rejected area=2.0 perimeter=6.0 bbox=(604,153,3,2) long=2.0 box_short=1.0 box_aspect=2.000 skeleton_width=2.00 skeleton_range=2.00-2.00 skeleton_aspect=1.000 circularity=0.698
[CLEAN C1559] REJECT Scratch: area 2.0 < 20; long_side 2.0 < 10; skeleton_aspect 1.000 < 2.5
[CLEAN C1559] REJECT Pit: area 2.0 < 32
[CLEAN C1560] type=Rejected area=1.0 perimeter=4.0 bbox=(364,153,2,2) long=1.0 box_short=1.0 box_aspect=1.000 skeleton_width=2.00 skeleton_range=2.00-2.00 skeleton_aspect=0.500 circularity=0.785
[CLEAN C1560] REJECT Scratch: area 1.0 < 20; long_side 1.0 < 10; skeleton_aspect 0.500 < 2.5
[CLEAN C1560] REJECT Pit: area 1.0 < 32
[CLEAN C1561] type=Rejected area=17.5 perimeter=22.2 bbox=(1289,150,4,10) long=9.3 box_short=2.8 box_aspect=3.300 skeleton_width=2.80 skeleton_range=2.00-4.00 skeleton_aspect=3.334 circularity=0.445
[CLEAN C1561] REJECT Scratch: area 17.5 < 20; long_side 9.3 < 10
[CLEAN C1561] REJECT Pit: area 17.5 < 32; circularity 0.445 < 0.55
[CLEAN C1562] type=Rejected area=1.0 perimeter=4.0 bbox=(188,150,2,2) long=1.0 box_short=1.0 box_aspect=1.000 skeleton_width=2.00 skeleton_range=2.00-2.00 skeleton_aspect=0.500 circularity=0.785
[CLEAN C1562] REJECT Scratch: area 1.0 < 20; long_side 1.0 < 10; skeleton_aspect 0.500 < 2.5
[CLEAN C1562] REJECT Pit: area 1.0 < 32
[CLEAN C1563] type=Pit area=57.5 perimeter=30.7 bbox=(427,149,10,10) long=9.0 box_short=9.0 box_aspect=1.000 skeleton_width=5.00 skeleton_range=2.00-8.00 skeleton_aspect=1.801 circularity=0.765
[MEASURE C1563] Pit diameter=0.224984 mm valid=False
[CLEAN C1564] type=Scratch area=37.5 perimeter=28.7 bbox=(1221,145,12,7) long=11.2 box_short=5.8 box_aspect=1.917 skeleton_width=3.60 skeleton_range=2.00-6.39 skeleton_aspect=3.102 circularity=0.571
[MEASURE C1564] Scratch 不可测: 划痕最大宽度点超出中央有效测量区域
[CLEAN C1565] type=Rejected area=2.0 perimeter=6.0 bbox=(420,144,2,3) long=2.0 box_short=1.0 box_aspect=2.000 skeleton_width=2.00 skeleton_range=2.00-2.00 skeleton_aspect=1.000 circularity=0.698
[CLEAN C1565] REJECT Scratch: area 2.0 < 20; long_side 2.0 < 10; skeleton_aspect 1.000 < 2.5
[CLEAN C1565] REJECT Pit: area 2.0 < 32
[CLEAN C1566] type=Rejected area=3.0 perimeter=8.0 bbox=(999,143,2,4) long=3.0 box_short=1.0 box_aspect=3.000 skeleton_width=2.00 skeleton_range=2.00-2.00 skeleton_aspect=1.500 circularity=0.589
[CLEAN C1566] REJECT Scratch: area 3.0 < 20; long_side 3.0 < 10; skeleton_aspect 1.500 < 2.5
[CLEAN C1566] REJECT Pit: area 3.0 < 32
[CLEAN C1567] type=Rejected area=5.0 perimeter=8.8 bbox=(1290,142,3,4) long=3.0 box_short=2.0 box_aspect=1.500 skeleton_width=2.40 skeleton_range=2.00-2.80 skeleton_aspect=1.250 circularity=0.806
[CLEAN C1567] REJECT Scratch: area 5.0 < 20; long_side 3.0 < 10; skeleton_aspect 1.250 < 2.5
[CLEAN C1567] REJECT Pit: area 5.0 < 32
[CLEAN C1568] type=Rejected area=8.0 perimeter=18.8 bbox=(515,142,4,8) long=7.4 box_short=2.5 box_aspect=3.000 skeleton_width=2.00 skeleton_range=2.00-4.00 skeleton_aspect=3.699 circularity=0.284
[CLEAN C1568] REJECT Scratch: area 8.0 < 20; long_side 7.4 < 10
[CLEAN C1568] REJECT Pit: area 8.0 < 32; circularity 0.284 < 0.55
[CLEAN C1569] type=Rejected area=1.0 perimeter=4.0 bbox=(1164,140,2,2) long=1.0 box_short=1.0 box_aspect=1.000 skeleton_width=2.00 skeleton_range=2.00-2.00 skeleton_aspect=0.500 circularity=0.785
[CLEAN C1569] REJECT Scratch: area 1.0 < 20; long_side 1.0 < 10; skeleton_aspect 0.500 < 2.5
[CLEAN C1569] REJECT Pit: area 1.0 < 32
[CLEAN C1570] type=Rejected area=3.5 perimeter=7.4 bbox=(435,140,3,3) long=2.0 box_short=2.0 box_aspect=1.000 skeleton_width=2.00 skeleton_range=2.00-2.80 skeleton_aspect=1.000 circularity=0.800
[CLEAN C1570] REJECT Scratch: area 3.5 < 20; long_side 2.0 < 10; skeleton_aspect 1.000 < 2.5
[CLEAN C1570] REJECT Pit: area 3.5 < 32
[CLEAN C1571] type=Scratch area=26.5 perimeter=27.9 bbox=(389,140,7,11) long=10.6 box_short=4.6 box_aspect=2.333 skeleton_width=2.80 skeleton_range=2.00-4.39 skeleton_aspect=3.796 circularity=0.428
[MEASURE C1571] Scratch width=0.103337 mm valid=False
[CLEAN C1572] type=Rejected area=6.0 perimeter=10.8 bbox=(664,138,5,3) long=4.0 box_short=2.0 box_aspect=2.000 skeleton_width=2.00 skeleton_range=2.00-2.80 skeleton_aspect=2.000 circularity=0.643
[CLEAN C1572] REJECT Scratch: area 6.0 < 20; long_side 4.0 < 10; skeleton_aspect 2.000 < 2.5
[CLEAN C1572] REJECT Pit: area 6.0 < 32
[CLEAN C1573] type=Rejected area=5.5 perimeter=9.4 bbox=(396,138,4,3) long=3.0 box_short=2.0 box_aspect=1.500 skeleton_width=2.00 skeleton_range=2.00-4.00 skeleton_aspect=1.500 circularity=0.780
[CLEAN C1573] REJECT Scratch: area 5.5 < 20; long_side 3.0 < 10; skeleton_aspect 1.500 < 2.5
[CLEAN C1573] REJECT Pit: area 5.5 < 32
[CLEAN C1574] type=Rejected area=1.0 perimeter=4.0 bbox=(1290,136,2,2) long=1.0 box_short=1.0 box_aspect=1.000 skeleton_width=2.00 skeleton_range=2.00-2.00 skeleton_aspect=0.500 circularity=0.785
[CLEAN C1574] REJECT Scratch: area 1.0 < 20; long_side 1.0 < 10; skeleton_aspect 0.500 < 2.5
[CLEAN C1574] REJECT Pit: area 1.0 < 32
[CLEAN C1575] type=Rejected area=30.0 perimeter=24.5 bbox=(740,136,8,8) long=7.0 box_short=7.0 box_aspect=1.000 skeleton_width=4.00 skeleton_range=2.00-5.60 skeleton_aspect=1.750 circularity=0.629
[CLEAN C1575] REJECT Scratch: long_side 7.0 < 10; skeleton_aspect 1.750 < 2.5
[CLEAN C1575] REJECT Pit: area 30.0 < 32
[CLEAN C1576] type=Rejected area=4.0 perimeter=8.8 bbox=(386,135,3,4) long=3.0 box_short=2.0 box_aspect=1.500 skeleton_width=2.00 skeleton_range=2.00-2.80 skeleton_aspect=1.500 circularity=0.645
[CLEAN C1576] REJECT Scratch: area 4.0 < 20; long_side 3.0 < 10; skeleton_aspect 1.500 < 2.5
[CLEAN C1576] REJECT Pit: area 4.0 < 32
[CLEAN C1577] type=Rejected area=3.0 perimeter=6.8 bbox=(407,133,3,3) long=2.8 box_short=1.4 box_aspect=2.000 skeleton_width=2.00 skeleton_range=2.00-2.80 skeleton_aspect=1.414 circularity=0.809
[CLEAN C1577] REJECT Scratch: area 3.0 < 20; long_side 2.8 < 10; skeleton_aspect 1.414 < 2.5
[CLEAN C1577] REJECT Pit: area 3.0 < 32
[CLEAN C1578] type=Rejected area=4.5 perimeter=9.4 bbox=(396,132,4,3) long=3.0 box_short=2.0 box_aspect=1.500 skeleton_width=2.00 skeleton_range=2.00-2.80 skeleton_aspect=1.500 circularity=0.638
[CLEAN C1578] REJECT Scratch: area 4.5 < 20; long_side 3.0 < 10; skeleton_aspect 1.500 < 2.5
[CLEAN C1578] REJECT Pit: area 4.5 < 32
[CLEAN C1579] type=Scratch area=37.5 perimeter=35.9 bbox=(470,126,10,12) long=12.7 box_short=6.2 box_aspect=2.025 skeleton_width=2.00 skeleton_range=2.00-6.00 skeleton_aspect=6.325 circularity=0.366
[MEASURE C1579] Scratch width=0.153199 mm valid=False
[CLEAN C1580] type=Scratch area=66.0 perimeter=59.3 bbox=(375,126,6,26) long=25.2 box_short=4.6 box_aspect=5.495 skeleton_width=4.00 skeleton_range=2.00-5.60 skeleton_aspect=6.300 circularity=0.236
[MEASURE C1580] Scratch width=0.080192 mm valid=False
[CLEAN C1581] type=Rejected area=29.5 perimeter=23.9 bbox=(609,124,9,7) long=7.9 box_short=6.0 box_aspect=1.316 skeleton_width=4.39 skeleton_range=2.00-6.00 skeleton_aspect=1.799 circularity=0.649
[CLEAN C1581] REJECT Scratch: long_side 7.9 < 10; skeleton_aspect 1.799 < 2.5
[CLEAN C1581] REJECT Pit: area 29.5 < 32
[CLEAN C1582] type=Rejected area=10.0 perimeter=23.7 bbox=(661,122,6,7) long=6.0 box_short=5.0 box_aspect=1.200 skeleton_width=2.00 skeleton_range=2.00-4.00 skeleton_aspect=3.000 circularity=0.225
[CLEAN C1582] REJECT Scratch: area 10.0 < 20; long_side 6.0 < 10
[CLEAN C1582] REJECT Pit: area 10.0 < 32; circularity 0.225 < 0.55
[CLEAN C1583] type=Rejected area=5.5 perimeter=10.2 bbox=(1289,121,4,4) long=4.0 box_short=2.2 box_aspect=1.800 skeleton_width=2.00 skeleton_range=2.00-2.80 skeleton_aspect=2.012 circularity=0.659
[CLEAN C1583] REJECT Scratch: area 5.5 < 20; long_side 4.0 < 10; skeleton_aspect 2.012 < 2.5
[CLEAN C1583] REJECT Pit: area 5.5 < 32
[CLEAN C1584] type=Rejected area=1.0 perimeter=4.0 bbox=(1216,121,2,2) long=1.0 box_short=1.0 box_aspect=1.000 skeleton_width=2.00 skeleton_range=2.00-2.00 skeleton_aspect=0.500 circularity=0.785
[CLEAN C1584] REJECT Scratch: area 1.0 < 20; long_side 1.0 < 10; skeleton_aspect 0.500 < 2.5
[CLEAN C1584] REJECT Pit: area 1.0 < 32
[CLEAN C1585] type=Scratch area=41.0 perimeter=44.1 bbox=(714,116,9,17) long=17.5 box_short=5.6 box_aspect=3.133 skeleton_width=2.00 skeleton_range=2.00-5.60 skeleton_aspect=8.728 circularity=0.264
[MEASURE C1585] Scratch width=0.072013 mm valid=False
[CLEAN C1586] type=Scratch area=105.0 perimeter=54.6 bbox=(426,116,11,19) long=18.0 box_short=10.0 box_aspect=1.800 skeleton_width=4.39 skeleton_range=2.00-8.40 skeleton_aspect=4.097 circularity=0.442
[MEASURE C1586] Scratch width=0.242893 mm valid=False
[CLEAN C1587] type=Rejected area=3.5 perimeter=7.4 bbox=(374,114,3,3) long=2.0 box_short=2.0 box_aspect=1.000 skeleton_width=2.00 skeleton_range=2.00-2.80 skeleton_aspect=1.000 circularity=0.800
[CLEAN C1587] REJECT Scratch: area 3.5 < 20; long_side 2.0 < 10; skeleton_aspect 1.000 < 2.5
[CLEAN C1587] REJECT Pit: area 3.5 < 32
[CLEAN C1588] type=Rejected area=1.0 perimeter=4.0 bbox=(390,113,2,2) long=1.0 box_short=1.0 box_aspect=1.000 skeleton_width=2.00 skeleton_range=2.00-2.00 skeleton_aspect=0.500 circularity=0.785
[CLEAN C1588] REJECT Scratch: area 1.0 < 20; long_side 1.0 < 10; skeleton_aspect 0.500 < 2.5
[CLEAN C1588] REJECT Pit: area 1.0 < 32
[CLEAN C1589] type=Rejected area=5.0 perimeter=8.8 bbox=(465,110,3,4) long=3.0 box_short=2.0 box_aspect=1.500 skeleton_width=2.40 skeleton_range=2.00-2.80 skeleton_aspect=1.250 circularity=0.806
[CLEAN C1589] REJECT Scratch: area 5.0 < 20; long_side 3.0 < 10; skeleton_aspect 1.250 < 2.5
[CLEAN C1589] REJECT Pit: area 5.0 < 32
[CLEAN C1590] type=Pit area=44.0 perimeter=28.5 bbox=(313,109,8,10) long=9.0 box_short=7.0 box_aspect=1.286 skeleton_width=4.20 skeleton_range=2.00-7.19 skeleton_aspect=2.144 circularity=0.681
[MEASURE C1590] Pit diameter=0.234745 mm valid=False
[CLEAN C1591] type=Rejected area=1.0 perimeter=4.0 bbox=(1290,108,2,2) long=1.0 box_short=1.0 box_aspect=1.000 skeleton_width=2.00 skeleton_range=2.00-2.00 skeleton_aspect=0.500 circularity=0.785
[CLEAN C1591] REJECT Scratch: area 1.0 < 20; long_side 1.0 < 10; skeleton_aspect 0.500 < 2.5
[CLEAN C1591] REJECT Pit: area 1.0 < 32
[CLEAN C1592] type=Pit area=39.0 perimeter=27.3 bbox=(682,108,7,11) long=10.8 box_short=5.4 box_aspect=2.000 skeleton_width=4.39 skeleton_range=2.00-6.00 skeleton_aspect=2.447 circularity=0.657
[MEASURE C1592] Pit diameter=0.238484 mm valid=False
[CLEAN C1593] type=Rejected area=3.5 perimeter=7.4 bbox=(374,107,3,3) long=2.0 box_short=2.0 box_aspect=1.000 skeleton_width=2.00 skeleton_range=2.00-2.80 skeleton_aspect=1.000 circularity=0.800
[CLEAN C1593] REJECT Scratch: area 3.5 < 20; long_side 2.0 < 10; skeleton_aspect 1.000 < 2.5
[CLEAN C1593] REJECT Pit: area 3.5 < 32
[CLEAN C1594] type=Rejected area=3.5 perimeter=7.4 bbox=(1215,106,3,3) long=2.0 box_short=2.0 box_aspect=1.000 skeleton_width=2.00 skeleton_range=2.00-2.80 skeleton_aspect=1.000 circularity=0.800
[CLEAN C1594] REJECT Scratch: area 3.5 < 20; long_side 2.0 < 10; skeleton_aspect 1.000 < 2.5
[CLEAN C1594] REJECT Pit: area 3.5 < 32
[CLEAN C1595] type=Rejected area=1.0 perimeter=4.0 bbox=(805,105,2,2) long=1.0 box_short=1.0 box_aspect=1.000 skeleton_width=2.00 skeleton_range=2.00-2.00 skeleton_aspect=0.500 circularity=0.785
[CLEAN C1595] REJECT Scratch: area 1.0 < 20; long_side 1.0 < 10; skeleton_aspect 0.500 < 2.5
[CLEAN C1595] REJECT Pit: area 1.0 < 32
[CLEAN C1596] type=Rejected area=4.0 perimeter=10.8 bbox=(391,105,4,4) long=4.2 box_short=2.1 box_aspect=2.000 skeleton_width=2.00 skeleton_range=2.00-2.00 skeleton_aspect=2.121 circularity=0.429
[CLEAN C1596] REJECT Scratch: area 4.0 < 20; long_side 4.2 < 10; skeleton_aspect 2.121 < 2.5
[CLEAN C1596] REJECT Pit: area 4.0 < 32; circularity 0.429 < 0.55
[CLEAN C1597] type=Rejected area=30.5 perimeter=21.9 bbox=(409,103,8,7) long=7.0 box_short=6.0 box_aspect=1.167 skeleton_width=4.39 skeleton_range=2.80-6.00 skeleton_aspect=1.593 circularity=0.799
[CLEAN C1597] REJECT Scratch: long_side 7.0 < 10; skeleton_aspect 1.593 < 2.5
[CLEAN C1597] REJECT Pit: area 30.5 < 32
[CLEAN C1598] type=Rejected area=29.0 perimeter=24.5 bbox=(604,97,10,6) long=9.0 box_short=5.0 box_aspect=1.800 skeleton_width=4.00 skeleton_range=2.00-5.60 skeleton_aspect=2.250 circularity=0.608
[CLEAN C1598] REJECT Scratch: long_side 9.0 < 10; skeleton_aspect 2.250 < 2.5
[CLEAN C1598] REJECT Pit: area 29.0 < 32
[CLEAN C1599] type=Rejected area=1.0 perimeter=4.0 bbox=(1214,95,2,2) long=1.0 box_short=1.0 box_aspect=1.000 skeleton_width=2.00 skeleton_range=2.00-2.00 skeleton_aspect=0.500 circularity=0.785
[CLEAN C1599] REJECT Scratch: area 1.0 < 20; long_side 1.0 < 10; skeleton_aspect 0.500 < 2.5
[CLEAN C1599] REJECT Pit: area 1.0 < 32
[CLEAN C1600] type=Rejected area=3.5 perimeter=7.4 bbox=(993,95,3,3) long=2.0 box_short=2.0 box_aspect=1.000 skeleton_width=2.00 skeleton_range=2.00-2.80 skeleton_aspect=1.000 circularity=0.800
[CLEAN C1600] REJECT Scratch: area 3.5 < 20; long_side 2.0 < 10; skeleton_aspect 1.000 < 2.5
[CLEAN C1600] REJECT Pit: area 3.5 < 32
[CLEAN C1601] type=Rejected area=1.0 perimeter=4.0 bbox=(809,95,2,2) long=1.0 box_short=1.0 box_aspect=1.000 skeleton_width=2.00 skeleton_range=2.00-2.00 skeleton_aspect=0.500 circularity=0.785
[CLEAN C1601] REJECT Scratch: area 1.0 < 20; long_side 1.0 < 10; skeleton_aspect 0.500 < 2.5
[CLEAN C1601] REJECT Pit: area 1.0 < 32
[CLEAN C1602] type=Rejected area=4.0 perimeter=8.0 bbox=(74,95,3,3) long=2.0 box_short=2.0 box_aspect=1.000 skeleton_width=2.00 skeleton_range=2.00-4.00 skeleton_aspect=1.000 circularity=0.785
[CLEAN C1602] REJECT Scratch: area 4.0 < 20; long_side 2.0 < 10; skeleton_aspect 1.000 < 2.5
[CLEAN C1602] REJECT Pit: area 4.0 < 32
[CLEAN C1603] type=Rejected area=5.5 perimeter=10.2 bbox=(386,94,4,4) long=4.2 box_short=2.1 box_aspect=2.000 skeleton_width=2.00 skeleton_range=2.00-2.80 skeleton_aspect=2.121 circularity=0.659
[CLEAN C1603] REJECT Scratch: area 5.5 < 20; long_side 4.2 < 10; skeleton_aspect 2.121 < 2.5
[CLEAN C1603] REJECT Pit: area 5.5 < 32
[CLEAN C1604] type=Rejected area=1.0 perimeter=4.0 bbox=(739,93,2,2) long=1.0 box_short=1.0 box_aspect=1.000 skeleton_width=2.00 skeleton_range=2.00-2.00 skeleton_aspect=0.500 circularity=0.785
[CLEAN C1604] REJECT Scratch: area 1.0 < 20; long_side 1.0 < 10; skeleton_aspect 0.500 < 2.5
[CLEAN C1604] REJECT Pit: area 1.0 < 32
[CLEAN C1605] type=Pit area=58.5 perimeter=31.9 bbox=(426,92,11,9) long=10.0 box_short=8.0 box_aspect=1.250 skeleton_width=4.39 skeleton_range=2.00-7.19 skeleton_aspect=2.276 circularity=0.722
[MEASURE C1605] Pit diameter=0.296392 mm valid=True
Pit: area = 58.5 diameter_mm = 0.2963920831680298 circularity = 0.7224339064908882
[CLEAN C1606] type=Rejected area=5.0 perimeter=10.8 bbox=(361,89,5,3) long=4.0 box_short=2.0 box_aspect=2.000 skeleton_width=2.00 skeleton_range=2.00-2.80 skeleton_aspect=2.000 circularity=0.536
[CLEAN C1606] REJECT Scratch: area 5.0 < 20; long_side 4.0 < 10; skeleton_aspect 2.000 < 2.5
[CLEAN C1606] REJECT Pit: area 5.0 < 32; circularity 0.536 < 0.55
[CLEAN C1607] type=Rejected area=10.5 perimeter=25.1 bbox=(630,88,6,10) long=10.2 box_short=3.3 box_aspect=3.120 skeleton_width=2.00 skeleton_range=2.00-2.80 skeleton_aspect=5.121 circularity=0.210
[CLEAN C1607] REJECT Scratch: area 10.5 < 20
[CLEAN C1607] REJECT Pit: area 10.5 < 32; circularity 0.210 < 0.55
[CLEAN C1608] type=Rejected area=9.5 perimeter=14.2 bbox=(647,87,6,4) long=5.0 box_short=3.0 box_aspect=1.667 skeleton_width=2.00 skeleton_range=2.00-4.00 skeleton_aspect=2.500 circularity=0.589
[CLEAN C1608] REJECT Scratch: area 9.5 < 20; long_side 5.0 < 10
[CLEAN C1608] REJECT Pit: area 9.5 < 32
[CLEAN C1609] type=Rejected area=1.0 perimeter=4.0 bbox=(812,86,2,2) long=1.0 box_short=1.0 box_aspect=1.000 skeleton_width=2.00 skeleton_range=2.00-2.00 skeleton_aspect=0.500 circularity=0.785
[CLEAN C1609] REJECT Scratch: area 1.0 < 20; long_side 1.0 < 10; skeleton_aspect 0.500 < 2.5
[CLEAN C1609] REJECT Pit: area 1.0 < 32
[CLEAN C1610] type=Rejected area=1.0 perimeter=4.0 bbox=(977,84,2,2) long=1.0 box_short=1.0 box_aspect=1.000 skeleton_width=2.00 skeleton_range=2.00-2.00 skeleton_aspect=0.500 circularity=0.785
[CLEAN C1610] REJECT Scratch: area 1.0 < 20; long_side 1.0 < 10; skeleton_aspect 0.500 < 2.5
[CLEAN C1610] REJECT Pit: area 1.0 < 32
[CLEAN C1611] type=Rejected area=9.5 perimeter=14.2 bbox=(69,80,4,6) long=5.0 box_short=3.0 box_aspect=1.667 skeleton_width=2.00 skeleton_range=2.00-4.00 skeleton_aspect=2.500 circularity=0.589
[CLEAN C1611] REJECT Scratch: area 9.5 < 20; long_side 5.0 < 10
[CLEAN C1611] REJECT Pit: area 9.5 < 32
[CLEAN C1612] type=Rejected area=1.0 perimeter=4.0 bbox=(40,80,2,2) long=1.0 box_short=1.0 box_aspect=1.000 skeleton_width=2.00 skeleton_range=2.00-2.00 skeleton_aspect=0.500 circularity=0.785
[CLEAN C1612] REJECT Scratch: area 1.0 < 20; long_side 1.0 < 10; skeleton_aspect 0.500 < 2.5
[CLEAN C1612] REJECT Pit: area 1.0 < 32
[CLEAN C1613] type=Rejected area=7.5 perimeter=14.2 bbox=(953,79,6,4) long=5.0 box_short=3.0 box_aspect=1.667 skeleton_width=2.00 skeleton_range=2.00-2.80 skeleton_aspect=2.500 circularity=0.465
[CLEAN C1613] REJECT Scratch: area 7.5 < 20; long_side 5.0 < 10
[CLEAN C1613] REJECT Pit: area 7.5 < 32; circularity 0.465 < 0.55
[CLEAN C1614] type=Rejected area=1.0 perimeter=4.0 bbox=(583,79,2,2) long=1.0 box_short=1.0 box_aspect=1.000 skeleton_width=2.00 skeleton_range=2.00-2.00 skeleton_aspect=0.500 circularity=0.785
[CLEAN C1614] REJECT Scratch: area 1.0 < 20; long_side 1.0 < 10; skeleton_aspect 0.500 < 2.5
[CLEAN C1614] REJECT Pit: area 1.0 < 32
[CLEAN C1615] type=Rejected area=1.0 perimeter=4.0 bbox=(1216,78,2,2) long=1.0 box_short=1.0 box_aspect=1.000 skeleton_width=2.00 skeleton_range=2.00-2.00 skeleton_aspect=0.500 circularity=0.785
[CLEAN C1615] REJECT Scratch: area 1.0 < 20; long_side 1.0 < 10; skeleton_aspect 0.500 < 2.5
[CLEAN C1615] REJECT Pit: area 1.0 < 32
[CLEAN C1616] type=Scratch area=36.0 perimeter=37.7 bbox=(386,77,6,14) long=13.0 box_short=5.0 box_aspect=2.600 skeleton_width=2.40 skeleton_range=2.00-6.00 skeleton_aspect=5.417 circularity=0.319
[MEASURE C1616] Scratch width=0.152828 mm valid=False
[CLEAN C1617] type=Rejected area=4.0 perimeter=10.8 bbox=(431,73,5,3) long=4.4 box_short=1.6 box_aspect=2.800 skeleton_width=2.00 skeleton_range=2.00-2.00 skeleton_aspect=2.214 circularity=0.429
[CLEAN C1617] REJECT Scratch: area 4.0 < 20; long_side 4.4 < 10; skeleton_aspect 2.214 < 2.5
[CLEAN C1617] REJECT Pit: area 4.0 < 32; circularity 0.429 < 0.55
[CLEAN C1618] type=Rejected area=8.5 perimeter=12.2 bbox=(467,72,4,5) long=4.0 box_short=3.0 box_aspect=1.333 skeleton_width=2.80 skeleton_range=2.00-4.00 skeleton_aspect=1.429 circularity=0.713
[CLEAN C1618] REJECT Scratch: area 8.5 < 20; long_side 4.0 < 10; skeleton_aspect 1.429 < 2.5
[CLEAN C1618] REJECT Pit: area 8.5 < 32
[CLEAN C1619] type=Rejected area=1.0 perimeter=4.0 bbox=(71,67,2,2) long=1.0 box_short=1.0 box_aspect=1.000 skeleton_width=2.00 skeleton_range=2.00-2.00 skeleton_aspect=0.500 circularity=0.785
[CLEAN C1619] REJECT Scratch: area 1.0 < 20; long_side 1.0 < 10; skeleton_aspect 0.500 < 2.5
[CLEAN C1619] REJECT Pit: area 1.0 < 32
[CLEAN C1620] type=Rejected area=16.0 perimeter=18.5 bbox=(841,66,8,5) long=7.6 box_short=3.3 box_aspect=2.278 skeleton_width=2.80 skeleton_range=2.00-4.00 skeleton_aspect=2.719 circularity=0.588
[CLEAN C1620] REJECT Scratch: area 16.0 < 20; long_side 7.6 < 10
[CLEAN C1620] REJECT Pit: area 16.0 < 32
[CLEAN C1621] type=Rejected area=4.5 perimeter=9.4 bbox=(394,66,4,3) long=3.0 box_short=2.0 box_aspect=1.500 skeleton_width=2.00 skeleton_range=2.00-2.80 skeleton_aspect=1.500 circularity=0.638
[CLEAN C1621] REJECT Scratch: area 4.5 < 20; long_side 3.0 < 10; skeleton_aspect 1.500 < 2.5
[CLEAN C1621] REJECT Pit: area 4.5 < 32
[CLEAN C1622] type=Scratch area=27.0 perimeter=35.0 bbox=(49,66,11,11) long=12.8 box_short=4.9 box_aspect=2.615 skeleton_width=2.80 skeleton_range=2.00-4.00 skeleton_aspect=4.569 circularity=0.277
[MEASURE C1622] Scratch 不可测: 划痕最大宽度点超出中央有效测量区域
[CLEAN C1623] type=Rejected area=14.5 perimeter=15.1 bbox=(1208,63,5,6) long=5.0 box_short=4.0 box_aspect=1.250 skeleton_width=2.80 skeleton_range=2.00-4.39 skeleton_aspect=1.786 circularity=0.802
[CLEAN C1623] REJECT Scratch: area 14.5 < 20; long_side 5.0 < 10; skeleton_aspect 1.786 < 2.5
[CLEAN C1623] REJECT Pit: area 14.5 < 32
[CLEAN C1624] type=Rejected area=19.0 perimeter=22.5 bbox=(826,63,8,7) long=6.4 box_short=5.2 box_aspect=1.231 skeleton_width=2.00 skeleton_range=2.00-4.39 skeleton_aspect=3.200 circularity=0.472
[CLEAN C1624] REJECT Scratch: area 19.0 < 20; long_side 6.4 < 10
[CLEAN C1624] REJECT Pit: area 19.0 < 32; circularity 0.472 < 0.55
[CLEAN C1625] type=Rejected area=23.0 perimeter=21.3 bbox=(689,63,8,7) long=7.5 box_short=4.6 box_aspect=1.630 skeleton_width=3.60 skeleton_range=2.00-4.39 skeleton_aspect=2.098 circularity=0.636
[CLEAN C1625] REJECT Scratch: long_side 7.5 < 10; skeleton_aspect 2.098 < 2.5
[CLEAN C1625] REJECT Pit: area 23.0 < 32
[CLEAN C1626] type=Scratch area=47.5 perimeter=32.7 bbox=(630,63,8,12) long=11.0 box_short=7.0 box_aspect=1.571 skeleton_width=3.60 skeleton_range=2.00-6.39 skeleton_aspect=3.058 circularity=0.557
[MEASURE C1626] Scratch width=0.138568 mm valid=False
[CLEAN C1627] type=Rejected area=7.0 perimeter=17.7 bbox=(525,63,6,6) long=7.0 box_short=2.2 box_aspect=3.182 skeleton_width=2.00 skeleton_range=2.00-2.00 skeleton_aspect=3.500 circularity=0.282
[CLEAN C1627] REJECT Scratch: area 7.0 < 20; long_side 7.0 < 10
[CLEAN C1627] REJECT Pit: area 7.0 < 32; circularity 0.282 < 0.55
[CLEAN C1628] type=Rejected area=5.0 perimeter=16.8 bbox=(360,63,3,8) long=7.2 box_short=1.5 box_aspect=4.889 skeleton_width=2.00 skeleton_range=2.00-2.00 skeleton_aspect=3.617 circularity=0.222
[CLEAN C1628] REJECT Scratch: area 5.0 < 20; long_side 7.2 < 10
[CLEAN C1628] REJECT Pit: area 5.0 < 32; circularity 0.222 < 0.55
[CLEAN C1629] type=Pit area=35.5 perimeter=23.9 bbox=(1214,60,9,7) long=8.0 box_short=6.0 box_aspect=1.333 skeleton_width=4.39 skeleton_range=2.00-5.60 skeleton_aspect=1.821 circularity=0.781
[MEASURE C1629] Pit 不可测: 凹点中心超出中央有效测量区域
[CLEAN C1630] type=Rejected area=1.0 perimeter=4.0 bbox=(531,60,2,2) long=1.0 box_short=1.0 box_aspect=1.000 skeleton_width=2.00 skeleton_range=2.00-2.00 skeleton_aspect=0.500 circularity=0.785
[CLEAN C1630] REJECT Scratch: area 1.0 < 20; long_side 1.0 < 10; skeleton_aspect 0.500 < 2.5
[CLEAN C1630] REJECT Pit: area 1.0 < 32
[CLEAN C1631] type=Scratch area=25.0 perimeter=45.3 bbox=(805,59,19,6) long=18.2 box_short=3.6 box_aspect=5.106 skeleton_width=2.00 skeleton_range=2.00-2.80 skeleton_aspect=9.123 circularity=0.153
[MEASURE C1631] Scratch width=0.071953 mm valid=False
[CLEAN C1632] type=Rejected area=12.0 perimeter=17.7 bbox=(687,56,6,6) long=6.9 box_short=3.1 box_aspect=2.273 skeleton_width=2.40 skeleton_range=2.00-4.00 skeleton_aspect=2.889 circularity=0.484
[CLEAN C1632] REJECT Scratch: area 12.0 < 20; long_side 6.9 < 10
[CLEAN C1632] REJECT Pit: area 12.0 < 32; circularity 0.484 < 0.55
[CLEAN C1633] type=Rejected area=14.5 perimeter=15.1 bbox=(37,56,6,5) long=5.0 box_short=4.0 box_aspect=1.250 skeleton_width=4.00 skeleton_range=2.00-4.39 skeleton_aspect=1.250 circularity=0.802
[CLEAN C1633] REJECT Scratch: area 14.5 < 20; long_side 5.0 < 10; skeleton_aspect 1.250 < 2.5
[CLEAN C1633] REJECT Pit: area 14.5 < 32
[CLEAN C1634] type=Rejected area=1.0 perimeter=4.0 bbox=(444,53,2,2) long=1.0 box_short=1.0 box_aspect=1.000 skeleton_width=2.00 skeleton_range=2.00-2.00 skeleton_aspect=0.500 circularity=0.785
[CLEAN C1634] REJECT Scratch: area 1.0 < 20; long_side 1.0 < 10; skeleton_aspect 0.500 < 2.5
[CLEAN C1634] REJECT Pit: area 1.0 < 32
[CLEAN C1635] type=Pit area=121.0 perimeter=48.6 bbox=(421,53,14,16) long=16.9 box_short=11.3 box_aspect=1.500 skeleton_width=6.79 skeleton_range=2.00-10.39 skeleton_aspect=2.488 circularity=0.643
[MEASURE C1635] Pit diameter=0.396223 mm valid=True
Pit: area = 121.0 diameter_mm = 0.3962234854698181 circularity = 0.6430323714475037
[CLEAN C1636] type=Rejected area=12.5 perimeter=22.2 bbox=(394,53,4,10) long=9.5 box_short=2.7 box_aspect=3.545 skeleton_width=2.00 skeleton_range=2.00-4.00 skeleton_aspect=4.729 circularity=0.318
[CLEAN C1636] REJECT Scratch: area 12.5 < 20; long_side 9.5 < 10
[CLEAN C1636] REJECT Pit: area 12.5 < 32; circularity 0.318 < 0.55
[CLEAN C1637] type=Rejected area=10.5 perimeter=20.2 bbox=(45,52,4,9) long=8.4 box_short=2.1 box_aspect=3.923 skeleton_width=2.00 skeleton_range=2.00-2.80 skeleton_aspect=4.192 circularity=0.322
[CLEAN C1637] REJECT Scratch: area 10.5 < 20; long_side 8.4 < 10
[CLEAN C1637] REJECT Pit: area 10.5 < 32; circularity 0.322 < 0.55
[CLEAN C1638] type=Pit area=50.0 perimeter=28.1 bbox=(1205,51,10,9) long=9.9 box_short=7.1 box_aspect=1.400 skeleton_width=5.60 skeleton_range=2.00-7.19 skeleton_aspect=1.768 circularity=0.793
[MEASURE C1638] Pit 不可测: 凹点中心超出中央有效测量区域
[CLEAN C1639] type=Rejected area=2.0 perimeter=6.0 bbox=(677,51,2,3) long=2.0 box_short=1.0 box_aspect=2.000 skeleton_width=2.00 skeleton_range=2.00-2.00 skeleton_aspect=1.000 circularity=0.698
[CLEAN C1639] REJECT Scratch: area 2.0 < 20; long_side 2.0 < 10; skeleton_aspect 1.000 < 2.5
[CLEAN C1639] REJECT Pit: area 2.0 < 32
[CLEAN C1640] type=Rejected area=28.5 perimeter=26.2 bbox=(464,50,7,9) long=8.0 box_short=6.0 box_aspect=1.333 skeleton_width=4.00 skeleton_range=2.00-5.60 skeleton_aspect=2.000 circularity=0.520
[CLEAN C1640] REJECT Scratch: long_side 8.0 < 10; skeleton_aspect 2.000 < 2.5
[CLEAN C1640] REJECT Pit: area 28.5 < 32; circularity 0.520 < 0.55
[CLEAN C1641] type=Rejected area=2.0 perimeter=6.0 bbox=(80,50,2,3) long=2.0 box_short=1.0 box_aspect=2.000 skeleton_width=2.00 skeleton_range=2.00-2.00 skeleton_aspect=1.000 circularity=0.698
[CLEAN C1641] REJECT Scratch: area 2.0 < 20; long_side 2.0 < 10; skeleton_aspect 1.000 < 2.5
[CLEAN C1641] REJECT Pit: area 2.0 < 32
[CLEAN C1642] type=Rejected area=1.0 perimeter=4.0 bbox=(41,50,2,2) long=1.0 box_short=1.0 box_aspect=1.000 skeleton_width=2.00 skeleton_range=2.00-2.00 skeleton_aspect=0.500 circularity=0.785
[CLEAN C1642] REJECT Scratch: area 1.0 < 20; long_side 1.0 < 10; skeleton_aspect 0.500 < 2.5
[CLEAN C1642] REJECT Pit: area 1.0 < 32
[CLEAN C1643] type=Scratch area=73.0 perimeter=55.0 bbox=(373,49,7,24) long=23.0 box_short=6.0 box_aspect=3.833 skeleton_width=4.00 skeleton_range=2.00-6.00 skeleton_aspect=5.750 circularity=0.304
[MEASURE C1643] Scratch width=0.179040 mm valid=False
[CLEAN C1644] type=Rejected area=1.0 perimeter=4.0 bbox=(395,48,2,2) long=1.0 box_short=1.0 box_aspect=1.000 skeleton_width=2.00 skeleton_range=2.00-2.00 skeleton_aspect=0.500 circularity=0.785
[CLEAN C1644] REJECT Scratch: area 1.0 < 20; long_side 1.0 < 10; skeleton_aspect 0.500 < 2.5
[CLEAN C1644] REJECT Pit: area 1.0 < 32
[CLEAN C1645] type=Rejected area=1.0 perimeter=4.0 bbox=(52,47,2,2) long=1.0 box_short=1.0 box_aspect=1.000 skeleton_width=2.00 skeleton_range=2.00-2.00 skeleton_aspect=0.500 circularity=0.785
[CLEAN C1645] REJECT Scratch: area 1.0 < 20; long_side 1.0 < 10; skeleton_aspect 0.500 < 2.5
[CLEAN C1645] REJECT Pit: area 1.0 < 32
[CLEAN C1646] type=Rejected area=3.0 perimeter=6.8 bbox=(800,46,3,3) long=2.8 box_short=1.4 box_aspect=2.000 skeleton_width=2.00 skeleton_range=2.00-2.80 skeleton_aspect=1.414 circularity=0.809
[CLEAN C1646] REJECT Scratch: area 3.0 < 20; long_side 2.8 < 10; skeleton_aspect 1.414 < 2.5
[CLEAN C1646] REJECT Pit: area 3.0 < 32
[CLEAN C1647] type=Scratch area=35.5 perimeter=53.9 bbox=(111,45,4,25) long=24.0 box_short=3.0 box_aspect=8.000 skeleton_width=2.00 skeleton_range=2.00-4.00 skeleton_aspect=12.000 circularity=0.154
[MEASURE C1647] Scratch 不可测: 划痕最大宽度点超出中央有效测量区域
[CLEAN C1648] type=Rejected area=2.0 perimeter=6.0 bbox=(662,42,3,2) long=2.0 box_short=1.0 box_aspect=2.000 skeleton_width=2.00 skeleton_range=2.00-2.00 skeleton_aspect=1.000 circularity=0.698
[CLEAN C1648] REJECT Scratch: area 2.0 < 20; long_side 2.0 < 10; skeleton_aspect 1.000 < 2.5
[CLEAN C1648] REJECT Pit: area 2.0 < 32
[CLEAN C1649] type=Rejected area=6.5 perimeter=10.2 bbox=(31,42,4,4) long=4.2 box_short=2.1 box_aspect=2.000 skeleton_width=2.80 skeleton_range=2.00-2.80 skeleton_aspect=1.515 circularity=0.779
[CLEAN C1649] REJECT Scratch: area 6.5 < 20; long_side 4.2 < 10; skeleton_aspect 1.515 < 2.5
[CLEAN C1649] REJECT Pit: area 6.5 < 32
[CLEAN C1650] type=Rejected area=3.5 perimeter=7.4 bbox=(1215,40,3,3) long=2.0 box_short=2.0 box_aspect=1.000 skeleton_width=2.00 skeleton_range=2.00-2.80 skeleton_aspect=1.000 circularity=0.800
[CLEAN C1650] REJECT Scratch: area 3.5 < 20; long_side 2.0 < 10; skeleton_aspect 1.000 < 2.5
[CLEAN C1650] REJECT Pit: area 3.5 < 32
[CLEAN C1651] type=Rejected area=1.0 perimeter=4.0 bbox=(781,38,2,2) long=1.0 box_short=1.0 box_aspect=1.000 skeleton_width=2.00 skeleton_range=2.00-2.00 skeleton_aspect=0.500 circularity=0.785
[CLEAN C1651] REJECT Scratch: area 1.0 < 20; long_side 1.0 < 10; skeleton_aspect 0.500 < 2.5
[CLEAN C1651] REJECT Pit: area 1.0 < 32
[CLEAN C1652] type=Rejected area=1.0 perimeter=4.0 bbox=(459,38,2,2) long=1.0 box_short=1.0 box_aspect=1.000 skeleton_width=2.00 skeleton_range=2.00-2.00 skeleton_aspect=0.500 circularity=0.785
[CLEAN C1652] REJECT Scratch: area 1.0 < 20; long_side 1.0 < 10; skeleton_aspect 0.500 < 2.5
[CLEAN C1652] REJECT Pit: area 1.0 < 32
[CLEAN C1653] type=Rejected area=9.5 perimeter=12.2 bbox=(485,37,4,5) long=4.0 box_short=3.0 box_aspect=1.333 skeleton_width=2.80 skeleton_range=2.00-4.00 skeleton_aspect=1.429 circularity=0.796
[CLEAN C1653] REJECT Scratch: area 9.5 < 20; long_side 4.0 < 10; skeleton_aspect 1.429 < 2.5
[CLEAN C1653] REJECT Pit: area 9.5 < 32
[CLEAN C1654] type=Rejected area=1.0 perimeter=4.0 bbox=(661,36,2,2) long=1.0 box_short=1.0 box_aspect=1.000 skeleton_width=2.00 skeleton_range=2.00-2.00 skeleton_aspect=0.500 circularity=0.785
[CLEAN C1654] REJECT Scratch: area 1.0 < 20; long_side 1.0 < 10; skeleton_aspect 0.500 < 2.5
[CLEAN C1654] REJECT Pit: area 1.0 < 32
[CLEAN C1655] type=Rejected area=6.5 perimeter=11.4 bbox=(379,36,3,5) long=4.0 box_short=2.0 box_aspect=2.000 skeleton_width=2.00 skeleton_range=2.00-4.00 skeleton_aspect=2.000 circularity=0.627
[CLEAN C1655] REJECT Scratch: area 6.5 < 20; long_side 4.0 < 10; skeleton_aspect 2.000 < 2.5
[CLEAN C1655] REJECT Pit: area 6.5 < 32
[CLEAN C1656] type=Rejected area=10.5 perimeter=13.4 bbox=(773,35,4,5) long=4.0 box_short=3.0 box_aspect=1.333 skeleton_width=2.80 skeleton_range=2.00-4.00 skeleton_aspect=1.429 circularity=0.733
[CLEAN C1656] REJECT Scratch: area 10.5 < 20; long_side 4.0 < 10; skeleton_aspect 1.429 < 2.5
[CLEAN C1656] REJECT Pit: area 10.5 < 32
[CLEAN C1657] type=Rejected area=2.0 perimeter=6.0 bbox=(769,35,2,3) long=2.0 box_short=1.0 box_aspect=2.000 skeleton_width=2.00 skeleton_range=2.00-2.00 skeleton_aspect=1.000 circularity=0.698
[CLEAN C1657] REJECT Scratch: area 2.0 < 20; long_side 2.0 < 10; skeleton_aspect 1.000 < 2.5
[CLEAN C1657] REJECT Pit: area 2.0 < 32
[CLEAN C1658] type=Rejected area=11.0 perimeter=22.8 bbox=(367,35,3,11) long=10.0 box_short=2.0 box_aspect=5.000 skeleton_width=2.00 skeleton_range=2.00-2.80 skeleton_aspect=5.000 circularity=0.265
[CLEAN C1658] REJECT Scratch: area 11.0 < 20
[CLEAN C1658] REJECT Pit: area 11.0 < 32; circularity 0.265 < 0.55
[CLEAN C1659] type=Rejected area=21.0 perimeter=24.5 bbox=(431,34,6,10) long=9.7 box_short=4.4 box_aspect=2.188 skeleton_width=2.00 skeleton_range=2.00-4.39 skeleton_aspect=4.854 circularity=0.440
[CLEAN C1659] REJECT Scratch: long_side 9.7 < 10
[CLEAN C1659] REJECT Pit: area 21.0 < 32; circularity 0.440 < 0.55
[CLEAN C1660] type=Rejected area=16.0 perimeter=17.7 bbox=(498,33,7,5) long=6.0 box_short=4.0 box_aspect=1.500 skeleton_width=3.40 skeleton_range=2.00-4.39 skeleton_aspect=1.765 circularity=0.645
[CLEAN C1660] REJECT Scratch: area 16.0 < 20; long_side 6.0 < 10; skeleton_aspect 1.765 < 2.5
[CLEAN C1660] REJECT Pit: area 16.0 < 32
[CLEAN C1661] type=Rejected area=1.0 perimeter=4.0 bbox=(757,32,2,2) long=1.0 box_short=1.0 box_aspect=1.000 skeleton_width=2.00 skeleton_range=2.00-2.00 skeleton_aspect=0.500 circularity=0.785
[CLEAN C1661] REJECT Scratch: area 1.0 < 20; long_side 1.0 < 10; skeleton_aspect 0.500 < 2.5
[CLEAN C1661] REJECT Pit: area 1.0 < 32
[CLEAN C1662] type=Rejected area=14.5 perimeter=19.1 bbox=(612,32,6,7) long=7.2 box_short=3.9 box_aspect=1.857 skeleton_width=2.80 skeleton_range=2.00-4.00 skeleton_aspect=2.575 circularity=0.501
[CLEAN C1662] REJECT Scratch: area 14.5 < 20; long_side 7.2 < 10
[CLEAN C1662] REJECT Pit: area 14.5 < 32; circularity 0.501 < 0.55
[CLEAN C1663] type=Rejected area=25.5 perimeter=21.9 bbox=(23,31,7,8) long=9.2 box_short=4.2 box_aspect=2.167 skeleton_width=4.00 skeleton_range=2.00-5.60 skeleton_aspect=2.298 circularity=0.668
[CLEAN C1663] REJECT Scratch: long_side 9.2 < 10; skeleton_aspect 2.298 < 2.5
[CLEAN C1663] REJECT Pit: area 25.5 < 32
[CLEAN C1664] type=Rejected area=21.0 perimeter=23.7 bbox=(184,27,9,6) long=8.0 box_short=5.0 box_aspect=1.600 skeleton_width=2.00 skeleton_range=2.00-4.39 skeleton_aspect=4.000 circularity=0.472
[CLEAN C1664] REJECT Scratch: long_side 8.0 < 10
[CLEAN C1664] REJECT Pit: area 21.0 < 32; circularity 0.472 < 0.55
[CLEAN C1665] type=Rejected area=1.0 perimeter=4.0 bbox=(721,24,2,2) long=1.0 box_short=1.0 box_aspect=1.000 skeleton_width=2.00 skeleton_range=2.00-2.00 skeleton_aspect=0.500 circularity=0.785
[CLEAN C1665] REJECT Scratch: area 1.0 < 20; long_side 1.0 < 10; skeleton_aspect 0.500 < 2.5
[CLEAN C1665] REJECT Pit: area 1.0 < 32
[CLEAN C1666] type=Scratch area=33.5 perimeter=27.9 bbox=(457,24,12,6) long=11.0 box_short=4.5 box_aspect=2.472 skeleton_width=4.00 skeleton_range=2.00-4.39 skeleton_aspect=2.760 circularity=0.541
[MEASURE C1666] Scratch width=0.105088 mm valid=False
[CLEAN C1667] type=Scratch area=69.5 perimeter=41.9 bbox=(47,22,6,19) long=18.0 box_short=5.0 box_aspect=3.600 skeleton_width=5.60 skeleton_range=2.00-6.00 skeleton_aspect=3.214 circularity=0.497
[MEASURE C1667] Scratch 不可测: 划痕最大宽度点超出中央有效测量区域
[CLEAN C1668] type=Scratch area=46.5 perimeter=57.6 bbox=(391,21,6,25) long=24.0 box_short=5.0 box_aspect=4.800 skeleton_width=2.80 skeleton_range=2.00-4.00 skeleton_aspect=8.571 circularity=0.176
[MEASURE C1668] Scratch width=0.127862 mm valid=False
[CLEAN C1669] type=Scratch area=181.0 perimeter=91.6 bbox=(78,21,27,22) long=29.2 box_short=15.3 box_aspect=1.906 skeleton_width=5.60 skeleton_range=2.00-10.00 skeleton_aspect=5.217 circularity=0.271
[MEASURE C1669] Scratch 不可测: 划痕最大宽度点超出中央有效测量区域
[CLEAN C1670] type=Rejected area=3.0 perimeter=6.8 bbox=(726,20,3,3) long=2.8 box_short=1.4 box_aspect=2.000 skeleton_width=2.00 skeleton_range=2.00-2.80 skeleton_aspect=1.414 circularity=0.809
[CLEAN C1670] REJECT Scratch: area 3.0 < 20; long_side 2.8 < 10; skeleton_aspect 1.414 < 2.5
[CLEAN C1670] REJECT Pit: area 3.0 < 32
[CLEAN C1671] type=Rejected area=12.5 perimeter=16.2 bbox=(451,20,7,4) long=6.0 box_short=3.0 box_aspect=2.000 skeleton_width=2.80 skeleton_range=2.00-4.00 skeleton_aspect=2.143 circularity=0.595
[CLEAN C1671] REJECT Scratch: area 12.5 < 20; long_side 6.0 < 10; skeleton_aspect 2.143 < 2.5
[CLEAN C1671] REJECT Pit: area 12.5 < 32
[CLEAN C1672] type=Rejected area=17.5 perimeter=17.1 bbox=(285,20,6,6) long=5.0 box_short=5.0 box_aspect=1.000 skeleton_width=2.80 skeleton_range=2.00-4.39 skeleton_aspect=1.786 circularity=0.755
[CLEAN C1672] REJECT Scratch: area 17.5 < 20; long_side 5.0 < 10; skeleton_aspect 1.786 < 2.5
[CLEAN C1672] REJECT Pit: area 17.5 < 32
[CLEAN C1673] type=Rejected area=5.0 perimeter=12.8 bbox=(468,18,6,3) long=5.3 box_short=1.7 box_aspect=3.143 skeleton_width=2.00 skeleton_range=2.00-2.00 skeleton_aspect=2.668 circularity=0.382
[CLEAN C1673] REJECT Scratch: area 5.0 < 20; long_side 5.3 < 10
[CLEAN C1673] REJECT Pit: area 5.0 < 32; circularity 0.382 < 0.55
[CLEAN C1674] type=Scratch area=32.5 perimeter=30.2 bbox=(403,18,14,4) long=13.0 box_short=3.0 box_aspect=4.333 skeleton_width=4.00 skeleton_range=2.00-4.00 skeleton_aspect=3.250 circularity=0.447
[MEASURE C1674] Scratch width=0.094101 mm valid=False
[CLEAN C1675] type=Scratch area=137.5 perimeter=90.2 bbox=(5,17,21,29) long=30.3 box_short=11.7 box_aspect=2.584 skeleton_width=2.80 skeleton_range=2.00-8.79 skeleton_aspect=10.836 circularity=0.212
[MEASURE C1675] Scratch 不可测: 划痕最大宽度点超出中央有效测量区域
[CLEAN C1676] type=Rejected area=2.0 perimeter=6.0 bbox=(12,17,3,2) long=2.0 box_short=1.0 box_aspect=2.000 skeleton_width=2.00 skeleton_range=2.00-2.00 skeleton_aspect=1.000 circularity=0.698
[CLEAN C1676] REJECT Scratch: area 2.0 < 20; long_side 2.0 < 10; skeleton_aspect 1.000 < 2.5
[CLEAN C1676] REJECT Pit: area 2.0 < 32
[CLEAN C1677] type=Rejected area=21.0 perimeter=20.0 bbox=(0,17,8,4) long=7.0 box_short=3.0 box_aspect=2.333 skeleton_width=4.00 skeleton_range=2.00-4.00 skeleton_aspect=1.750 circularity=0.660
[CLEAN C1677] REJECT Scratch: long_side 7.0 < 10; skeleton_aspect 1.750 < 2.5
[CLEAN C1677] REJECT Pit: area 21.0 < 32
[CLEAN C1678] type=Rejected area=5.0 perimeter=10.8 bbox=(477,16,5,3) long=4.0 box_short=2.0 box_aspect=2.000 skeleton_width=2.00 skeleton_range=2.00-2.80 skeleton_aspect=2.000 circularity=0.536
[CLEAN C1678] REJECT Scratch: area 5.0 < 20; long_side 4.0 < 10; skeleton_aspect 2.000 < 2.5
[CLEAN C1678] REJECT Pit: area 5.0 < 32; circularity 0.536 < 0.55
[CLEAN C1679] type=Scratch area=23.0 perimeter=28.8 bbox=(315,16,14,3) long=13.0 box_short=2.0 box_aspect=6.500 skeleton_width=3.40 skeleton_range=2.00-4.00 skeleton_aspect=3.824 circularity=0.348
[MEASURE C1679] Scratch width=0.071931 mm valid=False
[CLEAN C1680] type=Scratch area=87.5 perimeter=61.2 bbox=(164,16,18,13) long=15.0 box_short=11.5 box_aspect=1.303 skeleton_width=3.40 skeleton_range=2.00-8.00 skeleton_aspect=4.411 circularity=0.293
[MEASURE C1680] Scratch 不可测: 划痕最大宽度点超出中央有效测量区域
[CLEAN C1681] type=Scratch area=144.0 perimeter=91.9 bbox=(67,16,24,17) long=19.8 box_short=18.4 box_aspect=1.077 skeleton_width=4.39 skeleton_range=2.00-8.00 skeleton_aspect=4.506 circularity=0.214
[MEASURE C1681] Scratch 不可测: 划痕最大宽度点超出中央有效测量区域
[CLEAN C1682] type=Scratch area=52.0 perimeter=36.1 bbox=(371,15,11,12) long=10.6 box_short=9.9 box_aspect=1.071 skeleton_width=4.00 skeleton_range=2.00-6.39 skeleton_aspect=2.652 circularity=0.500
[MEASURE C1682] Scratch width=0.173295 mm valid=False
[CLEAN C1683] type=Scratch area=57.5 perimeter=39.6 bbox=(30,15,13,11) long=11.2 box_short=9.3 box_aspect=1.205 skeleton_width=4.00 skeleton_range=2.00-7.19 skeleton_aspect=2.809 circularity=0.462
[MEASURE C1683] Scratch 不可测: 划痕最大宽度点超出中央有效测量区域
[CLEAN C1684] type=Scratch area=63.0 perimeter=43.3 bbox=(888,14,19,6) long=18.0 box_short=5.0 box_aspect=3.600 skeleton_width=4.39 skeleton_range=2.00-6.00 skeleton_aspect=4.097 circularity=0.422
[MEASURE C1684] Scratch width=0.116218 mm valid=False
[CLEAN C1685] type=Scratch area=52.5 perimeter=51.9 bbox=(846,14,24,5) long=23.0 box_short=4.0 box_aspect=5.750 skeleton_width=3.40 skeleton_range=2.00-4.39 skeleton_aspect=6.765 circularity=0.245
[MEASURE C1685] Scratch width=0.060841 mm valid=False
[CLEAN C1686] type=Rejected area=1.0 perimeter=4.0 bbox=(579,14,2,2) long=1.0 box_short=1.0 box_aspect=1.000 skeleton_width=2.00 skeleton_range=2.00-2.00 skeleton_aspect=0.500 circularity=0.785
[CLEAN C1686] REJECT Scratch: area 1.0 < 20; long_side 1.0 < 10; skeleton_aspect 0.500 < 2.5
[CLEAN C1686] REJECT Pit: area 1.0 < 32
[CLEAN C1687] type=Scratch area=70.5 perimeter=62.7 bbox=(492,14,29,6) long=28.2 box_short=4.7 box_aspect=6.071 skeleton_width=4.00 skeleton_range=2.00-4.39 skeleton_aspect=7.059 circularity=0.225
[MEASURE C1687] Scratch width=0.094142 mm valid=False
[CLEAN C1688] type=Rejected area=4.5 perimeter=9.4 bbox=(211,14,3,4) long=3.0 box_short=2.0 box_aspect=1.500 skeleton_width=2.00 skeleton_range=2.00-2.80 skeleton_aspect=1.500 circularity=0.638
[CLEAN C1688] REJECT Scratch: area 4.5 < 20; long_side 3.0 < 10; skeleton_aspect 1.500 < 2.5
[CLEAN C1688] REJECT Pit: area 4.5 < 32
[CLEAN C1689] type=Rejected area=23.0 perimeter=23.7 bbox=(184,14,9,6) long=8.0 box_short=5.0 box_aspect=1.600 skeleton_width=2.00 skeleton_range=2.00-4.39 skeleton_aspect=4.000 circularity=0.516
[CLEAN C1689] REJECT Scratch: long_side 8.0 < 10
[CLEAN C1689] REJECT Pit: area 23.0 < 32; circularity 0.516 < 0.55
[CLEAN C1690] type=Rejected area=23.0 perimeter=22.5 bbox=(699,13,10,5) long=9.0 box_short=4.0 box_aspect=2.250 skeleton_width=2.80 skeleton_range=2.00-4.39 skeleton_aspect=3.214 circularity=0.572
[CLEAN C1690] REJECT Scratch: long_side 9.0 < 10
[CLEAN C1690] REJECT Pit: area 23.0 < 32
[CLEAN C1691] type=Pit area=51.0 perimeter=29.7 bbox=(197,13,10,8) long=9.0 box_short=7.0 box_aspect=1.286 skeleton_width=4.39 skeleton_range=2.00-8.00 skeleton_aspect=2.048 circularity=0.729
[MEASURE C1691] Pit 不可测: 凹点中心超出中央有效测量区域
[CLEAN C1692] type=Scratch area=161.0 perimeter=122.8 bbox=(128,13,34,15) long=33.5 box_short=13.1 box_aspect=2.558 skeleton_width=4.00 skeleton_range=2.00-7.19 skeleton_aspect=8.381 circularity=0.134
[MEASURE C1692] Scratch 不可测: 划痕最大宽度点超出中央有效测量区域
[CLEAN C1693] type=Scratch area=96.5 perimeter=43.6 bbox=(101,13,15,11) long=14.0 box_short=10.0 box_aspect=1.400 skeleton_width=5.60 skeleton_range=2.00-9.99 skeleton_aspect=2.500 circularity=0.639
[MEASURE C1693] Scratch 不可测: 划痕最大宽度点超出中央有效测量区域
[CLEAN C1694] type=Rejected area=10.0 perimeter=12.8 bbox=(93,12,4,5) long=4.0 box_short=3.0 box_aspect=1.333 skeleton_width=2.80 skeleton_range=2.00-4.00 skeleton_aspect=1.429 circularity=0.764
[CLEAN C1694] REJECT Scratch: area 10.0 < 20; long_side 4.0 < 10; skeleton_aspect 1.429 < 2.5
[CLEAN C1694] REJECT Pit: area 10.0 < 32
[CLEAN C1695] type=Rejected area=1.0 perimeter=4.0 bbox=(686,11,2,2) long=1.0 box_short=1.0 box_aspect=1.000 skeleton_width=2.00 skeleton_range=2.00-2.00 skeleton_aspect=0.500 circularity=0.785
[CLEAN C1695] REJECT Scratch: area 1.0 < 20; long_side 1.0 < 10; skeleton_aspect 0.500 < 2.5
[CLEAN C1695] REJECT Pit: area 1.0 < 32
[CLEAN C1696] type=Rejected area=3.0 perimeter=8.0 bbox=(541,11,4,2) long=3.0 box_short=1.0 box_aspect=3.000 skeleton_width=2.00 skeleton_range=2.00-2.00 skeleton_aspect=1.500 circularity=0.589
[CLEAN C1696] REJECT Scratch: area 3.0 < 20; long_side 3.0 < 10; skeleton_aspect 1.500 < 2.5
[CLEAN C1696] REJECT Pit: area 3.0 < 32
[CLEAN C1697] type=Rejected area=1.0 perimeter=4.0 bbox=(442,11,2,2) long=1.0 box_short=1.0 box_aspect=1.000 skeleton_width=2.00 skeleton_range=2.00-2.00 skeleton_aspect=0.500 circularity=0.785
[CLEAN C1697] REJECT Scratch: area 1.0 < 20; long_side 1.0 < 10; skeleton_aspect 0.500 < 2.5
[CLEAN C1697] REJECT Pit: area 1.0 < 32
[CLEAN C1698] type=Scratch area=82.0 perimeter=46.6 bbox=(48,11,16,14) long=19.1 box_short=7.8 box_aspect=2.455 skeleton_width=4.39 skeleton_range=2.00-7.19 skeleton_aspect=4.345 circularity=0.474
[MEASURE C1698] Scratch 不可测: 划痕最大宽度点超出中央有效测量区域
[CLEAN C1699] type=Rejected area=8.0 perimeter=16.8 bbox=(1215,10,3,8) long=7.0 box_short=2.0 box_aspect=3.500 skeleton_width=2.00 skeleton_range=2.00-2.80 skeleton_aspect=3.500 circularity=0.355
[CLEAN C1699] REJECT Scratch: area 8.0 < 20; long_side 7.0 < 10
[CLEAN C1699] REJECT Pit: area 8.0 < 32; circularity 0.355 < 0.55
[CLEAN C1700] type=Scratch area=43.5 perimeter=42.4 bbox=(271,10,9,16) long=16.5 box_short=6.2 box_aspect=2.667 skeleton_width=2.80 skeleton_range=2.00-5.60 skeleton_aspect=5.880 circularity=0.304
[MEASURE C1700] Scratch width=0.195671 mm valid=False
[CLEAN C1701] type=Rejected area=18.5 perimeter=23.4 bbox=(171,10,11,3) long=10.0 box_short=2.0 box_aspect=5.000 skeleton_width=4.00 skeleton_range=2.00-4.00 skeleton_aspect=2.500 circularity=0.424
[CLEAN C1701] REJECT Scratch: area 18.5 < 20
[CLEAN C1701] REJECT Pit: area 18.5 < 32; circularity 0.424 < 0.55
[CLEAN C1702] type=Pit area=47.5 perimeter=29.1 bbox=(459,9,11,7) long=10.0 box_short=6.0 box_aspect=1.667 skeleton_width=4.39 skeleton_range=2.00-7.19 skeleton_aspect=2.276 circularity=0.706
[MEASURE C1702] Pit diameter=0.249534 mm valid=False
[CLEAN C1703] type=Scratch area=112.0 perimeter=77.8 bbox=(424,9,23,16) long=22.0 box_short=15.0 box_aspect=1.467 skeleton_width=4.00 skeleton_range=2.00-6.39 skeleton_aspect=5.500 circularity=0.233
[MEASURE C1703] Scratch width=0.166697 mm valid=False
[CLEAN C1704] type=Rejected area=5.0 perimeter=8.8 bbox=(318,9,3,4) long=3.0 box_short=2.0 box_aspect=1.500 skeleton_width=2.40 skeleton_range=2.00-2.80 skeleton_aspect=1.250 circularity=0.806
[CLEAN C1704] REJECT Scratch: area 5.0 < 20; long_side 3.0 < 10; skeleton_aspect 1.250 < 2.5
[CLEAN C1704] REJECT Pit: area 5.0 < 32
[CLEAN C1705] type=Rejected area=2.0 perimeter=6.0 bbox=(308,9,2,3) long=2.0 box_short=1.0 box_aspect=2.000 skeleton_width=2.00 skeleton_range=2.00-2.00 skeleton_aspect=1.000 circularity=0.698
[CLEAN C1705] REJECT Scratch: area 2.0 < 20; long_side 2.0 < 10; skeleton_aspect 1.000 < 2.5
[CLEAN C1705] REJECT Pit: area 2.0 < 32
[CLEAN C1706] type=Scratch area=376.5 perimeter=225.8 bbox=(208,9,63,19) long=62.0 box_short=18.0 box_aspect=3.444 skeleton_width=4.00 skeleton_range=2.00-9.99 skeleton_aspect=15.500 circularity=0.093
[MEASURE C1706] Scratch 不可测: 划痕最大宽度点超出中央有效测量区域
[CLEAN C1707] type=Rejected area=1.0 perimeter=4.0 bbox=(367,8,2,2) long=1.0 box_short=1.0 box_aspect=1.000 skeleton_width=2.00 skeleton_range=2.00-2.00 skeleton_aspect=0.500 circularity=0.785
[CLEAN C1707] REJECT Scratch: area 1.0 < 20; long_side 1.0 < 10; skeleton_aspect 0.500 < 2.5
[CLEAN C1707] REJECT Pit: area 1.0 < 32
[CLEAN C1708] type=Scratch area=170.0 perimeter=97.6 bbox=(346,8,21,22) long=21.7 box_short=17.3 box_aspect=1.259 skeleton_width=4.39 skeleton_range=2.00-8.39 skeleton_aspect=4.944 circularity=0.224
[MEASURE C1708] Scratch width=0.250046 mm valid=True
Scratch: area = 170.0 width_px = 4.393799781799316 width_mm = 0.2500457656786797 ratio = 4.943599336087408
[CLEAN C1709] type=Rejected area=6.5 perimeter=11.4 bbox=(155,8,5,3) long=4.0 box_short=2.0 box_aspect=2.000 skeleton_width=2.00 skeleton_range=2.00-4.00 skeleton_aspect=2.000 circularity=0.627
[CLEAN C1709] REJECT Scratch: area 6.5 < 20; long_side 4.0 < 10; skeleton_aspect 2.000 < 2.5
[CLEAN C1709] REJECT Pit: area 6.5 < 32
[CLEAN C1710] type=Rejected area=3.5 perimeter=7.4 bbox=(189,7,3,3) long=2.0 box_short=2.0 box_aspect=1.000 skeleton_width=2.00 skeleton_range=2.00-2.80 skeleton_aspect=1.000 circularity=0.800
[CLEAN C1710] REJECT Scratch: area 3.5 < 20; long_side 2.0 < 10; skeleton_aspect 1.000 < 2.5
[CLEAN C1710] REJECT Pit: area 3.5 < 32
[CLEAN C1711] type=Rejected area=6.5 perimeter=10.2 bbox=(130,7,4,4) long=4.2 box_short=2.1 box_aspect=2.000 skeleton_width=2.80 skeleton_range=2.00-2.80 skeleton_aspect=1.515 circularity=0.779
[CLEAN C1711] REJECT Scratch: area 6.5 < 20; long_side 4.2 < 10; skeleton_aspect 1.515 < 2.5
[CLEAN C1711] REJECT Pit: area 6.5 < 32
[CLEAN C1712] type=Scratch area=175.5 perimeter=148.5 bbox=(291,6,50,21) long=51.1 box_short=15.3 box_aspect=3.339 skeleton_width=2.80 skeleton_range=2.00-10.00 skeleton_aspect=18.240 circularity=0.100
[MEASURE C1712] Scratch width=0.329745 mm valid=True
Scratch: area = 175.5 width_px = 2.799999952316284 width_mm = 0.32974532058156597 ratio = 18.239927602494234
[CLEAN C1713] type=Rejected area=1.0 perimeter=4.0 bbox=(444,5,2,2) long=1.0 box_short=1.0 box_aspect=1.000 skeleton_width=2.00 skeleton_range=2.00-2.00 skeleton_aspect=0.500 circularity=0.785
[CLEAN C1713] REJECT Scratch: area 1.0 < 20; long_side 1.0 < 10; skeleton_aspect 0.500 < 2.5
[CLEAN C1713] REJECT Pit: area 1.0 < 32
[CLEAN C1714] type=Scratch area=198.0 perimeter=89.5 bbox=(855,4,39,10) long=38.0 box_short=9.0 box_aspect=4.222 skeleton_width=6.39 skeleton_range=2.00-8.79 skeleton_aspect=5.943 circularity=0.311
[MEASURE C1714] Scratch width=0.204844 mm valid=False
[CLEAN C1715] type=Rejected area=5.0 perimeter=12.0 bbox=(470,4,6,2) long=5.0 box_short=1.0 box_aspect=5.000 skeleton_width=2.00 skeleton_range=2.00-2.00 skeleton_aspect=2.500 circularity=0.436
[CLEAN C1715] REJECT Scratch: area 5.0 < 20; long_side 5.0 < 10
[CLEAN C1715] REJECT Pit: area 5.0 < 32; circularity 0.436 < 0.55
[CLEAN C1716] type=Rejected area=2.0 perimeter=6.0 bbox=(209,4,3,2) long=2.0 box_short=1.0 box_aspect=2.000 skeleton_width=2.00 skeleton_range=2.00-2.00 skeleton_aspect=1.000 circularity=0.698
[CLEAN C1716] REJECT Scratch: area 2.0 < 20; long_side 2.0 < 10; skeleton_aspect 1.000 < 2.5
[CLEAN C1716] REJECT Pit: area 2.0 < 32
[CLEAN C1717] type=Rejected area=9.5 perimeter=13.4 bbox=(201,4,6,3) long=5.0 box_short=2.0 box_aspect=2.500 skeleton_width=2.80 skeleton_range=2.00-4.00 skeleton_aspect=1.786 circularity=0.663
[CLEAN C1717] REJECT Scratch: area 9.5 < 20; long_side 5.0 < 10; skeleton_aspect 1.786 < 2.5
[CLEAN C1717] REJECT Pit: area 9.5 < 32
[CLEAN C1718] type=Rejected area=1.0 perimeter=4.0 bbox=(118,4,2,2) long=1.0 box_short=1.0 box_aspect=1.000 skeleton_width=2.00 skeleton_range=2.00-2.00 skeleton_aspect=0.500 circularity=0.785
[CLEAN C1718] REJECT Scratch: area 1.0 < 20; long_side 1.0 < 10; skeleton_aspect 0.500 < 2.5
[CLEAN C1718] REJECT Pit: area 1.0 < 32
[CLEAN C1719] type=Rejected area=2.0 perimeter=6.0 bbox=(111,4,3,2) long=2.0 box_short=1.0 box_aspect=2.000 skeleton_width=2.00 skeleton_range=2.00-2.00 skeleton_aspect=1.000 circularity=0.698
[CLEAN C1719] REJECT Scratch: area 2.0 < 20; long_side 2.0 < 10; skeleton_aspect 1.000 < 2.5
[CLEAN C1719] REJECT Pit: area 2.0 < 32
[CLEAN C1720] type=Rejected area=1.0 perimeter=4.0 bbox=(259,3,2,2) long=1.0 box_short=1.0 box_aspect=1.000 skeleton_width=2.00 skeleton_range=2.00-2.00 skeleton_aspect=0.500 circularity=0.785
[CLEAN C1720] REJECT Scratch: area 1.0 < 20; long_side 1.0 < 10; skeleton_aspect 0.500 < 2.5
[CLEAN C1720] REJECT Pit: area 1.0 < 32
[CLEAN C1721] type=Rejected area=17.0 perimeter=23.3 bbox=(36,3,9,7) long=10.0 box_short=3.2 box_aspect=3.125 skeleton_width=2.80 skeleton_range=2.00-4.00 skeleton_aspect=3.571 circularity=0.393
[CLEAN C1721] REJECT Scratch: area 17.0 < 20
[CLEAN C1721] REJECT Pit: area 17.0 < 32; circularity 0.393 < 0.55
[CLEAN C1722] type=Scratch area=169.5 perimeter=80.0 bbox=(820,2,33,10) long=32.0 box_short=9.0 box_aspect=3.556 skeleton_width=6.00 skeleton_range=2.00-8.79 skeleton_aspect=5.333 circularity=0.332
[MEASURE C1722] Scratch width=0.204702 mm valid=False
[CLEAN C1723] type=Rejected area=1.0 perimeter=4.0 bbox=(23,2,2,2) long=1.0 box_short=1.0 box_aspect=1.000 skeleton_width=2.00 skeleton_range=2.00-2.00 skeleton_aspect=0.500 circularity=0.785
[CLEAN C1723] REJECT Scratch: area 1.0 < 20; long_side 1.0 < 10; skeleton_aspect 0.500 < 2.5
[CLEAN C1723] REJECT Pit: area 1.0 < 32
[CLEAN C1724] type=Scratch area=1666.0 perimeter=1016.7 bbox=(1347,0,9,496) long=495.0 box_short=7.8 box_aspect=63.702 skeleton_width=4.00 skeleton_range=2.00-6.39 skeleton_aspect=123.757 circularity=0.020
[MEASURE C1724] Scratch 不可测: 划痕最大宽度点超出中央有效测量区域
[CLEAN C1725] type=Scratch area=1515.0 perimeter=725.9 bbox=(1327,0,18,323) long=322.4 box_short=12.6 box_aspect=25.547 skeleton_width=4.39 skeleton_range=2.00-10.79 skeleton_aspect=73.373 circularity=0.036
[MEASURE C1725] Scratch 不可测: 划痕最大宽度点超出中央有效测量区域
[CLEAN C1726] type=Rejected area=7.0 perimeter=12.8 bbox=(1095,0,6,3) long=5.0 box_short=2.0 box_aspect=2.500 skeleton_width=2.00 skeleton_range=2.00-2.80 skeleton_aspect=2.500 circularity=0.535
[CLEAN C1726] REJECT Scratch: area 7.0 < 20; long_side 5.0 < 10
[CLEAN C1726] REJECT Pit: area 7.0 < 32; circularity 0.535 < 0.55
[CLEAN C1727] type=Scratch area=87.0 perimeter=99.7 bbox=(1044,0,49,3) long=48.0 box_short=2.0 box_aspect=24.000 skeleton_width=4.00 skeleton_range=2.00-4.00 skeleton_aspect=12.000 circularity=0.110
[MEASURE C1727] Scratch width=0.071974 mm valid=False
[CLEAN C1728] type=Scratch area=504.5 perimeter=294.9 bbox=(898,0,141,8) long=140.0 box_short=7.0 box_aspect=20.000 skeleton_width=4.00 skeleton_range=2.00-8.00 skeleton_aspect=35.000 circularity=0.073
[MEASURE C1728] Scratch width=0.183070 mm valid=False
[CLEAN C1729] type=Scratch area=415.0 perimeter=253.8 bbox=(695,0,122,7) long=121.0 box_short=6.0 box_aspect=20.167 skeleton_width=4.00 skeleton_range=2.00-6.39 skeleton_aspect=30.250 circularity=0.081
[MEASURE C1729] Scratch width=0.116153 mm valid=False
[CLEAN C1730] type=Rejected area=12.0 perimeter=16.0 bbox=(686,0,7,3) long=6.0 box_short=2.0 box_aspect=3.000 skeleton_width=4.00 skeleton_range=2.00-4.00 skeleton_aspect=1.500 circularity=0.589
[CLEAN C1730] REJECT Scratch: area 12.0 < 20; long_side 6.0 < 10; skeleton_aspect 1.500 < 2.5
[CLEAN C1730] REJECT Pit: area 12.0 < 32
[CLEAN C1731] type=Scratch area=616.5 perimeter=426.3 bbox=(480,0,201,7) long=200.0 box_short=6.0 box_aspect=33.333 skeleton_width=4.00 skeleton_range=2.00-6.39 skeleton_aspect=50.000 circularity=0.043
[MEASURE C1731] Scratch width=0.116153 mm valid=False
[CLEAN C1732] type=Rejected area=6.0 perimeter=10.0 bbox=(417,0,4,3) long=3.0 box_short=2.0 box_aspect=1.500 skeleton_width=2.00 skeleton_range=2.00-4.00 skeleton_aspect=1.500 circularity=0.754
[CLEAN C1732] REJECT Scratch: area 6.0 < 20; long_side 3.0 < 10; skeleton_aspect 1.500 < 2.5
[CLEAN C1732] REJECT Pit: area 6.0 < 32
[CLEAN C1733] type=Rejected area=18.5 perimeter=20.2 bbox=(402,0,8,5) long=7.0 box_short=4.0 box_aspect=1.750 skeleton_width=4.00 skeleton_range=2.00-4.39 skeleton_aspect=1.750 circularity=0.567
[CLEAN C1733] REJECT Scratch: area 18.5 < 20; long_side 7.0 < 10; skeleton_aspect 1.750 < 2.5
[CLEAN C1733] REJECT Pit: area 18.5 < 32
[CLEAN C1734] type=Rejected area=13.0 perimeter=16.8 bbox=(385,0,8,3) long=7.0 box_short=2.0 box_aspect=3.500 skeleton_width=3.40 skeleton_range=2.00-4.00 skeleton_aspect=2.059 circularity=0.577
[CLEAN C1734] REJECT Scratch: area 13.0 < 20; long_side 7.0 < 10; skeleton_aspect 2.059 < 2.5
[CLEAN C1734] REJECT Pit: area 13.0 < 32
[CLEAN C1735] type=Rejected area=3.0 perimeter=8.0 bbox=(379,0,4,2) long=3.0 box_short=1.0 box_aspect=3.000 skeleton_width=2.00 skeleton_range=2.00-2.00 skeleton_aspect=1.500 circularity=0.589
[CLEAN C1735] REJECT Scratch: area 3.0 < 20; long_side 3.0 < 10; skeleton_aspect 1.500 < 2.5
[CLEAN C1735] REJECT Pit: area 3.0 < 32
[CLEAN C1736] type=Rejected area=1.0 perimeter=4.0 bbox=(316,0,2,2) long=1.0 box_short=1.0 box_aspect=1.000 skeleton_width=2.00 skeleton_range=2.00-2.00 skeleton_aspect=0.500 circularity=0.785
[CLEAN C1736] REJECT Scratch: area 1.0 < 20; long_side 1.0 < 10; skeleton_aspect 0.500 < 2.5
[CLEAN C1736] REJECT Pit: area 1.0 < 32
[CLEAN C1737] type=Rejected area=21.0 perimeter=18.8 bbox=(88,0,7,5) long=6.0 box_short=4.0 box_aspect=1.500 skeleton_width=3.40 skeleton_range=2.00-6.00 skeleton_aspect=1.765 circularity=0.744
[CLEAN C1737] REJECT Scratch: long_side 6.0 < 10; skeleton_aspect 1.765 < 2.5
[CLEAN C1737] REJECT Pit: area 21.0 < 32
[CLEAN C1738] type=Rejected area=4.0 perimeter=8.0 bbox=(77,0,3,3) long=2.0 box_short=2.0 box_aspect=1.000 skeleton_width=2.00 skeleton_range=2.00-4.00 skeleton_aspect=1.000 circularity=0.785
[CLEAN C1738] REJECT Scratch: area 4.0 < 20; long_side 2.0 < 10; skeleton_aspect 1.000 < 2.5
[CLEAN C1738] REJECT Pit: area 4.0 < 32
[CLEAN C1739] type=Rejected area=11.5 perimeter=13.4 bbox=(66,0,5,4) long=4.0 box_short=3.0 box_aspect=1.333 skeleton_width=4.00 skeleton_range=2.00-4.00 skeleton_aspect=1.000 circularity=0.803
[CLEAN C1739] REJECT Scratch: area 11.5 < 20; long_side 4.0 < 10; skeleton_aspect 1.000 < 2.5
[CLEAN C1739] REJECT Pit: area 11.5 < 32
[DEBUG] 阈值轮廓: 3485 清理后轮廓: 1740
[DEBUG] 颜色: 红色=Scratch 绿色=Pit 黄色=Rejected
[DEBUG] 调试图片目录: D:\Code\Py\钢轴项目\debug\_picture\run_20261007_171200_510
[PIPELINE] 图片和日志保存目录: D:\Code\Py\钢轴项目\debug\_picture\run_20261007_171200_510
[SUMMARY] Raw=3485 Clean=1740 形状拒绝=1347 不可测=136 尺寸不足=229 Scratch=8 Pit=20
[PIPELINE] 检测完成
