[PIPELINE] 原图=4096x2304 ROI=(1073, 395, 1276, 940) D_mm=30.0
[PIPELINE] 当前尺寸门槛=0.25 mm
=== 钢轴标定结果 ===
主体 bounding box: x0=0, y0=0, w=1276, h=940
中间测量行: y=[188, 752)
有效测量行: 564/564
D_mm = 30.000000 mm
D_px = 1276.000000 px
x_c  = 637.500000 px
R_px = 638.000000 px
R_mm = 15.000000 mm
k    = 0.023510972 mm/px
[MASK M0] area=0.0 perimeter=2.0 bbox=(768,939,2,1)
[MASK M1] area=0.0 perimeter=2.0 bbox=(756,939,2,1)
[MASK M2] area=2.0 perimeter=6.0 bbox=(940,938,3,2)
[MASK M3] area=1.0 perimeter=4.8 bbox=(745,938,3,2)
[MASK M4] area=0.0 perimeter=2.0 bbox=(739,938,1,2)
[MASK M5] area=0.0 perimeter=0.0 bbox=(723,938,1,1)
[MASK M6] area=0.5 perimeter=3.4 bbox=(551,938,2,2)
[MASK M7] area=0.5 perimeter=3.4 bbox=(488,938,2,2)
[MASK M8] area=2.5 perimeter=7.4 bbox=(426,938,4,2)
[MASK M9] area=2.5 perimeter=7.4 bbox=(677,937,3,3)
[MASK M10] area=3.0 perimeter=6.8 bbox=(538,937,3,3)
[MASK M11] area=3.5 perimeter=8.2 bbox=(410,937,4,3)
[MASK M12] area=14.0 perimeter=19.7 bbox=(304,936,9,4)
[MASK M13] area=56.0 perimeter=78.1 bbox=(209,936,38,4)
[MASK M14] area=14.0 perimeter=18.8 bbox=(1089,935,9,3)
[MASK M15] area=12.0 perimeter=22.5 bbox=(1069,935,11,3)
[MASK M16] area=0.0 perimeter=2.0 bbox=(728,935,2,1)
[MASK M17] area=0.0 perimeter=2.0 bbox=(538,935,2,1)
[MASK M18] area=18.5 perimeter=18.2 bbox=(319,934,6,6)
[MASK M19] area=5.5 perimeter=9.4 bbox=(1137,933,4,3)
[MASK M20] area=59.0 perimeter=65.5 bbox=(1105,933,27,5)
[MASK M21] area=7.0 perimeter=22.5 bbox=(197,933,11,3)
[MASK M22] area=0.0 perimeter=2.0 bbox=(1189,932,2,1)
[MASK M23] area=130.0 perimeter=142.8 bbox=(878,932,65,8)
[MASK M24] area=94.0 perimeter=106.3 bbox=(251,932,44,8)
[MASK M25] area=121.0 perimeter=106.4 bbox=(1143,931,45,6)
[MASK M26] area=1.0 perimeter=4.8 bbox=(1034,931,2,3)
[MASK M27] area=6.5 perimeter=10.2 bbox=(957,931,4,4)
[MASK M28] area=3.0 perimeter=8.8 bbox=(943,931,4,3)
[MASK M29] area=21.5 perimeter=23.6 bbox=(710,931,8,8)
[MASK M30] area=0.0 perimeter=2.0 bbox=(332,931,1,2)
[MASK M31] area=0.0 perimeter=2.0 bbox=(1237,930,2,1)
[MASK M32] area=26.5 perimeter=27.1 bbox=(1193,930,12,5)
[MASK M33] area=45.5 perimeter=29.1 bbox=(520,930,8,10)
[MASK M34] area=0.5 perimeter=3.4 bbox=(379,930,2,2)
[MASK M35] area=0.5 perimeter=6.2 bbox=(175,930,3,3)
[MASK M36] area=0.0 perimeter=0.0 bbox=(173,930,1,1)
[MASK M37] area=94.0 perimeter=69.5 bbox=(1207,929,29,7)
[MASK M38] area=0.0 perimeter=0.0 bbox=(1059,928,1,1)
[MASK M39] area=13.5 perimeter=16.2 bbox=(625,928,4,7)
[MASK M40] area=7.5 perimeter=13.1 bbox=(179,928,6,4)
[MASK M41] area=0.0 perimeter=0.0 bbox=(169,928,1,1)
[MASK M42] area=0.5 perimeter=3.4 bbox=(156,928,2,2)
[MASK M43] area=0.0 perimeter=0.0 bbox=(1,928,1,1)
[MASK M44] area=96.5 perimeter=74.9 bbox=(1243,927,33,6)
[MASK M45] area=1.0 perimeter=4.8 bbox=(1045,927,2,3)
[MASK M46] area=0.0 perimeter=2.0 bbox=(302,927,1,2)
[MASK M47] area=0.5 perimeter=3.4 bbox=(297,927,2,2)
[MASK M48] area=0.5 perimeter=6.2 bbox=(159,927,3,2)
[MASK M49] area=0.0 perimeter=0.0 bbox=(1075,926,1,1)
[MASK M50] area=11.0 perimeter=13.7 bbox=(163,926,5,5)
[MASK M51] area=0.0 perimeter=0.0 bbox=(26,926,1,1)
[MASK M52] area=4.5 perimeter=8.2 bbox=(1133,925,3,4)
[MASK M53] area=15.5 perimeter=18.7 bbox=(147,925,7,6)
[MASK M54] area=20.0 perimeter=22.1 bbox=(632,924,6,10)
[MASK M55] area=4.0 perimeter=17.7 bbox=(275,924,9,3)
[MASK M56] area=0.0 perimeter=0.0 bbox=(1029,923,1,1)
[MASK M57] area=15.0 perimeter=16.5 bbox=(682,923,6,6)
[MASK M58] area=9.5 perimeter=20.2 bbox=(551,923,3,10)
[MASK M59] area=70.0 perimeter=42.5 bbox=(449,923,8,17)
[MASK M60] area=0.0 perimeter=2.0 bbox=(272,923,2,1)
[MASK M61] area=0.0 perimeter=0.0 bbox=(84,923,1,1)
[MASK M62] area=13.5 perimeter=16.2 bbox=(700,922,4,6)
[MASK M63] area=0.0 perimeter=2.0 bbox=(538,922,1,2)
[MASK M64] area=0.0 perimeter=0.0 bbox=(505,922,1,1)
[MASK M65] area=0.0 perimeter=0.0 bbox=(287,922,1,1)
[MASK M66] area=5.5 perimeter=12.2 bbox=(132,922,4,5)
[MASK M67] area=0.0 perimeter=0.0 bbox=(42,922,1,1)
[MASK M68] area=0.0 perimeter=2.8 bbox=(826,921,2,2)
[MASK M69] area=9.0 perimeter=13.7 bbox=(139,921,5,5)
[MASK M70] area=2.5 perimeter=10.2 bbox=(1180,920,5,3)
[MASK M71] area=4.5 perimeter=13.1 bbox=(990,920,6,3)
[MASK M72] area=0.0 perimeter=2.0 bbox=(552,920,1,2)
[MASK M73] area=0.0 perimeter=0.0 bbox=(1222,919,1,1)
[MASK M74] area=0.0 perimeter=2.0 bbox=(1247,918,2,1)
[MASK M75] area=7.0 perimeter=15.7 bbox=(1226,918,8,3)
[MASK M76] area=4.5 perimeter=9.1 bbox=(1186,918,4,4)
[MASK M77] area=10.0 perimeter=16.5 bbox=(1174,918,7,4)
[MASK M78] area=1.0 perimeter=4.8 bbox=(1156,918,2,3)
[MASK M79] area=12.5 perimeter=17.1 bbox=(998,918,8,4)
[MASK M80] area=0.0 perimeter=2.8 bbox=(847,918,2,2)
[MASK M81] area=17.5 perimeter=18.2 bbox=(225,918,4,8)
[MASK M82] area=0.5 perimeter=3.4 bbox=(1160,917,2,2)
[MASK M83] area=0.0 perimeter=0.0 bbox=(550,916,1,1)
[MASK M84] area=6.5 perimeter=13.1 bbox=(725,915,5,5)
[MASK M85] area=1.5 perimeter=7.4 bbox=(231,915,2,4)
[MASK M86] area=96.5 perimeter=98.7 bbox=(88,915,39,9)
[MASK M87] area=3.0 perimeter=8.8 bbox=(75,915,5,2)
[MASK M88] area=0.0 perimeter=0.0 bbox=(864,914,1,1)
[MASK M89] area=162.0 perimeter=151.1 bbox=(0,914,71,7)
[MASK M90] area=47.5 perimeter=66.5 bbox=(1017,913,23,7)
[MASK M91] area=41.0 perimeter=32.1 bbox=(1041,912,13,8)
[MASK M92] area=5.0 perimeter=19.3 bbox=(869,912,6,4)
[MASK M93] area=46.0 perimeter=51.0 bbox=(1073,911,23,6)
[MASK M94] area=68.5 perimeter=43.6 bbox=(1055,911,17,8)
[MASK M95] area=21.5 perimeter=23.9 bbox=(1102,910,11,5)
[MASK M96] area=0.0 perimeter=0.0 bbox=(706,910,1,1)
[MASK M97] area=0.0 perimeter=2.8 bbox=(65,909,2,2)
[MASK M98] area=40.5 perimeter=57.4 bbox=(883,908,21,6)
[MASK M99] area=34.5 perimeter=23.9 bbox=(635,908,8,8)
[MASK M100] area=5.0 perimeter=8.8 bbox=(9,908,4,3)
[MASK M101] area=0.0 perimeter=2.0 bbox=(1258,907,1,2)
[MASK M102] area=0.0 perimeter=2.0 bbox=(1109,906,2,1)
[MASK M103] area=0.0 perimeter=2.0 bbox=(737,906,1,2)
[MASK M104] area=0.0 perimeter=0.0 bbox=(705,905,1,1)
[MASK M105] area=102.5 perimeter=47.6 bbox=(409,905,8,20)
[MASK M106] area=130.0 perimeter=101.9 bbox=(68,905,45,8)
[MASK M107] area=0.0 perimeter=0.0 bbox=(719,904,1,1)
[MASK M108] area=0.0 perimeter=2.0 bbox=(658,904,1,2)
[MASK M109] area=1.0 perimeter=4.0 bbox=(150,904,2,2)
[MASK M110] area=0.0 perimeter=2.0 bbox=(37,904,2,1)
[MASK M111] area=1.5 perimeter=5.4 bbox=(913,903,2,3)
[MASK M112] area=0.0 perimeter=0.0 bbox=(879,903,1,1)
[MASK M113] area=26.0 perimeter=29.3 bbox=(712,903,5,14)
[MASK M114] area=4.5 perimeter=8.2 bbox=(929,901,3,4)
[MASK M115] area=4.5 perimeter=9.4 bbox=(469,901,3,4)
[MASK M116] area=7.5 perimeter=15.1 bbox=(139,901,6,5)
[MASK M117] area=0.5 perimeter=3.4 bbox=(1257,900,2,2)
[MASK M118] area=12.0 perimeter=20.8 bbox=(1093,900,10,3)
[MASK M119] area=54.0 perimeter=77.9 bbox=(1055,900,35,5)
[MASK M120] area=1.5 perimeter=5.4 bbox=(660,900,3,2)
[MASK M121] area=321.0 perimeter=290.9 bbox=(1114,899,138,9)
[MASK M122] area=11.0 perimeter=23.7 bbox=(1119,899,12,3)
[MASK M123] area=12.0 perimeter=15.7 bbox=(1106,899,7,4)
[MASK M124] area=0.0 perimeter=0.0 bbox=(1090,899,1,1)
[MASK M125] area=18.5 perimeter=25.6 bbox=(916,899,8,7)
[MASK M126] area=4.5 perimeter=10.2 bbox=(465,899,4,4)
[MASK M127] area=10.5 perimeter=18.2 bbox=(1147,898,9,3)
[MASK M128] area=66.5 perimeter=38.4 bbox=(693,898,9,16)
[MASK M129] area=0.0 perimeter=0.0 bbox=(684,898,1,1)
[MASK M130] area=7.5 perimeter=15.1 bbox=(71,898,7,3)
[MASK M131] area=42.5 perimeter=42.4 bbox=(122,897,15,9)
[MASK M132] area=7.5 perimeter=14.2 bbox=(1176,896,7,3)
[MASK M133] area=15.5 perimeter=25.6 bbox=(871,896,7,9)
[MASK M134] area=0.5 perimeter=3.4 bbox=(216,896,2,2)
[MASK M135] area=0.0 perimeter=2.0 bbox=(113,896,2,1)
[MASK M136] area=1.5 perimeter=7.4 bbox=(1272,895,4,2)
[MASK M137] area=1.0 perimeter=4.0 bbox=(1266,894,2,2)
[MASK M138] area=3.5 perimeter=14.2 bbox=(383,894,3,7)
[MASK M139] area=2.5 perimeter=6.2 bbox=(10,894,3,3)
[MASK M140] area=0.0 perimeter=0.0 bbox=(1194,893,1,1)
[MASK M141] area=0.0 perimeter=6.0 bbox=(1186,893,4,1)
[MASK M142] area=1.0 perimeter=4.8 bbox=(630,893,3,2)
[MASK M143] area=51.0 perimeter=49.0 bbox=(51,893,20,6)
[MASK M144] area=1.5 perimeter=5.4 bbox=(28,893,2,3)
[MASK M145] area=1.0 perimeter=4.8 bbox=(1179,892,3,2)
[MASK M146] area=1.5 perimeter=6.2 bbox=(957,892,3,3)
[MASK M147] area=0.0 perimeter=2.0 bbox=(762,892,2,1)
[MASK M148] area=0.0 perimeter=0.0 bbox=(680,892,1,1)
[MASK M149] area=0.0 perimeter=2.8 bbox=(579,892,2,2)
[MASK M150] area=97.5 perimeter=47.6 bbox=(448,892,8,21)
[MASK M151] area=4.5 perimeter=11.4 bbox=(1213,891,6,2)
[MASK M152] area=0.0 perimeter=0.0 bbox=(935,891,1,1)
[MASK M153] area=0.0 perimeter=2.0 bbox=(929,891,2,1)
[MASK M154] area=1.0 perimeter=4.8 bbox=(714,891,2,3)
[MASK M155] area=0.5 perimeter=5.4 bbox=(618,891,3,2)
[MASK M156] area=5.5 perimeter=9.4 bbox=(109,891,3,4)
[MASK M157] area=0.0 perimeter=2.0 bbox=(1001,890,2,1)
[MASK M158] area=0.0 perimeter=0.0 bbox=(693,890,1,1)
[MASK M159] area=0.0 perimeter=0.0 bbox=(439,890,1,1)
[MASK M160] area=2.5 perimeter=9.4 bbox=(1264,889,5,2)
[MASK M161] area=0.0 perimeter=4.8 bbox=(831,889,2,3)
[MASK M162] area=49.5 perimeter=26.7 bbox=(592,889,9,9)
[MASK M163] area=0.0 perimeter=0.0 bbox=(1214,887,1,1)
[MASK M164] area=4.5 perimeter=12.2 bbox=(628,887,4,5)
[MASK M165] area=0.5 perimeter=5.4 bbox=(252,887,3,2)
[MASK M166] area=0.5 perimeter=3.4 bbox=(198,887,2,2)
[MASK M167] area=7.0 perimeter=21.7 bbox=(143,887,3,9)
[MASK M168] area=0.5 perimeter=3.4 bbox=(1237,886,2,2)
[MASK M169] area=27.5 perimeter=25.9 bbox=(116,886,7,10)
[MASK M170] area=81.0 perimeter=92.1 bbox=(883,885,25,18)
[MASK M171] area=18.0 perimeter=31.7 bbox=(6,885,14,4)
[MASK M172] area=2.5 perimeter=11.4 bbox=(1250,884,6,2)
[MASK M173] area=0.0 perimeter=2.0 bbox=(452,884,1,2)
[MASK M174] area=10.5 perimeter=13.1 bbox=(206,884,5,5)
[MASK M175] area=0.0 perimeter=2.0 bbox=(143,884,1,2)
[MASK M176] area=1.0 perimeter=4.8 bbox=(0,884,3,2)
[MASK M177] area=0.0 perimeter=2.0 bbox=(916,883,2,1)
[MASK M178] area=0.0 perimeter=0.0 bbox=(1164,882,1,1)
[MASK M179] area=1.5 perimeter=5.4 bbox=(677,882,3,2)
[MASK M180] area=0.0 perimeter=0.0 bbox=(154,882,1,1)
[MASK M181] area=126.0 perimeter=90.4 bbox=(21,882,36,8)
[MASK M182] area=0.5 perimeter=3.4 bbox=(1267,881,2,2)
[MASK M183] area=0.0 perimeter=2.0 bbox=(1166,881,1,2)
[MASK M184] area=45.5 perimeter=74.7 bbox=(536,881,4,36)
[MASK M185] area=3.0 perimeter=6.8 bbox=(86,881,3,3)
[MASK M186] area=0.0 perimeter=2.0 bbox=(1182,880,1,2)
[MASK M187] area=0.0 perimeter=2.0 bbox=(599,880,2,1)
[MASK M188] area=60.0 perimeter=33.8 bbox=(477,880,11,10)
[MASK M189] area=1.5 perimeter=5.4 bbox=(451,880,2,3)
[MASK M190] area=0.0 perimeter=2.0 bbox=(1201,879,2,1)
[MASK M191] area=1.5 perimeter=5.4 bbox=(1168,879,3,2)
[MASK M192] area=3.5 perimeter=9.4 bbox=(1134,879,4,3)
[MASK M193] area=3.5 perimeter=10.2 bbox=(912,879,3,4)
[MASK M194] area=0.0 perimeter=0.0 bbox=(708,879,1,1)
[MASK M195] area=0.0 perimeter=0.0 bbox=(678,879,1,1)
[MASK M196] area=2.0 perimeter=6.8 bbox=(673,879,3,3)
[MASK M197] area=1.5 perimeter=5.4 bbox=(667,879,2,3)
[MASK M198] area=37.5 perimeter=25.6 bbox=(487,879,10,8)
[MASK M199] area=0.0 perimeter=6.0 bbox=(23,879,4,1)
[MASK M200] area=0.0 perimeter=0.0 bbox=(1220,878,1,1)
[MASK M201] area=0.0 perimeter=0.0 bbox=(1193,878,1,1)
[MASK M202] area=34.0 perimeter=31.0 bbox=(927,878,8,12)
[MASK M203] area=1.0 perimeter=4.8 bbox=(868,878,2,3)
[MASK M204] area=16.5 perimeter=15.9 bbox=(835,878,6,6)
[MASK M205] area=0.0 perimeter=0.0 bbox=(396,878,1,1)
[MASK M206] area=0.0 perimeter=2.0 bbox=(155,878,1,2)
[MASK M207] area=2.0 perimeter=8.8 bbox=(1196,877,4,2)
[MASK M208] area=2.0 perimeter=6.0 bbox=(897,877,3,2)
[MASK M209] area=0.0 perimeter=2.0 bbox=(702,877,2,1)
[MASK M210] area=0.0 perimeter=0.0 bbox=(137,877,1,1)
[MASK M211] area=7.0 perimeter=12.5 bbox=(86,877,6,4)
[MASK M212] area=0.0 perimeter=2.0 bbox=(911,876,2,1)
[MASK M213] area=0.0 perimeter=2.0 bbox=(860,876,1,2)
[MASK M214] area=1.5 perimeter=6.2 bbox=(793,876,3,3)
[MASK M215] area=0.0 perimeter=2.0 bbox=(668,876,1,2)
[MASK M216] area=0.0 perimeter=2.0 bbox=(569,876,1,2)
[MASK M217] area=2.0 perimeter=8.8 bbox=(110,875,2,5)
[MASK M218] area=0.0 perimeter=2.0 bbox=(682,874,1,2)
[MASK M219] area=1.5 perimeter=5.4 bbox=(214,874,3,2)
[MASK M220] area=23.5 perimeter=25.9 bbox=(68,874,10,7)
[MASK M221] area=24.0 perimeter=23.3 bbox=(1180,873,11,5)
[MASK M222] area=0.0 perimeter=2.0 bbox=(1176,873,2,1)
[MASK M223] area=52.0 perimeter=60.3 bbox=(1151,873,22,9)
[MASK M224] area=0.0 perimeter=2.8 bbox=(1049,873,2,2)
[MASK M225] area=0.0 perimeter=0.0 bbox=(1255,872,1,1)
[MASK M226] area=5.0 perimeter=14.8 bbox=(1225,872,8,2)
[MASK M227] area=8.5 perimeter=21.9 bbox=(1061,872,6,7)
[MASK M228] area=0.0 perimeter=2.0 bbox=(68,872,1,2)
[MASK M229] area=1.5 perimeter=5.4 bbox=(1274,871,2,3)
[MASK M230] area=0.0 perimeter=2.8 bbox=(501,871,2,2)
[MASK M231] area=22.5 perimeter=23.9 bbox=(1242,870,10,5)
[MASK M232] area=0.0 perimeter=0.0 bbox=(845,870,1,1)
[MASK M233] area=17.5 perimeter=32.7 bbox=(1258,869,13,8)
[MASK M234] area=18.0 perimeter=39.0 bbox=(914,869,8,11)
[MASK M235] area=10.0 perimeter=19.7 bbox=(523,869,3,10)
[MASK M236] area=0.0 perimeter=0.0 bbox=(487,869,1,1)
[MASK M237] area=2.5 perimeter=6.2 bbox=(222,869,3,3)
[MASK M238] area=11.5 perimeter=16.2 bbox=(103,869,7,4)
[MASK M239] area=0.0 perimeter=2.0 bbox=(91,869,1,2)
[MASK M240] area=22.5 perimeter=22.7 bbox=(5,869,8,5)
[MASK M241] area=1.0 perimeter=4.0 bbox=(1040,868,2,2)
[MASK M242] area=53.0 perimeter=37.8 bbox=(21,868,14,8)
[MASK M243] area=0.5 perimeter=3.4 bbox=(1055,867,2,2)
[MASK M244] area=1.0 perimeter=6.8 bbox=(954,867,4,2)
[MASK M245] area=22.5 perimeter=21.1 bbox=(870,867,6,8)
[MASK M246] area=0.0 perimeter=0.0 bbox=(796,867,1,1)
[MASK M247] area=0.0 perimeter=2.0 bbox=(500,867,2,1)
[MASK M248] area=0.0 perimeter=0.0 bbox=(224,867,1,1)
[MASK M249] area=0.0 perimeter=0.0 bbox=(147,867,1,1)
[MASK M250] area=0.0 perimeter=4.0 bbox=(1204,866,3,1)
[MASK M251] area=33.5 perimeter=42.4 bbox=(881,866,9,15)
[MASK M252] area=6.0 perimeter=11.7 bbox=(618,866,4,5)
[MASK M253] area=0.0 perimeter=2.0 bbox=(581,866,1,2)
[MASK M254] area=0.5 perimeter=3.4 bbox=(170,865,2,2)
[MASK M255] area=15.5 perimeter=20.7 bbox=(81,865,8,6)
[MASK M256] area=27.0 perimeter=47.3 bbox=(1254,864,22,4)
[MASK M257] area=73.5 perimeter=104.4 bbox=(1200,864,49,7)
[MASK M258] area=3.0 perimeter=9.7 bbox=(747,864,4,3)
[MASK M259] area=111.5 perimeter=43.2 bbox=(629,864,12,16)
[MASK M260] area=73.0 perimeter=87.3 bbox=(548,864,5,42)
[MASK M261] area=0.0 perimeter=2.0 bbox=(33,864,2,1)
[MASK M262] area=0.0 perimeter=0.0 bbox=(27,864,1,1)
[MASK M263] area=0.0 perimeter=0.0 bbox=(1252,863,1,1)
[MASK M264] area=1.5 perimeter=5.4 bbox=(1246,863,3,2)
[MASK M265] area=0.0 perimeter=0.0 bbox=(1089,863,1,1)
[MASK M266] area=2.0 perimeter=6.8 bbox=(327,863,3,3)
[MASK M267] area=0.0 perimeter=2.0 bbox=(213,863,1,2)
[MASK M268] area=4.5 perimeter=12.2 bbox=(137,863,5,4)
[MASK M269] area=3.5 perimeter=9.4 bbox=(1177,862,5,2)
[MASK M270] area=1.0 perimeter=6.8 bbox=(767,862,4,2)
[MASK M271] area=0.0 perimeter=2.0 bbox=(706,862,1,2)
[MASK M272] area=25.5 perimeter=21.9 bbox=(671,862,6,9)
[MASK M273] area=1.5 perimeter=7.4 bbox=(1212,861,4,2)
[MASK M274] area=41.0 perimeter=81.5 bbox=(1165,861,38,7)
[MASK M275] area=0.0 perimeter=0.0 bbox=(883,861,1,1)
[MASK M276] area=0.0 perimeter=0.0 bbox=(857,860,1,1)
[MASK M277] area=2.0 perimeter=7.7 bbox=(107,860,3,4)
[MASK M278] area=0.0 perimeter=0.0 bbox=(75,860,1,1)
[MASK M279] area=3.5 perimeter=9.4 bbox=(1251,859,5,2)
[MASK M280] area=1.5 perimeter=8.2 bbox=(1229,859,4,3)
[MASK M281] area=7.5 perimeter=12.2 bbox=(1041,859,5,4)
[MASK M282] area=0.0 perimeter=0.0 bbox=(1022,859,1,1)
[MASK M283] area=0.0 perimeter=0.0 bbox=(862,859,1,1)
[MASK M284] area=0.0 perimeter=0.0 bbox=(508,859,1,1)
[MASK M285] area=2.5 perimeter=7.4 bbox=(1186,858,4,2)
[MASK M286] area=0.0 perimeter=0.0 bbox=(408,858,1,1)
[MASK M287] area=0.0 perimeter=0.0 bbox=(139,858,1,1)
[MASK M288] area=0.0 perimeter=2.8 bbox=(25,858,2,2)
[MASK M289] area=3.0 perimeter=6.8 bbox=(878,857,3,3)
[MASK M290] area=2.5 perimeter=9.4 bbox=(585,857,5,2)
[MASK M291] area=54.5 perimeter=32.4 bbox=(388,857,9,13)
[MASK M292] area=10.5 perimeter=17.1 bbox=(0,857,6,5)
[MASK M293] area=6.0 perimeter=10.8 bbox=(1271,856,5,3)
[MASK M294] area=0.0 perimeter=4.0 bbox=(1208,856,3,1)
[MASK M295] area=0.0 perimeter=0.0 bbox=(884,856,1,1)
[MASK M296] area=1.0 perimeter=4.0 bbox=(466,856,2,2)
[MASK M297] area=14.5 perimeter=25.9 bbox=(1192,855,12,4)
[MASK M298] area=25.0 perimeter=20.5 bbox=(1080,855,8,6)
[MASK M299] area=0.0 perimeter=2.0 bbox=(895,855,2,1)
[MASK M300] area=0.5 perimeter=3.4 bbox=(663,855,2,2)
[MASK M301] area=0.5 perimeter=3.4 bbox=(607,855,2,2)
[MASK M302] area=1.5 perimeter=5.4 bbox=(167,855,3,2)
[MASK M303] area=13.0 perimeter=43.3 bbox=(1213,854,21,3)
[MASK M304] area=8.5 perimeter=11.9 bbox=(752,854,5,5)
[MASK M305] area=28.0 perimeter=51.3 bbox=(534,854,4,25)
[MASK M306] area=0.5 perimeter=3.4 bbox=(190,854,2,2)
[MASK M307] area=0.0 perimeter=0.0 bbox=(172,854,1,1)
[MASK M308] area=20.5 perimeter=21.9 bbox=(13,854,9,6)
[MASK M309] area=3.0 perimeter=11.7 bbox=(957,853,6,3)
[MASK M310] area=0.0 perimeter=0.0 bbox=(598,853,1,1)
[MASK M311] area=0.0 perimeter=0.0 bbox=(582,853,1,1)
[MASK M312] area=3.5 perimeter=14.2 bbox=(551,853,2,7)
[MASK M313] area=1.5 perimeter=13.1 bbox=(589,852,6,3)
[MASK M314] area=6.5 perimeter=11.1 bbox=(160,852,5,4)
[MASK M315] area=4.0 perimeter=11.7 bbox=(517,851,4,5)
[MASK M316] area=0.0 perimeter=0.0 bbox=(658,850,1,1)
[MASK M317] area=0.0 perimeter=0.0 bbox=(567,850,1,1)
[MASK M318] area=5.0 perimeter=9.7 bbox=(155,850,4,4)
[MASK M319] area=0.0 perimeter=2.8 bbox=(95,850,2,2)
[MASK M320] area=76.0 perimeter=94.3 bbox=(1233,849,43,5)
[MASK M321] area=4.0 perimeter=14.5 bbox=(679,849,4,7)
[MASK M322] area=1.5 perimeter=5.4 bbox=(581,849,2,3)
[MASK M323] area=7.0 perimeter=15.7 bbox=(538,849,3,8)
[MASK M324] area=61.0 perimeter=58.1 bbox=(447,848,6,27)
[MASK M325] area=0.0 perimeter=2.0 bbox=(1235,847,2,1)
[MASK M326] area=0.0 perimeter=0.0 bbox=(1003,847,1,1)
[MASK M327] area=0.0 perimeter=0.0 bbox=(479,847,1,1)
[MASK M328] area=31.0 perimeter=39.0 bbox=(915,846,6,17)
[MASK M329] area=0.0 perimeter=0.0 bbox=(727,846,1,1)
[MASK M330] area=0.0 perimeter=4.0 bbox=(641,846,1,3)
[MASK M331] area=9.5 perimeter=13.1 bbox=(602,846,5,5)
[MASK M332] area=0.5 perimeter=3.4 bbox=(499,846,2,2)
[MASK M333] area=4.0 perimeter=11.7 bbox=(3,846,5,3)
[MASK M334] area=47.5 perimeter=62.0 bbox=(1204,845,28,6)
[MASK M335] area=11.0 perimeter=29.3 bbox=(1140,845,4,12)
[MASK M336] area=1.5 perimeter=5.4 bbox=(660,845,3,2)
[MASK M337] area=4.0 perimeter=8.8 bbox=(527,845,4,3)
[MASK M338] area=34.0 perimeter=28.1 bbox=(133,845,8,11)
[MASK M339] area=981.5 perimeter=622.6 bbox=(36,845,204,89)
[MASK M340] area=0.0 perimeter=0.0 bbox=(1102,844,1,1)
[MASK M341] area=31.5 perimeter=29.6 bbox=(864,844,9,11)
[MASK M342] area=0.0 perimeter=2.8 bbox=(502,844,2,2)
[MASK M343] area=1.0 perimeter=4.0 bbox=(25,844,2,2)
[MASK M344] area=0.5 perimeter=3.4 bbox=(1099,843,2,2)
[MASK M345] area=4.5 perimeter=10.2 bbox=(704,843,4,4)
[MASK M346] area=2.5 perimeter=8.2 bbox=(693,843,3,4)
[MASK M347] area=1.0 perimeter=4.0 bbox=(454,843,2,2)
[MASK M348] area=44.5 perimeter=51.7 bbox=(28,843,11,14)
[MASK M349] area=11.0 perimeter=24.5 bbox=(1234,842,11,5)
[MASK M350] area=1.5 perimeter=5.4 bbox=(1227,842,3,2)
[MASK M351] area=0.0 perimeter=4.0 bbox=(866,842,1,3)
[MASK M352] area=2.0 perimeter=6.8 bbox=(606,842,2,4)
[MASK M353] area=1.0 perimeter=8.8 bbox=(537,842,2,5)
[MASK M354] area=0.0 perimeter=0.0 bbox=(1158,841,1,1)
[MASK M355] area=16.5 perimeter=28.4 bbox=(1062,841,8,8)
[MASK M356] area=101.0 perimeter=79.8 bbox=(927,841,6,36)
[MASK M357] area=7.5 perimeter=12.2 bbox=(784,841,5,4)
[MASK M358] area=0.5 perimeter=3.4 bbox=(497,841,2,2)
[MASK M359] area=0.0 perimeter=4.0 bbox=(493,841,1,3)
[MASK M360] area=0.0 perimeter=0.0 bbox=(239,841,1,1)
[MASK M361] area=0.5 perimeter=3.4 bbox=(64,841,2,2)
[MASK M362] area=4.5 perimeter=9.1 bbox=(1262,840,4,4)
[MASK M363] area=9.5 perimeter=17.9 bbox=(1126,840,6,7)
[MASK M364] area=6.0 perimeter=10.5 bbox=(766,840,4,5)
[MASK M365] area=225.0 perimeter=127.7 bbox=(684,840,19,43)
[MASK M366] area=0.0 perimeter=0.0 bbox=(636,840,1,1)
[MASK M367] area=49.0 perimeter=29.8 bbox=(480,840,10,11)
[MASK M368] area=42.5 perimeter=27.9 bbox=(405,840,6,12)
[MASK M369] area=10.5 perimeter=13.1 bbox=(168,840,5,5)
[MASK M370] area=0.0 perimeter=0.0 bbox=(147,840,1,1)
[MASK M371] area=11.5 perimeter=14.2 bbox=(1041,839,6,4)
[MASK M372] area=8.5 perimeter=12.2 bbox=(913,839,4,5)
[MASK M373] area=1.0 perimeter=4.8 bbox=(775,839,2,3)
[MASK M374] area=8.0 perimeter=12.8 bbox=(726,839,3,6)
[MASK M375] area=0.0 perimeter=2.0 bbox=(715,839,1,2)
[MASK M376] area=0.0 perimeter=2.0 bbox=(448,839,1,2)
[MASK M377] area=0.5 perimeter=5.4 bbox=(1232,838,3,2)
[MASK M378] area=1.0 perimeter=4.8 bbox=(1070,838,3,2)
[MASK M379] area=0.0 perimeter=0.0 bbox=(982,838,1,1)
[MASK M380] area=3.0 perimeter=11.7 bbox=(701,838,5,4)
[MASK M381] area=1.0 perimeter=4.8 bbox=(665,838,2,3)
[MASK M382] area=13.0 perimeter=17.7 bbox=(654,838,3,9)
[MASK M383] area=8.5 perimeter=12.2 bbox=(434,838,5,4)
[MASK M384] area=4.0 perimeter=9.7 bbox=(159,838,4,4)
[MASK M385] area=2.0 perimeter=9.7 bbox=(141,838,3,4)
[MASK M386] area=8.5 perimeter=14.2 bbox=(1269,837,7,3)
[MASK M387] area=0.0 perimeter=0.0 bbox=(899,837,1,1)
[MASK M388] area=0.0 perimeter=2.8 bbox=(811,837,2,2)
[MASK M389] area=21.0 perimeter=25.7 bbox=(504,837,5,11)
[MASK M390] area=0.0 perimeter=2.0 bbox=(1138,836,1,2)
[MASK M391] area=0.0 perimeter=0.0 bbox=(811,835,1,1)
[MASK M392] area=2.0 perimeter=7.7 bbox=(632,835,3,3)
[MASK M393] area=3.5 perimeter=16.2 bbox=(452,835,4,7)
[MASK M394] area=0.0 perimeter=0.0 bbox=(140,835,1,1)
[MASK M395] area=0.5 perimeter=5.4 bbox=(56,835,3,2)
[MASK M396] area=0.0 perimeter=4.0 bbox=(1232,834,3,1)
[MASK M397] area=1.5 perimeter=5.4 bbox=(1055,834,3,2)
[MASK M398] area=0.0 perimeter=0.0 bbox=(1032,834,1,1)
[MASK M399] area=6.5 perimeter=18.7 bbox=(961,834,8,4)
[MASK M400] area=15.5 perimeter=24.7 bbox=(859,834,7,6)
[MASK M401] area=0.0 perimeter=0.0 bbox=(809,834,1,1)
[MASK M402] area=163.5 perimeter=74.5 bbox=(614,834,11,31)
[MASK M403] area=0.0 perimeter=2.0 bbox=(567,834,1,2)
[MASK M404] area=1.0 perimeter=4.8 bbox=(519,834,2,3)
[MASK M405] area=0.0 perimeter=0.0 bbox=(394,834,1,1)
[MASK M406] area=0.0 perimeter=0.0 bbox=(120,834,1,1)
[MASK M407] area=0.0 perimeter=0.0 bbox=(1125,833,1,1)
[MASK M408] area=0.0 perimeter=2.0 bbox=(980,833,2,1)
[MASK M409] area=0.0 perimeter=0.0 bbox=(605,833,1,1)
[MASK M410] area=128.0 perimeter=48.6 bbox=(583,833,19,11)
[MASK M411] area=72.5 perimeter=51.2 bbox=(544,833,10,21)
[MASK M412] area=0.0 perimeter=0.0 bbox=(474,833,1,1)
[MASK M413] area=5.5 perimeter=10.2 bbox=(438,833,4,4)
[MASK M414] area=29.0 perimeter=41.8 bbox=(19,833,13,9)
[MASK M415] area=10.5 perimeter=15.1 bbox=(0,833,4,7)
[MASK M416] area=6.0 perimeter=12.8 bbox=(1253,832,6,3)
[MASK M417] area=52.0 perimeter=86.8 bbox=(1236,832,26,11)
[MASK M418] area=2.5 perimeter=8.2 bbox=(868,832,4,3)
[MASK M419] area=3.0 perimeter=6.8 bbox=(730,832,3,3)
[MASK M420] area=6.0 perimeter=12.8 bbox=(675,832,3,6)
[MASK M421] area=4.0 perimeter=8.0 bbox=(654,832,3,3)
[MASK M422] area=0.0 perimeter=0.0 bbox=(966,831,1,1)
[MASK M423] area=0.0 perimeter=0.0 bbox=(853,831,1,1)
[MASK M424] area=3.5 perimeter=12.2 bbox=(687,831,4,5)
[MASK M425] area=0.0 perimeter=0.0 bbox=(634,831,1,1)
[MASK M426] area=1.5 perimeter=5.4 bbox=(144,831,2,3)
[MASK M427] area=0.0 perimeter=2.0 bbox=(1021,830,2,1)
[MASK M428] area=0.0 perimeter=0.0 bbox=(934,830,1,1)
[MASK M429] area=112.5 perimeter=67.4 bbox=(878,830,10,25)
[MASK M430] area=5.5 perimeter=11.1 bbox=(927,829,4,5)
[MASK M431] area=7.5 perimeter=11.4 bbox=(749,829,5,3)
[MASK M432] area=0.0 perimeter=0.0 bbox=(632,829,1,1)
[MASK M433] area=13.0 perimeter=22.5 bbox=(533,829,4,11)
[MASK M434] area=16.5 perimeter=24.7 bbox=(128,829,6,10)
[MASK M435] area=2.0 perimeter=6.8 bbox=(1257,828,4,2)
[MASK M436] area=0.5 perimeter=5.4 bbox=(1246,828,3,2)
[MASK M437] area=0.5 perimeter=5.4 bbox=(829,828,3,2)
[MASK M438] area=0.0 perimeter=2.0 bbox=(571,828,2,1)
[MASK M439] area=5.5 perimeter=17.4 bbox=(495,828,2,9)
[MASK M440] area=1.0 perimeter=4.0 bbox=(125,828,2,2)
[MASK M441] area=119.5 perimeter=150.8 bbox=(108,828,21,45)
[MASK M442] area=11.5 perimeter=25.6 bbox=(1092,827,9,6)
[MASK M443] area=1.5 perimeter=5.4 bbox=(1033,826,3,2)
[MASK M444] area=54.0 perimeter=41.0 bbox=(911,826,10,15)
[MASK M445] area=4.0 perimeter=8.8 bbox=(637,826,3,4)
[MASK M446] area=6.0 perimeter=16.8 bbox=(528,826,2,9)
[MASK M447] area=4.0 perimeter=9.7 bbox=(485,826,3,5)
[MASK M448] area=0.0 perimeter=0.0 bbox=(374,826,1,1)
[MASK M449] area=3.0 perimeter=6.8 bbox=(335,826,3,3)
[MASK M450] area=0.5 perimeter=3.4 bbox=(479,825,2,2)
[MASK M451] area=1.5 perimeter=5.4 bbox=(583,824,3,2)
[MASK M452] area=3.5 perimeter=11.4 bbox=(549,824,2,6)
[MASK M453] area=0.0 perimeter=0.0 bbox=(409,824,1,1)
[MASK M454] area=0.0 perimeter=0.0 bbox=(337,824,1,1)
[MASK M455] area=0.5 perimeter=5.4 bbox=(0,824,2,3)
[MASK M456] area=6.5 perimeter=12.2 bbox=(937,823,4,5)
[MASK M457] area=0.0 perimeter=0.0 bbox=(932,823,1,1)
[MASK M458] area=6.0 perimeter=11.7 bbox=(926,823,4,5)
[MASK M459] area=42.5 perimeter=28.7 bbox=(606,823,10,9)
[MASK M460] area=0.0 perimeter=2.0 bbox=(577,823,1,2)
[MASK M461] area=0.0 perimeter=4.0 bbox=(557,823,1,3)
[MASK M462] area=2.0 perimeter=6.8 bbox=(140,823,2,4)
[MASK M463] area=0.0 perimeter=0.0 bbox=(2,823,1,1)
[MASK M464] area=0.0 perimeter=2.8 bbox=(850,822,2,2)
[MASK M465] area=0.5 perimeter=3.4 bbox=(828,822,2,2)
[MASK M466] area=0.0 perimeter=0.0 bbox=(586,822,1,1)
[MASK M467] area=34.5 perimeter=67.2 bbox=(1245,821,31,5)
[MASK M468] area=12.0 perimeter=25.3 bbox=(651,821,4,11)
[MASK M469] area=24.0 perimeter=25.3 bbox=(711,820,8,7)
[MASK M470] area=4.5 perimeter=9.1 bbox=(617,820,4,4)
[MASK M471] area=2.0 perimeter=6.0 bbox=(579,820,2,3)
[MASK M472] area=2.0 perimeter=8.8 bbox=(527,820,2,5)
[MASK M473] area=31.5 perimeter=38.4 bbox=(465,820,9,12)
[MASK M474] area=0.0 perimeter=0.0 bbox=(927,819,1,1)
[MASK M475] area=1.0 perimeter=4.8 bbox=(678,819,3,2)
[MASK M476] area=22.0 perimeter=19.7 bbox=(596,819,6,7)
[MASK M477] area=8.0 perimeter=14.8 bbox=(560,819,3,7)
[MASK M478] area=127.5 perimeter=56.0 bbox=(10,819,17,14)
[MASK M479] area=0.5 perimeter=3.4 bbox=(965,818,2,2)
[MASK M480] area=52.5 perimeter=32.4 bbox=(700,818,8,14)
[MASK M481] area=0.0 perimeter=0.0 bbox=(486,818,1,1)
[MASK M482] area=0.0 perimeter=0.0 bbox=(465,818,1,1)
[MASK M483] area=0.0 perimeter=0.0 bbox=(124,818,1,1)
[MASK M484] area=5.5 perimeter=11.1 bbox=(640,817,3,5)
[MASK M485] area=0.0 perimeter=6.0 bbox=(550,817,1,4)
[MASK M486] area=3.0 perimeter=6.8 bbox=(195,817,3,3)
[MASK M487] area=0.0 perimeter=0.0 bbox=(122,817,1,1)
[MASK M488] area=0.0 perimeter=0.0 bbox=(900,816,1,1)
[MASK M489] area=23.0 perimeter=30.1 bbox=(864,816,7,12)
[MASK M490] area=3.0 perimeter=9.7 bbox=(858,816,4,3)
[MASK M491] area=13.5 perimeter=21.9 bbox=(670,816,4,10)
[MASK M492] area=14.0 perimeter=16.5 bbox=(603,816,7,5)
[MASK M493] area=0.0 perimeter=6.8 bbox=(1270,815,4,2)
[MASK M494] area=3.0 perimeter=8.0 bbox=(1181,815,2,4)
[MASK M495] area=0.0 perimeter=2.0 bbox=(1108,815,2,1)
[MASK M496] area=55.5 perimeter=47.2 bbox=(760,815,19,7)
[MASK M497] area=0.0 perimeter=0.0 bbox=(731,815,1,1)
[MASK M498] area=0.0 perimeter=0.0 bbox=(674,815,1,1)
[MASK M499] area=0.5 perimeter=3.4 bbox=(635,815,2,2)
[MASK M500] area=0.5 perimeter=3.4 bbox=(577,815,2,2)
[MASK M501] area=2.0 perimeter=6.8 bbox=(451,815,3,3)
[MASK M502] area=22.0 perimeter=19.3 bbox=(383,815,6,8)
[MASK M503] area=9.5 perimeter=23.1 bbox=(132,815,4,11)
[MASK M504] area=50.0 perimeter=33.8 bbox=(883,814,12,10)
[MASK M505] area=9.5 perimeter=13.9 bbox=(807,814,5,6)
[MASK M506] area=1.5 perimeter=5.4 bbox=(696,814,2,3)
[MASK M507] area=3.5 perimeter=7.4 bbox=(654,814,3,3)
[MASK M508] area=4.5 perimeter=15.4 bbox=(546,814,2,8)
[MASK M509] area=19.5 perimeter=17.1 bbox=(395,814,5,7)
[MASK M510] area=0.0 perimeter=2.0 bbox=(876,813,1,2)
[MASK M511] area=1.0 perimeter=6.8 bbox=(638,813,3,3)
[MASK M512] area=0.0 perimeter=2.8 bbox=(573,813,2,2)
[MASK M513] area=187.0 perimeter=73.1 bbox=(501,813,20,17)
[MASK M514] area=0.0 perimeter=0.0 bbox=(418,813,1,1)
[MASK M515] area=32.0 perimeter=37.5 bbox=(116,813,9,13)
[MASK M516] area=0.0 perimeter=2.0 bbox=(1090,812,1,2)
[MASK M517] area=5.0 perimeter=15.7 bbox=(927,812,5,5)
[MASK M518] area=1.5 perimeter=5.4 bbox=(671,812,3,2)
[MASK M519] area=0.0 perimeter=2.0 bbox=(635,812,1,2)
[MASK M520] area=11.0 perimeter=16.5 bbox=(612,812,4,8)
[MASK M521] area=0.0 perimeter=4.0 bbox=(158,812,1,3)
[MASK M522] area=0.0 perimeter=0.0 bbox=(951,811,1,1)
[MASK M523] area=20.0 perimeter=21.3 bbox=(811,811,6,9)
[MASK M524] area=43.5 perimeter=38.0 bbox=(747,811,11,10)
[MASK M525] area=0.0 perimeter=0.0 bbox=(749,811,1,1)
[MASK M526] area=0.0 perimeter=2.0 bbox=(660,811,2,1)
[MASK M527] area=0.0 perimeter=2.0 bbox=(529,811,2,1)
[MASK M528] area=138.0 perimeter=118.8 bbox=(445,811,21,41)
[MASK M529] area=7.5 perimeter=13.1 bbox=(67,811,4,6)
[MASK M530] area=1.0 perimeter=4.0 bbox=(1274,810,2,2)
[MASK M531] area=2.5 perimeter=7.4 bbox=(1205,810,4,2)
[MASK M532] area=71.5 perimeter=38.7 bbox=(785,810,10,13)
[MASK M533] area=0.0 perimeter=2.0 bbox=(609,810,1,2)
[MASK M534] area=0.0 perimeter=0.0 bbox=(83,810,1,1)
[MASK M535] area=0.0 perimeter=0.0 bbox=(750,809,1,1)
[MASK M536] area=62.0 perimeter=39.8 bbox=(430,809,12,14)
[MASK M537] area=2.0 perimeter=6.8 bbox=(349,809,2,4)
[MASK M538] area=0.0 perimeter=2.0 bbox=(669,808,2,1)
[MASK M539] area=0.0 perimeter=2.0 bbox=(343,808,2,1)
[MASK M540] area=10.5 perimeter=15.1 bbox=(136,808,4,6)
[MASK M541] area=0.5 perimeter=3.4 bbox=(129,808,2,2)
[MASK M542] area=0.5 perimeter=3.4 bbox=(734,807,2,2)
[MASK M543] area=3.0 perimeter=10.8 bbox=(680,807,2,5)
[MASK M544] area=7.0 perimeter=10.8 bbox=(0,807,3,5)
[MASK M545] area=0.0 perimeter=0.0 bbox=(1110,806,1,1)
[MASK M546] area=3.0 perimeter=7.7 bbox=(1096,806,4,3)
[MASK M547] area=0.0 perimeter=6.0 bbox=(322,806,4,1)
[MASK M548] area=52.5 perimeter=54.0 bbox=(1257,805,19,12)
[MASK M549] area=3.5 perimeter=10.2 bbox=(1218,805,5,3)
[MASK M550] area=79.0 perimeter=91.3 bbox=(1160,805,21,36)
[MASK M551] area=0.0 perimeter=8.0 bbox=(562,805,1,5)
[MASK M552] area=0.0 perimeter=0.0 bbox=(517,805,1,1)
[MASK M553] area=2.0 perimeter=6.0 bbox=(15,805,3,2)
[MASK M554] area=0.0 perimeter=0.0 bbox=(945,804,1,1)
[MASK M555] area=6.5 perimeter=21.1 bbox=(818,804,9,5)
[MASK M556] area=21.5 perimeter=36.4 bbox=(688,804,7,12)
[MASK M557] area=0.0 perimeter=2.0 bbox=(629,804,2,1)
[MASK M558] area=1.0 perimeter=4.0 bbox=(571,804,2,2)
[MASK M559] area=4.0 perimeter=20.5 bbox=(519,804,5,5)
[MASK M560] area=14.5 perimeter=19.1 bbox=(405,804,8,5)
[MASK M561] area=6.0 perimeter=13.7 bbox=(951,803,3,7)
[MASK M562] area=2.0 perimeter=10.8 bbox=(926,803,2,6)
[MASK M563] area=7.5 perimeter=13.9 bbox=(828,803,6,4)
[MASK M564] area=11.0 perimeter=21.3 bbox=(471,803,7,6)
[MASK M565] area=0.0 perimeter=2.0 bbox=(383,803,1,2)
[MASK M566] area=0.5 perimeter=3.4 bbox=(121,803,2,2)
[MASK M567] area=43.5 perimeter=47.6 bbox=(104,803,6,22)
[MASK M568] area=0.0 perimeter=8.0 bbox=(57,803,5,1)
[MASK M569] area=0.0 perimeter=4.0 bbox=(1105,802,3,1)
[MASK M570] area=0.0 perimeter=4.8 bbox=(1048,802,2,3)
[MASK M571] area=0.0 perimeter=2.0 bbox=(791,802,2,1)
[MASK M572] area=28.5 perimeter=21.1 bbox=(651,802,6,8)
[MASK M573] area=0.5 perimeter=3.4 bbox=(392,802,2,2)
[MASK M574] area=5.5 perimeter=12.2 bbox=(91,802,4,5)
[MASK M575] area=13.0 perimeter=15.7 bbox=(493,801,5,6)
[MASK M576] area=0.0 perimeter=0.0 bbox=(490,801,1,1)
[MASK M577] area=2.0 perimeter=6.8 bbox=(1195,800,2,4)
[MASK M578] area=64.0 perimeter=62.3 bbox=(912,800,9,25)
[MASK M579] area=2.5 perimeter=7.4 bbox=(801,800,3,3)
[MASK M580] area=3.0 perimeter=8.0 bbox=(747,800,2,4)
[MASK M581] area=2.5 perimeter=8.2 bbox=(406,800,3,4)
[MASK M582] area=0.0 perimeter=2.0 bbox=(383,800,2,1)
[MASK M583] area=7.5 perimeter=13.1 bbox=(1035,799,5,5)
[MASK M584] area=1.0 perimeter=4.0 bbox=(927,799,2,2)
[MASK M585] area=59.5 perimeter=82.3 bbox=(699,799,26,15)
[MASK M586] area=0.0 perimeter=0.0 bbox=(487,799,1,1)
[MASK M587] area=3.5 perimeter=9.4 bbox=(463,799,2,5)
[MASK M588] area=91.5 perimeter=40.4 bbox=(444,799,11,15)
[MASK M589] area=80.5 perimeter=48.4 bbox=(25,799,8,20)
[MASK M590] area=0.0 perimeter=2.8 bbox=(5,799,2,2)
[MASK M591] area=4.5 perimeter=8.2 bbox=(1166,798,3,4)
[MASK M592] area=28.5 perimeter=40.4 bbox=(726,798,8,16)
[MASK M593] area=78.0 perimeter=77.5 bbox=(535,798,8,34)
[MASK M594] area=0.0 perimeter=2.0 bbox=(532,798,1,2)
[MASK M595] area=0.0 perimeter=0.0 bbox=(475,798,1,1)
[MASK M596] area=3.5 perimeter=8.2 bbox=(302,798,3,4)
[MASK M597] area=5.0 perimeter=17.7 bbox=(134,798,3,9)
[MASK M598] area=150.5 perimeter=96.7 bbox=(871,797,36,15)
[MASK M599] area=0.0 perimeter=0.0 bbox=(523,797,1,1)
[MASK M600] area=3.5 perimeter=8.2 bbox=(1245,796,4,3)
[MASK M601] area=0.0 perimeter=2.0 bbox=(916,796,1,2)
[MASK M602] area=88.5 perimeter=51.7 bbox=(606,796,14,14)
[MASK M603] area=9.0 perimeter=13.7 bbox=(735,795,4,6)
[MASK M604] area=2.0 perimeter=6.0 bbox=(662,795,2,3)
[MASK M605] area=9.0 perimeter=15.7 bbox=(90,795,6,5)
[MASK M606] area=26.5 perimeter=25.9 bbox=(965,794,6,10)
[MASK M607] area=14.0 perimeter=24.5 bbox=(777,794,8,7)
[MASK M608] area=58.5 perimeter=103.2 bbox=(588,794,13,26)
[MASK M609] area=5.5 perimeter=10.2 bbox=(142,794,5,3)
[MASK M610] area=0.0 perimeter=0.0 bbox=(43,794,1,1)
[MASK M611] area=5.5 perimeter=10.2 bbox=(555,793,4,4)
[MASK M612] area=0.0 perimeter=5.7 bbox=(520,793,3,3)
[MASK M613] area=2.5 perimeter=6.2 bbox=(152,793,3,3)
[MASK M614] area=1.5 perimeter=8.2 bbox=(121,793,3,3)
[MASK M615] area=1.0 perimeter=4.8 bbox=(60,793,3,2)
[MASK M616] area=0.5 perimeter=3.4 bbox=(1028,792,2,2)
[MASK M617] area=0.0 perimeter=4.0 bbox=(926,792,1,3)
[MASK M618] area=22.5 perimeter=21.9 bbox=(559,792,9,6)
[MASK M619] area=25.5 perimeter=23.1 bbox=(1271,791,5,10)
[MASK M620] area=1.0 perimeter=4.8 bbox=(1223,791,2,3)
[MASK M621] area=0.5 perimeter=3.4 bbox=(1163,791,2,2)
[MASK M622] area=9.5 perimeter=14.2 bbox=(758,791,6,4)
[MASK M623] area=18.0 perimeter=23.3 bbox=(578,791,4,10)
[MASK M624] area=2.0 perimeter=10.8 bbox=(1157,790,2,6)
[MASK M625] area=2.0 perimeter=6.8 bbox=(497,790,2,4)
[MASK M626] area=3.5 perimeter=7.4 bbox=(1039,789,3,3)
[MASK M627] area=29.5 perimeter=23.9 bbox=(384,789,6,10)
[MASK M628] area=26.0 perimeter=27.7 bbox=(305,789,11,5)
[MASK M629] area=4.5 perimeter=13.1 bbox=(297,789,3,6)
[MASK M630] area=0.5 perimeter=3.4 bbox=(788,788,2,2)
[MASK M631] area=3.0 perimeter=6.8 bbox=(769,788,3,3)
[MASK M632] area=12.5 perimeter=17.1 bbox=(721,788,4,7)
[MASK M633] area=62.5 perimeter=45.2 bbox=(619,788,14,12)
[MASK M634] area=0.0 perimeter=0.0 bbox=(525,788,1,1)
[MASK M635] area=15.5 perimeter=19.9 bbox=(339,788,6,8)
[MASK M636] area=1.5 perimeter=5.4 bbox=(1133,787,3,2)
[MASK M637] area=4.0 perimeter=8.0 bbox=(915,787,3,3)
[MASK M638] area=1.0 perimeter=4.8 bbox=(686,787,2,3)
[MASK M639] area=0.0 perimeter=0.0 bbox=(659,787,1,1)
[MASK M640] area=24.5 perimeter=41.2 bbox=(600,787,16,7)
[MASK M641] area=10.0 perimeter=16.5 bbox=(463,787,6,6)
[MASK M642] area=1.5 perimeter=6.2 bbox=(1205,786,3,3)
[MASK M643] area=100.0 perimeter=41.8 bbox=(415,786,14,12)
[MASK M644] area=0.0 perimeter=2.0 bbox=(327,786,1,2)
[MASK M645] area=0.0 perimeter=0.0 bbox=(252,786,1,1)
[MASK M646] area=0.0 perimeter=0.0 bbox=(247,786,1,1)
[MASK M647] area=0.0 perimeter=2.0 bbox=(145,786,1,2)
[MASK M648] area=16.5 perimeter=21.9 bbox=(88,786,8,7)
[MASK M649] area=2739.5 perimeter=1145.6 bbox=(773,785,498,155)
[MASK M650] area=2.5 perimeter=6.2 bbox=(840,785,3,3)
[MASK M651] area=25.0 perimeter=23.3 bbox=(713,785,6,10)
[MASK M652] area=0.0 perimeter=0.0 bbox=(688,785,1,1)
[MASK M653] area=11.5 perimeter=14.2 bbox=(596,785,4,6)
[MASK M654] area=0.0 perimeter=2.0 bbox=(1275,784,1,2)
[MASK M655] area=0.0 perimeter=0.0 bbox=(1166,784,1,1)
[MASK M656] area=4.0 perimeter=11.7 bbox=(925,784,3,6)
[MASK M657] area=10.0 perimeter=15.7 bbox=(677,784,7,4)
[MASK M658] area=2.0 perimeter=6.0 bbox=(1229,783,2,3)
[MASK M659] area=6.0 perimeter=11.7 bbox=(1155,783,3,6)
[MASK M660] area=0.0 perimeter=0.0 bbox=(1134,783,1,1)
[MASK M661] area=21.5 perimeter=19.1 bbox=(1065,783,8,5)
[MASK M662] area=0.0 perimeter=0.0 bbox=(799,783,1,1)
[MASK M663] area=0.5 perimeter=8.2 bbox=(534,783,2,4)
[MASK M664] area=10.0 perimeter=15.7 bbox=(480,783,6,5)
[MASK M665] area=1.5 perimeter=5.4 bbox=(110,783,3,2)
[MASK M666] area=4.5 perimeter=8.2 bbox=(1254,782,4,3)
[MASK M667] area=37.0 perimeter=41.5 bbox=(879,782,16,10)
[MASK M668] area=2.0 perimeter=6.0 bbox=(833,782,2,3)
[MASK M669] area=26.0 perimeter=23.3 bbox=(735,782,5,10)
[MASK M670] area=30.0 perimeter=39.3 bbox=(399,782,4,19)
[MASK M671] area=7.0 perimeter=19.7 bbox=(62,782,3,10)
[MASK M672] area=0.0 perimeter=0.0 bbox=(990,781,1,1)
[MASK M673] area=4.5 perimeter=11.4 bbox=(912,781,3,5)
[MASK M674] area=1.0 perimeter=4.8 bbox=(823,781,3,2)
[MASK M675] area=0.0 perimeter=0.0 bbox=(2,781,1,1)
[MASK M676] area=10.0 perimeter=16.5 bbox=(801,780,7,5)
[MASK M677] area=41.5 perimeter=28.7 bbox=(698,780,9,10)
[MASK M678] area=1.0 perimeter=4.0 bbox=(620,780,2,2)
[MASK M679] area=0.0 perimeter=0.0 bbox=(559,780,1,1)
[MASK M680] area=1.0 perimeter=4.0 bbox=(534,780,2,2)
[MASK M681] area=0.0 perimeter=4.0 bbox=(1156,779,1,3)
[MASK M682] area=0.0 perimeter=2.0 bbox=(849,779,1,2)
[MASK M683] area=51.0 perimeter=75.6 bbox=(666,779,18,22)
[MASK M684] area=96.5 perimeter=45.2 bbox=(638,779,15,14)
[MASK M685] area=17.5 perimeter=22.7 bbox=(474,779,6,9)
[MASK M686] area=2.5 perimeter=6.2 bbox=(759,778,3,3)
[MASK M687] area=2.0 perimeter=6.8 bbox=(695,778,3,3)
[MASK M688] area=16.0 perimeter=19.3 bbox=(631,778,5,8)
[MASK M689] area=2.5 perimeter=6.2 bbox=(572,778,3,3)
[MASK M690] area=0.0 perimeter=2.8 bbox=(335,778,2,2)
[MASK M691] area=0.0 perimeter=2.0 bbox=(91,778,1,2)
[MASK M692] area=10.5 perimeter=17.1 bbox=(80,778,5,7)
[MASK M693] area=33.0 perimeter=25.3 bbox=(5,778,8,8)
[MASK M694] area=0.0 perimeter=7.7 bbox=(1,778,4,2)
[MASK M695] area=0.0 perimeter=4.0 bbox=(680,777,1,3)
[MASK M696] area=0.0 perimeter=2.0 bbox=(484,777,1,2)
[MASK M697] area=0.0 perimeter=2.0 bbox=(135,777,2,1)
[MASK M698] area=3.0 perimeter=8.8 bbox=(61,777,3,4)
[MASK M699] area=6.0 perimeter=10.8 bbox=(55,777,3,5)
[MASK M700] area=0.5 perimeter=3.4 bbox=(619,776,2,2)
[MASK M701] area=49.5 perimeter=53.7 bbox=(508,776,8,22)
[MASK M702] area=23.5 perimeter=31.9 bbox=(493,776,6,14)
[MASK M703] area=0.0 perimeter=0.0 bbox=(278,776,1,1)
[MASK M704] area=0.0 perimeter=0.0 bbox=(1214,775,1,1)
[MASK M705] area=0.0 perimeter=0.0 bbox=(933,775,1,1)
[MASK M706] area=41.5 perimeter=35.6 bbox=(588,775,7,13)
[MASK M707] area=33.5 perimeter=36.4 bbox=(441,775,10,12)
[MASK M708] area=2.0 perimeter=13.7 bbox=(884,774,3,6)
[MASK M709] area=0.0 perimeter=0.0 bbox=(812,774,1,1)
[MASK M710] area=6.5 perimeter=17.9 bbox=(795,774,4,7)
[MASK M711] area=0.5 perimeter=8.2 bbox=(373,774,4,3)
[MASK M712] area=0.0 perimeter=0.0 bbox=(229,774,1,1)
[MASK M713] area=1.5 perimeter=5.4 bbox=(765,773,2,3)
[MASK M714] area=5.0 perimeter=13.3 bbox=(747,773,4,6)
[MASK M715] area=22.5 perimeter=27.6 bbox=(652,773,7,11)
[MASK M716] area=0.0 perimeter=0.0 bbox=(365,773,1,1)
[MASK M717] area=25.5 perimeter=29.9 bbox=(1176,772,6,13)
[MASK M718] area=32.0 perimeter=27.0 bbox=(606,772,9,9)
[MASK M719] area=0.0 perimeter=0.0 bbox=(432,772,1,1)
[MASK M720] area=98.5 perimeter=97.5 bbox=(100,772,19,31)
[MASK M721] area=17.0 perimeter=25.3 bbox=(119,771,8,8)
[MASK M722] area=1.0 perimeter=7.7 bbox=(901,770,3,4)
[MASK M723] area=8.5 perimeter=12.2 bbox=(109,770,4,5)
[MASK M724] area=33.5 perimeter=48.9 bbox=(1236,769,17,14)
[MASK M725] area=9.0 perimeter=19.3 bbox=(1224,769,7,7)
[MASK M726] area=7.5 perimeter=17.9 bbox=(961,769,6,7)
[MASK M727] area=1.0 perimeter=4.8 bbox=(864,769,2,3)
[MASK M728] area=43.5 perimeter=33.6 bbox=(670,769,8,13)
[MASK M729] area=2.5 perimeter=8.2 bbox=(448,769,3,4)
[MASK M730] area=0.0 perimeter=4.8 bbox=(886,768,2,3)
[MASK M731] area=0.0 perimeter=0.0 bbox=(861,768,1,1)
[MASK M732] area=0.0 perimeter=2.0 bbox=(608,768,1,2)
[MASK M733] area=0.0 perimeter=4.0 bbox=(595,768,1,3)
[MASK M734] area=1.0 perimeter=4.0 bbox=(553,768,2,2)
[MASK M735] area=12.0 perimeter=27.3 bbox=(474,768,6,10)
[MASK M736] area=0.0 perimeter=0.0 bbox=(313,768,1,1)
[MASK M737] area=21.0 perimeter=32.1 bbox=(205,768,7,12)
[MASK M738] area=32.0 perimeter=52.6 bbox=(130,768,6,23)
[MASK M739] area=3.5 perimeter=8.2 bbox=(718,767,3,4)
[MASK M740] area=0.0 perimeter=2.0 bbox=(692,767,2,1)
[MASK M741] area=6.0 perimeter=11.7 bbox=(1219,766,4,5)
[MASK M742] area=2.0 perimeter=6.0 bbox=(981,766,2,3)
[MASK M743] area=6.0 perimeter=13.7 bbox=(434,766,4,5)
[MASK M744] area=0.0 perimeter=0.0 bbox=(310,766,1,1)
[MASK M745] area=3.0 perimeter=7.7 bbox=(1183,765,3,4)
[MASK M746] area=0.5 perimeter=3.4 bbox=(1003,765,2,2)
[MASK M747] area=0.5 perimeter=8.2 bbox=(857,765,3,4)
[MASK M748] area=0.0 perimeter=2.0 bbox=(845,765,1,2)
[MASK M749] area=0.5 perimeter=3.4 bbox=(581,765,2,2)
[MASK M750] area=1.0 perimeter=4.8 bbox=(164,765,3,2)
[MASK M751] area=6.0 perimeter=13.7 bbox=(108,765,6,4)
[MASK M752] area=0.0 perimeter=0.0 bbox=(1251,764,1,1)
[MASK M753] area=0.0 perimeter=0.0 bbox=(1035,764,1,1)
[MASK M754] area=4.0 perimeter=16.5 bbox=(972,764,5,6)
[MASK M755] area=0.0 perimeter=0.0 bbox=(840,764,1,1)
[MASK M756] area=6.0 perimeter=11.7 bbox=(764,764,5,4)
[MASK M757] area=77.5 perimeter=77.0 bbox=(725,764,21,13)
[MASK M758] area=76.5 perimeter=54.0 bbox=(701,764,16,13)
[MASK M759] area=5.0 perimeter=21.7 bbox=(493,764,3,11)
[MASK M760] area=0.0 perimeter=0.0 bbox=(80,764,1,1)
[MASK M761] area=0.0 perimeter=2.0 bbox=(1258,763,1,2)
[MASK M762] area=33.5 perimeter=36.4 bbox=(627,763,9,11)
[MASK M763] area=6.0 perimeter=11.7 bbox=(488,763,3,6)
[MASK M764] area=0.0 perimeter=2.0 bbox=(172,763,2,1)
[MASK M765] area=0.0 perimeter=0.0 bbox=(158,763,1,1)
[MASK M766] area=1.0 perimeter=4.8 bbox=(154,763,3,2)
[MASK M767] area=0.0 perimeter=4.0 bbox=(130,763,1,3)
[MASK M768] area=0.0 perimeter=2.0 bbox=(63,763,1,2)
[MASK M769] area=1.0 perimeter=4.0 bbox=(1124,762,2,2)
[MASK M770] area=0.0 perimeter=0.0 bbox=(851,762,1,1)
[MASK M771] area=2.0 perimeter=7.7 bbox=(846,762,3,3)
[MASK M772] area=0.0 perimeter=0.0 bbox=(819,762,1,1)
[MASK M773] area=24.5 perimeter=25.1 bbox=(575,762,4,12)
[MASK M774] area=0.0 perimeter=0.0 bbox=(521,762,1,1)
[MASK M775] area=15.5 perimeter=17.1 bbox=(238,762,6,6)
[MASK M776] area=0.0 perimeter=0.0 bbox=(113,762,1,1)
[MASK M777] area=0.0 perimeter=0.0 bbox=(1189,761,1,1)
[MASK M778] area=0.0 perimeter=0.0 bbox=(1171,761,1,1)
[MASK M779] area=0.0 perimeter=0.0 bbox=(655,761,1,1)
[MASK M780] area=0.0 perimeter=0.0 bbox=(331,761,1,1)
[MASK M781] area=0.0 perimeter=0.0 bbox=(117,761,1,1)
[MASK M782] area=0.0 perimeter=2.0 bbox=(115,761,1,2)
[MASK M783] area=16.5 perimeter=21.4 bbox=(1273,760,3,10)
[MASK M784] area=1.0 perimeter=8.8 bbox=(928,760,5,2)
[MASK M785] area=11.0 perimeter=13.7 bbox=(863,760,5,5)
[MASK M786] area=112.5 perimeter=111.7 bbox=(541,760,7,52)
[MASK M787] area=1.0 perimeter=4.8 bbox=(532,760,2,3)
[MASK M788] area=0.0 perimeter=2.0 bbox=(384,760,1,2)
[MASK M789] area=2.5 perimeter=6.2 bbox=(1199,759,3,3)
[MASK M790] area=12.5 perimeter=29.1 bbox=(568,759,4,14)
[MASK M791] area=96.0 perimeter=77.5 bbox=(404,759,14,28)
[MASK M792] area=0.0 perimeter=4.8 bbox=(33,759,2,3)
[MASK M793] area=3.0 perimeter=6.8 bbox=(1158,758,3,3)
[MASK M794] area=5.5 perimeter=9.4 bbox=(1121,758,4,3)
[MASK M795] area=48.5 perimeter=40.4 bbox=(658,758,9,17)
[MASK M796] area=166.0 perimeter=96.3 bbox=(455,758,9,44)
[MASK M797] area=0.0 perimeter=0.0 bbox=(279,758,1,1)
[MASK M798] area=9.0 perimeter=13.7 bbox=(1244,757,6,4)
[MASK M799] area=73.0 perimeter=59.1 bbox=(908,757,9,23)
[MASK M800] area=0.0 perimeter=2.8 bbox=(867,757,2,2)
[MASK M801] area=8.0 perimeter=14.5 bbox=(823,757,4,6)
[MASK M802] area=1.0 perimeter=6.8 bbox=(797,757,3,3)
[MASK M803] area=2.0 perimeter=7.7 bbox=(743,757,4,3)
[MASK M804] area=3.5 perimeter=7.4 bbox=(708,757,3,3)
[MASK M805] area=16.0 perimeter=24.1 bbox=(477,757,8,6)
[MASK M806] area=1.5 perimeter=5.4 bbox=(325,757,2,3)
[MASK M807] area=2.0 perimeter=6.8 bbox=(291,757,3,3)
[MASK M808] area=25.0 perimeter=22.1 bbox=(876,756,7,8)
[MASK M809] area=25.5 perimeter=30.4 bbox=(550,756,9,10)
[MASK M810] area=0.0 perimeter=0.0 bbox=(476,756,1,1)
[MASK M811] area=0.0 perimeter=2.0 bbox=(218,756,2,1)
[MASK M812] area=44.5 perimeter=33.9 bbox=(97,756,6,14)
[MASK M813] area=23.0 perimeter=24.1 bbox=(129,755,8,7)
[MASK M814] area=2.0 perimeter=11.7 bbox=(1206,754,6,3)
[MASK M815] area=18.0 perimeter=19.7 bbox=(802,754,7,6)
[MASK M816] area=0.5 perimeter=3.4 bbox=(643,754,2,2)
[MASK M817] area=68.5 perimeter=37.6 bbox=(466,754,8,16)
[MASK M818] area=0.5 perimeter=9.1 bbox=(281,754,4,4)
[MASK M819] area=6.0 perimeter=10.8 bbox=(119,754,4,4)
[MASK M820] area=5.5 perimeter=13.1 bbox=(81,754,6,4)
[MASK M821] area=0.0 perimeter=0.0 bbox=(822,753,1,1)
[MASK M822] area=22.0 perimeter=31.0 bbox=(714,753,6,12)
[MASK M823] area=0.0 perimeter=0.0 bbox=(634,753,1,1)
[MASK M824] area=27.0 perimeter=19.3 bbox=(431,753,7,7)
[MASK M825] area=0.0 perimeter=2.0 bbox=(371,753,1,2)
[MASK M826] area=0.0 perimeter=4.8 bbox=(631,752,2,3)
[MASK M827] area=0.0 perimeter=0.0 bbox=(630,752,1,1)
[MASK M828] area=0.0 perimeter=0.0 bbox=(490,752,1,1)
[MASK M829] area=7.0 perimeter=10.8 bbox=(1263,751,4,4)
[MASK M830] area=0.0 perimeter=4.8 bbox=(1153,751,2,3)
[MASK M831] area=6.0 perimeter=10.8 bbox=(736,751,4,4)
[MASK M832] area=0.0 perimeter=2.0 bbox=(122,751,1,2)
[MASK M833] area=3.0 perimeter=6.8 bbox=(101,751,3,3)
[MASK M834] area=3.5 perimeter=13.1 bbox=(89,751,6,3)
[MASK M835] area=2.0 perimeter=8.8 bbox=(1274,750,2,5)
[MASK M836] area=0.5 perimeter=7.4 bbox=(1180,750,3,3)
[MASK M837] area=0.0 perimeter=0.0 bbox=(792,750,1,1)
[MASK M838] area=22.5 perimeter=33.6 bbox=(599,750,10,9)
[MASK M839] area=30.5 perimeter=44.4 bbox=(578,749,12,14)
[MASK M840] area=17.0 perimeter=20.5 bbox=(545,749,7,7)
[MASK M841] area=2.0 perimeter=6.0 bbox=(290,749,3,2)
[MASK M842] area=11.5 perimeter=19.9 bbox=(221,749,5,7)
[MASK M843] area=1.5 perimeter=6.2 bbox=(1257,748,3,3)
[MASK M844] area=0.0 perimeter=0.0 bbox=(1153,748,1,1)
[MASK M845] area=35.5 perimeter=31.6 bbox=(755,748,10,8)
[MASK M846] area=23.5 perimeter=28.7 bbox=(586,748,9,8)
[MASK M847] area=5.5 perimeter=10.2 bbox=(265,748,3,5)
[MASK M848] area=0.0 perimeter=0.0 bbox=(236,748,1,1)
[MASK M849] area=0.0 perimeter=2.0 bbox=(117,748,1,2)
[MASK M850] area=4.0 perimeter=8.8 bbox=(78,748,3,4)
[MASK M851] area=0.5 perimeter=3.4 bbox=(1183,747,2,2)
[MASK M852] area=0.0 perimeter=2.0 bbox=(1036,747,2,1)
[MASK M853] area=1.5 perimeter=5.4 bbox=(889,747,3,2)
[MASK M854] area=48.0 perimeter=53.1 bbox=(612,747,18,9)
[MASK M855] area=33.5 perimeter=41.9 bbox=(446,747,4,20)
[MASK M856] area=15.0 perimeter=15.7 bbox=(126,747,6,5)
[MASK M857] area=2.0 perimeter=6.8 bbox=(1011,746,4,2)
[MASK M858] area=0.0 perimeter=0.0 bbox=(999,746,1,1)
[MASK M859] area=25.5 perimeter=25.6 bbox=(863,746,8,10)
[MASK M860] area=2.0 perimeter=11.7 bbox=(845,746,3,6)
[MASK M861] area=21.5 perimeter=34.4 bbox=(817,746,12,7)
[MASK M862] area=0.5 perimeter=3.4 bbox=(612,746,2,2)
[MASK M863] area=1.0 perimeter=4.8 bbox=(409,746,3,2)
[MASK M864] area=18.5 perimeter=17.9 bbox=(1236,745,7,6)
[MASK M865] area=0.0 perimeter=0.0 bbox=(830,745,1,1)
[MASK M866] area=1.5 perimeter=5.4 bbox=(775,745,2,3)
[MASK M867] area=2.0 perimeter=6.0 bbox=(429,745,3,2)
[MASK M868] area=0.0 perimeter=2.0 bbox=(259,745,2,1)
[MASK M869] area=0.0 perimeter=0.0 bbox=(87,745,1,1)
[MASK M870] area=24.5 perimeter=25.9 bbox=(1164,744,6,10)
[MASK M871] area=0.0 perimeter=0.0 bbox=(828,744,1,1)
[MASK M872] area=49.5 perimeter=45.2 bbox=(781,744,10,16)
[MASK M873] area=0.0 perimeter=2.0 bbox=(635,744,1,2)
[MASK M874] area=53.5 perimeter=31.6 bbox=(514,744,8,13)
[MASK M875] area=8.5 perimeter=23.6 bbox=(482,744,9,5)
[MASK M876] area=0.5 perimeter=3.4 bbox=(471,744,2,2)
[MASK M877] area=5.5 perimeter=10.2 bbox=(161,744,3,5)
[MASK M878] area=0.0 perimeter=0.0 bbox=(624,743,1,1)
[MASK M879] area=25.0 perimeter=28.5 bbox=(441,743,4,14)
[MASK M880] area=26.0 perimeter=30.1 bbox=(61,743,7,12)
[MASK M881] area=0.0 perimeter=2.8 bbox=(2,743,2,2)
[MASK M882] area=9.0 perimeter=14.8 bbox=(912,742,3,7)
[MASK M883] area=0.0 perimeter=2.0 bbox=(885,742,1,2)
[MASK M884] area=0.0 perimeter=2.0 bbox=(848,742,1,2)
[MASK M885] area=1.5 perimeter=5.4 bbox=(156,742,3,2)
[MASK M886] area=4.5 perimeter=8.2 bbox=(1203,741,3,4)
[MASK M887] area=0.0 perimeter=2.0 bbox=(882,741,2,1)
[MASK M888] area=2.0 perimeter=6.0 bbox=(850,741,2,3)
[MASK M889] area=13.5 perimeter=17.1 bbox=(670,741,5,7)
[MASK M890] area=35.5 perimeter=27.6 bbox=(650,741,8,11)
[MASK M891] area=0.5 perimeter=3.4 bbox=(19,741,2,2)
[MASK M892] area=0.0 perimeter=0.0 bbox=(427,740,1,1)
[MASK M893] area=6.5 perimeter=12.2 bbox=(345,740,3,6)
[MASK M894] area=3.0 perimeter=6.8 bbox=(170,740,3,3)
[MASK M895] area=0.5 perimeter=3.4 bbox=(1062,739,2,2)
[MASK M896] area=4.0 perimeter=8.8 bbox=(783,739,3,4)
[MASK M897] area=0.0 perimeter=0.0 bbox=(766,739,1,1)
[MASK M898] area=11.0 perimeter=13.7 bbox=(660,739,5,5)
[MASK M899] area=34.0 perimeter=28.1 bbox=(558,739,7,10)
[MASK M900] area=0.0 perimeter=0.0 bbox=(152,739,1,1)
[MASK M901] area=12.5 perimeter=15.1 bbox=(91,739,7,4)
[MASK M902] area=0.0 perimeter=2.8 bbox=(88,739,2,2)
[MASK M903] area=4.5 perimeter=13.4 bbox=(1274,738,2,7)
[MASK M904] area=17.0 perimeter=21.7 bbox=(1129,738,4,10)
[MASK M905] area=0.0 perimeter=0.0 bbox=(754,738,1,1)
[MASK M906] area=0.0 perimeter=0.0 bbox=(711,738,1,1)
[MASK M907] area=0.0 perimeter=0.0 bbox=(482,738,1,1)
[MASK M908] area=0.0 perimeter=0.0 bbox=(210,738,1,1)
[MASK M909] area=5.5 perimeter=13.1 bbox=(178,738,5,4)
[MASK M910] area=172.0 perimeter=91.9 bbox=(499,737,11,34)
[MASK M911] area=0.0 perimeter=2.0 bbox=(470,737,1,2)
[MASK M912] area=59.5 perimeter=42.7 bbox=(378,737,8,18)
[MASK M913] area=0.5 perimeter=3.4 bbox=(273,737,2,2)
[MASK M914] area=0.0 perimeter=6.0 bbox=(863,736,1,4)
[MASK M915] area=0.0 perimeter=0.0 bbox=(748,736,1,1)
[MASK M916] area=0.0 perimeter=0.0 bbox=(512,736,1,1)
[MASK M917] area=0.0 perimeter=2.0 bbox=(492,736,1,2)
[MASK M918] area=193.5 perimeter=93.0 bbox=(298,736,29,18)
[MASK M919] area=47.0 perimeter=35.3 bbox=(1012,735,11,10)
[MASK M920] area=0.0 perimeter=2.0 bbox=(849,735,1,2)
[MASK M921] area=0.0 perimeter=2.8 bbox=(435,735,2,2)
[MASK M922] area=0.5 perimeter=5.4 bbox=(352,735,2,3)
[MASK M923] area=0.0 perimeter=2.0 bbox=(680,734,1,2)
[MASK M924] area=0.5 perimeter=3.4 bbox=(479,734,2,2)
[MASK M925] area=0.0 perimeter=5.7 bbox=(96,734,3,3)
[MASK M926] area=7.5 perimeter=11.4 bbox=(1225,733,4,4)
[MASK M927] area=0.0 perimeter=2.0 bbox=(589,733,2,1)
[MASK M928] area=28.0 perimeter=29.0 bbox=(549,733,8,11)
[MASK M929] area=0.0 perimeter=0.0 bbox=(508,733,1,1)
[MASK M930] area=0.0 perimeter=2.0 bbox=(376,733,1,2)
[MASK M931] area=0.5 perimeter=3.4 bbox=(1130,732,2,2)
[MASK M932] area=123.5 perimeter=117.5 bbox=(920,732,11,48)
[MASK M933] area=1.0 perimeter=4.0 bbox=(807,732,2,2)
[MASK M934] area=0.5 perimeter=3.4 bbox=(637,732,2,2)
[MASK M935] area=3.0 perimeter=6.8 bbox=(70,732,3,3)
[MASK M936] area=64.0 perimeter=51.1 bbox=(728,731,18,10)
[MASK M937] area=93.5 perimeter=72.9 bbox=(449,731,13,20)
[MASK M938] area=0.0 perimeter=2.0 bbox=(419,731,1,2)
[MASK M939] area=0.0 perimeter=0.0 bbox=(222,731,1,1)
[MASK M940] area=1.5 perimeter=5.4 bbox=(815,730,2,3)
[MASK M941] area=0.5 perimeter=3.4 bbox=(812,730,2,2)
[MASK M942] area=0.0 perimeter=0.0 bbox=(798,730,1,1)
[MASK M943] area=15.0 perimeter=18.5 bbox=(513,730,5,7)
[MASK M944] area=8.5 perimeter=13.1 bbox=(53,730,4,6)
[MASK M945] area=0.0 perimeter=2.0 bbox=(1261,729,1,2)
[MASK M946] area=3.5 perimeter=7.4 bbox=(1211,729,3,3)
[MASK M947] area=12.0 perimeter=14.8 bbox=(1030,729,4,6)
[MASK M948] area=1.5 perimeter=8.2 bbox=(947,729,4,3)
[MASK M949] area=0.0 perimeter=0.0 bbox=(802,729,1,1)
[MASK M950] area=0.5 perimeter=12.2 bbox=(613,729,5,4)
[MASK M951] area=3.5 perimeter=8.2 bbox=(273,729,3,4)
[MASK M952] area=3.5 perimeter=10.2 bbox=(939,728,5,3)
[MASK M953] area=0.0 perimeter=4.0 bbox=(920,728,3,1)
[MASK M954] area=11.5 perimeter=13.1 bbox=(875,728,5,5)
[MASK M955] area=1.5 perimeter=5.4 bbox=(865,728,3,2)
[MASK M956] area=0.0 perimeter=0.0 bbox=(798,728,1,1)
[MASK M957] area=8.0 perimeter=12.8 bbox=(641,728,4,5)
[MASK M958] area=0.0 perimeter=2.0 bbox=(529,728,1,2)
[MASK M959] area=0.5 perimeter=3.4 bbox=(82,728,2,2)
[MASK M960] area=5.0 perimeter=20.5 bbox=(1274,727,2,10)
[MASK M961] area=0.0 perimeter=2.0 bbox=(803,727,2,1)
[MASK M962] area=201.0 perimeter=77.1 bbox=(693,727,12,35)
[MASK M963] area=13.5 perimeter=24.7 bbox=(604,727,5,10)
[MASK M964] area=0.5 perimeter=3.4 bbox=(581,727,2,2)
[MASK M965] area=1.0 perimeter=9.7 bbox=(294,727,2,5)
[MASK M966] area=0.0 perimeter=0.0 bbox=(1237,726,1,1)
[MASK M967] area=1.5 perimeter=5.4 bbox=(947,726,3,2)
[MASK M968] area=9.5 perimeter=13.1 bbox=(668,726,5,5)
[MASK M969] area=0.0 perimeter=0.0 bbox=(630,726,1,1)
[MASK M970] area=3.0 perimeter=8.8 bbox=(592,726,3,4)
[MASK M971] area=4.5 perimeter=15.4 bbox=(501,726,2,8)
[MASK M972] area=1.5 perimeter=5.4 bbox=(492,726,2,3)
[MASK M973] area=0.0 perimeter=0.0 bbox=(889,725,1,1)
[MASK M974] area=12.5 perimeter=16.2 bbox=(778,725,5,6)
[MASK M975] area=1.5 perimeter=5.4 bbox=(87,725,2,3)
[MASK M976] area=44.0 perimeter=29.3 bbox=(827,724,9,10)
[MASK M977] area=0.0 perimeter=2.0 bbox=(546,724,2,1)
[MASK M978] area=2.0 perimeter=6.8 bbox=(143,724,3,3)
[MASK M979] area=157.5 perimeter=130.3 bbox=(104,724,20,31)
[MASK M980] area=0.0 perimeter=2.0 bbox=(915,723,2,1)
[MASK M981] area=0.0 perimeter=2.0 bbox=(727,723,1,2)
[MASK M982] area=0.0 perimeter=2.8 bbox=(675,723,2,2)
[MASK M983] area=15.0 perimeter=25.3 bbox=(585,723,7,10)
[MASK M984] area=2.0 perimeter=7.7 bbox=(377,723,3,4)
[MASK M985] area=9.0 perimeter=11.7 bbox=(362,723,4,5)
[MASK M986] area=0.0 perimeter=2.0 bbox=(301,723,2,1)
[MASK M987] area=0.0 perimeter=0.0 bbox=(178,723,1,1)
[MASK M988] area=1.5 perimeter=6.2 bbox=(47,723,3,3)
[MASK M989] area=0.0 perimeter=0.0 bbox=(5,723,1,1)
[MASK M990] area=0.0 perimeter=2.0 bbox=(2,723,1,2)
[MASK M991] area=5.0 perimeter=16.5 bbox=(812,722,4,7)
[MASK M992] area=0.0 perimeter=0.0 bbox=(724,722,1,1)
[MASK M993] area=52.0 perimeter=35.0 bbox=(712,722,13,9)
[MASK M994] area=19.5 perimeter=40.2 bbox=(442,722,3,20)
[MASK M995] area=0.0 perimeter=4.0 bbox=(1275,721,1,3)
[MASK M996] area=0.0 perimeter=0.0 bbox=(1161,721,1,1)
[MASK M997] area=1.0 perimeter=4.8 bbox=(886,721,3,2)
[MASK M998] area=0.0 perimeter=4.8 bbox=(729,721,3,2)
[MASK M999] area=0.0 perimeter=2.0 bbox=(681,721,1,2)
[MASK M1000] area=14.5 perimeter=17.1 bbox=(353,721,5,7)
[MASK M1001] area=0.0 perimeter=0.0 bbox=(322,721,1,1)
[MASK M1002] area=0.0 perimeter=0.0 bbox=(222,721,1,1)
[MASK M1003] area=9.0 perimeter=13.7 bbox=(98,721,7,3)
[MASK M1004] area=0.0 perimeter=4.0 bbox=(71,721,1,3)
[MASK M1005] area=1.0 perimeter=4.0 bbox=(1010,720,2,2)
[MASK M1006] area=162.5 perimeter=134.1 bbox=(886,720,19,39)
[MASK M1007] area=8.0 perimeter=15.7 bbox=(63,720,3,8)
[MASK M1008] area=0.0 perimeter=2.0 bbox=(5,720,2,1)
[MASK M1009] area=0.0 perimeter=4.8 bbox=(1,720,3,2)
[MASK M1010] area=0.0 perimeter=0.0 bbox=(1140,719,1,1)
[MASK M1011] area=0.0 perimeter=2.0 bbox=(824,719,1,2)
[MASK M1012] area=6.0 perimeter=13.7 bbox=(751,719,5,4)
[MASK M1013] area=0.5 perimeter=3.4 bbox=(603,719,2,2)
[MASK M1014] area=1.0 perimeter=4.0 bbox=(595,719,2,2)
[MASK M1015] area=4.0 perimeter=8.8 bbox=(554,719,4,3)
[MASK M1016] area=0.0 perimeter=0.0 bbox=(377,719,1,1)
[MASK M1017] area=3.0 perimeter=11.7 bbox=(181,719,6,3)
[MASK M1018] area=0.0 perimeter=0.0 bbox=(1,719,1,1)
[MASK M1019] area=28.5 perimeter=31.6 bbox=(683,718,12,7)
[MASK M1020] area=1.5 perimeter=6.2 bbox=(673,718,3,3)
[MASK M1021] area=0.0 perimeter=0.0 bbox=(326,718,1,1)
[MASK M1022] area=1.0 perimeter=6.8 bbox=(219,718,3,2)
[MASK M1023] area=0.0 perimeter=2.0 bbox=(1130,717,1,2)
[MASK M1024] area=0.0 perimeter=4.0 bbox=(880,717,3,1)
[MASK M1025] area=0.0 perimeter=0.0 bbox=(722,717,1,1)
[MASK M1026] area=53.0 perimeter=41.0 bbox=(567,717,8,17)
[MASK M1027] area=1.0 perimeter=6.8 bbox=(212,717,3,3)
[MASK M1028] area=0.0 perimeter=0.0 bbox=(5,717,1,1)
[MASK M1029] area=0.0 perimeter=0.0 bbox=(1141,716,1,1)
[MASK M1030] area=0.0 perimeter=0.0 bbox=(905,716,1,1)
[MASK M1031] area=0.0 perimeter=0.0 bbox=(374,716,1,1)
[MASK M1032] area=4.5 perimeter=12.2 bbox=(253,716,5,4)
[MASK M1033] area=1.0 perimeter=4.8 bbox=(112,715,3,2)
[MASK M1034] area=13.5 perimeter=24.7 bbox=(52,715,8,8)
[MASK M1035] area=12.5 perimeter=15.1 bbox=(440,714,4,7)
[MASK M1036] area=0.0 perimeter=0.0 bbox=(1176,713,1,1)
[MASK M1037] area=0.5 perimeter=3.4 bbox=(1129,713,2,2)
[MASK M1038] area=2.0 perimeter=6.0 bbox=(1119,713,2,3)
[MASK M1039] area=0.0 perimeter=2.0 bbox=(880,713,2,1)
[MASK M1040] area=10.5 perimeter=29.1 bbox=(456,713,4,14)
[MASK M1041] area=80.5 perimeter=56.9 bbox=(425,713,13,17)
[MASK M1042] area=10.5 perimeter=21.9 bbox=(959,712,5,9)
[MASK M1043] area=0.0 perimeter=4.8 bbox=(907,712,2,3)
[MASK M1044] area=0.0 perimeter=2.0 bbox=(869,712,2,1)
[MASK M1045] area=8.5 perimeter=14.2 bbox=(580,712,5,5)
[MASK M1046] area=16.5 perimeter=19.9 bbox=(101,712,8,5)
[MASK M1047] area=0.0 perimeter=0.0 bbox=(972,711,1,1)
[MASK M1048] area=5.0 perimeter=15.3 bbox=(924,711,5,5)
[MASK M1049] area=13.5 perimeter=14.2 bbox=(549,711,4,6)
[MASK M1050] area=2.5 perimeter=7.4 bbox=(295,711,2,4)
[MASK M1051] area=2.0 perimeter=6.8 bbox=(152,711,3,3)
[MASK M1052] area=56.0 perimeter=49.1 bbox=(121,711,11,20)
[MASK M1053] area=21.0 perimeter=23.3 bbox=(1225,710,5,10)
[MASK M1054] area=8.5 perimeter=12.2 bbox=(529,710,3,6)
[MASK M1055] area=2.0 perimeter=6.8 bbox=(98,710,2,4)
[MASK M1056] area=0.0 perimeter=0.0 bbox=(998,709,1,1)
[MASK M1057] area=1.5 perimeter=5.4 bbox=(872,709,3,2)
[MASK M1058] area=0.5 perimeter=3.4 bbox=(817,709,2,2)
[MASK M1059] area=2.5 perimeter=6.2 bbox=(566,709,3,3)
[MASK M1060] area=0.0 perimeter=0.0 bbox=(466,709,1,1)
[MASK M1061] area=8.0 perimeter=11.7 bbox=(430,709,4,5)
[MASK M1062] area=0.0 perimeter=0.0 bbox=(927,708,1,1)
[MASK M1063] area=10.0 perimeter=12.8 bbox=(786,708,4,5)
[MASK M1064] area=4.5 perimeter=9.1 bbox=(752,708,4,4)
[MASK M1065] area=6.0 perimeter=11.7 bbox=(733,708,5,4)
[MASK M1066] area=13.0 perimeter=17.7 bbox=(607,708,6,6)
[MASK M1067] area=1.5 perimeter=5.4 bbox=(762,707,3,2)
[MASK M1068] area=8.5 perimeter=19.9 bbox=(621,707,5,9)
[MASK M1069] area=1.5 perimeter=5.4 bbox=(585,707,2,3)
[MASK M1070] area=0.0 perimeter=4.0 bbox=(513,707,1,3)
[MASK M1071] area=7.5 perimeter=13.1 bbox=(976,706,5,5)
[MASK M1072] area=25.0 perimeter=23.3 bbox=(857,706,9,6)
[MASK M1073] area=0.0 perimeter=2.0 bbox=(68,706,1,2)
[MASK M1074] area=0.5 perimeter=3.4 bbox=(79,705,2,2)
[MASK M1075] area=0.5 perimeter=5.4 bbox=(1213,704,3,2)
[MASK M1076] area=80.5 perimeter=59.7 bbox=(700,704,11,20)
[MASK M1077] area=3.0 perimeter=9.7 bbox=(541,704,3,5)
[MASK M1078] area=116.0 perimeter=46.1 bbox=(498,704,10,18)
[MASK M1079] area=1.5 perimeter=5.4 bbox=(432,704,2,3)
[MASK M1080] area=0.0 perimeter=0.0 bbox=(362,704,1,1)
[MASK M1081] area=2.0 perimeter=6.0 bbox=(59,704,2,3)
[MASK M1082] area=0.0 perimeter=4.0 bbox=(946,703,1,3)
[MASK M1083] area=0.5 perimeter=3.4 bbox=(872,703,2,2)
[MASK M1084] area=0.0 perimeter=0.0 bbox=(811,703,1,1)
[MASK M1085] area=5.5 perimeter=10.2 bbox=(377,703,4,4)
[MASK M1086] area=11.0 perimeter=27.7 bbox=(1273,702,3,14)
[MASK M1087] area=0.0 perimeter=4.0 bbox=(1179,702,3,1)
[MASK M1088] area=1.0 perimeter=4.8 bbox=(658,702,2,3)
[MASK M1089] area=0.0 perimeter=4.0 bbox=(585,702,1,3)
[MASK M1090] area=65.0 perimeter=89.5 bbox=(537,702,8,42)
[MASK M1091] area=0.0 perimeter=7.7 bbox=(462,702,3,3)
[MASK M1092] area=1.0 perimeter=4.0 bbox=(84,702,2,2)
[MASK M1093] area=4.5 perimeter=10.2 bbox=(613,701,3,4)
[MASK M1094] area=9.0 perimeter=13.7 bbox=(456,701,3,7)
[MASK M1095] area=0.0 perimeter=0.0 bbox=(365,701,1,1)
[MASK M1096] area=0.0 perimeter=2.0 bbox=(56,701,2,1)
[MASK M1097] area=2.5 perimeter=8.2 bbox=(1193,700,3,4)
[MASK M1098] area=0.5 perimeter=3.4 bbox=(911,700,2,2)
[MASK M1099] area=0.0 perimeter=0.0 bbox=(760,700,1,1)
[MASK M1100] area=2.5 perimeter=9.4 bbox=(602,700,2,5)
[MASK M1101] area=0.0 perimeter=0.0 bbox=(464,700,1,1)
[MASK M1102] area=12.0 perimeter=22.5 bbox=(39,700,5,10)
[MASK M1103] area=3.0 perimeter=8.8 bbox=(1137,699,3,4)
[MASK M1104] area=12.0 perimeter=18.5 bbox=(923,699,4,8)
[MASK M1105] area=0.0 perimeter=0.0 bbox=(786,699,1,1)
[MASK M1106] area=0.0 perimeter=0.0 bbox=(641,699,1,1)
[MASK M1107] area=1.0 perimeter=6.8 bbox=(553,699,2,4)
[MASK M1108] area=83.0 perimeter=88.3 bbox=(446,699,8,26)
[MASK M1109] area=42.0 perimeter=27.3 bbox=(140,699,8,9)
[MASK M1110] area=4.5 perimeter=8.2 bbox=(32,699,3,4)
[MASK M1111] area=1.5 perimeter=5.4 bbox=(742,698,3,2)
[MASK M1112] area=13.0 perimeter=14.5 bbox=(1232,697,5,6)
[MASK M1113] area=3.5 perimeter=15.9 bbox=(987,697,6,4)
[MASK M1114] area=0.0 perimeter=2.0 bbox=(940,697,2,1)
[MASK M1115] area=0.5 perimeter=3.4 bbox=(835,697,2,2)
[MASK M1116] area=1.0 perimeter=4.8 bbox=(730,697,2,3)
[MASK M1117] area=0.0 perimeter=0.0 bbox=(553,697,1,1)
[MASK M1118] area=16.0 perimeter=17.3 bbox=(525,697,6,7)
[MASK M1119] area=0.0 perimeter=0.0 bbox=(451,697,1,1)
[MASK M1120] area=10.0 perimeter=20.5 bbox=(438,697,4,10)
[MASK M1121] area=4.0 perimeter=12.5 bbox=(290,697,6,3)
[MASK M1122] area=13.0 perimeter=21.3 bbox=(1124,696,7,7)
[MASK M1123] area=2.5 perimeter=12.2 bbox=(706,696,4,5)
[MASK M1124] area=22.5 perimeter=24.7 bbox=(669,696,5,11)
[MASK M1125] area=47.0 perimeter=35.8 bbox=(565,696,12,10)
[MASK M1126] area=0.5 perimeter=7.4 bbox=(429,696,4,2)
[MASK M1127] area=0.0 perimeter=0.0 bbox=(427,696,1,1)
[MASK M1128] area=1.0 perimeter=4.0 bbox=(348,696,2,2)
[MASK M1129] area=2.0 perimeter=6.8 bbox=(1181,695,3,3)
[MASK M1130] area=6.0 perimeter=11.7 bbox=(1167,695,4,5)
[MASK M1131] area=0.0 perimeter=2.0 bbox=(923,695,1,2)
[MASK M1132] area=1.5 perimeter=8.2 bbox=(807,695,4,3)
[MASK M1133] area=3.5 perimeter=11.1 bbox=(759,695,4,5)
[MASK M1134] area=0.0 perimeter=6.8 bbox=(1116,694,2,4)
[MASK M1135] area=0.0 perimeter=2.8 bbox=(666,694,2,2)
[MASK M1136] area=0.0 perimeter=2.0 bbox=(621,694,1,2)
[MASK M1137] area=0.0 perimeter=0.0 bbox=(240,694,1,1)
[MASK M1138] area=31.0 perimeter=31.0 bbox=(1220,693,11,10)
[MASK M1139] area=0.0 perimeter=0.0 bbox=(1137,693,1,1)
[MASK M1140] area=0.0 perimeter=0.0 bbox=(975,693,1,1)
[MASK M1141] area=0.5 perimeter=5.4 bbox=(958,693,3,2)
[MASK M1142] area=91.0 perimeter=44.6 bbox=(885,693,17,10)
[MASK M1143] area=0.0 perimeter=2.0 bbox=(781,693,2,1)
[MASK M1144] area=0.0 perimeter=2.0 bbox=(647,693,2,1)
[MASK M1145] area=0.0 perimeter=0.0 bbox=(82,693,1,1)
[MASK M1146] area=0.0 perimeter=2.0 bbox=(65,693,2,1)
[MASK M1147] area=48.0 perimeter=28.5 bbox=(993,692,10,7)
[MASK M1148] area=3.0 perimeter=6.8 bbox=(379,692,3,3)
[MASK M1149] area=6.0 perimeter=11.7 bbox=(162,692,4,5)
[MASK M1150] area=31.0 perimeter=28.1 bbox=(1188,691,10,7)
[MASK M1151] area=2.5 perimeter=8.2 bbox=(876,691,3,4)
[MASK M1152] area=0.0 perimeter=0.0 bbox=(763,691,1,1)
[MASK M1153] area=15.5 perimeter=20.7 bbox=(654,691,9,5)
[MASK M1154] area=1.5 perimeter=5.4 bbox=(513,691,2,3)
[MASK M1155] area=0.0 perimeter=2.0 bbox=(508,691,1,2)
[MASK M1156] area=1.5 perimeter=8.2 bbox=(363,691,3,4)
[MASK M1157] area=0.5 perimeter=3.4 bbox=(57,691,2,2)
[MASK M1158] area=0.5 perimeter=3.4 bbox=(855,690,2,2)
[MASK M1159] area=0.5 perimeter=3.4 bbox=(817,690,2,2)
[MASK M1160] area=10.5 perimeter=15.1 bbox=(480,690,5,6)
[MASK M1161] area=21.0 perimeter=19.3 bbox=(372,690,5,9)
[MASK M1162] area=2.5 perimeter=6.2 bbox=(291,690,3,3)
[MASK M1163] area=48.5 perimeter=50.9 bbox=(118,690,13,11)
[MASK M1164] area=8.0 perimeter=13.7 bbox=(109,690,5,5)
[MASK M1165] area=58.0 perimeter=78.3 bbox=(0,690,7,27)
[MASK M1166] area=2.0 perimeter=8.8 bbox=(1013,689,4,3)
[MASK M1167] area=1.0 perimeter=6.8 bbox=(920,689,2,4)
[MASK M1168] area=0.0 perimeter=0.0 bbox=(787,689,1,1)
[MASK M1169] area=1.5 perimeter=5.4 bbox=(783,689,3,2)
[MASK M1170] area=2.0 perimeter=6.8 bbox=(771,689,3,3)
[MASK M1171] area=10.0 perimeter=12.5 bbox=(688,689,5,5)
[MASK M1172] area=1.0 perimeter=4.0 bbox=(496,689,2,2)
[MASK M1173] area=1.0 perimeter=4.0 bbox=(228,689,2,2)
[MASK M1174] area=0.0 perimeter=2.0 bbox=(1237,688,1,2)
[MASK M1175] area=6.0 perimeter=10.8 bbox=(1169,688,5,3)
[MASK M1176] area=0.0 perimeter=2.0 bbox=(730,688,2,1)
[MASK M1177] area=6.5 perimeter=10.2 bbox=(621,688,3,5)
[MASK M1178] area=30.0 perimeter=37.0 bbox=(328,688,7,13)
[MASK M1179] area=11.0 perimeter=14.8 bbox=(698,687,3,7)
[MASK M1180] area=7.0 perimeter=13.7 bbox=(581,687,3,7)
[MASK M1181] area=5.5 perimeter=12.2 bbox=(217,687,4,5)
[MASK M1182] area=0.0 perimeter=4.0 bbox=(1119,686,3,1)
[MASK M1183] area=0.0 perimeter=4.0 bbox=(860,686,3,1)
[MASK M1184] area=0.0 perimeter=2.0 bbox=(775,685,1,2)
[MASK M1185] area=4.5 perimeter=15.1 bbox=(736,685,7,4)
[MASK M1186] area=0.0 perimeter=0.0 bbox=(625,685,1,1)
[MASK M1187] area=8.0 perimeter=12.8 bbox=(170,685,5,4)
[MASK M1188] area=0.0 perimeter=0.0 bbox=(1236,684,1,1)
[MASK M1189] area=0.0 perimeter=0.0 bbox=(1210,684,1,1)
[MASK M1190] area=1.0 perimeter=4.0 bbox=(789,684,2,2)
[MASK M1191] area=1.0 perimeter=4.8 bbox=(732,684,3,2)
[MASK M1192] area=1.5 perimeter=5.4 bbox=(629,684,2,3)
[MASK M1193] area=0.0 perimeter=0.0 bbox=(623,684,1,1)
[MASK M1194] area=0.0 perimeter=2.8 bbox=(363,684,2,2)
[MASK M1195] area=3.5 perimeter=10.2 bbox=(46,684,3,5)
[MASK M1196] area=20.0 perimeter=37.5 bbox=(629,683,10,10)
[MASK M1197] area=0.5 perimeter=3.4 bbox=(619,683,2,2)
[MASK M1198] area=20.5 perimeter=26.7 bbox=(538,683,7,9)
[MASK M1199] area=0.0 perimeter=0.0 bbox=(515,683,1,1)
[MASK M1200] area=0.0 perimeter=0.0 bbox=(508,683,1,1)
[MASK M1201] area=26.0 perimeter=37.3 bbox=(460,683,4,17)
[MASK M1202] area=29.0 perimeter=28.1 bbox=(1133,682,8,10)
[MASK M1203] area=0.5 perimeter=5.4 bbox=(1115,682,2,3)
[MASK M1204] area=1.0 perimeter=4.0 bbox=(1028,682,2,2)
[MASK M1205] area=39.5 perimeter=38.4 bbox=(569,682,10,11)
[MASK M1206] area=113.5 perimeter=57.4 bbox=(437,682,19,14)
[MASK M1207] area=0.0 perimeter=4.0 bbox=(426,682,3,1)
[MASK M1208] area=1.0 perimeter=7.7 bbox=(296,682,3,4)
[MASK M1209] area=2.0 perimeter=8.8 bbox=(87,682,2,5)
[MASK M1210] area=0.0 perimeter=0.0 bbox=(515,681,1,1)
[MASK M1211] area=0.0 perimeter=0.0 bbox=(261,681,1,1)
[MASK M1212] area=0.0 perimeter=2.0 bbox=(102,681,2,1)
[MASK M1213] area=0.0 perimeter=4.0 bbox=(57,681,1,3)
[MASK M1214] area=0.0 perimeter=0.0 bbox=(1093,680,1,1)
[MASK M1215] area=0.0 perimeter=0.0 bbox=(909,680,1,1)
[MASK M1216] area=8.0 perimeter=19.7 bbox=(1216,679,4,8)
[MASK M1217] area=0.5 perimeter=7.4 bbox=(990,679,4,2)
[MASK M1218] area=3.0 perimeter=6.8 bbox=(971,679,3,3)
[MASK M1219] area=0.0 perimeter=2.0 bbox=(838,679,1,2)
[MASK M1220] area=4.0 perimeter=8.8 bbox=(834,679,3,4)
[MASK M1221] area=0.0 perimeter=0.0 bbox=(397,679,1,1)
[MASK M1222] area=2.0 perimeter=6.0 bbox=(1223,678,2,3)
[MASK M1223] area=132.0 perimeter=89.6 bbox=(674,678,14,36)
[MASK M1224] area=1.0 perimeter=4.0 bbox=(430,678,2,2)
[MASK M1225] area=1.0 perimeter=6.8 bbox=(424,678,3,3)
[MASK M1226] area=0.0 perimeter=2.0 bbox=(126,678,1,2)
[MASK M1227] area=6.0 perimeter=10.8 bbox=(1116,677,4,4)
[MASK M1228] area=1.0 perimeter=8.8 bbox=(394,677,2,5)
[MASK M1229] area=6.0 perimeter=11.7 bbox=(280,677,5,4)
[MASK M1230] area=2.0 perimeter=6.8 bbox=(209,677,3,3)
[MASK M1231] area=7.5 perimeter=12.2 bbox=(59,677,3,6)
[MASK M1232] area=54.5 perimeter=43.2 bbox=(548,676,13,13)
[MASK M1233] area=2.5 perimeter=7.4 bbox=(509,676,3,3)
[MASK M1234] area=0.0 perimeter=0.0 bbox=(324,676,1,1)
[MASK M1235] area=1.5 perimeter=5.4 bbox=(940,675,2,3)
[MASK M1236] area=6.0 perimeter=13.7 bbox=(453,675,6,3)
[MASK M1237] area=3.0 perimeter=8.8 bbox=(191,675,3,4)
[MASK M1238] area=0.0 perimeter=0.0 bbox=(1115,674,1,1)
[MASK M1239] area=6.5 perimeter=10.2 bbox=(1059,674,5,3)
[MASK M1240] area=1.0 perimeter=4.0 bbox=(810,674,2,2)
[MASK M1241] area=0.0 perimeter=2.0 bbox=(714,674,2,1)
[MASK M1242] area=0.0 perimeter=0.0 bbox=(44,674,1,1)
[MASK M1243] area=8.0 perimeter=44.5 bbox=(1274,673,2,22)
[MASK M1244] area=14.5 perimeter=19.1 bbox=(1159,673,5,8)
[MASK M1245] area=6.0 perimeter=10.8 bbox=(1006,673,4,4)
[MASK M1246] area=67.0 perimeter=42.3 bbox=(661,673,15,13)
[MASK M1247] area=19.5 perimeter=19.9 bbox=(571,673,7,7)
[MASK M1248] area=9.5 perimeter=12.2 bbox=(466,673,4,5)
[MASK M1249] area=1.5 perimeter=5.4 bbox=(361,673,2,3)
[MASK M1250] area=26.5 perimeter=43.7 bbox=(144,673,8,14)
[MASK M1251] area=16.0 perimeter=18.5 bbox=(49,673,7,5)
[MASK M1252] area=12.5 perimeter=24.7 bbox=(1171,672,6,10)
[MASK M1253] area=77.0 perimeter=53.5 bbox=(917,672,10,18)
[MASK M1254] area=0.0 perimeter=2.0 bbox=(753,672,1,2)
[MASK M1255] area=0.0 perimeter=2.0 bbox=(394,672,1,2)
[MASK M1256] area=55.0 perimeter=45.8 bbox=(75,672,10,16)
[MASK M1257] area=2.0 perimeter=6.0 bbox=(67,672,3,2)
[MASK M1258] area=18.0 perimeter=23.3 bbox=(1148,671,6,9)
[MASK M1259] area=3.5 perimeter=8.2 bbox=(928,671,3,4)
[MASK M1260] area=65.0 perimeter=61.1 bbox=(885,671,11,19)
[MASK M1261] area=21.5 perimeter=21.9 bbox=(439,671,7,8)
[MASK M1262] area=0.5 perimeter=3.4 bbox=(318,671,2,2)
[MASK M1263] area=19.5 perimeter=30.7 bbox=(117,671,5,14)
[MASK M1264] area=13.0 perimeter=15.7 bbox=(108,671,6,5)
[MASK M1265] area=76.0 perimeter=51.1 bbox=(1182,670,13,17)
[MASK M1266] area=7.5 perimeter=10.2 bbox=(1158,670,4,4)
[MASK M1267] area=0.0 perimeter=2.0 bbox=(788,670,1,2)
[MASK M1268] area=0.0 perimeter=0.0 bbox=(740,670,1,1)
[MASK M1269] area=0.0 perimeter=0.0 bbox=(714,670,1,1)
[MASK M1270] area=0.0 perimeter=0.0 bbox=(527,670,1,1)
[MASK M1271] area=0.5 perimeter=3.4 bbox=(219,670,2,2)
[MASK M1272] area=0.0 perimeter=0.0 bbox=(734,669,1,1)
[MASK M1273] area=6.5 perimeter=13.1 bbox=(708,669,4,5)
[MASK M1274] area=9.0 perimeter=12.8 bbox=(681,669,3,6)
[MASK M1275] area=19.0 perimeter=22.5 bbox=(514,669,5,8)
[MASK M1276] area=29.5 perimeter=23.1 bbox=(333,669,6,9)
[MASK M1277] area=0.5 perimeter=3.4 bbox=(228,669,2,2)
[MASK M1278] area=0.0 perimeter=2.0 bbox=(163,669,2,1)
[MASK M1279] area=0.0 perimeter=2.0 bbox=(1069,668,2,1)
[MASK M1280] area=1.5 perimeter=7.4 bbox=(1029,668,4,2)
[MASK M1281] area=5.0 perimeter=9.7 bbox=(877,668,4,4)
[MASK M1282] area=0.0 perimeter=2.0 bbox=(743,668,1,2)
[MASK M1283] area=0.5 perimeter=3.4 bbox=(720,668,2,2)
[MASK M1284] area=0.0 perimeter=0.0 bbox=(659,668,1,1)
[MASK M1285] area=12.5 perimeter=15.4 bbox=(561,668,4,6)
[MASK M1286] area=5.0 perimeter=10.8 bbox=(42,668,3,5)
[MASK M1287] area=0.0 perimeter=0.0 bbox=(989,667,1,1)
[MASK M1288] area=1.5 perimeter=5.4 bbox=(917,667,2,3)
[MASK M1289] area=88.5 perimeter=44.4 bbox=(582,667,11,16)
[MASK M1290] area=115.5 perimeter=58.4 bbox=(406,667,9,25)
[MASK M1291] area=1.0 perimeter=4.8 bbox=(264,667,2,3)
[MASK M1292] area=2.5 perimeter=7.4 bbox=(801,666,2,4)
[MASK M1293] area=0.5 perimeter=3.4 bbox=(668,666,2,2)
[MASK M1294] area=19.5 perimeter=21.1 bbox=(246,666,6,8)
[MASK M1295] area=0.0 perimeter=2.0 bbox=(43,665,1,2)
[MASK M1296] area=0.0 perimeter=0.0 bbox=(1083,664,1,1)
[MASK M1297] area=18.5 perimeter=23.9 bbox=(905,664,5,10)
[MASK M1298] area=2.0 perimeter=8.8 bbox=(540,664,2,5)
[MASK M1299] area=0.0 perimeter=2.0 bbox=(129,664,1,2)
[MASK M1300] area=32.0 perimeter=35.0 bbox=(83,664,7,16)
[MASK M1301] area=13.0 perimeter=15.7 bbox=(1165,663,6,5)
[MASK M1302] area=1.0 perimeter=4.0 bbox=(670,663,2,2)
[MASK M1303] area=0.5 perimeter=3.4 bbox=(252,663,2,2)
[MASK M1304] area=10.5 perimeter=19.1 bbox=(32,663,3,9)
[MASK M1305] area=1.5 perimeter=5.4 bbox=(1274,662,2,3)
[MASK M1306] area=12.5 perimeter=20.7 bbox=(660,662,8,7)
[MASK M1307] area=4.0 perimeter=8.8 bbox=(362,662,3,4)
[MASK M1308] area=0.0 perimeter=0.0 bbox=(288,662,1,1)
[MASK M1309] area=4.0 perimeter=7.7 bbox=(47,662,3,4)
[MASK M1310] area=41.0 perimeter=28.1 bbox=(965,661,10,9)
[MASK M1311] area=6.0 perimeter=11.7 bbox=(818,661,5,4)
[MASK M1312] area=0.0 perimeter=2.0 bbox=(669,661,2,1)
[MASK M1313] area=147.5 perimeter=81.0 bbox=(603,661,18,27)
[MASK M1314] area=7.5 perimeter=11.1 bbox=(457,661,5,4)
[MASK M1315] area=1.0 perimeter=6.8 bbox=(79,661,2,4)
[MASK M1316] area=0.0 perimeter=0.0 bbox=(1133,660,1,1)
[MASK M1317] area=0.0 perimeter=0.0 bbox=(992,660,1,1)
[MASK M1318] area=0.0 perimeter=0.0 bbox=(749,660,1,1)
[MASK M1319] area=0.0 perimeter=0.0 bbox=(677,660,1,1)
[MASK M1320] area=0.0 perimeter=2.8 bbox=(628,660,2,2)
[MASK M1321] area=0.5 perimeter=3.4 bbox=(339,660,2,2)
[MASK M1322] area=0.0 perimeter=0.0 bbox=(215,660,1,1)
[MASK M1323] area=0.0 perimeter=0.0 bbox=(751,659,1,1)
[MASK M1324] area=1.5 perimeter=5.4 bbox=(679,659,3,2)
[MASK M1325] area=0.0 perimeter=4.8 bbox=(642,659,3,2)
[MASK M1326] area=22.0 perimeter=19.7 bbox=(263,659,6,7)
[MASK M1327] area=27.0 perimeter=36.1 bbox=(65,659,11,11)
[MASK M1328] area=0.0 perimeter=4.0 bbox=(61,659,3,1)
[MASK M1329] area=2.0 perimeter=6.8 bbox=(38,659,3,3)
[MASK M1330] area=0.0 perimeter=0.0 bbox=(935,658,1,1)
[MASK M1331] area=0.0 perimeter=0.0 bbox=(737,658,1,1)
[MASK M1332] area=47.0 perimeter=44.6 bbox=(564,658,16,9)
[MASK M1333] area=0.0 perimeter=2.0 bbox=(538,658,1,2)
[MASK M1334] area=100.5 perimeter=64.9 bbox=(472,658,10,28)
[MASK M1335] area=37.0 perimeter=23.7 bbox=(418,658,8,7)
[MASK M1336] area=3.0 perimeter=6.8 bbox=(296,658,3,3)
[MASK M1337] area=1.0 perimeter=4.0 bbox=(1231,657,2,2)
[MASK M1338] area=19.0 perimeter=17.7 bbox=(530,657,5,7)
[MASK M1339] area=0.0 perimeter=4.0 bbox=(527,657,1,3)
[MASK M1340] area=0.0 perimeter=6.8 bbox=(76,657,4,2)
[MASK M1341] area=1.5 perimeter=5.4 bbox=(1274,656,2,3)
[MASK M1342] area=8.0 perimeter=17.3 bbox=(647,656,7,4)
[MASK M1343] area=0.0 perimeter=6.8 bbox=(399,656,2,4)
[MASK M1344] area=213.0 perimeter=228.9 bbox=(387,656,12,108)
[MASK M1345] area=0.0 perimeter=0.0 bbox=(122,656,1,1)
[MASK M1346] area=7.0 perimeter=11.7 bbox=(42,656,4,5)
[MASK M1347] area=10.5 perimeter=19.1 bbox=(1169,655,6,6)
[MASK M1348] area=7.5 perimeter=12.2 bbox=(697,655,4,5)
[MASK M1349] area=0.0 perimeter=2.8 bbox=(413,655,2,2)
[MASK M1350] area=12.0 perimeter=16.8 bbox=(108,655,3,8)
[MASK M1351] area=0.0 perimeter=0.0 bbox=(30,655,1,1)
[MASK M1352] area=15.5 perimeter=21.9 bbox=(1236,654,6,9)
[MASK M1353] area=0.0 perimeter=2.0 bbox=(517,654,1,2)
[MASK M1354] area=61.5 perimeter=69.1 bbox=(0,654,4,34)
[MASK M1355] area=1.0 perimeter=4.8 bbox=(1149,653,3,2)
[MASK M1356] area=4.0 perimeter=16.5 bbox=(969,653,7,5)
[MASK M1357] area=0.0 perimeter=2.0 bbox=(790,653,1,2)
[MASK M1358] area=40.0 perimeter=39.5 bbox=(466,653,11,11)
[MASK M1359] area=94.0 perimeter=44.1 bbox=(430,653,9,18)
[MASK M1360] area=0.0 perimeter=0.0 bbox=(400,653,1,1)
[MASK M1361] area=0.0 perimeter=0.0 bbox=(92,653,1,1)
[MASK M1362] area=5.0 perimeter=9.7 bbox=(66,653,4,4)
[MASK M1363] area=35.0 perimeter=50.3 bbox=(1183,652,8,18)
[MASK M1364] area=6.0 perimeter=11.7 bbox=(556,652,4,5)
[MASK M1365] area=17.5 perimeter=17.1 bbox=(538,652,7,5)
[MASK M1366] area=0.0 perimeter=0.0 bbox=(516,652,1,1)
[MASK M1367] area=0.0 perimeter=7.7 bbox=(444,652,3,3)
[MASK M1368] area=30.5 perimeter=23.1 bbox=(196,652,7,8)
[MASK M1369] area=0.0 perimeter=2.0 bbox=(962,651,2,1)
[MASK M1370] area=19.5 perimeter=24.7 bbox=(774,651,7,9)
[MASK M1371] area=1.0 perimeter=4.8 bbox=(749,651,3,2)
[MASK M1372] area=29.5 perimeter=32.7 bbox=(685,651,10,10)
[MASK M1373] area=0.0 perimeter=2.0 bbox=(234,651,2,1)
[MASK M1374] area=4.5 perimeter=10.2 bbox=(180,651,3,5)
[MASK M1375] area=0.0 perimeter=6.0 bbox=(75,651,1,4)
[MASK M1376] area=12.5 perimeter=15.9 bbox=(33,651,7,5)
[MASK M1377] area=0.0 perimeter=8.0 bbox=(1275,650,1,5)
[MASK M1378] area=1.0 perimeter=6.8 bbox=(849,650,3,3)
[MASK M1379] area=0.0 perimeter=2.0 bbox=(439,650,1,2)
[MASK M1380] area=10.5 perimeter=15.1 bbox=(165,650,6,4)
[MASK M1381] area=26.5 perimeter=38.4 bbox=(112,650,8,15)
[MASK M1382] area=0.0 perimeter=0.0 bbox=(1210,649,1,1)
[MASK M1383] area=0.0 perimeter=2.0 bbox=(1109,649,2,1)
[MASK M1384] area=0.0 perimeter=0.0 bbox=(996,649,1,1)
[MASK M1385] area=0.0 perimeter=2.0 bbox=(816,649,2,1)
[MASK M1386] area=0.0 perimeter=0.0 bbox=(810,649,1,1)
[MASK M1387] area=0.0 perimeter=0.0 bbox=(736,649,1,1)
[MASK M1388] area=0.0 perimeter=0.0 bbox=(727,649,1,1)
[MASK M1389] area=0.5 perimeter=3.4 bbox=(716,649,2,2)
[MASK M1390] area=16.5 perimeter=22.7 bbox=(610,649,6,8)
[MASK M1391] area=2.5 perimeter=7.4 bbox=(572,649,2,4)
[MASK M1392] area=0.0 perimeter=0.0 bbox=(363,649,1,1)
[MASK M1393] area=9.5 perimeter=13.1 bbox=(259,649,6,4)
[MASK M1394] area=5.0 perimeter=9.7 bbox=(219,649,4,4)
[MASK M1395] area=21.5 perimeter=21.9 bbox=(137,649,6,7)
[MASK M1396] area=0.0 perimeter=2.0 bbox=(0,649,1,2)
[MASK M1397] area=1.5 perimeter=5.4 bbox=(1214,648,3,2)
[MASK M1398] area=0.0 perimeter=0.0 bbox=(1157,648,1,1)
[MASK M1399] area=0.0 perimeter=0.0 bbox=(597,648,1,1)
[MASK M1400] area=0.0 perimeter=2.0 bbox=(529,648,2,1)
[MASK M1401] area=1.5 perimeter=5.4 bbox=(1097,647,3,2)
[MASK M1402] area=0.0 perimeter=0.0 bbox=(1034,647,1,1)
[MASK M1403] area=0.0 perimeter=0.0 bbox=(811,647,1,1)
[MASK M1404] area=2.5 perimeter=7.4 bbox=(558,647,3,3)
[MASK M1405] area=0.0 perimeter=0.0 bbox=(159,647,1,1)
[MASK M1406] area=17.0 perimeter=18.5 bbox=(1171,646,5,8)
[MASK M1407] area=3.5 perimeter=7.4 bbox=(949,646,3,3)
[MASK M1408] area=0.0 perimeter=0.0 bbox=(522,646,1,1)
[MASK M1409] area=158.5 perimeter=106.2 bbox=(370,646,12,42)
[MASK M1410] area=0.0 perimeter=0.0 bbox=(57,646,1,1)
[MASK M1411] area=0.0 perimeter=2.0 bbox=(1121,645,1,2)
[MASK M1412] area=0.0 perimeter=0.0 bbox=(994,645,1,1)
[MASK M1413] area=0.0 perimeter=2.0 bbox=(769,645,2,1)
[MASK M1414] area=4.0 perimeter=8.8 bbox=(750,645,4,3)
[MASK M1415] area=0.0 perimeter=0.0 bbox=(576,645,1,1)
[MASK M1416] area=0.5 perimeter=6.2 bbox=(53,645,3,2)
[MASK M1417] area=1.5 perimeter=5.4 bbox=(1180,644,3,2)
[MASK M1418] area=5.0 perimeter=8.8 bbox=(1115,644,4,3)
[MASK M1419] area=4.0 perimeter=16.8 bbox=(392,644,2,9)
[MASK M1420] area=3.0 perimeter=8.0 bbox=(136,644,2,4)
[MASK M1421] area=2.5 perimeter=6.2 bbox=(40,644,3,3)
[MASK M1422] area=0.0 perimeter=0.0 bbox=(0,644,1,1)
[MASK M1423] area=4.5 perimeter=10.2 bbox=(1244,643,5,3)
[MASK M1424] area=0.0 perimeter=0.0 bbox=(1213,643,1,1)
[MASK M1425] area=30.5 perimeter=32.4 bbox=(1007,643,12,9)
[MASK M1426] area=0.0 perimeter=0.0 bbox=(927,643,1,1)
[MASK M1427] area=0.0 perimeter=0.0 bbox=(658,643,1,1)
[MASK M1428] area=1.0 perimeter=6.8 bbox=(436,643,2,4)
[MASK M1429] area=28.5 perimeter=27.6 bbox=(417,643,9,9)
[MASK M1430] area=5.5 perimeter=13.1 bbox=(396,643,5,5)
[MASK M1431] area=388.0 perimeter=295.8 bbox=(87,643,32,84)
[MASK M1432] area=1.0 perimeter=6.8 bbox=(1231,642,2,4)
[MASK M1433] area=84.0 perimeter=48.3 bbox=(893,642,13,15)
[MASK M1434] area=8.0 perimeter=22.5 bbox=(853,642,4,9)
[MASK M1435] area=2.0 perimeter=6.0 bbox=(710,642,2,3)
[MASK M1436] area=0.0 perimeter=2.0 bbox=(703,642,2,1)
[MASK M1437] area=1.0 perimeter=4.0 bbox=(509,642,2,2)
[MASK M1438] area=137.5 perimeter=88.9 bbox=(497,642,6,41)
[MASK M1439] area=19.0 perimeter=23.3 bbox=(476,642,5,10)
[MASK M1440] area=0.0 perimeter=2.0 bbox=(362,642,1,2)
[MASK M1441] area=1.0 perimeter=4.8 bbox=(261,642,3,2)
[MASK M1442] area=8.5 perimeter=15.9 bbox=(114,642,6,6)
[MASK M1443] area=11.5 perimeter=14.2 bbox=(1166,641,5,5)
[MASK M1444] area=1.0 perimeter=4.8 bbox=(827,641,3,2)
[MASK M1445] area=48.0 perimeter=33.0 bbox=(640,641,12,8)
[MASK M1446] area=0.0 perimeter=2.0 bbox=(638,641,1,2)
[MASK M1447] area=4.0 perimeter=8.8 bbox=(343,641,3,4)
[MASK M1448] area=0.0 perimeter=0.0 bbox=(151,641,1,1)
[MASK M1449] area=0.5 perimeter=3.4 bbox=(977,640,2,2)
[MASK M1450] area=1.5 perimeter=5.4 bbox=(761,640,3,2)
[MASK M1451] area=0.0 perimeter=2.0 bbox=(381,640,1,2)
[MASK M1452] area=0.0 perimeter=0.0 bbox=(244,640,1,1)
[MASK M1453] area=18.0 perimeter=26.1 bbox=(99,640,9,7)
[MASK M1454] area=1.5 perimeter=5.4 bbox=(1219,639,3,2)
[MASK M1455] area=1.0 perimeter=6.8 bbox=(1157,639,3,3)
[MASK M1456] area=53.0 perimeter=39.3 bbox=(1141,639,7,14)
[MASK M1457] area=101.5 perimeter=81.0 bbox=(913,639,13,25)
[MASK M1458] area=0.5 perimeter=3.4 bbox=(532,639,2,2)
[MASK M1459] area=0.0 perimeter=2.8 bbox=(357,639,2,2)
[MASK M1460] area=0.0 perimeter=4.8 bbox=(251,639,3,2)
[MASK M1461] area=0.5 perimeter=8.2 bbox=(248,639,2,4)
[MASK M1462] area=1.5 perimeter=5.4 bbox=(187,639,2,3)
[MASK M1463] area=0.0 perimeter=2.0 bbox=(166,639,2,1)
[MASK M1464] area=5.5 perimeter=12.2 bbox=(111,639,4,5)
[MASK M1465] area=0.5 perimeter=3.4 bbox=(0,639,2,2)
[MASK M1466] area=0.0 perimeter=4.8 bbox=(690,638,2,3)
[MASK M1467] area=3.0 perimeter=8.8 bbox=(365,638,3,3)
[MASK M1468] area=3.5 perimeter=7.4 bbox=(326,638,3,3)
[MASK M1469] area=1.0 perimeter=4.8 bbox=(213,638,2,3)
[MASK M1470] area=3.0 perimeter=17.7 bbox=(1274,637,2,9)
[MASK M1471] area=2.5 perimeter=9.1 bbox=(783,637,3,4)
[MASK M1472] area=4.0 perimeter=10.8 bbox=(701,637,5,3)
[MASK M1473] area=0.0 perimeter=0.0 bbox=(539,637,1,1)
[MASK M1474] area=25.5 perimeter=19.9 bbox=(283,637,7,7)
[MASK M1475] area=8.5 perimeter=12.2 bbox=(24,637,5,4)
[MASK M1476] area=0.0 perimeter=0.0 bbox=(1149,636,1,1)
[MASK M1477] area=0.0 perimeter=4.0 bbox=(422,636,1,3)
[MASK M1478] area=0.0 perimeter=2.0 bbox=(419,636,1,2)
[MASK M1479] area=3.0 perimeter=6.8 bbox=(267,636,3,3)
[MASK M1480] area=98.5 perimeter=84.2 bbox=(865,635,12,27)
[MASK M1481] area=36.0 perimeter=33.0 bbox=(670,635,7,13)
[MASK M1482] area=0.0 perimeter=0.0 bbox=(538,635,1,1)
[MASK M1483] area=9.5 perimeter=14.2 bbox=(1085,634,4,6)
[MASK M1484] area=0.0 perimeter=0.0 bbox=(736,634,1,1)
[MASK M1485] area=0.5 perimeter=5.4 bbox=(703,634,3,2)
[MASK M1486] area=0.0 perimeter=0.0 bbox=(526,634,1,1)
[MASK M1487] area=1.0 perimeter=4.8 bbox=(492,634,2,3)
[MASK M1488] area=0.0 perimeter=2.0 bbox=(746,633,1,2)
[MASK M1489] area=1.0 perimeter=4.8 bbox=(542,633,2,3)
[MASK M1490] area=20.5 perimeter=18.2 bbox=(148,633,5,7)
[MASK M1491] area=2.5 perimeter=15.1 bbox=(123,633,3,6)
[MASK M1492] area=4.0 perimeter=14.8 bbox=(1240,632,2,8)
[MASK M1493] area=1.0 perimeter=4.0 bbox=(1191,632,2,2)
[MASK M1494] area=76.0 perimeter=60.1 bbox=(81,632,6,28)
[MASK M1495] area=2.0 perimeter=6.8 bbox=(26,632,2,4)
[MASK M1496] area=0.0 perimeter=0.0 bbox=(1206,631,1,1)
[MASK M1497] area=0.0 perimeter=0.0 bbox=(766,631,1,1)
[MASK M1498] area=0.0 perimeter=0.0 bbox=(682,631,1,1)
[MASK M1499] area=57.5 perimeter=46.4 bbox=(553,631,11,12)
[MASK M1500] area=0.0 perimeter=0.0 bbox=(422,631,1,1)
[MASK M1501] area=39.5 perimeter=31.6 bbox=(229,631,12,8)
[MASK M1502] area=9.0 perimeter=11.7 bbox=(1167,630,4,5)
[MASK M1503] area=0.0 perimeter=2.0 bbox=(1024,630,2,1)
[MASK M1504] area=0.0 perimeter=0.0 bbox=(476,630,1,1)
[MASK M1505] area=2.5 perimeter=11.4 bbox=(436,630,2,6)
[MASK M1506] area=5.5 perimeter=10.2 bbox=(162,630,3,5)
[MASK M1507] area=4.0 perimeter=8.8 bbox=(111,630,3,4)
[MASK M1508] area=4.0 perimeter=14.5 bbox=(96,630,6,3)
[MASK M1509] area=5.5 perimeter=12.2 bbox=(1134,629,3,6)
[MASK M1510] area=0.0 perimeter=2.8 bbox=(885,629,2,2)
[MASK M1511] area=29.5 perimeter=37.6 bbox=(854,629,8,12)
[MASK M1512] area=0.0 perimeter=2.0 bbox=(744,629,1,2)
[MASK M1513] area=1.0 perimeter=4.0 bbox=(644,629,2,2)
[MASK M1514] area=0.5 perimeter=5.4 bbox=(73,629,3,2)
[MASK M1515] area=4.0 perimeter=11.7 bbox=(29,629,3,6)
[MASK M1516] area=9.5 perimeter=15.1 bbox=(1150,628,6,5)
[MASK M1517] area=3.5 perimeter=8.2 bbox=(1063,628,4,3)
[MASK M1518] area=13.5 perimeter=30.4 bbox=(1052,628,8,9)
[MASK M1519] area=0.0 perimeter=0.0 bbox=(905,628,1,1)
[MASK M1520] area=57.0 perimeter=55.6 bbox=(796,628,11,17)
[MASK M1521] area=0.0 perimeter=0.0 bbox=(703,628,1,1)
[MASK M1522] area=0.0 perimeter=2.0 bbox=(609,628,1,2)
[MASK M1523] area=3.0 perimeter=10.8 bbox=(510,628,4,4)
[MASK M1524] area=4.5 perimeter=10.2 bbox=(1273,627,3,5)
[MASK M1525] area=59.0 perimeter=43.5 bbox=(887,627,9,17)
[MASK M1526] area=32.5 perimeter=25.6 bbox=(690,627,9,9)
[MASK M1527] area=2.0 perimeter=6.0 bbox=(599,627,3,2)
[MASK M1528] area=5.0 perimeter=22.8 bbox=(432,627,2,12)
[MASK M1529] area=0.0 perimeter=0.0 bbox=(1240,626,1,1)
[MASK M1530] area=0.0 perimeter=0.0 bbox=(1225,626,1,1)
[MASK M1531] area=12.5 perimeter=19.9 bbox=(897,626,7,5)
[MASK M1532] area=3.5 perimeter=7.4 bbox=(678,626,3,3)
[MASK M1533] area=0.0 perimeter=0.0 bbox=(1142,625,1,1)
[MASK M1534] area=3.0 perimeter=16.8 bbox=(812,625,5,6)
[MASK M1535] area=0.0 perimeter=0.0 bbox=(752,625,1,1)
[MASK M1536] area=66.0 perimeter=39.5 bbox=(574,625,15,12)
[MASK M1537] area=0.5 perimeter=3.4 bbox=(397,625,2,2)
[MASK M1538] area=0.0 perimeter=0.0 bbox=(1245,624,1,1)
[MASK M1539] area=0.0 perimeter=2.0 bbox=(1234,624,1,2)
[MASK M1540] area=1.0 perimeter=4.0 bbox=(1084,624,2,2)
[MASK M1541] area=6.0 perimeter=9.7 bbox=(765,624,4,4)
[MASK M1542] area=0.0 perimeter=2.0 bbox=(744,624,1,2)
[MASK M1543] area=1.5 perimeter=12.2 bbox=(740,624,3,6)
[MASK M1544] area=1.0 perimeter=4.0 bbox=(570,624,2,2)
[MASK M1545] area=0.0 perimeter=0.0 bbox=(269,624,1,1)
[MASK M1546] area=0.0 perimeter=2.0 bbox=(0,624,1,2)
[MASK M1547] area=0.0 perimeter=0.0 bbox=(1111,623,1,1)
[MASK M1548] area=28.0 perimeter=28.1 bbox=(1000,623,9,7)
[MASK M1549] area=0.0 perimeter=0.0 bbox=(722,623,1,1)
[MASK M1550] area=0.0 perimeter=2.0 bbox=(524,623,1,2)
[MASK M1551] area=0.0 perimeter=0.0 bbox=(153,623,1,1)
[MASK M1552] area=27.0 perimeter=28.1 bbox=(140,623,7,11)
[MASK M1553] area=0.0 perimeter=0.0 bbox=(80,623,1,1)
[MASK M1554] area=5.0 perimeter=8.8 bbox=(1170,622,3,4)
[MASK M1555] area=13.5 perimeter=21.9 bbox=(1158,622,6,9)
[MASK M1556] area=3.0 perimeter=6.8 bbox=(980,622,3,3)
[MASK M1557] area=0.0 perimeter=0.0 bbox=(233,622,1,1)
[MASK M1558] area=0.0 perimeter=2.0 bbox=(68,622,1,2)
[MASK M1559] area=3.5 perimeter=14.2 bbox=(21,622,5,5)
[MASK M1560] area=0.0 perimeter=4.0 bbox=(903,621,1,3)
[MASK M1561] area=1.0 perimeter=4.8 bbox=(858,621,2,3)
[MASK M1562] area=0.5 perimeter=3.4 bbox=(782,621,2,2)
[MASK M1563] area=18.5 perimeter=24.7 bbox=(705,621,9,6)
[MASK M1564] area=0.0 perimeter=0.0 bbox=(648,621,1,1)
[MASK M1565] area=0.0 perimeter=0.0 bbox=(208,621,1,1)
[MASK M1566] area=11.0 perimeter=14.5 bbox=(124,621,6,5)
[MASK M1567] area=7.5 perimeter=12.2 bbox=(74,621,3,6)
[MASK M1568] area=2.5 perimeter=7.4 bbox=(1195,620,2,4)
[MASK M1569] area=3.5 perimeter=10.2 bbox=(1136,619,3,5)
[MASK M1570] area=0.0 perimeter=0.0 bbox=(765,619,1,1)
[MASK M1571] area=3.5 perimeter=7.4 bbox=(572,619,3,3)
[MASK M1572] area=0.0 perimeter=0.0 bbox=(425,619,1,1)
[MASK M1573] area=0.0 perimeter=4.8 bbox=(186,619,3,2)
[MASK M1574] area=2.0 perimeter=6.0 bbox=(1108,618,2,3)
[MASK M1575] area=1.0 perimeter=6.8 bbox=(1005,618,4,2)
[MASK M1576] area=5.0 perimeter=9.7 bbox=(962,618,4,4)
[MASK M1577] area=1.0 perimeter=4.0 bbox=(715,618,2,2)
[MASK M1578] area=69.0 perimeter=42.6 bbox=(491,618,12,13)
[MASK M1579] area=4.0 perimeter=9.7 bbox=(473,618,3,5)
[MASK M1580] area=12.0 perimeter=22.1 bbox=(391,618,7,6)
[MASK M1581] area=0.0 perimeter=0.0 bbox=(199,618,1,1)
[MASK M1582] area=1.0 perimeter=4.0 bbox=(1244,617,2,2)
[MASK M1583] area=2.0 perimeter=6.8 bbox=(918,617,4,2)
[MASK M1584] area=0.0 perimeter=0.0 bbox=(663,617,1,1)
[MASK M1585] area=9.0 perimeter=14.5 bbox=(243,617,4,6)
[MASK M1586] area=11.0 perimeter=14.5 bbox=(1094,616,4,6)
[MASK M1587] area=4.0 perimeter=9.7 bbox=(801,616,5,3)
[MASK M1588] area=6.0 perimeter=11.7 bbox=(785,616,4,5)
[MASK M1589] area=12.5 perimeter=21.6 bbox=(690,616,8,6)
[MASK M1590] area=1.0 perimeter=4.0 bbox=(149,616,2,2)
[MASK M1591] area=20.0 perimeter=25.3 bbox=(108,616,8,8)
[MASK M1592] area=0.0 perimeter=2.0 bbox=(82,616,1,2)
[MASK M1593] area=2.5 perimeter=7.4 bbox=(1201,615,4,2)
[MASK M1594] area=2.5 perimeter=6.2 bbox=(1099,615,3,3)
[MASK M1595] area=10.5 perimeter=29.6 bbox=(995,615,7,8)
[MASK M1596] area=8.5 perimeter=11.1 bbox=(879,615,5,4)
[MASK M1597] area=0.0 perimeter=0.0 bbox=(689,615,1,1)
[MASK M1598] area=0.5 perimeter=3.4 bbox=(567,615,2,2)
[MASK M1599] area=0.0 perimeter=0.0 bbox=(476,615,1,1)
[MASK M1600] area=54.0 perimeter=31.3 bbox=(371,615,7,12)
[MASK M1601] area=0.0 perimeter=0.0 bbox=(902,614,1,1)
[MASK M1602] area=14.5 perimeter=17.9 bbox=(749,614,7,6)
[MASK M1603] area=0.0 perimeter=0.0 bbox=(721,614,1,1)
[MASK M1604] area=0.0 perimeter=0.0 bbox=(663,614,1,1)
[MASK M1605] area=25.5 perimeter=19.9 bbox=(330,614,7,7)
[MASK M1606] area=0.0 perimeter=0.0 bbox=(1209,613,1,1)
[MASK M1607] area=0.0 perimeter=2.8 bbox=(918,613,2,2)
[MASK M1608] area=61.0 perimeter=36.1 bbox=(449,613,8,15)
[MASK M1609] area=1.5 perimeter=5.4 bbox=(288,613,3,2)
[MASK M1610] area=0.0 perimeter=0.0 bbox=(224,613,1,1)
[MASK M1611] area=12.0 perimeter=22.5 bbox=(1168,612,5,10)
[MASK M1612] area=1.0 perimeter=6.8 bbox=(1139,612,2,4)
[MASK M1613] area=15.5 perimeter=17.1 bbox=(1083,612,6,6)
[MASK M1614] area=0.0 perimeter=2.0 bbox=(857,612,1,2)
[MASK M1615] area=0.5 perimeter=5.4 bbox=(806,612,3,2)
[MASK M1616] area=1.0 perimeter=4.8 bbox=(141,612,3,2)
[MASK M1617] area=0.0 perimeter=2.0 bbox=(1275,611,1,2)
[MASK M1618] area=0.0 perimeter=2.0 bbox=(921,611,2,1)
[MASK M1619] area=87.0 perimeter=73.1 bbox=(616,611,12,31)
[MASK M1620] area=0.0 perimeter=2.0 bbox=(579,611,1,2)
[MASK M1621] area=1.5 perimeter=9.1 bbox=(1175,610,4,4)
[MASK M1622] area=18.0 perimeter=28.1 bbox=(1012,610,11,6)
[MASK M1623] area=9.5 perimeter=13.1 bbox=(690,610,4,5)
[MASK M1624] area=8.0 perimeter=10.8 bbox=(393,610,4,4)
[MASK M1625] area=0.0 perimeter=0.0 bbox=(112,610,1,1)
[MASK M1626] area=0.5 perimeter=6.2 bbox=(525,609,2,3)
[MASK M1627] area=0.0 perimeter=0.0 bbox=(306,609,1,1)
[MASK M1628] area=0.0 perimeter=2.0 bbox=(1153,608,1,2)
[MASK M1629] area=12.0 perimeter=13.7 bbox=(890,608,5,5)
[MASK M1630] area=13.0 perimeter=14.8 bbox=(670,608,4,6)
[MASK M1631] area=109.5 perimeter=50.4 bbox=(603,608,12,17)
[MASK M1632] area=0.0 perimeter=4.8 bbox=(196,608,2,3)
[MASK M1633] area=1.0 perimeter=4.0 bbox=(1251,607,2,2)
[MASK M1634] area=0.5 perimeter=3.4 bbox=(1235,607,2,2)
[MASK M1635] area=0.5 perimeter=3.4 bbox=(1215,607,2,2)
[MASK M1636] area=0.5 perimeter=3.4 bbox=(1204,607,2,2)
[MASK M1637] area=0.0 perimeter=2.0 bbox=(480,607,1,2)
[MASK M1638] area=2.0 perimeter=6.8 bbox=(457,607,3,3)
[MASK M1639] area=0.0 perimeter=4.0 bbox=(345,607,1,3)
[MASK M1640] area=0.0 perimeter=0.0 bbox=(150,607,1,1)
[MASK M1641] area=76.5 perimeter=82.5 bbox=(1180,606,11,35)
[MASK M1642] area=24.0 perimeter=25.3 bbox=(1102,606,6,9)
[MASK M1643] area=22.5 perimeter=23.6 bbox=(639,606,9,8)
[MASK M1644] area=0.5 perimeter=3.4 bbox=(0,606,2,2)
[MASK M1645] area=0.0 perimeter=0.0 bbox=(1236,605,1,1)
[MASK M1646] area=26.5 perimeter=24.7 bbox=(962,605,9,7)
[MASK M1647] area=32.0 perimeter=43.5 bbox=(700,605,13,11)
[MASK M1648] area=1.0 perimeter=4.0 bbox=(671,605,2,2)
[MASK M1649] area=0.5 perimeter=3.4 bbox=(293,605,2,2)
[MASK M1650] area=0.0 perimeter=0.0 bbox=(86,605,1,1)
[MASK M1651] area=4.0 perimeter=8.8 bbox=(1028,604,3,4)
[MASK M1652] area=135.0 perimeter=80.8 bbox=(865,604,14,29)
[MASK M1653] area=0.0 perimeter=4.0 bbox=(1091,603,3,1)
[MASK M1654] area=2.0 perimeter=10.8 bbox=(1078,603,5,3)
[MASK M1655] area=3.0 perimeter=8.0 bbox=(791,603,2,4)
[MASK M1656] area=0.0 perimeter=2.0 bbox=(766,603,2,1)
[MASK M1657] area=0.0 perimeter=0.0 bbox=(701,603,1,1)
[MASK M1658] area=4.0 perimeter=8.8 bbox=(595,603,3,4)
[MASK M1659] area=0.0 perimeter=0.0 bbox=(541,603,1,1)
[MASK M1660] area=17.0 perimeter=17.7 bbox=(1150,602,7,5)
[MASK M1661] area=63.0 perimeter=47.8 bbox=(1126,602,19,9)
[MASK M1662] area=0.0 perimeter=0.0 bbox=(1044,602,1,1)
[MASK M1663] area=11.5 perimeter=15.1 bbox=(827,602,6,5)
[MASK M1664] area=0.0 perimeter=0.0 bbox=(824,602,1,1)
[MASK M1665] area=13.5 perimeter=19.1 bbox=(753,602,6,7)
[MASK M1666] area=0.0 perimeter=0.0 bbox=(374,602,1,1)
[MASK M1667] area=6.0 perimeter=9.7 bbox=(26,602,3,5)
[MASK M1668] area=5.0 perimeter=11.7 bbox=(1084,601,4,4)
[MASK M1669] area=52.5 perimeter=49.2 bbox=(1053,601,16,11)
[MASK M1670] area=0.5 perimeter=3.4 bbox=(662,601,2,2)
[MASK M1671] area=4.5 perimeter=20.2 bbox=(434,601,3,10)
[MASK M1672] area=6.0 perimeter=9.7 bbox=(151,601,4,4)
[MASK M1673] area=0.0 perimeter=0.0 bbox=(944,600,1,1)
[MASK M1674] area=23.0 perimeter=36.1 bbox=(419,600,5,17)
[MASK M1675] area=95.0 perimeter=102.1 bbox=(385,600,5,49)
[MASK M1676] area=1.0 perimeter=6.8 bbox=(358,600,3,2)
[MASK M1677] area=2.0 perimeter=6.0 bbox=(108,600,2,3)
[MASK M1678] area=8.0 perimeter=11.7 bbox=(35,600,4,5)
[MASK M1679] area=9.5 perimeter=12.2 bbox=(1035,599,5,4)
[MASK M1680] area=1.5 perimeter=5.4 bbox=(939,599,2,3)
[MASK M1681] area=1.0 perimeter=4.0 bbox=(907,599,2,2)
[MASK M1682] area=20.5 perimeter=21.9 bbox=(779,599,6,9)
[MASK M1683] area=0.0 perimeter=0.0 bbox=(605,599,1,1)
[MASK M1684] area=0.0 perimeter=0.0 bbox=(503,599,1,1)
[MASK M1685] area=3.5 perimeter=11.4 bbox=(1274,598,2,6)
[MASK M1686] area=0.0 perimeter=0.0 bbox=(965,598,1,1)
[MASK M1687] area=181.0 perimeter=134.7 bbox=(85,598,19,40)
[MASK M1688] area=5.5 perimeter=12.2 bbox=(1188,597,3,6)
[MASK M1689] area=2.5 perimeter=8.2 bbox=(903,597,3,4)
[MASK M1690] area=0.5 perimeter=3.4 bbox=(881,597,2,2)
[MASK M1691] area=40.5 perimeter=40.4 bbox=(626,597,7,17)
[MASK M1692] area=0.0 perimeter=0.0 bbox=(502,597,1,1)
[MASK M1693] area=6.0 perimeter=10.0 bbox=(308,597,4,3)
[MASK M1694] area=4.5 perimeter=10.2 bbox=(1091,596,4,4)
[MASK M1695] area=1.5 perimeter=5.4 bbox=(851,596,2,3)
[MASK M1696] area=69.5 perimeter=58.2 bbox=(174,596,14,19)
[MASK M1697] area=14.5 perimeter=20.7 bbox=(636,595,5,8)
[MASK M1698] area=1.5 perimeter=5.4 bbox=(455,595,2,3)
[MASK M1699] area=11.0 perimeter=20.5 bbox=(391,595,6,8)
[MASK M1700] area=1.0 perimeter=4.8 bbox=(1211,594,2,3)
[MASK M1701] area=8.0 perimeter=15.3 bbox=(1102,594,4,6)
[MASK M1702] area=2.0 perimeter=6.0 bbox=(782,594,3,2)
[MASK M1703] area=136.5 perimeter=81.8 bbox=(720,594,15,26)
[MASK M1704] area=14.0 perimeter=18.5 bbox=(615,594,8,4)
[MASK M1705] area=3.0 perimeter=6.8 bbox=(604,594,3,3)
[MASK M1706] area=2.5 perimeter=8.2 bbox=(584,594,3,4)
[MASK M1707] area=5.5 perimeter=11.1 bbox=(520,594,5,4)
[MASK M1708] area=0.0 perimeter=0.0 bbox=(358,594,1,1)
[MASK M1709] area=0.0 perimeter=0.0 bbox=(94,594,1,1)
[MASK M1710] area=0.0 perimeter=0.0 bbox=(1238,593,1,1)
[MASK M1711] area=11.0 perimeter=39.8 bbox=(1174,593,7,17)
[MASK M1712] area=0.0 perimeter=0.0 bbox=(1067,593,1,1)
[MASK M1713] area=1.0 perimeter=4.0 bbox=(1054,593,2,2)
[MASK M1714] area=0.0 perimeter=0.0 bbox=(904,593,1,1)
[MASK M1715] area=7.0 perimeter=10.8 bbox=(801,593,4,4)
[MASK M1716] area=5.0 perimeter=8.8 bbox=(99,593,3,4)
[MASK M1717] area=0.0 perimeter=0.0 bbox=(52,593,1,1)
[MASK M1718] area=0.0 perimeter=0.0 bbox=(1130,592,1,1)
[MASK M1719] area=0.0 perimeter=0.0 bbox=(906,592,1,1)
[MASK M1720] area=0.0 perimeter=0.0 bbox=(852,592,1,1)
[MASK M1721] area=1.0 perimeter=6.8 bbox=(747,592,2,4)
[MASK M1722] area=0.0 perimeter=2.0 bbox=(556,592,2,1)
[MASK M1723] area=8.5 perimeter=12.2 bbox=(343,592,5,4)
[MASK M1724] area=0.5 perimeter=3.4 bbox=(1219,591,2,2)
[MASK M1725] area=0.0 perimeter=0.0 bbox=(1198,591,1,1)
[MASK M1726] area=1.5 perimeter=6.2 bbox=(700,591,3,3)
[MASK M1727] area=26.0 perimeter=26.1 bbox=(1020,590,9,6)
[MASK M1728] area=0.0 perimeter=2.0 bbox=(984,590,1,2)
[MASK M1729] area=2.5 perimeter=8.2 bbox=(936,590,4,3)
[MASK M1730] area=23.5 perimeter=25.9 bbox=(649,590,5,12)
[MASK M1731] area=5.5 perimeter=17.1 bbox=(1106,589,8,3)
[MASK M1732] area=1.0 perimeter=4.0 bbox=(1058,589,2,2)
[MASK M1733] area=0.0 perimeter=2.8 bbox=(843,589,2,2)
[MASK M1734] area=1.0 perimeter=4.0 bbox=(770,589,2,2)
[MASK M1735] area=2.0 perimeter=11.7 bbox=(761,589,4,4)
[MASK M1736] area=0.0 perimeter=0.0 bbox=(751,589,1,1)
[MASK M1737] area=0.0 perimeter=4.8 bbox=(578,589,2,3)
[MASK M1738] area=0.0 perimeter=0.0 bbox=(1094,588,1,1)
[MASK M1739] area=0.0 perimeter=2.0 bbox=(1025,588,2,1)
[MASK M1740] area=0.5 perimeter=3.4 bbox=(221,588,2,2)
[MASK M1741] area=6.5 perimeter=12.2 bbox=(212,588,3,6)
[MASK M1742] area=1.0 perimeter=4.8 bbox=(1200,587,2,3)
[MASK M1743] area=0.0 perimeter=2.0 bbox=(433,587,2,1)
[MASK M1744] area=28.0 perimeter=36.1 bbox=(1035,586,16,5)
[MASK M1745] area=48.0 perimeter=34.1 bbox=(863,586,9,13)
[MASK M1746] area=7.0 perimeter=14.5 bbox=(693,586,6,4)
[MASK M1747] area=0.0 perimeter=0.0 bbox=(662,586,1,1)
[MASK M1748] area=0.0 perimeter=0.0 bbox=(487,586,1,1)
[MASK M1749] area=6.0 perimeter=10.8 bbox=(419,586,3,5)
[MASK M1750] area=1.0 perimeter=6.8 bbox=(412,586,4,2)
[MASK M1751] area=0.0 perimeter=2.0 bbox=(1275,585,1,2)
[MASK M1752] area=17.5 perimeter=23.9 bbox=(1190,585,5,11)
[MASK M1753] area=19.0 perimeter=26.1 bbox=(1120,585,9,9)
[MASK M1754] area=45.0 perimeter=46.3 bbox=(951,585,15,12)
[MASK M1755] area=0.0 perimeter=2.0 bbox=(845,585,1,2)
[MASK M1756] area=8.5 perimeter=13.1 bbox=(603,585,6,4)
[MASK M1757] area=0.0 perimeter=0.0 bbox=(1020,584,1,1)
[MASK M1758] area=2.0 perimeter=6.8 bbox=(883,584,3,3)
[MASK M1759] area=0.0 perimeter=0.0 bbox=(876,584,1,1)
[MASK M1760] area=13.0 perimeter=22.5 bbox=(453,584,4,10)
[MASK M1761] area=0.5 perimeter=3.4 bbox=(358,584,2,2)
[MASK M1762] area=1.5 perimeter=5.4 bbox=(1236,583,2,3)
[MASK M1763] area=0.5 perimeter=3.4 bbox=(1228,583,2,2)
[MASK M1764] area=1.0 perimeter=4.8 bbox=(1200,583,3,2)
[MASK M1765] area=0.0 perimeter=0.0 bbox=(1188,582,1,1)
[MASK M1766] area=1.5 perimeter=7.4 bbox=(1001,582,4,2)
[MASK M1767] area=0.5 perimeter=3.4 bbox=(879,582,2,2)
[MASK M1768] area=50.0 perimeter=45.3 bbox=(668,582,4,21)
[MASK M1769] area=18.0 perimeter=17.3 bbox=(615,582,7,6)
[MASK M1770] area=0.0 perimeter=0.0 bbox=(459,582,1,1)
[MASK M1771] area=0.0 perimeter=0.0 bbox=(456,582,1,1)
[MASK M1772] area=47.0 perimeter=33.3 bbox=(383,582,6,15)
[MASK M1773] area=0.0 perimeter=0.0 bbox=(1168,581,1,1)
[MASK M1774] area=92.5 perimeter=66.9 bbox=(1157,581,8,29)
[MASK M1775] area=0.0 perimeter=0.0 bbox=(421,581,1,1)
[MASK M1776] area=0.0 perimeter=2.0 bbox=(336,581,2,1)
[MASK M1777] area=5.0 perimeter=10.8 bbox=(1177,580,4,4)
[MASK M1778] area=0.0 perimeter=2.0 bbox=(1155,580,1,2)
[MASK M1779] area=0.0 perimeter=0.0 bbox=(1057,580,1,1)
[MASK M1780] area=4.5 perimeter=20.7 bbox=(1023,580,6,5)
[MASK M1781] area=0.0 perimeter=2.0 bbox=(699,579,1,2)
[MASK M1782] area=15.5 perimeter=18.7 bbox=(641,579,5,7)
[MASK M1783] area=0.0 perimeter=0.0 bbox=(597,579,1,1)
[MASK M1784] area=0.0 perimeter=2.8 bbox=(458,579,2,2)
[MASK M1785] area=8.0 perimeter=28.5 bbox=(392,579,4,14)
[MASK M1786] area=0.0 perimeter=2.0 bbox=(376,579,1,2)
[MASK M1787] area=0.0 perimeter=0.0 bbox=(338,579,1,1)
[MASK M1788] area=6.0 perimeter=21.3 bbox=(95,579,8,6)
[MASK M1789] area=5.5 perimeter=9.4 bbox=(1197,578,3,4)
[MASK M1790] area=0.0 perimeter=2.0 bbox=(1111,578,1,2)
[MASK M1791] area=0.0 perimeter=0.0 bbox=(390,578,1,1)
[MASK M1792] area=5.5 perimeter=14.2 bbox=(49,578,4,6)
[MASK M1793] area=2.5 perimeter=6.2 bbox=(1189,577,3,3)
[MASK M1794] area=5.0 perimeter=8.8 bbox=(1085,577,4,3)
[MASK M1795] area=0.5 perimeter=3.4 bbox=(786,577,2,2)
[MASK M1796] area=3.0 perimeter=9.7 bbox=(648,577,5,3)
[MASK M1797] area=0.0 perimeter=0.0 bbox=(84,577,1,1)
[MASK M1798] area=0.0 perimeter=2.8 bbox=(985,576,2,2)
[MASK M1799] area=66.5 perimeter=39.2 bbox=(28,576,12,12)
[MASK M1800] area=0.0 perimeter=0.0 bbox=(1113,575,1,1)
[MASK M1801] area=0.0 perimeter=0.0 bbox=(982,575,1,1)
[MASK M1802] area=0.0 perimeter=0.0 bbox=(810,575,1,1)
[MASK M1803] area=0.0 perimeter=0.0 bbox=(573,575,1,1)
[MASK M1804] area=0.5 perimeter=5.4 bbox=(520,575,2,3)
[MASK M1805] area=3.0 perimeter=6.8 bbox=(313,575,3,3)
[MASK M1806] area=9.5 perimeter=17.9 bbox=(1173,574,7,6)
[MASK M1807] area=0.0 perimeter=2.0 bbox=(930,574,2,1)
[MASK M1808] area=0.0 perimeter=2.0 bbox=(651,574,1,2)
[MASK M1809] area=0.0 perimeter=0.0 bbox=(414,574,1,1)
[MASK M1810] area=75.5 perimeter=39.9 bbox=(280,574,7,17)
[MASK M1811] area=1.0 perimeter=7.7 bbox=(759,573,3,4)
[MASK M1812] area=0.0 perimeter=0.0 bbox=(424,573,1,1)
[MASK M1813] area=0.0 perimeter=2.0 bbox=(389,573,2,1)
[MASK M1814] area=1.5 perimeter=6.2 bbox=(136,573,3,3)
[MASK M1815] area=0.0 perimeter=0.0 bbox=(57,573,1,1)
[MASK M1816] area=0.0 perimeter=0.0 bbox=(1199,572,1,1)
[MASK M1817] area=22.5 perimeter=23.9 bbox=(1119,572,6,9)
[MASK M1818] area=2.5 perimeter=6.2 bbox=(1088,572,3,3)
[MASK M1819] area=2.0 perimeter=6.8 bbox=(499,572,2,4)
[MASK M1820] area=7.0 perimeter=13.3 bbox=(330,572,6,5)
[MASK M1821] area=55.0 perimeter=50.1 bbox=(1143,571,7,23)
[MASK M1822] area=24.0 perimeter=29.0 bbox=(1092,571,8,12)
[MASK M1823] area=13.0 perimeter=18.5 bbox=(545,571,4,7)
[MASK M1824] area=7.5 perimeter=12.2 bbox=(359,571,3,6)
[MASK M1825] area=1.5 perimeter=8.2 bbox=(99,571,4,3)
[MASK M1826] area=14.0 perimeter=29.8 bbox=(1040,570,8,9)
[MASK M1827] area=0.5 perimeter=6.2 bbox=(734,570,3,3)
[MASK M1828] area=0.0 perimeter=0.0 bbox=(661,570,1,1)
[MASK M1829] area=3.0 perimeter=9.7 bbox=(81,570,4,4)
[MASK M1830] area=0.5 perimeter=10.2 bbox=(1213,569,3,5)
[MASK M1831] area=42.5 perimeter=35.6 bbox=(867,569,15,7)
[MASK M1832] area=0.0 perimeter=0.0 bbox=(701,569,1,1)
[MASK M1833] area=38.5 perimeter=43.2 bbox=(551,569,14,10)
[MASK M1834] area=178.5 perimeter=125.8 bbox=(464,569,15,40)
[MASK M1835] area=1.5 perimeter=5.4 bbox=(414,569,2,3)
[MASK M1836] area=13.0 perimeter=15.7 bbox=(1170,568,6,5)
[MASK M1837] area=9.0 perimeter=19.7 bbox=(1132,568,5,8)
[MASK M1838] area=8.5 perimeter=23.9 bbox=(676,568,4,10)
[MASK M1839] area=153.5 perimeter=60.9 bbox=(243,568,16,20)
[MASK M1840] area=0.5 perimeter=5.4 bbox=(202,568,2,3)
[MASK M1841] area=1.5 perimeter=5.4 bbox=(1178,567,3,2)
[MASK M1842] area=0.0 perimeter=0.0 bbox=(426,567,1,1)
[MASK M1843] area=1.0 perimeter=4.0 bbox=(93,567,2,2)
[MASK M1844] area=5.5 perimeter=10.2 bbox=(1219,566,4,4)
[MASK M1845] area=0.0 perimeter=2.8 bbox=(1078,566,2,2)
[MASK M1846] area=0.0 perimeter=0.0 bbox=(890,566,1,1)
[MASK M1847] area=0.0 perimeter=2.0 bbox=(695,566,1,2)
[MASK M1848] area=5.0 perimeter=16.5 bbox=(1207,565,4,8)
[MASK M1849] area=5.5 perimeter=12.2 bbox=(1201,565,4,5)
[MASK M1850] area=1.0 perimeter=4.0 bbox=(1111,565,2,2)
[MASK M1851] area=0.5 perimeter=3.4 bbox=(1027,565,2,2)
[MASK M1852] area=2.0 perimeter=5.7 bbox=(864,565,3,3)
[MASK M1853] area=50.0 perimeter=45.8 bbox=(713,565,11,13)
[MASK M1854] area=0.0 perimeter=0.0 bbox=(267,565,1,1)
[MASK M1855] area=0.0 perimeter=0.0 bbox=(1125,564,1,1)
[MASK M1856] area=0.0 perimeter=4.0 bbox=(771,564,3,1)
[MASK M1857] area=15.0 perimeter=16.5 bbox=(370,564,5,7)
[MASK M1858] area=0.0 perimeter=2.0 bbox=(295,564,1,2)
[MASK M1859] area=6.0 perimeter=9.7 bbox=(672,563,4,4)
[MASK M1860] area=3.0 perimeter=8.8 bbox=(339,563,2,5)
[MASK M1861] area=0.0 perimeter=4.0 bbox=(1171,562,1,3)
[MASK M1862] area=0.0 perimeter=2.0 bbox=(1107,562,2,1)
[MASK M1863] area=3.0 perimeter=6.8 bbox=(1222,561,3,3)
[MASK M1864] area=3.0 perimeter=6.8 bbox=(1215,561,3,3)
[MASK M1865] area=3.0 perimeter=6.8 bbox=(1129,561,3,3)
[MASK M1866] area=1.0 perimeter=4.0 bbox=(1024,561,2,2)
[MASK M1867] area=0.0 perimeter=4.8 bbox=(243,561,2,3)
[MASK M1868] area=31.0 perimeter=22.5 bbox=(209,561,7,8)
[MASK M1869] area=35.5 perimeter=36.7 bbox=(1163,560,6,16)
[MASK M1870] area=0.0 perimeter=0.0 bbox=(515,560,1,1)
[MASK M1871] area=1.5 perimeter=5.4 bbox=(494,560,3,2)
[MASK M1872] area=0.5 perimeter=5.4 bbox=(59,560,2,3)
[MASK M1873] area=5.5 perimeter=9.1 bbox=(1091,559,4,4)
[MASK M1874] area=3.0 perimeter=9.7 bbox=(1015,559,3,5)
[MASK M1875] area=18.0 perimeter=21.3 bbox=(877,559,9,6)
[MASK M1876] area=9.0 perimeter=13.7 bbox=(1146,558,4,6)
[MASK M1877] area=2.0 perimeter=6.8 bbox=(454,558,3,3)
[MASK M1878] area=19.0 perimeter=18.5 bbox=(380,558,6,7)
[MASK M1879] area=1.0 perimeter=4.0 bbox=(282,558,2,2)
[MASK M1880] area=49.0 perimeter=39.0 bbox=(1228,557,9,14)
[MASK M1881] area=0.0 perimeter=2.0 bbox=(1168,557,1,2)
[MASK M1882] area=43.0 perimeter=29.3 bbox=(1065,557,11,8)
[MASK M1883] area=1.5 perimeter=7.4 bbox=(355,557,4,2)
[MASK M1884] area=11.0 perimeter=18.5 bbox=(518,556,5,7)
[MASK M1885] area=0.5 perimeter=3.4 bbox=(1127,555,2,2)
[MASK M1886] area=1.0 perimeter=4.8 bbox=(879,555,2,3)
[MASK M1887] area=0.0 perimeter=2.0 bbox=(567,555,2,1)
[MASK M1888] area=0.0 perimeter=2.0 bbox=(102,555,1,2)
[MASK M1889] area=3.5 perimeter=7.4 bbox=(1236,554,3,3)
[MASK M1890] area=13.5 perimeter=17.1 bbox=(1217,554,5,7)
[MASK M1891] area=2.5 perimeter=8.2 bbox=(980,554,4,3)
[MASK M1892] area=111.0 perimeter=58.3 bbox=(609,554,11,21)
[MASK M1893] area=0.0 perimeter=2.8 bbox=(55,554,2,2)
[MASK M1894] area=9.0 perimeter=15.7 bbox=(35,554,3,7)
[MASK M1895] area=0.0 perimeter=0.0 bbox=(977,553,1,1)
[MASK M1896] area=0.0 perimeter=0.0 bbox=(973,553,1,1)
[MASK M1897] area=0.5 perimeter=3.4 bbox=(864,553,2,2)
[MASK M1898] area=3.5 perimeter=15.9 bbox=(707,553,7,5)
[MASK M1899] area=4.0 perimeter=9.7 bbox=(417,553,4,4)
[MASK M1900] area=405.5 perimeter=245.8 bbox=(402,553,13,98)
[MASK M1901] area=0.5 perimeter=7.4 bbox=(194,553,2,4)
[MASK M1902] area=0.5 perimeter=5.4 bbox=(61,553,3,2)
[MASK M1903] area=6.5 perimeter=14.2 bbox=(1188,552,3,7)
[MASK M1904] area=5.5 perimeter=11.1 bbox=(1171,552,4,5)
[MASK M1905] area=2.5 perimeter=10.2 bbox=(1156,552,3,5)
[MASK M1906] area=0.0 perimeter=2.0 bbox=(1130,552,1,2)
[MASK M1907] area=0.0 perimeter=2.8 bbox=(1022,552,2,2)
[MASK M1908] area=0.5 perimeter=3.4 bbox=(1235,551,2,2)
[MASK M1909] area=0.5 perimeter=3.4 bbox=(1093,551,2,2)
[MASK M1910] area=0.0 perimeter=0.0 bbox=(1062,551,1,1)
[MASK M1911] area=0.5 perimeter=6.2 bbox=(960,551,3,3)
[MASK M1912] area=0.0 perimeter=2.0 bbox=(885,551,2,1)
[MASK M1913] area=7.5 perimeter=12.2 bbox=(876,551,6,3)
[MASK M1914] area=13.0 perimeter=14.5 bbox=(625,551,5,6)
[MASK M1915] area=0.5 perimeter=3.4 bbox=(372,551,2,2)
[MASK M1916] area=0.0 perimeter=2.0 bbox=(324,551,2,1)
[MASK M1917] area=0.0 perimeter=2.0 bbox=(52,551,1,2)
[MASK M1918] area=3.5 perimeter=7.4 bbox=(397,550,3,3)
[MASK M1919] area=0.5 perimeter=3.4 bbox=(194,550,2,2)
[MASK M1920] area=23.0 perimeter=20.5 bbox=(1180,549,6,8)
[MASK M1921] area=0.5 perimeter=3.4 bbox=(1149,549,2,2)
[MASK M1922] area=110.0 perimeter=57.5 bbox=(630,549,11,21)
[MASK M1923] area=0.5 perimeter=3.4 bbox=(602,549,2,2)
[MASK M1924] area=116.5 perimeter=56.4 bbox=(465,549,15,17)
[MASK M1925] area=0.0 perimeter=2.0 bbox=(420,549,2,1)
[MASK M1926] area=8.0 perimeter=12.8 bbox=(69,549,3,6)
[MASK M1927] area=0.0 perimeter=0.0 bbox=(583,548,1,1)
[MASK M1928] area=3.0 perimeter=6.8 bbox=(303,548,3,3)
[MASK M1929] area=0.0 perimeter=0.0 bbox=(237,548,1,1)
[MASK M1930] area=0.0 perimeter=0.0 bbox=(99,548,1,1)
[MASK M1931] area=0.0 perimeter=0.0 bbox=(1119,547,1,1)
[MASK M1932] area=11.0 perimeter=18.5 bbox=(1097,547,5,8)
[MASK M1933] area=4.0 perimeter=11.7 bbox=(432,547,5,4)
[MASK M1934] area=5.0 perimeter=11.7 bbox=(403,547,5,4)
[MASK M1935] area=1.0 perimeter=4.0 bbox=(291,547,2,2)
[MASK M1936] area=12.0 perimeter=19.7 bbox=(1207,546,4,9)
[MASK M1937] area=1.5 perimeter=5.4 bbox=(1191,546,3,2)
[MASK M1938] area=0.5 perimeter=3.4 bbox=(528,546,2,2)
[MASK M1939] area=2.5 perimeter=15.9 bbox=(442,546,5,4)
[MASK M1940] area=0.0 perimeter=2.0 bbox=(349,546,1,2)
[MASK M1941] area=3.0 perimeter=6.8 bbox=(1079,545,3,3)
[MASK M1942] area=0.0 perimeter=0.0 bbox=(960,545,1,1)
[MASK M1943] area=0.0 perimeter=2.8 bbox=(630,545,2,2)
[MASK M1944] area=0.5 perimeter=3.4 bbox=(1226,544,2,2)
[MASK M1945] area=0.0 perimeter=2.0 bbox=(1125,544,1,2)
[MASK M1946] area=0.0 perimeter=2.0 bbox=(694,544,2,1)
[MASK M1947] area=0.0 perimeter=0.0 bbox=(409,544,1,1)
[MASK M1948] area=1.0 perimeter=4.8 bbox=(301,544,2,3)
[MASK M1949] area=27.5 perimeter=23.1 bbox=(1214,543,8,7)
[MASK M1950] area=10.0 perimeter=18.5 bbox=(1195,543,6,6)
[MASK M1951] area=4.5 perimeter=9.1 bbox=(1154,543,4,4)
[MASK M1952] area=0.0 perimeter=4.0 bbox=(1115,543,1,3)
[MASK M1953] area=0.5 perimeter=3.4 bbox=(889,543,2,2)
[MASK M1954] area=458.0 perimeter=231.7 bbox=(70,543,20,75)
[MASK M1955] area=0.0 perimeter=0.0 bbox=(44,543,1,1)
[MASK M1956] area=0.5 perimeter=3.4 bbox=(1081,542,2,2)
[MASK M1957] area=0.0 perimeter=0.0 bbox=(916,542,1,1)
[MASK M1958] area=5.5 perimeter=13.1 bbox=(648,542,4,5)
[MASK M1959] area=4.5 perimeter=11.4 bbox=(511,542,2,6)
[MASK M1960] area=1.0 perimeter=7.7 bbox=(453,542,3,4)
[MASK M1961] area=0.0 perimeter=0.0 bbox=(202,542,1,1)
[MASK M1962] area=3.0 perimeter=8.8 bbox=(58,542,2,5)
[MASK M1963] area=10.5 perimeter=15.9 bbox=(1139,541,6,5)
[MASK M1964] area=0.5 perimeter=3.4 bbox=(1009,541,2,2)
[MASK M1965] area=0.0 perimeter=0.0 bbox=(997,541,1,1)
[MASK M1966] area=0.5 perimeter=5.4 bbox=(473,541,3,2)
[MASK M1967] area=15.0 perimeter=16.5 bbox=(37,541,6,6)
[MASK M1968] area=9.5 perimeter=13.1 bbox=(1230,540,4,6)
[MASK M1969] area=0.5 perimeter=3.4 bbox=(987,540,2,2)
[MASK M1970] area=0.0 perimeter=0.0 bbox=(430,540,1,1)
[MASK M1971] area=12.0 perimeter=15.7 bbox=(1236,539,4,7)
[MASK M1972] area=4.5 perimeter=9.4 bbox=(1183,539,3,4)
[MASK M1973] area=62.5 perimeter=63.4 bbox=(677,539,19,12)
[MASK M1974] area=0.0 perimeter=2.0 bbox=(494,539,2,1)
[MASK M1975] area=1.5 perimeter=5.4 bbox=(209,539,3,2)
[MASK M1976] area=1.5 perimeter=5.4 bbox=(1207,538,3,2)
[MASK M1977] area=30.0 perimeter=23.3 bbox=(855,538,8,8)
[MASK M1978] area=2.5 perimeter=7.4 bbox=(1068,537,4,2)
[MASK M1979] area=58.0 perimeter=29.3 bbox=(394,537,11,8)
[MASK M1980] area=0.0 perimeter=0.0 bbox=(225,537,1,1)
[MASK M1981] area=0.5 perimeter=3.4 bbox=(95,537,2,2)
[MASK M1982] area=0.0 perimeter=2.8 bbox=(31,537,2,2)
[MASK M1983] area=11.5 perimeter=13.9 bbox=(757,536,6,5)
[MASK M1984] area=0.0 perimeter=6.0 bbox=(635,536,1,4)
[MASK M1985] area=43.0 perimeter=55.8 bbox=(531,536,5,25)
[MASK M1986] area=0.0 perimeter=0.0 bbox=(72,536,1,1)
[MASK M1987] area=18.0 perimeter=22.5 bbox=(67,536,7,8)
[MASK M1988] area=0.0 perimeter=0.0 bbox=(60,536,1,1)
[MASK M1989] area=8.0 perimeter=18.8 bbox=(0,536,2,10)
[MASK M1990] area=3.0 perimeter=8.0 bbox=(1261,535,2,4)
[MASK M1991] area=6.0 perimeter=10.8 bbox=(1201,535,3,5)
[MASK M1992] area=1.0 perimeter=4.8 bbox=(930,535,3,2)
[MASK M1993] area=0.0 perimeter=4.0 bbox=(835,535,1,3)
[MASK M1994] area=41.0 perimeter=36.5 bbox=(665,535,5,17)
[MASK M1995] area=0.0 perimeter=0.0 bbox=(638,535,1,1)
[MASK M1996] area=29.5 perimeter=22.7 bbox=(610,535,7,9)
[MASK M1997] area=0.0 perimeter=0.0 bbox=(420,535,1,1)
[MASK M1998] area=0.0 perimeter=0.0 bbox=(228,535,1,1)
[MASK M1999] area=0.0 perimeter=0.0 bbox=(45,535,1,1)
[MASK M2000] area=0.0 perimeter=2.0 bbox=(1233,534,2,1)
[MASK M2001] area=42.0 perimeter=53.1 bbox=(1164,534,13,11)
[MASK M2002] area=1.0 perimeter=4.8 bbox=(1122,534,2,3)
[MASK M2003] area=7.5 perimeter=15.1 bbox=(414,534,4,7)
[MASK M2004] area=0.0 perimeter=0.0 bbox=(305,534,1,1)
[MASK M2005] area=0.0 perimeter=0.0 bbox=(87,534,1,1)
[MASK M2006] area=1.5 perimeter=5.4 bbox=(1238,533,3,2)
[MASK M2007] area=2.0 perimeter=6.8 bbox=(1188,533,3,3)
[MASK M2008] area=0.0 perimeter=4.0 bbox=(612,533,3,1)
[MASK M2009] area=1.5 perimeter=6.2 bbox=(518,533,3,3)
[MASK M2010] area=0.0 perimeter=4.8 bbox=(493,533,3,2)
[MASK M2011] area=0.0 perimeter=0.0 bbox=(142,533,1,1)
[MASK M2012] area=0.5 perimeter=3.4 bbox=(75,533,2,2)
[MASK M2013] area=49.0 perimeter=33.8 bbox=(871,532,12,9)
[MASK M2014] area=0.5 perimeter=3.4 bbox=(925,531,2,2)
[MASK M2015] area=0.0 perimeter=0.0 bbox=(75,531,1,1)
[MASK M2016] area=27.0 perimeter=31.3 bbox=(1146,530,5,14)
[MASK M2017] area=0.0 perimeter=0.0 bbox=(290,530,1,1)
[MASK M2018] area=4.5 perimeter=8.2 bbox=(32,530,4,3)
[MASK M2019] area=10.5 perimeter=14.2 bbox=(1097,529,5,5)
[MASK M2020] area=0.0 perimeter=2.0 bbox=(869,529,1,2)
[MASK M2021] area=0.0 perimeter=0.0 bbox=(499,529,1,1)
[MASK M2022] area=0.0 perimeter=0.0 bbox=(202,529,1,1)
[MASK M2023] area=13.5 perimeter=17.1 bbox=(0,529,5,6)
[MASK M2024] area=12.0 perimeter=16.5 bbox=(1157,528,7,4)
[MASK M2025] area=1.0 perimeter=4.0 bbox=(1000,528,2,2)
[MASK M2026] area=6.5 perimeter=14.2 bbox=(652,528,6,4)
[MASK M2027] area=18.0 perimeter=33.0 bbox=(432,528,7,13)
[MASK M2028] area=2.5 perimeter=7.4 bbox=(369,528,2,4)
[MASK M2029] area=1.0 perimeter=4.8 bbox=(57,528,3,2)
[MASK M2030] area=0.0 perimeter=0.0 bbox=(1254,527,1,1)
[MASK M2031] area=7.0 perimeter=11.7 bbox=(1186,527,4,5)
[MASK M2032] area=0.0 perimeter=2.0 bbox=(873,527,1,2)
[MASK M2033] area=7.0 perimeter=13.7 bbox=(65,527,3,7)
[MASK M2034] area=0.0 perimeter=0.0 bbox=(1001,526,1,1)
[MASK M2035] area=1.0 perimeter=4.8 bbox=(646,526,3,2)
[MASK M2036] area=10.5 perimeter=16.7 bbox=(391,526,6,7)
[MASK M2037] area=19.5 perimeter=20.7 bbox=(401,525,8,7)
[MASK M2038] area=3.0 perimeter=8.8 bbox=(224,525,4,3)
[MASK M2039] area=0.5 perimeter=3.4 bbox=(1167,524,2,2)
[MASK M2040] area=0.5 perimeter=3.4 bbox=(1038,524,2,2)
[MASK M2041] area=0.5 perimeter=3.4 bbox=(853,524,2,2)
[MASK M2042] area=0.0 perimeter=0.0 bbox=(343,524,1,1)
[MASK M2043] area=0.0 perimeter=0.0 bbox=(295,524,1,1)
[MASK M2044] area=0.0 perimeter=2.0 bbox=(126,524,1,2)
[MASK M2045] area=43.5 perimeter=54.0 bbox=(1219,523,8,16)
[MASK M2046] area=0.0 perimeter=2.0 bbox=(1051,523,2,1)
[MASK M2047] area=2.0 perimeter=5.7 bbox=(650,523,3,3)
[MASK M2048] area=48.0 perimeter=37.8 bbox=(69,523,12,8)
[MASK M2049] area=4.5 perimeter=8.2 bbox=(1201,522,4,3)
[MASK M2050] area=0.5 perimeter=3.4 bbox=(1077,522,2,2)
[MASK M2051] area=0.0 perimeter=0.0 bbox=(1070,522,1,1)
[MASK M2052] area=8.5 perimeter=13.1 bbox=(55,522,5,5)
[MASK M2053] area=2.0 perimeter=6.0 bbox=(1042,521,2,3)
[MASK M2054] area=0.0 perimeter=0.0 bbox=(837,521,1,1)
[MASK M2055] area=0.5 perimeter=11.1 bbox=(494,521,3,5)
[MASK M2056] area=0.5 perimeter=7.4 bbox=(90,521,3,3)
[MASK M2057] area=4.0 perimeter=17.3 bbox=(1245,520,7,6)
[MASK M2058] area=63.0 perimeter=39.8 bbox=(956,520,14,10)
[MASK M2059] area=0.0 perimeter=0.0 bbox=(911,520,1,1)
[MASK M2060] area=1.0 perimeter=4.0 bbox=(720,520,2,2)
[MASK M2061] area=41.0 perimeter=31.0 bbox=(581,520,12,9)
[MASK M2062] area=14.5 perimeter=33.9 bbox=(510,520,3,16)
[MASK M2063] area=72.0 perimeter=51.5 bbox=(448,520,9,20)
[MASK M2064] area=0.5 perimeter=5.4 bbox=(1274,519,2,3)
[MASK M2065] area=0.0 perimeter=0.0 bbox=(862,519,1,1)
[MASK M2066] area=2.0 perimeter=7.7 bbox=(48,519,4,3)
[MASK M2067] area=13.0 perimeter=15.7 bbox=(0,519,5,6)
[MASK M2068] area=3.5 perimeter=7.4 bbox=(1203,518,3,3)
[MASK M2069] area=1.5 perimeter=8.2 bbox=(1148,518,4,3)
[MASK M2070] area=2.0 perimeter=6.8 bbox=(973,518,3,3)
[MASK M2071] area=7.0 perimeter=10.8 bbox=(888,518,4,4)
[MASK M2072] area=0.0 perimeter=0.0 bbox=(493,518,1,1)
[MASK M2073] area=0.0 perimeter=0.0 bbox=(27,518,1,1)
[MASK M2074] area=7.5 perimeter=13.1 bbox=(1220,517,4,5)
[MASK M2075] area=2.0 perimeter=8.8 bbox=(1165,517,2,5)
[MASK M2076] area=0.0 perimeter=4.0 bbox=(1130,517,3,1)
[MASK M2077] area=0.0 perimeter=0.0 bbox=(1127,517,1,1)
[MASK M2078] area=0.5 perimeter=3.4 bbox=(978,517,2,2)
[MASK M2079] area=0.0 perimeter=4.0 bbox=(915,517,3,1)
[MASK M2080] area=0.0 perimeter=0.0 bbox=(905,517,1,1)
[MASK M2081] area=1.5 perimeter=6.2 bbox=(864,517,3,3)
[MASK M2082] area=1.0 perimeter=4.8 bbox=(343,517,2,3)
[MASK M2083] area=43.5 perimeter=34.4 bbox=(939,516,10,11)
[MASK M2084] area=1.0 perimeter=4.0 bbox=(524,516,2,2)
[MASK M2085] area=38.0 perimeter=32.1 bbox=(482,516,6,15)
[MASK M2086] area=1.0 perimeter=4.0 bbox=(470,516,2,2)
[MASK M2087] area=108.5 perimeter=48.4 bbox=(370,516,21,9)
[MASK M2088] area=1.0 perimeter=4.8 bbox=(1029,515,3,2)
[MASK M2089] area=5.0 perimeter=11.7 bbox=(918,515,5,4)
[MASK M2090] area=4.0 perimeter=8.8 bbox=(532,515,4,3)
[MASK M2091] area=10.5 perimeter=14.2 bbox=(409,515,4,6)
[MASK M2092] area=0.5 perimeter=3.4 bbox=(318,515,2,2)
[MASK M2093] area=2.0 perimeter=6.0 bbox=(246,515,3,2)
[MASK M2094] area=0.0 perimeter=0.0 bbox=(945,514,1,1)
[MASK M2095] area=1.0 perimeter=4.8 bbox=(0,514,2,3)
[MASK M2096] area=0.0 perimeter=0.0 bbox=(942,513,1,1)
[MASK M2097] area=2.5 perimeter=8.2 bbox=(625,513,4,3)
[MASK M2098] area=0.0 perimeter=0.0 bbox=(353,513,1,1)
[MASK M2099] area=6.5 perimeter=15.1 bbox=(7,513,6,4)
[MASK M2100] area=0.0 perimeter=2.0 bbox=(573,512,2,1)
[MASK M2101] area=23.0 perimeter=31.3 bbox=(1192,511,8,12)
[MASK M2102] area=2.0 perimeter=6.0 bbox=(1174,511,2,3)
[MASK M2103] area=5.0 perimeter=8.8 bbox=(403,511,4,3)
[MASK M2104] area=2.5 perimeter=7.4 bbox=(962,510,4,2)
[MASK M2105] area=2.0 perimeter=6.8 bbox=(983,509,3,3)
[MASK M2106] area=0.5 perimeter=3.4 bbox=(126,509,2,2)
[MASK M2107] area=6.5 perimeter=12.2 bbox=(1024,508,3,6)
[MASK M2108] area=12.5 perimeter=15.1 bbox=(508,508,4,7)
[MASK M2109] area=7.0 perimeter=21.3 bbox=(1231,507,5,7)
[MASK M2110] area=16.5 perimeter=15.9 bbox=(917,507,6,6)
[MASK M2111] area=2.5 perimeter=6.2 bbox=(451,507,3,3)
[MASK M2112] area=14.0 perimeter=16.5 bbox=(87,507,5,7)
[MASK M2113] area=0.0 perimeter=2.0 bbox=(1161,506,1,2)
[MASK M2114] area=3.0 perimeter=6.8 bbox=(240,506,3,3)
[MASK M2115] area=0.0 perimeter=2.0 bbox=(47,506,2,1)
[MASK M2116] area=12.0 perimeter=26.1 bbox=(1199,505,7,11)
[MASK M2117] area=0.0 perimeter=0.0 bbox=(1078,505,1,1)
[MASK M2118] area=0.5 perimeter=3.4 bbox=(965,505,2,2)
[MASK M2119] area=2.5 perimeter=11.1 bbox=(925,505,5,4)
[MASK M2120] area=1.5 perimeter=6.2 bbox=(9,505,3,3)
[MASK M2121] area=6.0 perimeter=9.7 bbox=(1150,504,4,4)
[MASK M2122] area=0.0 perimeter=4.0 bbox=(1110,504,3,1)
[MASK M2123] area=27.0 perimeter=22.5 bbox=(893,504,9,6)
[MASK M2124] area=25.5 perimeter=32.7 bbox=(854,504,6,11)
[MASK M2125] area=2.5 perimeter=7.4 bbox=(455,504,4,2)
[MASK M2126] area=10.5 perimeter=16.2 bbox=(446,504,3,8)
[MASK M2127] area=76.5 perimeter=33.6 bbox=(271,504,9,13)
[MASK M2128] area=0.0 perimeter=2.0 bbox=(1221,503,1,2)
[MASK M2129] area=20.5 perimeter=31.1 bbox=(1212,503,4,15)
[MASK M2130] area=2.5 perimeter=7.4 bbox=(172,503,2,4)
[MASK M2131] area=17.0 perimeter=37.8 bbox=(950,502,11,9)
[MASK M2132] area=26.5 perimeter=21.9 bbox=(931,502,7,8)
[MASK M2133] area=116.5 perimeter=54.4 bbox=(660,502,11,22)
[MASK M2134] area=48.0 perimeter=43.0 bbox=(617,502,9,18)
[MASK M2135] area=0.0 perimeter=0.0 bbox=(509,502,1,1)
[MASK M2136] area=0.0 perimeter=0.0 bbox=(1214,501,1,1)
[MASK M2137] area=58.0 perimeter=61.5 bbox=(1173,501,9,22)
[MASK M2138] area=179.0 perimeter=78.3 bbox=(416,501,17,28)
[MASK M2139] area=5.5 perimeter=9.4 bbox=(202,501,4,3)
[MASK M2140] area=3.0 perimeter=6.8 bbox=(1058,500,3,3)
[MASK M2141] area=0.0 perimeter=0.0 bbox=(674,500,1,1)
[MASK M2142] area=0.0 perimeter=2.0 bbox=(844,499,2,1)
[MASK M2143] area=0.0 perimeter=0.0 bbox=(770,499,1,1)
[MASK M2144] area=0.0 perimeter=0.0 bbox=(6,499,1,1)
[MASK M2145] area=1.5 perimeter=5.4 bbox=(1233,498,2,3)
[MASK M2146] area=0.0 perimeter=2.8 bbox=(905,498,2,2)
[MASK M2147] area=71.0 perimeter=45.0 bbox=(635,498,7,19)
[MASK M2148] area=0.0 perimeter=2.0 bbox=(599,498,2,1)
[MASK M2149] area=35.0 perimeter=28.1 bbox=(320,498,8,10)
[MASK M2150] area=2.5 perimeter=7.4 bbox=(296,498,4,2)
[MASK M2151] area=3.5 perimeter=8.2 bbox=(657,497,4,3)
[MASK M2152] area=3.0 perimeter=10.8 bbox=(653,497,3,5)
[MASK M2153] area=0.0 perimeter=0.0 bbox=(500,497,1,1)
[MASK M2154] area=17.5 perimeter=24.7 bbox=(416,497,8,7)
[MASK M2155] area=0.0 perimeter=2.8 bbox=(1102,496,2,2)
[MASK M2156] area=5.0 perimeter=20.5 bbox=(613,496,8,5)
[MASK M2157] area=1.0 perimeter=4.8 bbox=(70,496,3,2)
[MASK M2158] area=5.0 perimeter=8.8 bbox=(14,496,3,4)
[MASK M2159] area=0.5 perimeter=12.2 bbox=(1107,495,6,3)
[MASK M2160] area=0.0 perimeter=4.0 bbox=(935,495,1,3)
[MASK M2161] area=0.0 perimeter=2.0 bbox=(331,495,1,2)
[MASK M2162] area=14.0 perimeter=26.1 bbox=(85,495,4,11)
[MASK M2163] area=49.0 perimeter=40.6 bbox=(997,494,13,12)
[MASK M2164] area=8.0 perimeter=26.1 bbox=(868,494,10,5)
[MASK M2165] area=0.0 perimeter=2.0 bbox=(460,494,1,2)
[MASK M2166] area=85.0 perimeter=43.5 bbox=(357,494,15,11)
[MASK M2167] area=6.0 perimeter=11.7 bbox=(21,494,5,4)
[MASK M2168] area=25.5 perimeter=42.4 bbox=(1031,493,9,11)
[MASK M2169] area=0.5 perimeter=3.4 bbox=(856,493,2,2)
[MASK M2170] area=0.0 perimeter=0.0 bbox=(756,493,1,1)
[MASK M2171] area=20.0 perimeter=21.7 bbox=(52,493,4,10)
[MASK M2172] area=1.5 perimeter=6.2 bbox=(382,492,3,3)
[MASK M2173] area=154.0 perimeter=126.2 bbox=(62,492,25,30)
[MASK M2174] area=0.0 perimeter=2.0 bbox=(1232,491,1,2)
[MASK M2175] area=1.5 perimeter=7.4 bbox=(1213,491,4,2)
[MASK M2176] area=5.0 perimeter=10.8 bbox=(1155,491,3,5)
[MASK M2177] area=15.5 perimeter=27.6 bbox=(1091,491,11,6)
[MASK M2178] area=0.0 perimeter=0.0 bbox=(675,491,1,1)
[MASK M2179] area=0.0 perimeter=2.0 bbox=(603,491,2,1)
[MASK M2180] area=0.5 perimeter=3.4 bbox=(420,491,2,2)
[MASK M2181] area=2.0 perimeter=6.0 bbox=(7,491,2,3)
[MASK M2182] area=0.0 perimeter=0.0 bbox=(915,490,1,1)
[MASK M2183] area=25.0 perimeter=22.5 bbox=(1132,489,8,7)
[MASK M2184] area=9.5 perimeter=19.9 bbox=(441,489,4,8)
[MASK M2185] area=0.5 perimeter=3.4 bbox=(995,488,2,2)
[MASK M2186] area=0.5 perimeter=3.4 bbox=(603,488,2,2)
[MASK M2187] area=121.5 perimeter=62.9 bbox=(481,488,16,21)
[MASK M2188] area=109.5 perimeter=42.9 bbox=(395,488,17,11)
[MASK M2189] area=10.5 perimeter=14.2 bbox=(664,487,4,6)
[MASK M2190] area=25.0 perimeter=21.3 bbox=(342,487,8,7)
[MASK M2191] area=2.0 perimeter=6.8 bbox=(72,487,3,3)
[MASK M2192] area=1.0 perimeter=4.8 bbox=(56,487,3,2)
[MASK M2193] area=0.0 perimeter=0.0 bbox=(1041,486,1,1)
[MASK M2194] area=9.5 perimeter=12.2 bbox=(1033,486,5,4)
[MASK M2195] area=0.0 perimeter=2.0 bbox=(1001,486,1,2)
[MASK M2196] area=0.5 perimeter=3.4 bbox=(380,486,2,2)
[MASK M2197] area=0.0 perimeter=0.0 bbox=(1170,485,1,1)
[MASK M2198] area=4.5 perimeter=10.2 bbox=(942,485,5,3)
[MASK M2199] area=0.0 perimeter=0.0 bbox=(881,485,1,1)
[MASK M2200] area=0.0 perimeter=2.0 bbox=(853,485,2,1)
[MASK M2201] area=57.0 perimeter=35.0 bbox=(565,485,13,9)
[MASK M2202] area=0.0 perimeter=0.0 bbox=(395,485,1,1)
[MASK M2203] area=0.0 perimeter=2.0 bbox=(369,485,2,1)
[MASK M2204] area=3.5 perimeter=7.4 bbox=(282,485,3,3)
[MASK M2205] area=5.0 perimeter=11.7 bbox=(259,485,5,4)
[MASK M2206] area=0.0 perimeter=4.0 bbox=(124,485,1,3)
[MASK M2207] area=0.0 perimeter=0.0 bbox=(22,484,1,1)
[MASK M2208] area=0.0 perimeter=2.0 bbox=(1233,483,1,2)
[MASK M2209] area=27.5 perimeter=52.9 bbox=(1203,483,9,16)
[MASK M2210] area=14.0 perimeter=15.7 bbox=(929,483,6,5)
[MASK M2211] area=20.5 perimeter=19.1 bbox=(889,483,5,8)
[MASK M2212] area=9.5 perimeter=16.2 bbox=(634,483,4,7)
[MASK M2213] area=62.0 perimeter=38.1 bbox=(426,483,8,16)
[MASK M2214] area=1.0 perimeter=4.8 bbox=(1120,482,3,2)
[MASK M2215] area=0.0 perimeter=0.0 bbox=(1275,481,1,1)
[MASK M2216] area=0.0 perimeter=0.0 bbox=(646,481,1,1)
[MASK M2217] area=0.0 perimeter=0.0 bbox=(260,481,1,1)
[MASK M2218] area=0.0 perimeter=2.8 bbox=(124,481,2,2)
[MASK M2219] area=5.5 perimeter=10.2 bbox=(56,481,4,4)
[MASK M2220] area=0.5 perimeter=3.4 bbox=(1218,480,2,2)
[MASK M2221] area=12.5 perimeter=18.2 bbox=(1188,480,5,7)
[MASK M2222] area=0.0 perimeter=0.0 bbox=(1174,480,1,1)
[MASK M2223] area=19.5 perimeter=20.7 bbox=(1128,480,7,8)
[MASK M2224] area=2.0 perimeter=6.0 bbox=(1115,480,2,3)
[MASK M2225] area=91.5 perimeter=47.2 bbox=(506,480,14,15)
[MASK M2226] area=0.0 perimeter=0.0 bbox=(501,480,1,1)
[MASK M2227] area=0.0 perimeter=0.0 bbox=(417,480,1,1)
[MASK M2228] area=0.0 perimeter=0.0 bbox=(258,480,1,1)
[MASK M2229] area=0.0 perimeter=2.0 bbox=(26,480,1,2)
[MASK M2230] area=15.0 perimeter=17.7 bbox=(6,480,4,8)
[MASK M2231] area=0.0 perimeter=0.0 bbox=(857,479,1,1)
[MASK M2232] area=1.0 perimeter=4.0 bbox=(638,479,2,2)
[MASK M2233] area=2.0 perimeter=6.8 bbox=(1202,478,3,3)
[MASK M2234] area=0.0 perimeter=0.0 bbox=(495,478,1,1)
[MASK M2235] area=0.0 perimeter=2.0 bbox=(63,478,1,2)
[MASK M2236] area=0.0 perimeter=2.0 bbox=(1231,477,1,2)
[MASK M2237] area=0.0 perimeter=2.0 bbox=(1195,477,2,1)
[MASK M2238] area=0.0 perimeter=0.0 bbox=(1087,477,1,1)
[MASK M2239] area=0.0 perimeter=2.0 bbox=(1073,477,1,2)
[MASK M2240] area=20.0 perimeter=24.1 bbox=(994,477,7,8)
[MASK M2241] area=0.0 perimeter=0.0 bbox=(557,477,1,1)
[MASK M2242] area=4.0 perimeter=8.0 bbox=(1179,476,3,3)
[MASK M2243] area=0.0 perimeter=0.0 bbox=(888,476,1,1)
[MASK M2244] area=0.0 perimeter=2.0 bbox=(1183,475,1,2)
[MASK M2245] area=0.0 perimeter=0.0 bbox=(1092,475,1,1)
[MASK M2246] area=0.5 perimeter=6.2 bbox=(983,475,3,3)
[MASK M2247] area=34.0 perimeter=31.8 bbox=(648,475,6,13)
[MASK M2248] area=1.0 perimeter=4.0 bbox=(583,475,2,2)
[MASK M2249] area=0.0 perimeter=0.0 bbox=(131,475,1,1)
[MASK M2250] area=40.5 perimeter=38.0 bbox=(48,475,6,16)
[MASK M2251] area=0.0 perimeter=0.0 bbox=(1061,474,1,1)
[MASK M2252] area=0.0 perimeter=2.0 bbox=(869,474,1,2)
[MASK M2253] area=26.0 perimeter=38.1 bbox=(82,474,6,17)
[MASK M2254] area=0.0 perimeter=0.0 bbox=(1185,473,1,1)
[MASK M2255] area=0.5 perimeter=3.4 bbox=(1118,473,2,2)
[MASK M2256] area=10.0 perimeter=12.5 bbox=(716,473,6,4)
[MASK M2257] area=0.0 perimeter=2.0 bbox=(315,473,2,1)
[MASK M2258] area=0.0 perimeter=0.0 bbox=(18,473,1,1)
[MASK M2259] area=0.5 perimeter=3.4 bbox=(1231,472,2,2)
[MASK M2260] area=6.5 perimeter=13.1 bbox=(1006,472,5,5)
[MASK M2261] area=1.0 perimeter=4.8 bbox=(881,472,3,2)
[MASK M2262] area=13.0 perimeter=16.5 bbox=(861,472,7,5)
[MASK M2263] area=9.0 perimeter=11.7 bbox=(503,472,4,5)
[MASK M2264] area=41.5 perimeter=31.6 bbox=(465,472,7,13)
[MASK M2265] area=1.5 perimeter=5.4 bbox=(1192,471,3,2)
[MASK M2266] area=2.0 perimeter=8.8 bbox=(1150,471,2,5)
[MASK M2267] area=18.5 perimeter=19.9 bbox=(1136,471,5,8)
[MASK M2268] area=2.0 perimeter=6.8 bbox=(996,471,4,2)
[MASK M2269] area=0.0 perimeter=0.0 bbox=(219,471,1,1)
[MASK M2270] area=7.0 perimeter=14.8 bbox=(887,470,7,3)
[MASK M2271] area=0.0 perimeter=4.0 bbox=(204,470,1,3)
[MASK M2272] area=0.0 perimeter=0.0 bbox=(25,470,1,1)
[MASK M2273] area=0.0 perimeter=2.0 bbox=(1065,469,2,1)
[MASK M2274] area=0.0 perimeter=0.0 bbox=(739,469,1,1)
[MASK M2275] area=2.5 perimeter=6.2 bbox=(366,469,3,3)
[MASK M2276] area=0.5 perimeter=3.4 bbox=(195,469,2,2)
[MASK M2277] area=1.5 perimeter=6.2 bbox=(445,468,3,3)
[MASK M2278] area=14.5 perimeter=19.9 bbox=(3,468,5,8)
[MASK M2279] area=1.0 perimeter=4.0 bbox=(842,467,2,2)
[MASK M2280] area=80.5 perimeter=47.2 bbox=(612,467,10,18)
[MASK M2281] area=18.0 perimeter=21.3 bbox=(425,467,6,9)
[MASK M2282] area=3.5 perimeter=10.2 bbox=(51,467,3,5)
[MASK M2283] area=2.5 perimeter=7.4 bbox=(1213,466,3,3)
[MASK M2284] area=0.0 perimeter=6.0 bbox=(264,466,1,4)
[MASK M2285] area=22.5 perimeter=24.7 bbox=(1202,465,8,9)
[MASK M2286] area=0.5 perimeter=3.4 bbox=(1190,465,2,2)
[MASK M2287] area=0.0 perimeter=0.0 bbox=(1052,465,1,1)
[MASK M2288] area=4.0 perimeter=11.7 bbox=(420,465,4,5)
[MASK M2289] area=29.0 perimeter=23.3 bbox=(409,465,6,10)
[MASK M2290] area=0.5 perimeter=3.4 bbox=(364,465,2,2)
[MASK M2291] area=0.0 perimeter=0.0 bbox=(41,465,1,1)
[MASK M2292] area=9.0 perimeter=13.7 bbox=(1130,464,6,4)
[MASK M2293] area=76.5 perimeter=40.4 bbox=(272,464,9,16)
[MASK M2294] area=0.0 perimeter=0.0 bbox=(1275,463,1,1)
[MASK M2295] area=5.0 perimeter=14.5 bbox=(1123,463,6,5)
[MASK M2296] area=6.5 perimeter=15.9 bbox=(688,463,6,6)
[MASK M2297] area=3.5 perimeter=8.2 bbox=(648,463,4,3)
[MASK M2298] area=17.5 perimeter=17.1 bbox=(58,463,6,6)
[MASK M2299] area=70.0 perimeter=36.1 bbox=(950,462,10,13)
[MASK M2300] area=0.0 perimeter=2.0 bbox=(852,462,1,2)
[MASK M2301] area=0.0 perimeter=0.0 bbox=(340,462,1,1)
[MASK M2302] area=17.0 perimeter=23.3 bbox=(1139,461,9,7)
[MASK M2303] area=0.0 perimeter=0.0 bbox=(2,461,1,1)
[MASK M2304] area=1.0 perimeter=4.8 bbox=(1070,460,3,2)
[MASK M2305] area=1.5 perimeter=5.4 bbox=(1032,460,2,3)
[MASK M2306] area=0.0 perimeter=0.0 bbox=(492,460,1,1)
[MASK M2307] area=83.5 perimeter=38.4 bbox=(379,460,10,15)
[MASK M2308] area=0.0 perimeter=2.0 bbox=(267,460,1,2)
[MASK M2309] area=11.0 perimeter=15.7 bbox=(1194,459,4,7)
[MASK M2310] area=0.0 perimeter=2.0 bbox=(1158,459,2,1)
[MASK M2311] area=0.0 perimeter=0.0 bbox=(923,459,1,1)
[MASK M2312] area=0.0 perimeter=0.0 bbox=(1019,458,1,1)
[MASK M2313] area=0.5 perimeter=3.4 bbox=(494,458,2,2)
[MASK M2314] area=90.5 perimeter=58.9 bbox=(66,458,10,23)
[MASK M2315] area=9.5 perimeter=16.2 bbox=(27,458,3,8)
[MASK M2316] area=1.0 perimeter=4.8 bbox=(941,457,3,2)
[MASK M2317] area=75.0 perimeter=46.6 bbox=(656,457,11,18)
[MASK M2318] area=93.5 perimeter=47.2 bbox=(591,457,10,17)
[MASK M2319] area=0.0 perimeter=0.0 bbox=(136,457,1,1)
[MASK M2320] area=1.5 perimeter=7.4 bbox=(13,457,2,4)
[MASK M2321] area=0.0 perimeter=0.0 bbox=(2,457,1,1)
[MASK M2322] area=0.0 perimeter=2.0 bbox=(1173,456,1,2)
[MASK M2323] area=0.0 perimeter=0.0 bbox=(1161,456,1,1)
[MASK M2324] area=0.0 perimeter=0.0 bbox=(1222,455,1,1)
[MASK M2325] area=0.0 perimeter=0.0 bbox=(1072,455,1,1)
[MASK M2326] area=0.0 perimeter=2.0 bbox=(1022,455,2,1)
[MASK M2327] area=9.0 perimeter=14.5 bbox=(856,455,5,5)
[MASK M2328] area=17.5 perimeter=17.9 bbox=(1182,454,6,7)
[MASK M2329] area=14.0 perimeter=17.7 bbox=(1133,454,5,7)
[MASK M2330] area=8.5 perimeter=14.2 bbox=(868,454,7,3)
[MASK M2331] area=0.5 perimeter=3.4 bbox=(651,454,2,2)
[MASK M2332] area=35.0 perimeter=31.8 bbox=(561,454,10,11)
[MASK M2333] area=0.0 perimeter=0.0 bbox=(343,454,1,1)
[MASK M2334] area=0.0 perimeter=0.0 bbox=(124,454,1,1)
[MASK M2335] area=0.0 perimeter=0.0 bbox=(1212,453,1,1)
[MASK M2336] area=0.0 perimeter=2.0 bbox=(1037,453,1,2)
[MASK M2337] area=16.5 perimeter=28.7 bbox=(612,453,6,13)
[MASK M2338] area=0.0 perimeter=2.0 bbox=(589,453,1,2)
[MASK M2339] area=37.5 perimeter=25.9 bbox=(74,453,9,8)
[MASK M2340] area=0.0 perimeter=2.0 bbox=(8,453,2,1)
[MASK M2341] area=0.5 perimeter=3.4 bbox=(1196,452,2,2)
[MASK M2342] area=0.0 perimeter=0.0 bbox=(836,452,1,1)
[MASK M2343] area=0.5 perimeter=3.4 bbox=(680,452,2,2)
[MASK M2344] area=0.5 perimeter=5.4 bbox=(646,452,2,3)
[MASK M2345] area=3.5 perimeter=10.2 bbox=(468,452,3,5)
[MASK M2346] area=2.0 perimeter=6.8 bbox=(59,452,4,2)
[MASK M2347] area=2.5 perimeter=7.4 bbox=(1170,451,3,3)
[MASK M2348] area=0.5 perimeter=3.4 bbox=(797,451,2,2)
[MASK M2349] area=0.0 perimeter=0.0 bbox=(663,451,1,1)
[MASK M2350] area=3.0 perimeter=13.7 bbox=(584,451,5,5)
[MASK M2351] area=41.5 perimeter=26.7 bbox=(417,451,7,11)
[MASK M2352] area=0.0 perimeter=0.0 bbox=(407,451,1,1)
[MASK M2353] area=0.0 perimeter=2.0 bbox=(373,451,1,2)
[MASK M2354] area=1.5 perimeter=5.4 bbox=(1204,450,3,2)
[MASK M2355] area=1.0 perimeter=4.0 bbox=(592,450,2,2)
[MASK M2356] area=0.5 perimeter=3.4 bbox=(557,450,2,2)
[MASK M2357] area=31.5 perimeter=41.9 bbox=(1125,449,20,5)
[MASK M2358] area=0.0 perimeter=2.0 bbox=(985,449,2,1)
[MASK M2359] area=1.5 perimeter=6.2 bbox=(53,449,3,3)
[MASK M2360] area=1.0 perimeter=4.8 bbox=(34,449,3,2)
[MASK M2361] area=0.0 perimeter=0.0 bbox=(429,448,1,1)
[MASK M2362] area=4.5 perimeter=11.1 bbox=(379,448,5,4)
[MASK M2363] area=4.5 perimeter=10.2 bbox=(1035,447,5,3)
[MASK M2364] area=5.5 perimeter=11.1 bbox=(1022,447,4,5)
[MASK M2365] area=2.5 perimeter=8.2 bbox=(883,447,4,3)
[MASK M2366] area=18.5 perimeter=19.9 bbox=(851,447,9,5)
[MASK M2367] area=1.5 perimeter=5.4 bbox=(661,447,2,3)
[MASK M2368] area=0.0 perimeter=2.0 bbox=(508,447,2,1)
[MASK M2369] area=0.0 perimeter=0.0 bbox=(26,447,1,1)
[MASK M2370] area=5.0 perimeter=11.7 bbox=(1057,446,6,3)
[MASK M2371] area=0.5 perimeter=3.4 bbox=(955,446,2,2)
[MASK M2372] area=0.0 perimeter=2.0 bbox=(393,446,2,1)
[MASK M2373] area=0.0 perimeter=0.0 bbox=(334,446,1,1)
[MASK M2374] area=0.0 perimeter=2.0 bbox=(123,446,1,2)
[MASK M2375] area=1.0 perimeter=4.8 bbox=(1181,445,3,2)
[MASK M2376] area=0.0 perimeter=0.0 bbox=(1162,445,1,1)
[MASK M2377] area=0.0 perimeter=6.8 bbox=(980,445,2,4)
[MASK M2378] area=1.0 perimeter=4.0 bbox=(729,445,2,2)
[MASK M2379] area=16.5 perimeter=17.1 bbox=(696,445,7,5)
[MASK M2380] area=0.0 perimeter=2.8 bbox=(593,445,2,2)
[MASK M2381] area=0.0 perimeter=2.0 bbox=(1275,444,1,2)
[MASK M2382] area=3.5 perimeter=8.2 bbox=(1174,444,4,3)
[MASK M2383] area=0.0 perimeter=0.0 bbox=(335,444,1,1)
[MASK M2384] area=0.0 perimeter=2.0 bbox=(1225,443,1,2)
[MASK M2385] area=0.0 perimeter=2.0 bbox=(1095,443,2,1)
[MASK M2386] area=30.5 perimeter=24.7 bbox=(18,443,7,10)
[MASK M2387] area=0.0 perimeter=4.0 bbox=(1157,442,1,3)
[MASK M2388] area=0.0 perimeter=0.0 bbox=(124,442,1,1)
[MASK M2389] area=0.0 perimeter=0.0 bbox=(34,442,1,1)
[MASK M2390] area=0.0 perimeter=0.0 bbox=(1196,441,1,1)
[MASK M2391] area=1.0 perimeter=4.0 bbox=(1188,441,2,2)
[MASK M2392] area=1.5 perimeter=6.2 bbox=(1085,441,3,3)
[MASK M2393] area=3.5 perimeter=7.4 bbox=(80,441,3,3)
[MASK M2394] area=0.0 perimeter=2.8 bbox=(612,440,2,2)
[MASK M2395] area=0.0 perimeter=0.0 bbox=(898,439,1,1)
[MASK M2396] area=0.0 perimeter=2.8 bbox=(640,439,2,2)
[MASK M2397] area=0.0 perimeter=2.0 bbox=(7,439,1,2)
[MASK M2398] area=3.5 perimeter=8.2 bbox=(1024,438,3,4)
[MASK M2399] area=1.0 perimeter=4.8 bbox=(1200,437,2,3)
[MASK M2400] area=0.0 perimeter=2.8 bbox=(1195,437,2,2)
[MASK M2401] area=0.0 perimeter=0.0 bbox=(697,437,1,1)
[MASK M2402] area=0.5 perimeter=3.4 bbox=(1181,436,2,2)
[MASK M2403] area=5.0 perimeter=11.7 bbox=(1035,436,3,6)
[MASK M2404] area=2.0 perimeter=6.8 bbox=(341,436,2,4)
[MASK M2405] area=0.0 perimeter=0.0 bbox=(96,436,1,1)
[MASK M2406] area=0.0 perimeter=4.8 bbox=(2,436,3,2)
[MASK M2407] area=0.5 perimeter=3.4 bbox=(1067,435,2,2)
[MASK M2408] area=1.0 perimeter=8.8 bbox=(1021,435,3,4)
[MASK M2409] area=1.5 perimeter=5.4 bbox=(957,435,3,2)
[MASK M2410] area=2.0 perimeter=5.7 bbox=(376,435,3,3)
[MASK M2411] area=0.0 perimeter=2.0 bbox=(1188,434,2,1)
[MASK M2412] area=63.0 perimeter=48.6 bbox=(524,434,9,18)
[MASK M2413] area=0.0 perimeter=2.0 bbox=(307,434,1,2)
[MASK M2414] area=0.0 perimeter=0.0 bbox=(167,434,1,1)
[MASK M2415] area=18.5 perimeter=17.1 bbox=(27,434,5,7)
[MASK M2416] area=0.0 perimeter=2.8 bbox=(1230,433,2,2)
[MASK M2417] area=2.0 perimeter=11.7 bbox=(1165,433,4,4)
[MASK M2418] area=0.0 perimeter=0.0 bbox=(837,432,1,1)
[MASK M2419] area=1.0 perimeter=4.0 bbox=(750,432,2,2)
[MASK M2420] area=35.0 perimeter=36.6 bbox=(413,432,9,10)
[MASK M2421] area=0.0 perimeter=0.0 bbox=(347,432,1,1)
[MASK M2422] area=1.0 perimeter=4.0 bbox=(335,432,2,2)
[MASK M2423] area=1.5 perimeter=5.4 bbox=(319,432,3,2)
[MASK M2424] area=0.0 perimeter=2.0 bbox=(8,432,2,1)
[MASK M2425] area=0.0 perimeter=4.0 bbox=(676,431,1,3)
[MASK M2426] area=0.5 perimeter=3.4 bbox=(54,431,2,2)
[MASK M2427] area=0.0 perimeter=0.0 bbox=(1228,430,1,1)
[MASK M2428] area=0.0 perimeter=0.0 bbox=(879,430,1,1)
[MASK M2429] area=0.0 perimeter=0.0 bbox=(858,430,1,1)
[MASK M2430] area=2.0 perimeter=14.5 bbox=(121,430,5,4)
[MASK M2431] area=8.0 perimeter=11.7 bbox=(1253,429,5,4)
[MASK M2432] area=0.0 perimeter=6.8 bbox=(1044,429,2,4)
[MASK M2433] area=10.5 perimeter=15.1 bbox=(849,429,6,5)
[MASK M2434] area=13.0 perimeter=18.5 bbox=(405,429,8,5)
[MASK M2435] area=0.5 perimeter=3.4 bbox=(345,429,2,2)
[MASK M2436] area=0.0 perimeter=0.0 bbox=(1032,427,1,1)
[MASK M2437] area=188.0 perimeter=139.4 bbox=(476,427,14,52)
[MASK M2438] area=0.5 perimeter=3.4 bbox=(124,427,2,2)
[MASK M2439] area=58.5 perimeter=44.5 bbox=(606,426,14,13)
[MASK M2440] area=1.0 perimeter=6.8 bbox=(333,426,2,4)
[MASK M2441] area=2.0 perimeter=6.8 bbox=(522,425,3,3)
[MASK M2442] area=22.0 perimeter=22.1 bbox=(77,425,6,9)
[MASK M2443] area=8.5 perimeter=12.2 bbox=(29,425,5,4)
[MASK M2444] area=1.5 perimeter=5.4 bbox=(1039,424,2,3)
[MASK M2445] area=0.0 perimeter=2.0 bbox=(1109,423,1,2)
[MASK M2446] area=0.0 perimeter=0.0 bbox=(832,423,1,1)
[MASK M2447] area=0.0 perimeter=0.0 bbox=(646,423,1,1)
[MASK M2448] area=0.0 perimeter=0.0 bbox=(454,423,1,1)
[MASK M2449] area=0.0 perimeter=0.0 bbox=(343,423,1,1)
[MASK M2450] area=1.0 perimeter=4.8 bbox=(1048,422,3,2)
[MASK M2451] area=0.0 perimeter=0.0 bbox=(596,422,1,1)
[MASK M2452] area=0.0 perimeter=2.0 bbox=(10,422,1,2)
[MASK M2453] area=4.0 perimeter=9.7 bbox=(1208,421,4,4)
[MASK M2454] area=3.0 perimeter=7.7 bbox=(1194,421,3,4)
[MASK M2455] area=0.0 perimeter=0.0 bbox=(447,421,1,1)
[MASK M2456] area=0.0 perimeter=4.0 bbox=(419,421,1,3)
[MASK M2457] area=18.5 perimeter=25.9 bbox=(370,421,4,11)
[MASK M2458] area=5.0 perimeter=13.7 bbox=(922,420,6,4)
[MASK M2459] area=0.0 perimeter=2.8 bbox=(5,420,2,2)
[MASK M2460] area=0.0 perimeter=0.0 bbox=(854,419,1,1)
[MASK M2461] area=1.0 perimeter=4.8 bbox=(647,419,3,2)
[MASK M2462] area=0.0 perimeter=0.0 bbox=(397,419,1,1)
[MASK M2463] area=2.0 perimeter=6.8 bbox=(376,419,3,3)
[MASK M2464] area=0.0 perimeter=2.0 bbox=(110,419,1,2)
[MASK M2465] area=0.0 perimeter=0.0 bbox=(59,419,1,1)
[MASK M2466] area=0.5 perimeter=3.4 bbox=(1153,418,2,2)
[MASK M2467] area=22.0 perimeter=21.3 bbox=(198,418,7,7)
[MASK M2468] area=3.5 perimeter=10.2 bbox=(129,418,3,5)
[MASK M2469] area=0.0 perimeter=2.0 bbox=(48,418,2,1)
[MASK M2470] area=0.0 perimeter=2.8 bbox=(621,417,2,2)
[MASK M2471] area=0.0 perimeter=0.0 bbox=(602,417,1,1)
[MASK M2472] area=0.0 perimeter=0.0 bbox=(1177,416,1,1)
[MASK M2473] area=2.5 perimeter=7.4 bbox=(1125,416,2,4)
[MASK M2474] area=0.5 perimeter=3.4 bbox=(921,416,2,2)
[MASK M2475] area=0.0 perimeter=2.0 bbox=(1013,415,1,2)
[MASK M2476] area=0.0 perimeter=0.0 bbox=(871,415,1,1)
[MASK M2477] area=12.0 perimeter=16.5 bbox=(848,415,7,5)
[MASK M2478] area=0.0 perimeter=0.0 bbox=(60,415,1,1)
[MASK M2479] area=0.0 perimeter=0.0 bbox=(51,415,1,1)
[MASK M2480] area=0.0 perimeter=2.0 bbox=(1230,414,1,2)
[MASK M2481] area=0.0 perimeter=0.0 bbox=(1083,414,1,1)
[MASK M2482] area=166.5 perimeter=82.2 bbox=(652,414,11,35)
[MASK M2483] area=11.0 perimeter=16.5 bbox=(406,413,6,6)
[MASK M2484] area=0.5 perimeter=3.4 bbox=(953,412,2,2)
[MASK M2485] area=0.0 perimeter=0.0 bbox=(865,412,1,1)
[MASK M2486] area=1.0 perimeter=4.8 bbox=(339,412,2,3)
[MASK M2487] area=7.0 perimeter=16.5 bbox=(3,412,7,4)
[MASK M2488] area=0.0 perimeter=0.0 bbox=(183,411,1,1)
[MASK M2489] area=2.0 perimeter=6.8 bbox=(1041,410,4,2)
[MASK M2490] area=0.0 perimeter=2.0 bbox=(864,410,2,1)
[MASK M2491] area=1.5 perimeter=5.4 bbox=(857,410,2,3)
[MASK M2492] area=16.0 perimeter=18.5 bbox=(39,410,7,6)
[MASK M2493] area=9.0 perimeter=13.7 bbox=(392,409,4,5)
[MASK M2494] area=0.0 perimeter=0.0 bbox=(266,409,1,1)
[MASK M2495] area=0.0 perimeter=0.0 bbox=(44,409,1,1)
[MASK M2496] area=1.5 perimeter=5.4 bbox=(6,409,3,2)
[MASK M2497] area=0.5 perimeter=3.4 bbox=(860,408,2,2)
[MASK M2498] area=2.5 perimeter=7.4 bbox=(852,408,2,4)
[MASK M2499] area=0.0 perimeter=0.0 bbox=(338,408,1,1)
[MASK M2500] area=1.5 perimeter=13.1 bbox=(1202,407,4,6)
[MASK M2501] area=0.0 perimeter=0.0 bbox=(561,406,1,1)
[MASK M2502] area=0.0 perimeter=2.0 bbox=(427,406,1,2)
[MASK M2503] area=0.0 perimeter=4.0 bbox=(365,406,1,3)
[MASK M2504] area=1.0 perimeter=4.8 bbox=(1068,404,3,2)
[MASK M2505] area=1.0 perimeter=4.0 bbox=(1038,404,2,2)
[MASK M2506] area=24.0 perimeter=23.0 bbox=(616,404,8,9)
[MASK M2507] area=0.0 perimeter=4.0 bbox=(230,404,1,3)
[MASK M2508] area=0.0 perimeter=0.0 bbox=(1226,403,1,1)
[MASK M2509] area=0.0 perimeter=0.0 bbox=(868,403,1,1)
[MASK M2510] area=0.0 perimeter=4.0 bbox=(407,403,3,1)
[MASK M2511] area=9.5 perimeter=16.2 bbox=(372,403,3,8)
[MASK M2512] area=143.5 perimeter=68.0 bbox=(353,403,9,28)
[MASK M2513] area=0.5 perimeter=3.4 bbox=(6,403,2,2)
[MASK M2514] area=21.5 perimeter=21.9 bbox=(657,402,5,10)
[MASK M2515] area=0.0 perimeter=0.0 bbox=(862,401,1,1)
[MASK M2516] area=0.0 perimeter=0.0 bbox=(351,401,1,1)
[MASK M2517] area=1.5 perimeter=5.4 bbox=(978,400,2,3)
[MASK M2518] area=0.5 perimeter=3.4 bbox=(943,400,2,2)
[MASK M2519] area=16.5 perimeter=19.1 bbox=(564,400,5,8)
[MASK M2520] area=0.0 perimeter=0.0 bbox=(1224,399,1,1)
[MASK M2521] area=2.0 perimeter=11.7 bbox=(983,399,3,5)
[MASK M2522] area=0.5 perimeter=7.4 bbox=(666,399,2,4)
[MASK M2523] area=1.5 perimeter=5.4 bbox=(0,399,2,3)
[MASK M2524] area=0.5 perimeter=3.4 bbox=(1238,398,2,2)
[MASK M2525] area=0.0 perimeter=0.0 bbox=(1142,398,1,1)
[MASK M2526] area=0.0 perimeter=0.0 bbox=(1223,397,1,1)
[MASK M2527] area=1.0 perimeter=4.0 bbox=(1203,397,2,2)
[MASK M2528] area=0.0 perimeter=0.0 bbox=(996,397,1,1)
[MASK M2529] area=64.5 perimeter=37.2 bbox=(382,397,11,14)
[MASK M2530] area=0.0 perimeter=2.0 bbox=(1197,396,2,1)
[MASK M2531] area=3.5 perimeter=7.4 bbox=(1190,396,3,3)
[MASK M2532] area=3.5 perimeter=7.4 bbox=(1125,396,3,3)
[MASK M2533] area=0.5 perimeter=3.4 bbox=(717,396,2,2)
[MASK M2534] area=0.0 perimeter=2.0 bbox=(195,396,1,2)
[MASK M2535] area=3.0 perimeter=8.8 bbox=(157,396,3,4)
[MASK M2536] area=0.5 perimeter=3.4 bbox=(1209,394,2,2)
[MASK M2537] area=1.0 perimeter=4.8 bbox=(571,394,2,3)
[MASK M2538] area=0.0 perimeter=0.0 bbox=(376,394,1,1)
[MASK M2539] area=2.0 perimeter=6.8 bbox=(371,394,2,4)
[MASK M2540] area=0.0 perimeter=0.0 bbox=(349,394,1,1)
[MASK M2541] area=0.5 perimeter=3.4 bbox=(1274,393,2,2)
[MASK M2542] area=2.5 perimeter=6.2 bbox=(1153,393,3,3)
[MASK M2543] area=3.5 perimeter=8.2 bbox=(724,393,3,4)
[MASK M2544] area=1.0 perimeter=4.8 bbox=(353,393,2,3)
[MASK M2545] area=7.5 perimeter=13.1 bbox=(1034,392,5,5)
[MASK M2546] area=0.0 perimeter=4.0 bbox=(1225,391,1,3)
[MASK M2547] area=0.5 perimeter=5.4 bbox=(1112,391,3,2)
[MASK M2548] area=22.0 perimeter=28.1 bbox=(998,391,6,12)
[MASK M2549] area=0.0 perimeter=0.0 bbox=(14,391,1,1)
[MASK M2550] area=0.0 perimeter=0.0 bbox=(1029,390,1,1)
[MASK M2551] area=0.5 perimeter=3.4 bbox=(623,390,2,2)
[MASK M2552] area=19.5 perimeter=19.9 bbox=(605,390,7,7)
[MASK M2553] area=3.0 perimeter=9.7 bbox=(356,390,3,5)
[MASK M2554] area=0.0 perimeter=0.0 bbox=(1275,389,1,1)
[MASK M2555] area=0.0 perimeter=0.0 bbox=(1227,389,1,1)
[MASK M2556] area=0.0 perimeter=2.0 bbox=(1000,389,2,1)
[MASK M2557] area=0.0 perimeter=2.0 bbox=(427,389,1,2)
[MASK M2558] area=37.0 perimeter=31.0 bbox=(16,389,8,13)
[MASK M2559] area=0.0 perimeter=2.8 bbox=(927,388,2,2)
[MASK M2560] area=0.0 perimeter=0.0 bbox=(1243,387,1,1)
[MASK M2561] area=0.0 perimeter=2.0 bbox=(915,387,2,1)
[MASK M2562] area=0.0 perimeter=2.8 bbox=(27,387,2,2)
[MASK M2563] area=7.0 perimeter=13.7 bbox=(3,387,3,7)
[MASK M2564] area=0.5 perimeter=3.4 bbox=(1204,386,2,2)
[MASK M2565] area=0.0 perimeter=4.0 bbox=(663,384,1,3)
[MASK M2566] area=67.0 perimeter=36.6 bbox=(640,384,11,14)
[MASK M2567] area=0.0 perimeter=0.0 bbox=(610,384,1,1)
[MASK M2568] area=0.0 perimeter=0.0 bbox=(457,384,1,1)
[MASK M2569] area=169.5 perimeter=74.5 bbox=(440,383,12,30)
[MASK M2570] area=0.5 perimeter=3.4 bbox=(395,383,2,2)
[MASK M2571] area=6.5 perimeter=15.4 bbox=(375,383,2,8)
[MASK M2572] area=1.0 perimeter=4.8 bbox=(1227,382,3,2)
[MASK M2573] area=0.0 perimeter=2.0 bbox=(752,382,1,2)
[MASK M2574] area=8.5 perimeter=15.9 bbox=(336,382,4,6)
[MASK M2575] area=3.5 perimeter=10.2 bbox=(314,382,3,4)
[MASK M2576] area=0.0 perimeter=2.0 bbox=(610,381,1,2)
[MASK M2577] area=0.0 perimeter=0.0 bbox=(1016,379,1,1)
[MASK M2578] area=0.0 perimeter=0.0 bbox=(833,379,1,1)
[MASK M2579] area=0.0 perimeter=0.0 bbox=(1275,378,1,1)
[MASK M2580] area=1.5 perimeter=5.4 bbox=(601,378,2,3)
[MASK M2581] area=0.0 perimeter=2.0 bbox=(1159,377,2,1)
[MASK M2582] area=0.0 perimeter=0.0 bbox=(892,377,1,1)
[MASK M2583] area=0.0 perimeter=0.0 bbox=(824,377,1,1)
[MASK M2584] area=0.5 perimeter=3.4 bbox=(610,377,2,2)
[MASK M2585] area=12.0 perimeter=14.5 bbox=(1179,376,5,6)
[MASK M2586] area=5.5 perimeter=14.2 bbox=(0,376,3,7)
[MASK M2587] area=1.0 perimeter=4.0 bbox=(1255,375,2,2)
[MASK M2588] area=0.0 perimeter=0.0 bbox=(1112,375,1,1)
[MASK M2589] area=0.0 perimeter=2.0 bbox=(887,375,1,2)
[MASK M2590] area=0.5 perimeter=3.4 bbox=(882,375,2,2)
[MASK M2591] area=1.0 perimeter=6.8 bbox=(850,375,2,4)
[MASK M2592] area=0.0 perimeter=0.0 bbox=(758,375,1,1)
[MASK M2593] area=1.5 perimeter=5.4 bbox=(301,375,2,3)
[MASK M2594] area=2.0 perimeter=6.0 bbox=(57,375,2,3)
[MASK M2595] area=11.0 perimeter=26.1 bbox=(11,375,6,11)
[MASK M2596] area=7.5 perimeter=17.1 bbox=(1221,374,5,7)
[MASK M2597] area=1.0 perimeter=4.8 bbox=(1165,374,3,2)
[MASK M2598] area=6.0 perimeter=11.7 bbox=(616,374,3,5)
[MASK M2599] area=0.5 perimeter=8.2 bbox=(1009,373,4,2)
[MASK M2600] area=0.0 perimeter=0.0 bbox=(1225,372,1,1)
[MASK M2601] area=2.5 perimeter=6.2 bbox=(1169,372,3,3)
[MASK M2602] area=0.0 perimeter=2.0 bbox=(1148,372,2,1)
[MASK M2603] area=0.0 perimeter=0.0 bbox=(1139,372,1,1)
[MASK M2604] area=0.0 perimeter=0.0 bbox=(832,372,1,1)
[MASK M2605] area=5.0 perimeter=8.8 bbox=(662,371,3,4)
[MASK M2606] area=1.0 perimeter=4.8 bbox=(657,371,2,3)
[MASK M2607] area=0.0 perimeter=0.0 bbox=(312,371,1,1)
[MASK M2608] area=0.0 perimeter=0.0 bbox=(1239,370,1,1)
[MASK M2609] area=17.5 perimeter=23.9 bbox=(1199,370,10,6)
[MASK M2610] area=0.0 perimeter=0.0 bbox=(1172,370,1,1)
[MASK M2611] area=0.0 perimeter=2.0 bbox=(1110,370,2,1)
[MASK M2612] area=0.0 perimeter=0.0 bbox=(1173,368,1,1)
[MASK M2613] area=0.0 perimeter=0.0 bbox=(845,368,1,1)
[MASK M2614] area=0.0 perimeter=0.0 bbox=(681,368,1,1)
[MASK M2615] area=0.0 perimeter=0.0 bbox=(117,368,1,1)
[MASK M2616] area=0.0 perimeter=2.0 bbox=(1225,367,1,2)
[MASK M2617] area=0.5 perimeter=5.4 bbox=(1116,367,2,3)
[MASK M2618] area=47.5 perimeter=42.0 bbox=(10,367,17,11)
[MASK M2619] area=0.0 perimeter=0.0 bbox=(1067,366,1,1)
[MASK M2620] area=5.0 perimeter=18.5 bbox=(354,366,4,9)
[MASK M2621] area=0.0 perimeter=0.0 bbox=(73,366,1,1)
[MASK M2622] area=12.5 perimeter=15.9 bbox=(1186,365,7,4)
[MASK M2623] area=0.5 perimeter=3.4 bbox=(435,365,2,2)
[MASK M2624] area=3.0 perimeter=6.8 bbox=(311,364,3,3)
[MASK M2625] area=0.0 perimeter=2.0 bbox=(1068,363,1,2)
[MASK M2626] area=0.0 perimeter=2.0 bbox=(873,363,2,1)
[MASK M2627] area=0.0 perimeter=0.0 bbox=(381,363,1,1)
[MASK M2628] area=53.5 perimeter=39.2 bbox=(609,362,11,14)
[MASK M2629] area=5.0 perimeter=8.8 bbox=(0,362,4,3)
[MASK M2630] area=1.5 perimeter=5.4 bbox=(851,360,3,2)
[MASK M2631] area=0.5 perimeter=3.4 bbox=(845,360,2,2)
[MASK M2632] area=15.5 perimeter=19.9 bbox=(603,360,6,8)
[MASK M2633] area=0.0 perimeter=0.0 bbox=(1164,359,1,1)
[MASK M2634] area=0.0 perimeter=0.0 bbox=(836,359,1,1)
[MASK M2635] area=1.0 perimeter=4.0 bbox=(612,359,2,2)
[MASK M2636] area=3.5 perimeter=8.2 bbox=(1259,358,3,4)
[MASK M2637] area=1.5 perimeter=5.4 bbox=(1146,358,3,2)
[MASK M2638] area=0.0 perimeter=0.0 bbox=(975,358,1,1)
[MASK M2639] area=0.0 perimeter=2.0 bbox=(784,358,2,1)
[MASK M2640] area=5.0 perimeter=9.7 bbox=(520,358,4,4)
[MASK M2641] area=1.5 perimeter=5.4 bbox=(1205,357,2,3)
[MASK M2642] area=1.0 perimeter=6.8 bbox=(633,357,4,2)
[MASK M2643] area=13.5 perimeter=19.1 bbox=(340,357,5,8)
[MASK M2644] area=1.5 perimeter=5.4 bbox=(1274,356,2,3)
[MASK M2645] area=0.0 perimeter=0.0 bbox=(1132,355,1,1)
[MASK M2646] area=1.5 perimeter=7.4 bbox=(1086,355,4,2)
[MASK M2647] area=0.0 perimeter=0.0 bbox=(1106,354,1,1)
[MASK M2648] area=0.0 perimeter=0.0 bbox=(1098,354,1,1)
[MASK M2649] area=158.0 perimeter=81.8 bbox=(364,354,8,36)
[MASK M2650] area=14.0 perimeter=22.1 bbox=(10,354,5,9)
[MASK M2651] area=0.5 perimeter=5.4 bbox=(1151,353,2,3)
[MASK M2652] area=0.0 perimeter=0.0 bbox=(55,353,1,1)
[MASK M2653] area=5.5 perimeter=11.1 bbox=(634,352,5,4)
[MASK M2654] area=45.0 perimeter=35.0 bbox=(413,352,7,14)
[MASK M2655] area=1.5 perimeter=5.4 bbox=(1118,351,3,2)
[MASK M2656] area=3.0 perimeter=10.8 bbox=(338,351,2,6)
[MASK M2657] area=0.5 perimeter=3.4 bbox=(307,351,2,2)
[MASK M2658] area=0.0 perimeter=0.0 bbox=(52,351,1,1)
[MASK M2659] area=2.5 perimeter=7.4 bbox=(0,351,2,4)
[MASK M2660] area=6.5 perimeter=13.1 bbox=(1221,350,4,6)
[MASK M2661] area=0.0 perimeter=0.0 bbox=(186,349,1,1)
[MASK M2662] area=3.5 perimeter=8.2 bbox=(182,349,4,3)
[MASK M2663] area=2.5 perimeter=11.1 bbox=(1245,348,4,5)
[MASK M2664] area=0.0 perimeter=0.0 bbox=(916,348,1,1)
[MASK M2665] area=0.0 perimeter=0.0 bbox=(1027,347,1,1)
[MASK M2666] area=0.0 perimeter=2.0 bbox=(678,347,1,2)
[MASK M2667] area=4.0 perimeter=10.0 bbox=(332,347,2,5)
[MASK M2668] area=8.0 perimeter=11.7 bbox=(11,347,5,4)
[MASK M2669] area=1.5 perimeter=5.4 bbox=(882,346,3,2)
[MASK M2670] area=0.0 perimeter=2.0 bbox=(1204,345,1,2)
[MASK M2671] area=40.0 perimeter=29.3 bbox=(351,345,6,11)
[MASK M2672] area=1.0 perimeter=4.0 bbox=(1267,344,2,2)
[MASK M2673] area=2.5 perimeter=8.2 bbox=(1100,344,4,3)
[MASK M2674] area=1.0 perimeter=4.8 bbox=(760,344,2,3)
[MASK M2675] area=0.0 perimeter=0.0 bbox=(458,344,1,1)
[MASK M2676] area=0.0 perimeter=0.0 bbox=(331,344,1,1)
[MASK M2677] area=0.0 perimeter=2.0 bbox=(1239,343,1,2)
[MASK M2678] area=0.0 perimeter=4.0 bbox=(1108,343,3,1)
[MASK M2679] area=0.0 perimeter=0.0 bbox=(1002,342,1,1)
[MASK M2680] area=0.0 perimeter=0.0 bbox=(460,342,1,1)
[MASK M2681] area=0.0 perimeter=0.0 bbox=(458,342,1,1)
[MASK M2682] area=0.0 perimeter=2.0 bbox=(1147,341,2,1)
[MASK M2683] area=12.5 perimeter=22.7 bbox=(935,341,9,6)
[MASK M2684] area=8.5 perimeter=16.2 bbox=(369,341,3,8)
[MASK M2685] area=4.0 perimeter=8.8 bbox=(344,341,3,4)
[MASK M2686] area=2.0 perimeter=11.7 bbox=(1251,340,3,5)
[MASK M2687] area=0.0 perimeter=2.0 bbox=(628,340,2,1)
[MASK M2688] area=1.5 perimeter=5.4 bbox=(326,340,2,3)
[MASK M2689] area=0.0 perimeter=0.0 bbox=(964,339,1,1)
[MASK M2690] area=0.0 perimeter=0.0 bbox=(345,339,1,1)
[MASK M2691] area=1.5 perimeter=5.4 bbox=(1052,338,3,2)
[MASK M2692] area=13.0 perimeter=31.0 bbox=(1184,337,8,11)
[MASK M2693] area=3.0 perimeter=8.8 bbox=(1266,336,2,5)
[MASK M2694] area=14.0 perimeter=19.3 bbox=(558,336,5,9)
[MASK M2695] area=0.0 perimeter=0.0 bbox=(1274,335,1,1)
[MASK M2696] area=0.0 perimeter=0.0 bbox=(1050,335,1,1)
[MASK M2697] area=0.5 perimeter=10.2 bbox=(1251,334,3,5)
[MASK M2698] area=0.0 perimeter=0.0 bbox=(330,334,1,1)
[MASK M2699] area=0.5 perimeter=3.4 bbox=(231,334,2,2)
[MASK M2700] area=1.5 perimeter=5.4 bbox=(1170,332,2,3)
[MASK M2701] area=6.0 perimeter=9.7 bbox=(345,332,4,4)
[MASK M2702] area=0.0 perimeter=0.0 bbox=(1109,330,1,1)
[MASK M2703] area=0.0 perimeter=2.0 bbox=(1043,330,2,1)
[MASK M2704] area=16.0 perimeter=29.7 bbox=(357,330,3,15)
[MASK M2705] area=2.0 perimeter=6.8 bbox=(1267,329,2,4)
[MASK M2706] area=3.0 perimeter=6.8 bbox=(1245,329,3,3)
[MASK M2707] area=0.0 perimeter=0.0 bbox=(1189,329,1,1)
[MASK M2708] area=133.5 perimeter=69.4 bbox=(651,328,10,28)
[MASK M2709] area=0.0 perimeter=0.0 bbox=(385,328,1,1)
[MASK M2710] area=6.5 perimeter=19.1 bbox=(369,328,4,8)
[MASK M2711] area=0.0 perimeter=2.0 bbox=(473,327,2,1)
[MASK M2712] area=1.5 perimeter=5.4 bbox=(48,326,2,3)
[MASK M2713] area=6.5 perimeter=13.1 bbox=(1148,325,4,6)
[MASK M2714] area=0.0 perimeter=4.8 bbox=(651,325,2,3)
[MASK M2715] area=0.0 perimeter=0.0 bbox=(1272,324,1,1)
[MASK M2716] area=0.0 perimeter=2.0 bbox=(385,324,2,1)
[MASK M2717] area=2.5 perimeter=7.4 bbox=(346,324,2,4)
[MASK M2718] area=0.0 perimeter=0.0 bbox=(1204,323,1,1)
[MASK M2719] area=1.5 perimeter=5.4 bbox=(1062,323,2,3)
[MASK M2720] area=0.0 perimeter=0.0 bbox=(973,323,1,1)
[MASK M2721] area=0.5 perimeter=3.4 bbox=(306,323,2,2)
[MASK M2722] area=0.0 perimeter=0.0 bbox=(18,323,1,1)
[MASK M2723] area=0.0 perimeter=0.0 bbox=(1215,321,1,1)
[MASK M2724] area=0.0 perimeter=0.0 bbox=(1170,321,1,1)
[MASK M2725] area=0.0 perimeter=2.0 bbox=(1069,321,2,1)
[MASK M2726] area=0.0 perimeter=0.0 bbox=(974,321,1,1)
[MASK M2727] area=23.0 perimeter=32.1 bbox=(1221,320,5,15)
[MASK M2728] area=1.5 perimeter=5.4 bbox=(692,320,2,3)
[MASK M2729] area=16.5 perimeter=19.1 bbox=(595,319,6,7)
[MASK M2730] area=30.5 perimeter=36.4 bbox=(327,319,7,13)
[MASK M2731] area=0.0 perimeter=2.0 bbox=(873,318,2,1)
[MASK M2732] area=4.0 perimeter=11.7 bbox=(344,318,3,5)
[MASK M2733] area=0.5 perimeter=3.4 bbox=(50,318,2,2)
[MASK M2734] area=5.5 perimeter=13.1 bbox=(1246,317,5,5)
[MASK M2735] area=2.0 perimeter=6.8 bbox=(1187,317,3,3)
[MASK M2736] area=1.5 perimeter=8.2 bbox=(834,317,3,4)
[MASK M2737] area=6.5 perimeter=14.2 bbox=(384,317,4,6)
[MASK M2738] area=0.0 perimeter=2.0 bbox=(376,317,1,2)
[MASK M2739] area=6.0 perimeter=12.5 bbox=(335,317,5,4)
[MASK M2740] area=19.0 perimeter=19.3 bbox=(1146,316,6,7)
[MASK M2741] area=0.0 perimeter=0.0 bbox=(884,316,1,1)
[MASK M2742] area=0.0 perimeter=2.0 bbox=(722,316,1,2)
[MASK M2743] area=16.5 perimeter=19.9 bbox=(404,316,7,7)
[MASK M2744] area=7.0 perimeter=21.7 bbox=(1274,315,2,10)
[MASK M2745] area=0.0 perimeter=2.0 bbox=(942,314,2,1)
[MASK M2746] area=0.5 perimeter=3.4 bbox=(716,313,2,2)
[MASK M2747] area=21.0 perimeter=21.7 bbox=(472,313,9,5)
[MASK M2748] area=0.5 perimeter=3.4 bbox=(388,313,2,2)
[MASK M2749] area=2.0 perimeter=6.0 bbox=(313,312,2,3)
[MASK M2750] area=2.5 perimeter=6.2 bbox=(1202,311,3,3)
[MASK M2751] area=0.0 perimeter=0.0 bbox=(481,311,1,1)
[MASK M2752] area=0.5 perimeter=3.4 bbox=(330,311,2,2)
[MASK M2753] area=2.5 perimeter=13.4 bbox=(1260,310,2,7)
[MASK M2754] area=1.5 perimeter=10.2 bbox=(935,310,4,4)
[MASK M2755] area=0.0 perimeter=0.0 bbox=(309,310,1,1)
[MASK M2756] area=2.5 perimeter=7.4 bbox=(1187,309,2,4)
[MASK M2757] area=0.0 perimeter=0.0 bbox=(69,309,1,1)
[MASK M2758] area=0.0 perimeter=2.0 bbox=(748,307,1,2)
[MASK M2759] area=6.5 perimeter=10.2 bbox=(1167,305,5,3)
[MASK M2760] area=1.0 perimeter=6.8 bbox=(938,305,4,2)
[MASK M2761] area=0.0 perimeter=0.0 bbox=(606,305,1,1)
[MASK M2762] area=3.0 perimeter=8.8 bbox=(376,305,2,5)
[MASK M2763] area=0.0 perimeter=2.0 bbox=(317,305,1,2)
[MASK M2764] area=50.0 perimeter=31.0 bbox=(654,304,11,10)
[MASK M2765] area=0.0 perimeter=2.8 bbox=(1068,303,2,2)
[MASK M2766] area=0.0 perimeter=0.0 bbox=(950,303,1,1)
[MASK M2767] area=121.5 perimeter=62.9 bbox=(360,303,15,21)
[MASK M2768] area=0.0 perimeter=0.0 bbox=(1260,302,1,1)
[MASK M2769] area=6.0 perimeter=9.7 bbox=(654,302,4,4)
[MASK M2770] area=15.0 perimeter=20.8 bbox=(1222,301,3,10)
[MASK M2771] area=5.0 perimeter=14.8 bbox=(341,300,3,7)
[MASK M2772] area=2.5 perimeter=7.4 bbox=(910,299,3,3)
[MASK M2773] area=0.0 perimeter=0.0 bbox=(1203,298,1,1)
[MASK M2774] area=16.5 perimeter=30.7 bbox=(1149,298,7,11)
[MASK M2775] area=30.0 perimeter=24.1 bbox=(619,298,8,9)
[MASK M2776] area=1.0 perimeter=10.8 bbox=(1187,296,2,6)
[MASK M2777] area=0.5 perimeter=3.4 bbox=(1224,295,2,2)
[MASK M2778] area=0.0 perimeter=2.0 bbox=(414,295,1,2)
[MASK M2779] area=0.0 perimeter=0.0 bbox=(305,295,1,1)
[MASK M2780] area=0.0 perimeter=6.8 bbox=(50,294,2,4)
[MASK M2781] area=3.0 perimeter=8.8 bbox=(356,293,4,3)
[MASK M2782] area=2.0 perimeter=6.8 bbox=(643,292,3,3)
[MASK M2783] area=0.0 perimeter=2.0 bbox=(851,291,1,2)
[MASK M2784] area=0.0 perimeter=0.0 bbox=(708,291,1,1)
[MASK M2785] area=21.0 perimeter=22.5 bbox=(452,288,6,9)
[MASK M2786] area=2.0 perimeter=6.8 bbox=(362,288,3,3)
[MASK M2787] area=6.0 perimeter=9.7 bbox=(646,287,4,4)
[MASK M2788] area=3.0 perimeter=8.8 bbox=(1201,285,3,4)
[MASK M2789] area=0.0 perimeter=0.0 bbox=(1166,285,1,1)
[MASK M2790] area=0.0 perimeter=0.0 bbox=(727,285,1,1)
[MASK M2791] area=1.5 perimeter=5.4 bbox=(332,285,2,3)
[MASK M2792] area=0.5 perimeter=3.4 bbox=(387,284,2,2)
[MASK M2793] area=15.0 perimeter=33.7 bbox=(339,284,4,15)
[MASK M2794] area=0.0 perimeter=0.0 bbox=(61,284,1,1)
[MASK M2795] area=6.0 perimeter=10.8 bbox=(1186,283,3,5)
[MASK M2796] area=0.0 perimeter=0.0 bbox=(307,283,1,1)
[MASK M2797] area=11.5 perimeter=16.2 bbox=(1149,282,3,8)
[MASK M2798] area=16.5 perimeter=21.9 bbox=(1221,281,4,10)
[MASK M2799] area=0.0 perimeter=2.0 bbox=(937,281,2,1)
[MASK M2800] area=45.5 perimeter=29.6 bbox=(427,280,8,12)
[MASK M2801] area=18.0 perimeter=26.5 bbox=(1260,278,6,11)
[MASK M2802] area=2.5 perimeter=8.2 bbox=(858,277,4,3)
[MASK M2803] area=0.0 perimeter=0.0 bbox=(821,277,1,1)
[MASK M2804] area=0.0 perimeter=0.0 bbox=(698,277,1,1)
[MASK M2805] area=1.5 perimeter=6.2 bbox=(662,275,3,3)
[MASK M2806] area=0.0 perimeter=0.0 bbox=(455,275,1,1)
[MASK M2807] area=0.5 perimeter=8.2 bbox=(1149,274,3,4)
[MASK M2808] area=61.0 perimeter=44.6 bbox=(670,273,10,16)
[MASK M2809] area=0.0 perimeter=2.0 bbox=(330,273,1,2)
[MASK M2810] area=4.0 perimeter=11.7 bbox=(432,271,6,3)
[MASK M2811] area=10.5 perimeter=13.1 bbox=(411,271,5,5)
[MASK M2812] area=37.5 perimeter=30.4 bbox=(356,271,7,12)
[MASK M2813] area=0.0 perimeter=0.0 bbox=(1149,270,1,1)
[MASK M2814] area=6.0 perimeter=11.7 bbox=(1121,270,5,4)
[MASK M2815] area=0.0 perimeter=2.0 bbox=(1089,270,2,1)
[MASK M2816] area=3.0 perimeter=7.7 bbox=(932,270,3,4)
[MASK M2817] area=4.5 perimeter=8.2 bbox=(339,270,3,4)
[MASK M2818] area=0.0 perimeter=0.0 bbox=(306,270,1,1)
[MASK M2819] area=0.0 perimeter=2.0 bbox=(668,267,2,1)
[MASK M2820] area=0.0 perimeter=0.0 bbox=(328,266,1,1)
[MASK M2821] area=1.5 perimeter=10.2 bbox=(370,265,3,5)
[MASK M2822] area=0.0 perimeter=2.0 bbox=(1150,264,1,2)
[MASK M2823] area=0.0 perimeter=0.0 bbox=(386,264,1,1)
[MASK M2824] area=0.5 perimeter=3.4 bbox=(338,264,2,2)
[MASK M2825] area=19.0 perimeter=31.0 bbox=(1261,263,6,11)
[MASK M2826] area=0.0 perimeter=0.0 bbox=(935,262,1,1)
[MASK M2827] area=0.0 perimeter=4.8 bbox=(425,262,3,2)
[MASK M2828] area=0.0 perimeter=0.0 bbox=(327,261,1,1)
[MASK M2829] area=1.5 perimeter=7.4 bbox=(310,260,2,4)
[MASK M2830] area=1.5 perimeter=5.4 bbox=(306,260,2,3)
[MASK M2831] area=2.5 perimeter=6.2 bbox=(329,259,3,3)
[MASK M2832] area=0.0 perimeter=0.0 bbox=(1210,258,1,1)
[MASK M2833] area=0.0 perimeter=0.0 bbox=(614,258,1,1)
[MASK M2834] area=0.0 perimeter=2.0 bbox=(323,258,1,2)
[MASK M2835] area=0.0 perimeter=0.0 bbox=(65,258,1,1)
[MASK M2836] area=0.0 perimeter=0.0 bbox=(322,256,1,1)
[MASK M2837] area=5.0 perimeter=9.7 bbox=(670,255,5,3)
[MASK M2838] area=16.0 perimeter=19.3 bbox=(426,255,7,7)
[MASK M2839] area=4.0 perimeter=9.7 bbox=(1264,254,3,5)
[MASK M2840] area=1.0 perimeter=4.8 bbox=(683,254,2,3)
[MASK M2841] area=0.5 perimeter=5.4 bbox=(391,254,2,3)
[MASK M2842] area=12.5 perimeter=17.9 bbox=(337,253,5,8)
[MASK M2843] area=3.5 perimeter=12.2 bbox=(326,253,3,6)
[MASK M2844] area=2.0 perimeter=6.8 bbox=(309,253,3,3)
[MASK M2845] area=0.0 perimeter=0.0 bbox=(792,252,1,1)
[MASK M2846] area=0.0 perimeter=0.0 bbox=(421,251,1,1)
[MASK M2847] area=0.0 perimeter=0.0 bbox=(325,251,1,1)
[MASK M2848] area=27.0 perimeter=22.5 bbox=(648,250,7,8)
[MASK M2849] area=0.0 perimeter=0.0 bbox=(464,250,1,1)
[MASK M2850] area=0.0 perimeter=2.0 bbox=(1150,249,2,1)
[MASK M2851] area=0.0 perimeter=2.0 bbox=(960,249,1,2)
[MASK M2852] area=2.5 perimeter=7.4 bbox=(935,249,4,2)
[MASK M2853] area=0.5 perimeter=8.2 bbox=(342,249,4,2)
[MASK M2854] area=20.5 perimeter=21.9 bbox=(395,248,7,8)
[MASK M2855] area=0.5 perimeter=3.4 bbox=(311,248,2,2)
[MASK M2856] area=0.0 perimeter=2.0 bbox=(1252,247,2,1)
[MASK M2857] area=109.5 perimeter=50.4 bbox=(355,246,8,22)
[MASK M2858] area=0.5 perimeter=3.4 bbox=(733,245,2,2)
[MASK M2859] area=6.5 perimeter=12.2 bbox=(340,244,5,4)
[MASK M2860] area=1.0 perimeter=13.7 bbox=(321,244,3,7)
[MASK M2861] area=0.0 perimeter=0.0 bbox=(407,243,1,1)
[MASK M2862] area=1.0 perimeter=4.8 bbox=(348,242,2,3)
[MASK M2863] area=0.0 perimeter=4.0 bbox=(1267,241,1,3)
[MASK M2864] area=0.0 perimeter=0.0 bbox=(686,241,1,1)
[MASK M2865] area=0.0 perimeter=4.0 bbox=(669,241,3,1)
[MASK M2866] area=0.5 perimeter=3.4 bbox=(646,241,2,2)
[MASK M2867] area=41.0 perimeter=73.8 bbox=(1222,238,4,35)
[MASK M2868] area=0.0 perimeter=2.0 bbox=(363,238,2,1)
[MASK M2869] area=151.0 perimeter=175.1 bbox=(1268,237,8,83)
[MASK M2870] area=39.0 perimeter=33.8 bbox=(465,237,11,10)
[MASK M2871] area=2.0 perimeter=6.8 bbox=(333,237,3,3)
[MASK M2872] area=0.0 perimeter=2.0 bbox=(1256,236,1,2)
[MASK M2873] area=7.0 perimeter=10.8 bbox=(414,236,3,5)
[MASK M2874] area=1.0 perimeter=4.0 bbox=(337,236,2,2)
[MASK M2875] area=7.0 perimeter=16.5 bbox=(326,236,5,6)
[MASK M2876] area=0.0 perimeter=0.0 bbox=(77,236,1,1)
[MASK M2877] area=0.0 perimeter=0.0 bbox=(638,235,1,1)
[MASK M2878] area=0.0 perimeter=0.0 bbox=(1165,234,1,1)
[MASK M2879] area=0.0 perimeter=2.0 bbox=(955,234,2,1)
[MASK M2880] area=0.0 perimeter=2.0 bbox=(701,234,1,2)
[MASK M2881] area=0.0 perimeter=0.0 bbox=(364,234,1,1)
[MASK M2882] area=7.0 perimeter=16.8 bbox=(405,232,3,8)
[MASK M2883] area=0.0 perimeter=0.0 bbox=(346,232,1,1)
[MASK M2884] area=4.5 perimeter=8.2 bbox=(337,232,4,3)
[MASK M2885] area=0.0 perimeter=2.0 bbox=(97,231,2,1)
[MASK M2886] area=0.0 perimeter=2.0 bbox=(1171,229,1,2)
[MASK M2887] area=3.0 perimeter=8.8 bbox=(930,229,4,3)
[MASK M2888] area=12.5 perimeter=21.9 bbox=(1265,228,4,10)
[MASK M2889] area=0.0 perimeter=0.0 bbox=(940,228,1,1)
[MASK M2890] area=0.0 perimeter=2.0 bbox=(378,228,1,2)
[MASK M2891] area=0.0 perimeter=0.0 bbox=(1133,227,1,1)
[MASK M2892] area=0.5 perimeter=3.4 bbox=(380,227,2,2)
[MASK M2893] area=53.0 perimeter=29.8 bbox=(658,226,11,10)
[MASK M2894] area=14.0 perimeter=16.5 bbox=(451,226,6,6)
[MASK M2895] area=27.5 perimeter=27.6 bbox=(1147,225,7,11)
[MASK M2896] area=21.0 perimeter=23.3 bbox=(320,224,5,10)
[MASK M2897] area=0.0 perimeter=2.0 bbox=(1272,223,2,1)
[MASK M2898] area=0.0 perimeter=0.0 bbox=(1268,223,1,1)
[MASK M2899] area=0.0 perimeter=2.0 bbox=(739,221,2,1)
[MASK M2900] area=0.0 perimeter=0.0 bbox=(516,221,1,1)
[MASK M2901] area=0.5 perimeter=3.4 bbox=(452,221,2,2)
[MASK M2902] area=0.0 perimeter=2.0 bbox=(955,220,2,1)
[MASK M2903] area=0.0 perimeter=0.0 bbox=(714,220,1,1)
[MASK M2904] area=1.5 perimeter=5.4 bbox=(384,220,2,3)
[MASK M2905] area=3.5 perimeter=12.2 bbox=(342,219,3,6)
[MASK M2906] area=0.0 perimeter=0.0 bbox=(473,217,1,1)
[MASK M2907] area=3.0 perimeter=8.8 bbox=(318,217,3,4)
[MASK M2908] area=0.0 perimeter=2.0 bbox=(796,216,1,2)
[MASK M2909] area=93.0 perimeter=45.5 bbox=(583,215,14,12)
[MASK M2910] area=0.0 perimeter=0.0 bbox=(643,214,1,1)
[MASK M2911] area=1.5 perimeter=5.4 bbox=(323,214,2,3)
[MASK M2912] area=2.5 perimeter=7.4 bbox=(1258,212,2,4)
[MASK M2913] area=39.5 perimeter=28.7 bbox=(610,212,9,10)
[MASK M2914] area=1.0 perimeter=4.0 bbox=(1041,211,2,2)
[MASK M2915] area=0.0 perimeter=2.0 bbox=(1033,211,1,2)
[MASK M2916] area=0.0 perimeter=0.0 bbox=(638,211,1,1)
[MASK M2917] area=0.0 perimeter=2.8 bbox=(337,211,2,2)
[MASK M2918] area=1.0 perimeter=4.8 bbox=(1149,210,2,3)
[MASK M2919] area=30.5 perimeter=50.4 bbox=(1220,209,5,23)
[MASK M2920] area=0.0 perimeter=4.0 bbox=(927,209,1,3)
[MASK M2921] area=6.5 perimeter=11.4 bbox=(464,209,3,5)
[MASK M2922] area=76.5 perimeter=56.0 bbox=(371,209,12,17)
[MASK M2923] area=0.0 perimeter=0.0 bbox=(373,209,1,1)
[MASK M2924] area=26.5 perimeter=24.7 bbox=(351,208,7,10)
[MASK M2925] area=0.0 perimeter=0.0 bbox=(1267,207,1,1)
[MASK M2926] area=6.5 perimeter=10.2 bbox=(468,207,4,4)
[MASK M2927] area=3.0 perimeter=6.8 bbox=(338,207,3,3)
[MASK M2928] area=3.5 perimeter=10.2 bbox=(1148,203,3,5)
[MASK M2929] area=0.5 perimeter=3.4 bbox=(14,203,2,2)
[MASK M2930] area=0.0 perimeter=0.0 bbox=(305,199,1,1)
[MASK M2931] area=0.0 perimeter=0.0 bbox=(1275,195,1,1)
[MASK M2932] area=3.0 perimeter=8.8 bbox=(354,195,3,4)
[MASK M2933] area=0.0 perimeter=2.8 bbox=(1258,194,2,2)
[MASK M2934] area=0.0 perimeter=4.8 bbox=(1254,194,2,3)
[MASK M2935] area=5.5 perimeter=12.2 bbox=(1148,193,3,6)
[MASK M2936] area=23.5 perimeter=30.7 bbox=(397,192,10,9)
[MASK M2937] area=0.0 perimeter=0.0 bbox=(1152,191,1,1)
[MASK M2938] area=0.0 perimeter=2.0 bbox=(906,191,2,1)
[MASK M2939] area=0.0 perimeter=0.0 bbox=(499,191,1,1)
[MASK M2940] area=0.0 perimeter=2.0 bbox=(299,191,2,1)
[MASK M2941] area=2.5 perimeter=6.2 bbox=(700,190,3,3)
[MASK M2942] area=0.0 perimeter=0.0 bbox=(326,190,1,1)
[MASK M2943] area=2.5 perimeter=12.2 bbox=(353,188,3,6)
[MASK M2944] area=0.0 perimeter=2.0 bbox=(84,188,2,1)
[MASK M2945] area=3.0 perimeter=8.8 bbox=(1024,187,4,3)
[MASK M2946] area=0.0 perimeter=2.0 bbox=(786,187,2,1)
[MASK M2947] area=0.5 perimeter=3.4 bbox=(698,187,2,2)
[MASK M2948] area=1.5 perimeter=5.4 bbox=(656,187,2,3)
[MASK M2949] area=0.0 perimeter=0.0 bbox=(581,187,1,1)
[MASK M2950] area=0.5 perimeter=3.4 bbox=(797,185,2,2)
[MASK M2951] area=1.5 perimeter=5.4 bbox=(810,184,2,3)
[MASK M2952] area=0.0 perimeter=2.0 bbox=(648,184,1,2)
[MASK M2953] area=34.5 perimeter=48.7 bbox=(1222,182,4,23)
[MASK M2954] area=6.0 perimeter=13.3 bbox=(461,181,4,5)
[MASK M2955] area=0.0 perimeter=0.0 bbox=(455,181,1,1)
[MASK M2956] area=0.0 perimeter=0.0 bbox=(327,181,1,1)
[MASK M2957] area=0.0 perimeter=2.0 bbox=(828,180,2,1)
[MASK M2958] area=4.0 perimeter=7.7 bbox=(330,180,4,3)
[MASK M2959] area=0.0 perimeter=2.0 bbox=(799,179,1,2)
[MASK M2960] area=0.0 perimeter=0.0 bbox=(782,179,1,1)
[MASK M2961] area=0.0 perimeter=0.0 bbox=(461,179,1,1)
[MASK M2962] area=15.0 perimeter=23.0 bbox=(581,178,8,8)
[MASK M2963] area=2.0 perimeter=6.8 bbox=(931,177,3,3)
[MASK M2964] area=0.0 perimeter=0.0 bbox=(779,177,1,1)
[MASK M2965] area=41.5 perimeter=31.6 bbox=(594,177,8,12)
[MASK M2966] area=2.5 perimeter=6.2 bbox=(353,173,3,3)
[MASK M2967] area=1.0 perimeter=4.8 bbox=(303,173,2,3)
[MASK M2968] area=0.0 perimeter=0.0 bbox=(301,172,1,1)
[MASK M2969] area=6.0 perimeter=15.7 bbox=(1273,171,3,7)
[MASK M2970] area=0.0 perimeter=4.0 bbox=(1150,171,1,3)
[MASK M2971] area=0.0 perimeter=2.0 bbox=(582,169,1,2)
[MASK M2972] area=0.0 perimeter=2.0 bbox=(1166,167,2,1)
[MASK M2973] area=3.0 perimeter=7.7 bbox=(317,167,4,3)
[MASK M2974] area=6.0 perimeter=10.8 bbox=(689,165,3,5)
[MASK M2975] area=53.5 perimeter=36.4 bbox=(361,165,11,12)
[MASK M2976] area=0.0 perimeter=0.0 bbox=(339,165,1,1)
[MASK M2977] area=0.0 perimeter=0.0 bbox=(77,165,1,1)
[MASK M2978] area=0.0 perimeter=2.0 bbox=(1274,164,2,1)
[MASK M2979] area=12.0 perimeter=17.7 bbox=(352,163,4,8)
[MASK M2980] area=3.5 perimeter=7.4 bbox=(692,162,3,3)
[MASK M2981] area=2.5 perimeter=10.2 bbox=(1148,161,3,5)
[MASK M2982] area=0.0 perimeter=2.0 bbox=(759,160,2,1)
[MASK M2983] area=1.0 perimeter=6.8 bbox=(927,159,4,2)
[MASK M2984] area=0.0 perimeter=0.0 bbox=(750,159,1,1)
[MASK M2985] area=3.0 perimeter=7.7 bbox=(318,159,3,4)
[MASK M2986] area=20.5 perimeter=40.4 bbox=(1221,158,5,17)
[MASK M2987] area=25.0 perimeter=23.3 bbox=(592,158,9,7)
[MASK M2988] area=0.0 perimeter=0.0 bbox=(302,158,1,1)
[MASK M2989] area=0.0 perimeter=0.0 bbox=(448,156,1,1)
[MASK M2990] area=0.0 perimeter=2.0 bbox=(414,156,2,1)
[MASK M2991] area=1.0 perimeter=4.0 bbox=(912,155,2,2)
[MASK M2992] area=0.0 perimeter=0.0 bbox=(316,155,1,1)
[MASK M2993] area=0.0 perimeter=2.0 bbox=(299,155,1,2)
[MASK M2994] area=0.0 perimeter=2.0 bbox=(1148,154,1,2)
[MASK M2995] area=1.0 perimeter=4.0 bbox=(1017,154,2,2)
[MASK M2996] area=0.5 perimeter=3.4 bbox=(693,154,2,2)
[MASK M2997] area=6.5 perimeter=12.2 bbox=(1273,152,3,6)
[MASK M2998] area=0.0 perimeter=0.0 bbox=(448,152,1,1)
[MASK M2999] area=4.5 perimeter=11.9 bbox=(669,151,5,4)
[MASK M3000] area=10.0 perimeter=20.1 bbox=(338,151,7,6)
[MASK M3001] area=1.5 perimeter=5.4 bbox=(1165,150,3,2)
[MASK M3002] area=1.0 perimeter=6.8 bbox=(1258,149,2,4)
[MASK M3003] area=0.0 perimeter=0.0 bbox=(675,149,1,1)
[MASK M3004] area=42.0 perimeter=49.5 bbox=(509,149,15,12)
[MASK M3005] area=1.0 perimeter=4.8 bbox=(57,149,2,3)
[MASK M3006] area=3.5 perimeter=8.2 bbox=(536,148,4,3)
[MASK M3007] area=2.0 perimeter=6.8 bbox=(296,148,3,3)
[MASK M3008] area=0.5 perimeter=3.4 bbox=(120,148,2,2)
[MASK M3009] area=1.0 perimeter=4.8 bbox=(1149,147,2,3)
[MASK M3010] area=0.0 perimeter=0.0 bbox=(61,147,1,1)
[MASK M3011] area=0.5 perimeter=3.4 bbox=(517,146,2,2)
[MASK M3012] area=0.5 perimeter=11.4 bbox=(1274,145,2,6)
[MASK M3013] area=4.5 perimeter=17.1 bbox=(351,145,4,8)
[MASK M3014] area=1.5 perimeter=5.4 bbox=(120,145,3,2)
[MASK M3015] area=18.0 perimeter=25.3 bbox=(1221,144,4,12)
[MASK M3016] area=57.5 perimeter=30.7 bbox=(359,144,10,10)
[MASK M3017] area=0.5 perimeter=3.4 bbox=(762,143,2,2)
[MASK M3018] area=0.5 perimeter=3.4 bbox=(297,143,2,2)
[MASK M3019] area=39.0 perimeter=31.0 bbox=(1153,140,13,8)
[MASK M3020] area=8.0 perimeter=23.3 bbox=(447,140,4,10)
[MASK M3021] area=0.0 perimeter=0.0 bbox=(376,139,1,1)
[MASK M3022] area=3.5 perimeter=8.2 bbox=(352,139,3,4)
[MASK M3023] area=4.5 perimeter=10.2 bbox=(930,138,4,4)
[MASK M3024] area=1.0 perimeter=4.0 bbox=(1274,137,2,2)
[MASK M3025] area=1.5 perimeter=5.4 bbox=(447,137,3,2)
[MASK M3026] area=0.0 perimeter=2.0 bbox=(437,137,2,1)
[MASK M3027] area=5.5 perimeter=10.2 bbox=(1222,136,3,5)
[MASK M3028] area=1.5 perimeter=5.4 bbox=(1096,135,3,2)
[MASK M3029] area=4.5 perimeter=8.2 bbox=(367,135,3,4)
[MASK M3030] area=27.0 perimeter=29.3 bbox=(321,135,8,11)
[MASK M3031] area=0.0 perimeter=0.0 bbox=(1224,134,1,1)
[MASK M3032] area=0.0 perimeter=0.0 bbox=(351,134,1,1)
[MASK M3033] area=0.0 perimeter=0.0 bbox=(295,134,1,1)
[MASK M3034] area=8.0 perimeter=16.5 bbox=(595,133,6,4)
[MASK M3035] area=0.0 perimeter=2.0 bbox=(324,133,2,1)
[MASK M3036] area=0.0 perimeter=4.8 bbox=(336,132,2,3)
[MASK M3037] area=7.0 perimeter=11.7 bbox=(327,132,5,4)
[MASK M3038] area=0.0 perimeter=2.0 bbox=(42,132,1,2)
[MASK M3039] area=30.0 perimeter=24.5 bbox=(672,131,8,8)
[MASK M3040] area=1.5 perimeter=5.4 bbox=(1222,130,2,3)
[MASK M3041] area=4.0 perimeter=8.8 bbox=(318,130,3,4)
[MASK M3042] area=0.0 perimeter=0.0 bbox=(81,130,1,1)
[MASK M3043] area=0.0 perimeter=2.0 bbox=(792,129,1,2)
[MASK M3044] area=0.0 perimeter=0.0 bbox=(381,129,1,1)
[MASK M3045] area=1.5 perimeter=11.4 bbox=(1257,128,2,6)
[MASK M3046] area=0.0 perimeter=0.0 bbox=(1069,128,1,1)
[MASK M3047] area=4.0 perimeter=12.5 bbox=(339,127,3,6)
[MASK M3048] area=5.0 perimeter=10.8 bbox=(328,127,4,4)
[MASK M3049] area=0.0 perimeter=0.0 bbox=(1222,126,1,1)
[MASK M3050] area=0.0 perimeter=2.0 bbox=(338,124,2,1)
[MASK M3051] area=0.0 perimeter=0.0 bbox=(296,124,1,1)
[MASK M3052] area=0.0 perimeter=0.0 bbox=(432,123,1,1)
[MASK M3053] area=0.5 perimeter=3.4 bbox=(436,122,2,2)
[MASK M3054] area=0.0 perimeter=2.0 bbox=(39,122,1,2)
[MASK M3055] area=1.0 perimeter=4.8 bbox=(242,121,2,3)
[MASK M3056] area=39.0 perimeter=43.8 bbox=(402,120,11,13)
[MASK M3057] area=0.5 perimeter=5.4 bbox=(322,120,2,3)
[MASK M3058] area=32.0 perimeter=23.3 bbox=(541,119,9,7)
[MASK M3059] area=0.0 perimeter=0.0 bbox=(743,118,1,1)
[MASK M3060] area=0.5 perimeter=3.4 bbox=(503,118,2,2)
[MASK M3061] area=5.0 perimeter=33.7 bbox=(1274,117,2,17)
[MASK M3062] area=0.5 perimeter=9.1 bbox=(337,117,4,4)
[MASK M3063] area=5.5 perimeter=10.2 bbox=(1221,116,4,4)
[MASK M3064] area=0.0 perimeter=0.0 bbox=(322,116,1,1)
[MASK M3065] area=0.0 perimeter=2.0 bbox=(297,116,1,2)
[MASK M3066] area=2.5 perimeter=6.2 bbox=(1148,115,3,3)
[MASK M3067] area=41.5 perimeter=44.0 bbox=(646,115,8,13)
[MASK M3068] area=11.5 perimeter=28.7 bbox=(593,115,6,10)
[MASK M3069] area=68.0 perimeter=73.0 bbox=(307,115,6,33)
[MASK M3070] area=0.0 perimeter=0.0 bbox=(61,114,1,1)
[MASK M3071] area=0.0 perimeter=0.0 bbox=(1257,113,1,1)
[MASK M3072] area=0.0 perimeter=0.0 bbox=(1008,113,1,1)
[MASK M3073] area=0.0 perimeter=2.0 bbox=(649,112,2,1)
[MASK M3074] area=0.5 perimeter=6.2 bbox=(501,112,3,3)
[MASK M3075] area=0.0 perimeter=4.0 bbox=(1148,111,3,1)
[MASK M3076] area=2.0 perimeter=6.8 bbox=(653,111,3,3)
[MASK M3077] area=0.0 perimeter=0.0 bbox=(583,111,1,1)
[MASK M3078] area=0.0 perimeter=2.0 bbox=(585,110,1,2)
[MASK M3079] area=103.0 perimeter=61.9 bbox=(358,110,11,20)
[MASK M3080] area=0.0 perimeter=2.0 bbox=(48,110,1,2)
[MASK M3081] area=4.0 perimeter=11.7 bbox=(306,108,4,4)
[MASK M3082] area=0.0 perimeter=2.0 bbox=(1148,107,2,1)
[MASK M3083] area=0.0 perimeter=2.0 bbox=(502,107,1,2)
[MASK M3084] area=2.5 perimeter=8.2 bbox=(321,107,3,4)
[MASK M3085] area=0.0 perimeter=0.0 bbox=(1253,106,1,1)
[MASK M3086] area=0.0 perimeter=2.8 bbox=(661,104,2,2)
[MASK M3087] area=6.5 perimeter=13.1 bbox=(397,104,4,6)
[MASK M3088] area=1.5 perimeter=5.4 bbox=(1222,103,2,3)
[MASK M3089] area=38.0 perimeter=29.0 bbox=(614,103,8,11)
[MASK M3090] area=45.0 perimeter=29.3 bbox=(245,103,8,11)
[MASK M3091] area=0.5 perimeter=3.4 bbox=(1255,102,2,2)
[MASK M3092] area=6.0 perimeter=10.5 bbox=(306,101,4,5)
[MASK M3093] area=3.0 perimeter=8.0 bbox=(1274,100,2,4)
[MASK M3094] area=4.0 perimeter=8.8 bbox=(1147,100,3,4)
[MASK M3095] area=1.0 perimeter=4.8 bbox=(756,100,3,2)
[MASK M3096] area=1.0 perimeter=6.8 bbox=(736,100,3,3)
[MASK M3097] area=1.0 perimeter=8.8 bbox=(444,100,2,5)
[MASK M3098] area=0.0 perimeter=2.0 bbox=(448,99,1,2)
[MASK M3099] area=31.0 perimeter=23.3 bbox=(341,98,8,7)
[MASK M3100] area=7.0 perimeter=26.1 bbox=(321,98,7,6)
[MASK M3101] area=0.0 perimeter=2.0 bbox=(52,96,2,1)
[MASK M3102] area=0.0 perimeter=2.0 bbox=(1222,95,1,2)
[MASK M3103] area=0.0 perimeter=0.0 bbox=(106,93,1,1)
[MASK M3104] area=28.5 perimeter=26.7 bbox=(536,92,10,6)
[MASK M3105] area=0.0 perimeter=0.0 bbox=(935,91,1,1)
[MASK M3106] area=0.0 perimeter=0.0 bbox=(929,91,1,1)
[MASK M3107] area=0.0 perimeter=2.0 bbox=(1223,90,1,2)
[MASK M3108] area=3.5 perimeter=7.4 bbox=(925,90,3,3)
[MASK M3109] area=1.5 perimeter=5.4 bbox=(740,90,3,2)
[MASK M3110] area=0.0 perimeter=0.0 bbox=(37,90,1,1)
[MASK M3111] area=2.0 perimeter=6.8 bbox=(6,90,3,3)
[MASK M3112] area=6.0 perimeter=11.7 bbox=(318,89,4,5)
[MASK M3113] area=5.0 perimeter=9.7 bbox=(1256,88,4,4)
[MASK M3114] area=2.0 perimeter=9.7 bbox=(1146,88,3,5)
[MASK M3115] area=1.0 perimeter=4.0 bbox=(671,88,2,2)
[MASK M3116] area=0.5 perimeter=3.4 bbox=(46,88,2,2)
[MASK M3117] area=0.0 perimeter=0.0 bbox=(918,87,1,1)
[MASK M3118] area=60.0 perimeter=35.8 bbox=(357,87,13,10)
[MASK M3119] area=0.0 perimeter=0.0 bbox=(93,86,1,1)
[MASK M3120] area=0.5 perimeter=3.4 bbox=(1258,85,2,2)
[MASK M3121] area=7.5 perimeter=13.9 bbox=(293,84,6,4)
[MASK M3122] area=14.5 perimeter=32.4 bbox=(562,83,6,10)
[MASK M3123] area=1.5 perimeter=5.4 bbox=(1274,82,2,3)
[MASK M3124] area=2.5 perimeter=6.2 bbox=(744,81,3,3)
[MASK M3125] area=12.0 perimeter=19.3 bbox=(578,81,8,6)
[MASK M3126] area=0.0 perimeter=0.0 bbox=(1223,80,1,1)
[MASK M3127] area=1.0 perimeter=4.0 bbox=(909,79,2,2)
[MASK M3128] area=0.0 perimeter=2.0 bbox=(907,79,1,2)
[MASK M3129] area=0.0 perimeter=2.8 bbox=(901,79,2,2)
[MASK M3130] area=0.0 perimeter=0.0 bbox=(448,78,1,1)
[MASK M3131] area=0.0 perimeter=0.0 bbox=(44,78,1,1)
[MASK M3132] area=0.0 perimeter=2.0 bbox=(1259,77,1,2)
[MASK M3133] area=0.0 perimeter=0.0 bbox=(298,76,1,1)
[MASK M3134] area=0.0 perimeter=0.0 bbox=(883,74,1,1)
[MASK M3135] area=0.0 perimeter=0.0 bbox=(626,74,1,1)
[MASK M3136] area=6.0 perimeter=19.3 bbox=(0,74,5,8)
[MASK M3137] area=1.0 perimeter=4.0 bbox=(1148,73,2,2)
[MASK M3138] area=8.5 perimeter=19.1 bbox=(883,73,8,5)
[MASK M3139] area=2.5 perimeter=6.2 bbox=(514,73,3,3)
[MASK M3140] area=0.0 perimeter=2.0 bbox=(418,73,1,2)
[MASK M3141] area=0.0 perimeter=0.0 bbox=(359,73,1,1)
[MASK M3142] area=0.0 perimeter=0.0 bbox=(622,72,1,1)
[MASK M3143] area=37.5 perimeter=41.6 bbox=(317,72,7,15)
[MASK M3144] area=0.0 perimeter=0.0 bbox=(22,71,1,1)
[MASK M3145] area=0.0 perimeter=2.0 bbox=(667,69,1,2)
[MASK M3146] area=0.5 perimeter=3.4 bbox=(318,69,2,2)
[MASK M3147] area=0.0 perimeter=4.0 bbox=(1275,68,1,3)
[MASK M3148] area=9.5 perimeter=15.1 bbox=(399,66,5,6)
[MASK M3149] area=1.0 perimeter=4.8 bbox=(323,66,3,2)
[MASK M3150] area=0.0 perimeter=4.0 bbox=(767,65,3,1)
[MASK M3151] area=6.5 perimeter=19.9 bbox=(362,65,7,7)
[MASK M3152] area=2.0 perimeter=6.8 bbox=(309,65,2,4)
[MASK M3153] area=1.0 perimeter=4.8 bbox=(668,64,2,3)
[MASK M3154] area=0.0 perimeter=0.0 bbox=(354,63,1,1)
[MASK M3155] area=0.0 perimeter=4.0 bbox=(1275,62,1,3)
[MASK M3156] area=3.0 perimeter=8.0 bbox=(293,62,2,4)
[MASK M3157] area=1.0 perimeter=7.7 bbox=(56,62,3,3)
[MASK M3158] area=1.0 perimeter=4.8 bbox=(36,62,2,3)
[MASK M3159] area=5.5 perimeter=12.2 bbox=(325,61,5,4)
[MASK M3160] area=4.0 perimeter=7.7 bbox=(2,61,3,4)
[MASK M3161] area=17.0 perimeter=19.3 bbox=(773,60,8,6)
[MASK M3162] area=14.5 perimeter=15.1 bbox=(1140,58,5,6)
[MASK M3163] area=20.5 perimeter=28.7 bbox=(758,58,9,9)
[MASK M3164] area=23.5 perimeter=22.7 bbox=(621,58,9,7)
[MASK M3165] area=49.0 perimeter=35.0 bbox=(561,58,9,12)
[MASK M3166] area=0.0 perimeter=0.0 bbox=(562,58,1,1)
[MASK M3167] area=0.0 perimeter=0.0 bbox=(20,58,1,1)
[MASK M3168] area=35.5 perimeter=23.9 bbox=(1146,55,9,7)
[MASK M3169] area=12.0 perimeter=29.0 bbox=(456,55,10,10)
[MASK M3170] area=0.0 perimeter=0.0 bbox=(396,55,1,1)
[MASK M3171] area=2.5 perimeter=13.1 bbox=(290,55,4,6)
[MASK M3172] area=1.0 perimeter=4.8 bbox=(0,55,2,3)
[MASK M3173] area=24.5 perimeter=49.2 bbox=(737,54,19,7)
[MASK M3174] area=0.5 perimeter=3.4 bbox=(105,54,2,2)
[MASK M3175] area=0.0 perimeter=2.0 bbox=(30,54,1,2)
[MASK M3176] area=14.0 perimeter=21.3 bbox=(619,51,7,6)
[MASK M3177] area=0.0 perimeter=0.0 bbox=(293,51,1,1)
[MASK M3178] area=0.0 perimeter=2.8 bbox=(81,51,2,2)
[MASK M3179] area=0.0 perimeter=0.0 bbox=(32,50,1,1)
[MASK M3180] area=0.0 perimeter=0.0 bbox=(332,49,1,1)
[MASK M3181] area=0.0 perimeter=0.0 bbox=(83,49,1,1)
[MASK M3182] area=0.0 perimeter=0.0 bbox=(34,49,1,1)
[MASK M3183] area=119.0 perimeter=49.5 bbox=(353,48,14,16)
[MASK M3184] area=10.5 perimeter=25.1 bbox=(326,48,4,11)
[MASK M3185] area=3.0 perimeter=7.7 bbox=(376,47,3,4)
[MASK M3186] area=0.0 perimeter=0.0 bbox=(106,46,1,1)
[MASK M3187] area=51.0 perimeter=29.0 bbox=(1137,45,10,10)
[MASK M3188] area=0.0 perimeter=2.0 bbox=(752,45,2,1)
[MASK M3189] area=3.5 perimeter=8.2 bbox=(609,45,3,4)
[MASK M3190] area=0.0 perimeter=2.0 bbox=(745,44,2,1)
[MASK M3191] area=30.5 perimeter=29.9 bbox=(396,44,7,11)
[MASK M3192] area=68.0 perimeter=48.6 bbox=(305,44,7,20)
[MASK M3193] area=2.0 perimeter=7.7 bbox=(82,44,3,4)
[MASK M3194] area=1.0 perimeter=4.0 bbox=(327,43,2,2)
[MASK M3195] area=0.0 perimeter=0.0 bbox=(730,42,1,1)
[MASK M3196] area=0.0 perimeter=0.0 bbox=(683,42,1,1)
[MASK M3197] area=0.0 perimeter=2.8 bbox=(375,42,2,2)
[MASK M3198] area=3.5 perimeter=8.2 bbox=(732,40,3,4)
[MASK M3199] area=0.0 perimeter=0.0 bbox=(218,40,1,1)
[MASK M3200] area=0.5 perimeter=3.4 bbox=(673,39,2,2)
[MASK M3201] area=0.5 perimeter=3.4 bbox=(973,38,2,2)
[MASK M3202] area=34.5 perimeter=61.2 bbox=(42,38,5,28)
[MASK M3203] area=0.5 perimeter=3.4 bbox=(731,37,2,2)
[MASK M3204] area=0.5 perimeter=3.4 bbox=(595,37,2,2)
[MASK M3205] area=0.0 perimeter=0.0 bbox=(968,36,1,1)
[MASK M3206] area=4.0 perimeter=8.8 bbox=(1147,35,4,3)
[MASK M3207] area=1.5 perimeter=5.4 bbox=(391,33,2,3)
[MASK M3208] area=3.0 perimeter=11.7 bbox=(716,32,4,5)
[MASK M3209] area=2.0 perimeter=6.0 bbox=(713,32,2,3)
[MASK M3210] area=11.5 perimeter=13.9 bbox=(417,32,5,6)
[MASK M3211] area=0.0 perimeter=2.8 bbox=(76,32,2,2)
[MASK M3212] area=0.0 perimeter=2.0 bbox=(361,31,2,1)
[MASK M3213] area=0.0 perimeter=0.0 bbox=(1275,30,1,1)
[MASK M3214] area=4.5 perimeter=8.2 bbox=(593,30,3,4)
[MASK M3215] area=7.0 perimeter=11.7 bbox=(311,30,3,6)
[MASK M3216] area=0.0 perimeter=0.0 bbox=(284,30,1,1)
[MASK M3217] area=23.5 perimeter=30.4 bbox=(700,29,11,6)
[MASK M3218] area=0.0 perimeter=0.0 bbox=(135,29,1,1)
[MASK M3219] area=0.0 perimeter=0.0 bbox=(1275,28,1,1)
[MASK M3220] area=1.0 perimeter=6.8 bbox=(679,28,4,2)
[MASK M3221] area=25.5 perimeter=34.4 bbox=(362,28,7,11)
[MASK M3222] area=13.5 perimeter=27.9 bbox=(299,28,3,13)
[MASK M3223] area=0.0 perimeter=0.0 bbox=(65,28,1,1)
[MASK M3224] area=0.0 perimeter=0.0 bbox=(686,27,1,1)
[MASK M3225] area=16.5 perimeter=23.9 bbox=(544,27,6,9)
[MASK M3226] area=19.5 perimeter=23.9 bbox=(429,27,9,6)
[MASK M3227] area=0.0 perimeter=2.0 bbox=(951,26,1,2)
[MASK M3228] area=5.0 perimeter=9.7 bbox=(688,26,4,4)
[MASK M3229] area=0.0 perimeter=0.0 bbox=(923,25,1,1)
[MASK M3230] area=0.0 perimeter=0.0 bbox=(555,24,1,1)
[MASK M3231] area=0.0 perimeter=0.0 bbox=(214,24,1,1)
[MASK M3232] area=0.0 perimeter=6.0 bbox=(1275,23,1,4)
[MASK M3233] area=0.0 perimeter=0.0 bbox=(439,23,1,1)
[MASK M3234] area=0.0 perimeter=0.0 bbox=(879,22,1,1)
[MASK M3235] area=0.0 perimeter=2.0 bbox=(872,22,2,1)
[MASK M3236] area=0.0 perimeter=2.0 bbox=(214,22,2,1)
[MASK M3237] area=0.0 perimeter=0.0 bbox=(96,22,1,1)
[MASK M3238] area=0.0 perimeter=0.0 bbox=(440,21,1,1)
[MASK M3239] area=0.0 perimeter=0.0 bbox=(261,21,1,1)
[MASK M3240] area=20.0 perimeter=26.5 bbox=(116,21,9,7)
[MASK M3241] area=0.0 perimeter=0.0 bbox=(387,20,1,1)
[MASK M3242] area=0.5 perimeter=3.4 bbox=(653,19,2,2)
[MASK M3243] area=36.5 perimeter=33.6 bbox=(389,19,12,7)
[MASK M3244] area=0.5 perimeter=3.4 bbox=(354,18,2,2)
[MASK M3245] area=0.0 perimeter=0.0 bbox=(124,18,1,1)
[MASK M3246] area=32.0 perimeter=30.1 bbox=(2,18,10,10)
[MASK M3247] area=0.0 perimeter=0.0 bbox=(1176,17,1,1)
[MASK M3248] area=63.5 perimeter=45.2 bbox=(278,17,16,10)
[MASK M3249] area=1.0 perimeter=12.5 bbox=(51,17,6,3)
[MASK M3250] area=0.0 perimeter=0.0 bbox=(1138,16,1,1)
[MASK M3251] area=0.0 perimeter=0.0 bbox=(377,16,1,1)
[MASK M3252] area=9.0 perimeter=15.7 bbox=(203,16,6,5)
[MASK M3253] area=59.5 perimeter=38.4 bbox=(100,16,15,8)
[MASK M3254] area=80.0 perimeter=74.6 bbox=(61,16,33,7)
[MASK M3255] area=170.5 perimeter=94.3 bbox=(11,16,27,22)
[MASK M3256] area=0.0 perimeter=10.0 bbox=(1275,15,1,6)
[MASK M3257] area=0.0 perimeter=2.8 bbox=(854,15,2,2)
[MASK M3258] area=1.0 perimeter=4.8 bbox=(659,15,2,3)
[MASK M3259] area=4.0 perimeter=11.7 bbox=(384,15,4,5)
[MASK M3260] area=33.5 perimeter=43.2 bbox=(357,15,19,5)
[MASK M3261] area=57.5 perimeter=63.7 bbox=(322,15,8,26)
[MASK M3262] area=60.0 perimeter=96.3 bbox=(228,15,44,8)
[MASK M3263] area=10.5 perimeter=15.1 bbox=(217,15,5,5)
[MASK M3264] area=107.5 perimeter=129.5 bbox=(140,15,56,8)
[MASK M3265] area=0.0 perimeter=0.0 bbox=(428,13,1,1)
[MASK M3266] area=25.0 perimeter=30.5 bbox=(335,13,13,4)
[MASK M3267] area=0.0 perimeter=2.0 bbox=(432,12,2,1)
[MASK M3268] area=24.5 perimeter=30.2 bbox=(246,11,15,3)
[MASK M3269] area=0.0 perimeter=4.0 bbox=(216,11,3,1)
[MASK M3270] area=18.5 perimeter=31.1 bbox=(96,11,15,4)
[MASK M3271] area=9.5 perimeter=12.2 bbox=(86,11,5,4)
[MASK M3272] area=7.5 perimeter=15.9 bbox=(830,10,6,4)
[MASK M3273] area=1.5 perimeter=5.4 bbox=(444,10,3,2)
[MASK M3274] area=2.0 perimeter=10.8 bbox=(437,10,6,2)
[MASK M3275] area=49.5 perimeter=38.4 bbox=(302,10,12,13)
[MASK M3276] area=0.0 perimeter=0.0 bbox=(274,10,1,1)
[MASK M3277] area=1.0 perimeter=10.8 bbox=(262,10,6,2)
[MASK M3278] area=13.0 perimeter=15.7 bbox=(60,10,6,5)
[MASK M3279] area=99.5 perimeter=62.0 bbox=(0,10,24,9)
[MASK M3280] area=9.5 perimeter=17.1 bbox=(631,9,7,4)
[MASK M3281] area=23.5 perimeter=23.9 bbox=(115,9,10,6)
[MASK M3282] area=0.0 perimeter=0.0 bbox=(100,9,1,1)
[MASK M3283] area=5.5 perimeter=12.2 bbox=(143,8,4,5)
[MASK M3284] area=51.5 perimeter=33.9 bbox=(128,8,12,8)
[MASK M3285] area=35.5 perimeter=25.9 bbox=(72,8,8,8)
[MASK M3286] area=0.0 perimeter=0.0 bbox=(126,7,1,1)
[MASK M3287] area=98.0 perimeter=47.8 bbox=(31,7,17,12)
[MASK M3288] area=12.0 perimeter=13.7 bbox=(25,7,5,5)
[MASK M3289] area=0.5 perimeter=3.4 bbox=(1269,6,2,2)
[MASK M3290] area=6.5 perimeter=14.2 bbox=(372,6,7,3)
[MASK M3291] area=0.0 perimeter=0.0 bbox=(260,6,1,1)
[MASK M3292] area=3.0 perimeter=7.7 bbox=(148,6,3,4)
[MASK M3293] area=27.0 perimeter=24.5 bbox=(205,5,7,9)
[MASK M3294] area=7.0 perimeter=22.5 bbox=(103,5,11,3)
[MASK M3295] area=1.0 perimeter=9.7 bbox=(618,4,3,4)
[MASK M3296] area=115.0 perimeter=68.8 bbox=(180,4,24,12)
[MASK M3297] area=76.5 perimeter=59.4 bbox=(156,4,18,10)
[MASK M3298] area=10.5 perimeter=21.1 bbox=(1147,3,3,10)
[MASK M3299] area=58.0 perimeter=35.0 bbox=(390,3,14,8)
[MASK M3300] area=54.5 perimeter=41.2 bbox=(355,3,12,12)
[MASK M3301] area=95.5 perimeter=67.4 bbox=(280,3,20,12)
[MASK M3302] area=8.5 perimeter=12.2 bbox=(250,3,4,5)
[MASK M3303] area=7.0 perimeter=11.7 bbox=(298,2,5,4)
[MASK M3304] area=14.5 perimeter=17.9 bbox=(85,2,8,5)
[MASK M3305] area=7.0 perimeter=11.7 bbox=(61,2,5,4)
[MASK M3306] area=0.0 perimeter=6.0 bbox=(949,0,4,1)
[MASK M3307] area=0.0 perimeter=8.0 bbox=(886,0,5,1)
[MASK M3308] area=97.5 perimeter=101.1 bbox=(831,0,50,4)
[MASK M3309] area=484.0 perimeter=346.6 bbox=(664,0,162,9)
[MASK M3310] area=0.0 perimeter=14.0 bbox=(655,0,8,1)
[MASK M3311] area=0.0 perimeter=2.0 bbox=(641,0,2,1)
[MASK M3312] area=0.0 perimeter=6.0 bbox=(630,0,4,1)
[MASK M3313] area=28.5 perimeter=65.1 bbox=(586,0,32,3)
[MASK M3314] area=0.0 perimeter=4.0 bbox=(558,0,3,1)
[MASK M3315] area=84.0 perimeter=115.8 bbox=(489,0,56,4)
[MASK M3316] area=1.5 perimeter=7.4 bbox=(483,0,4,2)
[MASK M3317] area=1.5 perimeter=5.4 bbox=(479,0,3,2)
[MASK M3318] area=47.5 perimeter=59.6 bbox=(450,0,25,6)
[MASK M3319] area=19.0 perimeter=41.7 bbox=(424,0,21,3)
[MASK M3320] area=9.5 perimeter=33.9 bbox=(402,0,16,2)
[MASK M3321] area=6.5 perimeter=10.2 bbox=(375,0,5,3)
[MASK M3322] area=0.0 perimeter=4.0 bbox=(337,0,3,1)
[MASK M3323] area=0.0 perimeter=0.0 bbox=(315,0,1,1)
[MASK M3324] area=1.5 perimeter=9.4 bbox=(306,0,5,2)
[MASK M3325] area=3.0 perimeter=8.8 bbox=(272,0,3,4)
[MASK M3326] area=6.5 perimeter=17.1 bbox=(238,0,5,7)
[MASK M3327] area=98.5 perimeter=49.2 bbox=(222,0,15,13)
[MASK M3328] area=0.0 perimeter=2.0 bbox=(218,0,1,2)
[MASK M3329] area=0.0 perimeter=0.0 bbox=(143,0,1,1)
[MASK M3330] area=1.5 perimeter=8.2 bbox=(134,0,4,2)
[MASK M3331] area=0.0 perimeter=6.0 bbox=(48,0,4,1)
[MASK M3332] area=0.0 perimeter=4.0 bbox=(44,0,3,1)
[MASK M3333] area=3.5 perimeter=7.4 bbox=(26,0,3,3)
[CLEAN C0] type=Rejected area=0.0 perimeter=4.0 bbox=(540,939,3,1) long=2.0 box_short=0.0 box_aspect=inf skeleton_width=2.00 skeleton_range=2.00-2.00 skeleton_aspect=1.000 merge_ratio=0.000 circularity=0.000
[CLEAN C0] REJECT ROI: 触及 ROI 下边界，可能是钢轴底缘/背景
[CLEAN C1] type=Rejected area=0.0 perimeter=4.0 bbox=(429,939,3,1) long=2.0 box_short=0.0 box_aspect=inf skeleton_width=2.00 skeleton_range=2.00-2.00 skeleton_aspect=1.000 merge_ratio=0.000 circularity=0.000
[CLEAN C1] REJECT ROI: 触及 ROI 下边界，可能是钢轴底缘/背景
[CLEAN C2] type=Rejected area=1.0 perimeter=4.0 bbox=(680,938,2,2) long=1.0 box_short=1.0 box_aspect=1.000 skeleton_width=2.00 skeleton_range=2.00-2.00 skeleton_aspect=0.500 merge_ratio=0.500 circularity=0.785
[CLEAN C2] REJECT ROI: 触及 ROI 下边界，可能是钢轴底缘/背景
[CLEAN C3] type=Rejected area=1.0 perimeter=4.0 bbox=(413,938,2,2) long=1.0 box_short=1.0 box_aspect=1.000 skeleton_width=2.00 skeleton_range=2.00-2.00 skeleton_aspect=0.500 merge_ratio=0.500 circularity=0.785
[CLEAN C3] REJECT ROI: 触及 ROI 下边界，可能是钢轴底缘/背景
[CLEAN C4] type=Rejected area=7.0 perimeter=14.8 bbox=(307,937,7,3) long=6.0 box_short=2.0 box_aspect=3.000 skeleton_width=2.00 skeleton_range=2.00-4.00 skeleton_aspect=3.000 merge_ratio=0.583 circularity=0.400
[CLEAN C4] REJECT ROI: 触及 ROI 下边界，可能是钢轴底缘/背景
[CLEAN C5] type=Rejected area=20.0 perimeter=73.3 bbox=(212,937,36,3) long=35.0 box_short=2.0 box_aspect=17.500 skeleton_width=2.00 skeleton_range=2.00-4.00 skeleton_aspect=17.500 merge_ratio=0.286 circularity=0.047
[CLEAN C5] REJECT ROI: 触及 ROI 下边界，可能是钢轴底缘/背景
[CLEAN C6] type=Rejected area=19.0 perimeter=20.8 bbox=(1091,936,9,4) long=8.0 box_short=3.0 box_aspect=2.667 skeleton_width=3.40 skeleton_range=2.00-4.00 skeleton_aspect=2.353 merge_ratio=0.699 circularity=0.550
[CLEAN C6] REJECT ROI: 触及 ROI 下边界，可能是钢轴底缘/背景
[CLEAN C7] type=Rejected area=15.0 perimeter=16.8 bbox=(1074,936,7,4) long=6.0 box_short=3.0 box_aspect=2.000 skeleton_width=3.40 skeleton_range=2.00-4.00 skeleton_aspect=1.765 merge_ratio=0.735 circularity=0.666
[CLEAN C7] REJECT ROI: 触及 ROI 下边界，可能是钢轴底缘/背景
[CLEAN C8] type=Rejected area=13.5 perimeter=16.2 bbox=(321,935,6,5) long=5.0 box_short=4.0 box_aspect=1.250 skeleton_width=2.80 skeleton_range=2.00-4.00 skeleton_aspect=1.786 merge_ratio=0.964 circularity=0.643
[CLEAN C8] REJECT ROI: 触及 ROI 下边界，可能是钢轴底缘/背景
[CLEAN C9] type=Rejected area=67.5 perimeter=71.9 bbox=(253,935,34,5) long=33.0 box_short=4.0 box_aspect=8.250 skeleton_width=4.00 skeleton_range=2.00-6.00 skeleton_aspect=8.250 merge_ratio=0.511 circularity=0.164
[CLEAN C9] REJECT ROI: 触及 ROI 下边界，可能是钢轴底缘/背景
[CLEAN C10] type=Rejected area=5.5 perimeter=9.4 bbox=(1139,934,4,3) long=3.0 box_short=2.0 box_aspect=1.500 skeleton_width=2.00 skeleton_range=2.00-4.00 skeleton_aspect=1.500 merge_ratio=0.917 circularity=0.780
[CLEAN C10] REJECT Scratch: area 5.5 < 20; long_side 3.0 < 10; skeleton_aspect 1.500 < 2.5
[CLEAN C10] REJECT Pit: area 5.5 < 32
[CLEAN C11] type=Rejected area=62.5 perimeter=66.0 bbox=(1107,934,27,6) long=26.0 box_short=5.0 box_aspect=5.200 skeleton_width=2.80 skeleton_range=2.00-5.60 skeleton_aspect=9.286 merge_ratio=0.859 circularity=0.180
[CLEAN C11] REJECT ROI: 触及 ROI 下边界，可能是钢轴底缘/背景
[CLEAN C12] type=Rejected area=79.0 perimeter=143.5 bbox=(880,934,65,6) long=64.0 box_short=5.0 box_aspect=12.800 skeleton_width=2.00 skeleton_range=2.00-4.00 skeleton_aspect=32.000 merge_ratio=0.617 circularity=0.048
[CLEAN C12] REJECT ROI: 触及 ROI 下边界，可能是钢轴底缘/背景
[CLEAN C13] type=Rejected area=4.0 perimeter=10.0 bbox=(202,934,5,2) long=4.0 box_short=1.0 box_aspect=4.000 skeleton_width=2.00 skeleton_range=2.00-2.00 skeleton_aspect=2.000 merge_ratio=0.500 circularity=0.503
[CLEAN C13] REJECT Scratch: area 4.0 < 20; long_side 4.0 < 10; skeleton_aspect 2.000 < 2.5
[CLEAN C13] REJECT Pit: area 4.0 < 32; circularity 0.503 < 0.55
[CLEAN C14] type=Rejected area=15.0 perimeter=21.7 bbox=(290,933,7,7) long=7.3 box_short=4.4 box_aspect=1.643 skeleton_width=2.40 skeleton_range=2.00-4.00 skeleton_aspect=3.031 merge_ratio=0.859 circularity=0.402
[CLEAN C14] REJECT ROI: 触及 ROI 下边界，可能是钢轴底缘/背景
[CLEAN C15] type=Rejected candidate=Scratch area=119.0 perimeter=103.1 bbox=(1145,932,44,6) long=43.0 box_short=5.0 box_aspect=8.600 skeleton_width=4.00 skeleton_range=2.00-5.60 skeleton_aspect=10.750 merge_ratio=0.692 circularity=0.141
[CLEAN C15] REJECT Scratch: 不可测: 划痕最大宽度点超出中央有效测量区域
[MEASURE C15] Scratch 不可测: 划痕最大宽度点超出中央有效测量区域
[CLEAN C16] type=Rejected area=5.5 perimeter=9.4 bbox=(959,932,4,3) long=3.0 box_short=2.0 box_aspect=1.500 skeleton_width=2.00 skeleton_range=2.00-4.00 skeleton_aspect=1.500 merge_ratio=0.917 circularity=0.780
[CLEAN C16] REJECT Scratch: area 5.5 < 20; long_side 3.0 < 10; skeleton_aspect 1.500 < 2.5
[CLEAN C16] REJECT Pit: area 5.5 < 32
[CLEAN C17] type=Rejected area=2.0 perimeter=6.0 bbox=(946,932,3,2) long=2.0 box_short=1.0 box_aspect=2.000 skeleton_width=2.00 skeleton_range=2.00-2.00 skeleton_aspect=1.000 merge_ratio=0.500 circularity=0.698
[CLEAN C17] REJECT Scratch: area 2.0 < 20; long_side 2.0 < 10; skeleton_aspect 1.000 < 2.5
[CLEAN C17] REJECT Pit: area 2.0 < 32
[CLEAN C18] type=Rejected area=23.5 perimeter=21.9 bbox=(712,932,7,8) long=9.2 box_short=4.2 box_aspect=2.167 skeleton_width=4.00 skeleton_range=2.00-4.39 skeleton_aspect=2.298 merge_ratio=0.639 circularity=0.616
[CLEAN C18] REJECT ROI: 触及 ROI 下边界，可能是钢轴底缘/背景
[CLEAN C19] type=Rejected candidate=Scratch area=26.5 perimeter=27.1 bbox=(1195,931,12,5) long=11.2 box_short=3.8 box_aspect=2.957 skeleton_width=4.00 skeleton_range=2.00-4.00 skeleton_aspect=2.795 merge_ratio=0.593 circularity=0.454
[CLEAN C19] REJECT Scratch: 不可测: 划痕最大宽度点超出中央有效测量区域
[MEASURE C19] Scratch 不可测: 划痕最大宽度点超出中央有效测量区域
[CLEAN C20] type=Rejected area=39.5 perimeter=27.1 bbox=(522,931,8,9) long=8.0 box_short=7.0 box_aspect=1.143 skeleton_width=4.00 skeleton_range=2.00-6.39 skeleton_aspect=2.000 merge_ratio=1.234 circularity=0.677
[CLEAN C20] REJECT ROI: 触及 ROI 下边界，可能是钢轴底缘/背景
[CLEAN C21] type=Rejected candidate=Scratch area=92.5 perimeter=67.2 bbox=(1209,930,28,7) long=27.0 box_short=6.0 box_aspect=4.500 skeleton_width=4.00 skeleton_range=2.00-6.00 skeleton_aspect=6.750 merge_ratio=0.856 circularity=0.257
[CLEAN C21] REJECT Scratch: 不可测: 划痕最大宽度点超出中央有效测量区域
[MEASURE C21] Scratch 不可测: 划痕最大宽度点超出中央有效测量区域
[CLEAN C22] type=Rejected candidate=Scratch area=90.0 perimeter=67.8 bbox=(1246,929,30,5) long=29.0 box_short=4.0 box_aspect=7.250 skeleton_width=4.00 skeleton_range=2.00-6.00 skeleton_aspect=7.250 merge_ratio=0.776 circularity=0.246
[CLEAN C22] REJECT Scratch: 不可测: 划痕最大宽度点超出中央有效测量区域
[MEASURE C22] Scratch 不可测: 划痕最大宽度点超出中央有效测量区域
[CLEAN C23] type=Rejected area=13.0 perimeter=14.8 bbox=(627,929,4,6) long=5.0 box_short=3.0 box_aspect=1.667 skeleton_width=3.40 skeleton_range=2.00-4.00 skeleton_aspect=1.471 merge_ratio=0.765 circularity=0.743
[CLEAN C23] REJECT Scratch: area 13.0 < 20; long_side 5.0 < 10; skeleton_aspect 1.471 < 2.5
[CLEAN C23] REJECT Pit: area 13.0 < 32
[CLEAN C24] type=Rejected area=7.0 perimeter=11.7 bbox=(181,929,5,4) long=4.4 box_short=2.5 box_aspect=1.750 skeleton_width=2.80 skeleton_range=2.00-2.80 skeleton_aspect=1.581 merge_ratio=0.565 circularity=0.647
[CLEAN C24] REJECT Scratch: area 7.0 < 20; long_side 4.4 < 10; skeleton_aspect 1.581 < 2.5
[CLEAN C24] REJECT Pit: area 7.0 < 32
[CLEAN C25] type=Rejected area=10.0 perimeter=12.8 bbox=(165,927,4,5) long=4.0 box_short=3.0 box_aspect=1.333 skeleton_width=2.80 skeleton_range=2.00-4.00 skeleton_aspect=1.429 merge_ratio=0.893 circularity=0.764
[CLEAN C25] REJECT Scratch: area 10.0 < 20; long_side 4.0 < 10; skeleton_aspect 1.429 < 2.5; box_aspect 1.333 < 1.5
[CLEAN C25] REJECT Pit: area 10.0 < 32
[CLEAN C26] type=Rejected area=3.5 perimeter=7.4 bbox=(1135,926,3,3) long=2.0 box_short=2.0 box_aspect=1.000 skeleton_width=2.00 skeleton_range=2.00-2.80 skeleton_aspect=1.000 merge_ratio=0.875 circularity=0.800
[CLEAN C26] REJECT Scratch: area 3.5 < 20; long_side 2.0 < 10; skeleton_aspect 1.000 < 2.5; box_aspect 1.000 < 1.5
[CLEAN C26] REJECT Pit: area 3.5 < 32
[CLEAN C27] type=Rejected area=16.5 perimeter=18.2 bbox=(635,926,4,8) long=7.0 box_short=3.0 box_aspect=2.333 skeleton_width=3.40 skeleton_range=2.00-4.00 skeleton_aspect=2.059 merge_ratio=0.693 circularity=0.623
[CLEAN C27] REJECT Scratch: area 16.5 < 20; long_side 7.0 < 10; skeleton_aspect 2.059 < 2.5
[CLEAN C27] REJECT Pit: area 16.5 < 32
[CLEAN C28] type=Rejected area=9.0 perimeter=16.8 bbox=(553,926,3,8) long=7.0 box_short=2.0 box_aspect=3.500 skeleton_width=2.00 skeleton_range=2.00-2.80 skeleton_aspect=3.500 merge_ratio=0.643 circularity=0.399
[CLEAN C28] REJECT Scratch: area 9.0 < 20; long_side 7.0 < 10
[CLEAN C28] REJECT Pit: area 9.0 < 32; circularity 0.399 < 0.55
[CLEAN C29] type=Rejected area=8.5 perimeter=14.2 bbox=(150,926,5,5) long=5.7 box_short=2.8 box_aspect=2.000 skeleton_width=2.00 skeleton_range=2.00-2.80 skeleton_aspect=2.828 merge_ratio=0.751 circularity=0.527
[CLEAN C29] REJECT Scratch: area 8.5 < 20; long_side 5.7 < 10
[CLEAN C29] REJECT Pit: area 8.5 < 32; circularity 0.527 < 0.55
[CLEAN C30] type=Rejected area=3.0 perimeter=8.0 bbox=(280,925,4,2) long=3.0 box_short=1.0 box_aspect=3.000 skeleton_width=2.00 skeleton_range=2.00-2.00 skeleton_aspect=1.500 merge_ratio=0.500 circularity=0.589
[CLEAN C30] REJECT Scratch: area 3.0 < 20; long_side 3.0 < 10; skeleton_aspect 1.500 < 2.5
[CLEAN C30] REJECT Pit: area 3.0 < 32
[CLEAN C31] type=Rejected area=14.0 perimeter=15.7 bbox=(685,924,5,6) long=5.1 box_short=3.8 box_aspect=1.333 skeleton_width=2.80 skeleton_range=2.00-4.39 skeleton_aspect=1.807 merge_ratio=0.988 circularity=0.718
[CLEAN C31] REJECT Scratch: area 14.0 < 20; long_side 5.1 < 10; skeleton_aspect 1.807 < 2.5; box_aspect 1.333 < 1.5
[CLEAN C31] REJECT Pit: area 14.0 < 32
[CLEAN C32] type=Rejected area=65.0 perimeter=40.5 bbox=(451,924,8,16) long=16.0 box_short=5.7 box_aspect=2.797 skeleton_width=5.60 skeleton_range=2.00-6.00 skeleton_aspect=2.859 merge_ratio=0.725 circularity=0.498
[CLEAN C32] REJECT ROI: 触及 ROI 下边界，可能是钢轴底缘/背景
[CLEAN C33] type=Rejected area=14.5 perimeter=15.4 bbox=(702,923,4,6) long=5.0 box_short=3.0 box_aspect=1.667 skeleton_width=4.00 skeleton_range=2.00-4.00 skeleton_aspect=1.250 merge_ratio=0.725 circularity=0.767
[CLEAN C33] REJECT Scratch: area 14.5 < 20; long_side 5.0 < 10; skeleton_aspect 1.250 < 2.5
[CLEAN C33] REJECT Pit: area 14.5 < 32
[CLEAN C34] type=Rejected area=7.5 perimeter=11.4 bbox=(141,923,5,3) long=4.0 box_short=2.0 box_aspect=2.000 skeleton_width=2.40 skeleton_range=2.00-4.00 skeleton_aspect=1.667 merge_ratio=0.781 circularity=0.723
[CLEAN C34] REJECT Scratch: area 7.5 < 20; long_side 4.0 < 10; skeleton_aspect 1.667 < 2.5
[CLEAN C34] REJECT Pit: area 7.5 < 32
[CLEAN C35] type=Rejected area=4.0 perimeter=10.0 bbox=(135,923,2,5) long=4.0 box_short=1.0 box_aspect=4.000 skeleton_width=2.00 skeleton_range=2.00-2.00 skeleton_aspect=2.000 merge_ratio=0.500 circularity=0.503
[CLEAN C35] REJECT Scratch: area 4.0 < 20; long_side 4.0 < 10; skeleton_aspect 2.000 < 2.5
[CLEAN C35] REJECT Pit: area 4.0 < 32; circularity 0.503 < 0.55
[CLEAN C36] type=Rejected area=1.0 perimeter=4.0 bbox=(1184,922,2,2) long=1.0 box_short=1.0 box_aspect=1.000 skeleton_width=2.00 skeleton_range=2.00-2.00 skeleton_aspect=0.500 merge_ratio=0.500 circularity=0.785
[CLEAN C36] REJECT Scratch: area 1.0 < 20; long_side 1.0 < 10; skeleton_aspect 0.500 < 2.5; box_aspect 1.000 < 1.5
[CLEAN C36] REJECT Pit: area 1.0 < 32
[CLEAN C37] type=Rejected area=2.0 perimeter=6.0 bbox=(993,921,3,2) long=2.0 box_short=1.0 box_aspect=2.000 skeleton_width=2.00 skeleton_range=2.00-2.00 skeleton_aspect=1.000 merge_ratio=0.500 circularity=0.698
[CLEAN C37] REJECT Scratch: area 2.0 < 20; long_side 2.0 < 10; skeleton_aspect 1.000 < 2.5
[CLEAN C37] REJECT Pit: area 2.0 < 32
[CLEAN C38] type=Rejected area=5.0 perimeter=12.0 bbox=(1229,920,6,2) long=5.0 box_short=1.0 box_aspect=5.000 skeleton_width=2.00 skeleton_range=2.00-2.00 skeleton_aspect=2.500 merge_ratio=0.500 circularity=0.436
[CLEAN C38] REJECT Scratch: area 5.0 < 20; long_side 5.0 < 10
[CLEAN C38] REJECT Pit: area 5.0 < 32; circularity 0.436 < 0.55
[CLEAN C39] type=Rejected area=2.0 perimeter=6.0 bbox=(1188,920,3,2) long=2.0 box_short=1.0 box_aspect=2.000 skeleton_width=2.00 skeleton_range=2.00-2.00 skeleton_aspect=1.000 merge_ratio=0.500 circularity=0.698
[CLEAN C39] REJECT Scratch: area 2.0 < 20; long_side 2.0 < 10; skeleton_aspect 1.000 < 2.5
[CLEAN C39] REJECT Pit: area 2.0 < 32
[CLEAN C40] type=Rejected candidate=Scratch area=34.5 perimeter=26.2 bbox=(90,920,11,5) long=10.0 box_short=4.0 box_aspect=2.500 skeleton_width=4.00 skeleton_range=2.00-6.00 skeleton_aspect=2.500 merge_ratio=0.863 circularity=0.630
[CLEAN C40] REJECT Scratch: 不可测: 划痕最大宽度点超出中央有效测量区域
[MEASURE C40] Scratch 不可测: 划痕最大宽度点超出中央有效测量区域
[CLEAN C41] type=Rejected area=10.5 perimeter=14.2 bbox=(1177,919,6,4) long=5.0 box_short=3.0 box_aspect=1.667 skeleton_width=2.80 skeleton_range=2.00-4.00 skeleton_aspect=1.786 merge_ratio=0.750 circularity=0.650
[CLEAN C41] REJECT Scratch: area 10.5 < 20; long_side 5.0 < 10; skeleton_aspect 1.786 < 2.5
[CLEAN C41] REJECT Pit: area 10.5 < 32
[CLEAN C42] type=Rejected area=11.5 perimeter=16.2 bbox=(1000,919,7,4) long=6.0 box_short=3.0 box_aspect=2.000 skeleton_width=2.80 skeleton_range=2.00-4.00 skeleton_aspect=2.143 merge_ratio=0.685 circularity=0.548
[CLEAN C42] REJECT Scratch: area 11.5 < 20; long_side 6.0 < 10; skeleton_aspect 2.143 < 2.5
[CLEAN C42] REJECT Pit: area 11.5 < 32; circularity 0.548 < 0.55
[CLEAN C43] type=Rejected area=5.0 perimeter=8.8 bbox=(728,917,3,4) long=3.0 box_short=2.0 box_aspect=1.500 skeleton_width=2.40 skeleton_range=2.00-2.80 skeleton_aspect=1.250 merge_ratio=0.694 circularity=0.806
[CLEAN C43] REJECT Scratch: area 5.0 < 20; long_side 3.0 < 10; skeleton_aspect 1.250 < 2.5
[CLEAN C43] REJECT Pit: area 5.0 < 32
[CLEAN C44] type=Rejected area=1.0 perimeter=4.0 bbox=(233,916,2,2) long=1.0 box_short=1.0 box_aspect=1.000 skeleton_width=2.00 skeleton_range=2.00-2.00 skeleton_aspect=0.500 merge_ratio=0.500 circularity=0.785
[CLEAN C44] REJECT Scratch: area 1.0 < 20; long_side 1.0 < 10; skeleton_aspect 0.500 < 2.5; box_aspect 1.000 < 1.5
[CLEAN C44] REJECT Pit: area 1.0 < 32
[CLEAN C45] type=Rejected candidate=Scratch area=57.5 perimeter=51.2 bbox=(107,916,21,8) long=20.2 box_short=5.5 box_aspect=3.679 skeleton_width=4.00 skeleton_range=2.00-5.60 skeleton_aspect=5.050 merge_ratio=0.712 circularity=0.275
[CLEAN C45] REJECT Scratch: 不可测: 划痕最大宽度点超出中央有效测量区域
[MEASURE C45] Scratch 不可测: 划痕最大宽度点超出中央有效测量区域
[CLEAN C46] type=Rejected area=2.0 perimeter=6.0 bbox=(78,916,3,2) long=2.0 box_short=1.0 box_aspect=2.000 skeleton_width=2.00 skeleton_range=2.00-2.00 skeleton_aspect=1.000 merge_ratio=0.500 circularity=0.698
[CLEAN C46] REJECT Scratch: area 2.0 < 20; long_side 2.0 < 10; skeleton_aspect 1.000 < 2.5
[CLEAN C46] REJECT Pit: area 2.0 < 32
[CLEAN C47] type=Rejected area=11.5 perimeter=16.2 bbox=(1020,915,6,5) long=5.0 box_short=4.0 box_aspect=1.250 skeleton_width=2.00 skeleton_range=2.00-4.00 skeleton_aspect=2.500 merge_ratio=1.150 circularity=0.548
[CLEAN C47] REJECT Scratch: area 11.5 < 20; long_side 5.0 < 10; box_aspect 1.250 < 1.5
[CLEAN C47] REJECT Pit: area 11.5 < 32; circularity 0.548 < 0.55
[CLEAN C48] type=Rejected candidate=Scratch area=166.5 perimeter=151.2 bbox=(0,915,72,7) long=71.1 box_short=4.4 box_aspect=16.117 skeleton_width=4.00 skeleton_range=2.00-4.00 skeleton_aspect=17.774 merge_ratio=0.585 circularity=0.092
[CLEAN C48] REJECT Scratch: 不可测: 划痕最大宽度点超出中央有效测量区域
[MEASURE C48] Scratch 不可测: 划痕最大宽度点超出中央有效测量区域
[CLEAN C49] type=Rejected candidate=Scratch area=30.5 perimeter=33.1 bbox=(1028,914,13,5) long=12.0 box_short=4.0 box_aspect=3.000 skeleton_width=2.80 skeleton_range=2.00-4.39 skeleton_aspect=4.286 merge_ratio=0.908 circularity=0.350
[CLEAN C49] REJECT Scratch: 不可测: 划痕最大宽度点超出中央有效测量区域
[MEASURE C49] Scratch 不可测: 划痕最大宽度点超出中央有效测量区域
[CLEAN C50] type=Rejected candidate=Pit area=39.0 perimeter=28.5 bbox=(1045,913,10,8) long=9.0 box_short=7.0 box_aspect=1.286 skeleton_width=4.39 skeleton_range=2.00-6.00 skeleton_aspect=2.048 merge_ratio=0.986 circularity=0.604
[CLEAN C50] REJECT Pit: 不可测: 凹点中心超出中央有效测量区域
[MEASURE C50] Pit 不可测: 凹点中心超出中央有效测量区域
[CLEAN C51] type=Rejected area=3.5 perimeter=7.4 bbox=(874,913,3,3) long=2.0 box_short=2.0 box_aspect=1.000 skeleton_width=2.00 skeleton_range=2.00-2.80 skeleton_aspect=1.000 merge_ratio=0.875 circularity=0.800
[CLEAN C51] REJECT Scratch: area 3.5 < 20; long_side 2.0 < 10; skeleton_aspect 1.000 < 2.5; box_aspect 1.000 < 1.5
[CLEAN C51] REJECT Pit: area 3.5 < 32
[CLEAN C52] type=Rejected candidate=Scratch area=113.0 perimeter=92.6 bbox=(1057,912,41,7) long=40.0 box_short=6.0 box_aspect=6.705 skeleton_width=4.00 skeleton_range=2.00-6.00 skeleton_aspect=9.991 merge_ratio=0.707 circularity=0.166
[CLEAN C52] REJECT Scratch: 不可测: 划痕最大宽度点超出中央有效测量区域
[MEASURE C52] Scratch 不可测: 划痕最大宽度点超出中央有效测量区域
[CLEAN C53] type=Rejected area=20.5 perimeter=23.1 bbox=(1104,911,10,5) long=9.8 box_short=3.6 box_aspect=2.750 skeleton_width=2.40 skeleton_range=2.00-4.39 skeleton_aspect=4.099 merge_ratio=0.868 circularity=0.484
[CLEAN C53] REJECT Scratch: long_side 9.8 < 10
[CLEAN C53] REJECT Pit: area 20.5 < 32; circularity 0.484 < 0.55
[CLEAN C54] type=Rejected candidate=Scratch area=38.5 perimeter=35.9 bbox=(891,910,15,5) long=14.0 box_short=4.0 box_aspect=3.500 skeleton_width=4.00 skeleton_range=2.00-5.60 skeleton_aspect=3.500 merge_ratio=0.688 circularity=0.375
[CLEAN C54] REJECT Scratch: 尺寸 0.123625 mm < 0.25 mm
[MEASURE C54] Scratch width=0.123625 mm valid=False
[CLEAN C55] type=Rejected candidate=Pit area=34.5 perimeter=23.9 bbox=(637,909,8,8) long=7.0 box_short=7.0 box_aspect=1.000 skeleton_width=4.39 skeleton_range=2.00-6.39 skeleton_aspect=1.593 merge_ratio=1.122 circularity=0.759
[CLEAN C55] REJECT Pit: 尺寸 0.202451 mm < 0.25 mm
[MEASURE C55] Pit diameter=0.202451 mm valid=False
[CLEAN C56] type=Rejected area=5.0 perimeter=8.8 bbox=(11,909,4,3) long=3.0 box_short=2.0 box_aspect=1.500 skeleton_width=2.40 skeleton_range=2.00-2.80 skeleton_aspect=1.250 merge_ratio=0.694 circularity=0.806
[CLEAN C56] REJECT Scratch: area 5.0 < 20; long_side 3.0 < 10; skeleton_aspect 1.250 < 2.5
[CLEAN C56] REJECT Pit: area 5.0 < 32
[CLEAN C57] type=Rejected candidate=Scratch area=101.5 perimeter=46.7 bbox=(411,907,8,19) long=18.0 box_short=7.0 box_aspect=2.571 skeleton_width=6.39 skeleton_range=2.00-8.00 skeleton_aspect=2.815 merge_ratio=0.882 circularity=0.584
[CLEAN C57] REJECT Scratch: 尺寸 0.181806 mm < 0.25 mm
[MEASURE C57] Scratch width=0.181806 mm valid=False
[CLEAN C58] type=Rejected area=10.0 perimeter=18.8 bbox=(1118,906,9,3) long=8.0 box_short=2.0 box_aspect=4.000 skeleton_width=2.00 skeleton_range=2.00-2.80 skeleton_aspect=4.000 merge_ratio=0.625 circularity=0.354
[CLEAN C58] REJECT Scratch: area 10.0 < 20; long_side 8.0 < 10
[CLEAN C58] REJECT Pit: area 10.0 < 32; circularity 0.354 < 0.55
[CLEAN C59] type=Rejected candidate=Scratch area=131.5 perimeter=97.2 bbox=(71,906,44,8) long=43.0 box_short=6.5 box_aspect=6.657 skeleton_width=4.00 skeleton_range=2.00-6.00 skeleton_aspect=10.758 merge_ratio=0.764 circularity=0.175
[CLEAN C59] REJECT Scratch: 不可测: 划痕最大宽度点超出中央有效测量区域
[MEASURE C59] Scratch 不可测: 划痕最大宽度点超出中央有效测量区域
[CLEAN C60] type=Rejected area=1.0 perimeter=4.0 bbox=(915,905,2,2) long=1.0 box_short=1.0 box_aspect=1.000 skeleton_width=2.00 skeleton_range=2.00-2.00 skeleton_aspect=0.500 merge_ratio=0.500 circularity=0.785
[CLEAN C60] REJECT Scratch: area 1.0 < 20; long_side 1.0 < 10; skeleton_aspect 0.500 < 2.5; box_aspect 1.000 < 1.5
[CLEAN C60] REJECT Pit: area 1.0 < 32
[CLEAN C61] type=Rejected candidate=Scratch area=24.5 perimeter=27.1 bbox=(714,905,5,12) long=11.3 box_short=3.9 box_aspect=2.914 skeleton_width=3.40 skeleton_range=2.00-4.00 skeleton_aspect=3.313 merge_ratio=0.640 circularity=0.420
[CLEAN C61] REJECT Scratch: 尺寸 0.076996 mm < 0.25 mm
[MEASURE C61] Scratch width=0.076996 mm valid=False
[CLEAN C62] type=Rejected area=1.0 perimeter=4.0 bbox=(152,905,2,2) long=1.0 box_short=1.0 box_aspect=1.000 skeleton_width=2.00 skeleton_range=2.00-2.00 skeleton_aspect=0.500 merge_ratio=0.500 circularity=0.785
[CLEAN C62] REJECT Scratch: area 1.0 < 20; long_side 1.0 < 10; skeleton_aspect 0.500 < 2.5; box_aspect 1.000 < 1.5
[CLEAN C62] REJECT Pit: area 1.0 < 32
[CLEAN C63] type=Rejected area=16.0 perimeter=29.7 bbox=(1058,903,14,3) long=13.0 box_short=2.0 box_aspect=6.500 skeleton_width=2.00 skeleton_range=2.00-4.00 skeleton_aspect=6.500 merge_ratio=0.615 circularity=0.229
[CLEAN C63] REJECT Scratch: area 16.0 < 20
[CLEAN C63] REJECT Pit: area 16.0 < 32; circularity 0.229 < 0.55; aspect_ratio 6.500 > 5.0
[CLEAN C64] type=Rejected area=6.0 perimeter=10.0 bbox=(143,903,4,3) long=3.0 box_short=2.0 box_aspect=1.500 skeleton_width=2.00 skeleton_range=2.00-4.00 skeleton_aspect=1.500 merge_ratio=1.000 circularity=0.754
[CLEAN C64] REJECT Scratch: area 6.0 < 20; long_side 3.0 < 10; skeleton_aspect 1.500 < 2.5
[CLEAN C64] REJECT Pit: area 6.0 < 32
[CLEAN C65] type=Rejected area=3.5 perimeter=7.4 bbox=(931,902,3,3) long=2.0 box_short=2.0 box_aspect=1.000 skeleton_width=2.00 skeleton_range=2.00-2.80 skeleton_aspect=1.000 merge_ratio=0.875 circularity=0.800
[CLEAN C65] REJECT Scratch: area 3.5 < 20; long_side 2.0 < 10; skeleton_aspect 1.000 < 2.5; box_aspect 1.000 < 1.5
[CLEAN C65] REJECT Pit: area 3.5 < 32
[CLEAN C66] type=Rejected area=4.5 perimeter=9.4 bbox=(471,902,3,4) long=3.0 box_short=2.0 box_aspect=1.500 skeleton_width=2.00 skeleton_range=2.00-2.80 skeleton_aspect=1.500 merge_ratio=0.750 circularity=0.638
[CLEAN C66] REJECT Scratch: area 4.5 < 20; long_side 3.0 < 10; skeleton_aspect 1.500 < 2.5
[CLEAN C66] REJECT Pit: area 4.5 < 32
[CLEAN C67] type=Rejected area=11.0 perimeter=14.8 bbox=(1108,901,7,3) long=6.0 box_short=2.0 box_aspect=3.000 skeleton_width=2.80 skeleton_range=2.00-4.00 skeleton_aspect=2.143 merge_ratio=0.655 circularity=0.629
[CLEAN C67] REJECT Scratch: area 11.0 < 20; long_side 6.0 < 10; skeleton_aspect 2.143 < 2.5
[CLEAN C67] REJECT Pit: area 11.0 < 32
[CLEAN C68] type=Rejected area=11.5 perimeter=17.4 bbox=(1097,901,8,3) long=7.0 box_short=2.0 box_aspect=3.500 skeleton_width=2.00 skeleton_range=2.00-4.00 skeleton_aspect=3.500 merge_ratio=0.821 circularity=0.477
[CLEAN C68] REJECT Scratch: area 11.5 < 20; long_side 7.0 < 10
[CLEAN C68] REJECT Pit: area 11.5 < 32; circularity 0.477 < 0.55
[CLEAN C69] type=Rejected candidate=Scratch area=32.0 perimeter=35.3 bbox=(1074,901,16,5) long=15.0 box_short=4.0 box_aspect=3.750 skeleton_width=2.80 skeleton_range=2.00-4.39 skeleton_aspect=5.357 merge_ratio=0.762 circularity=0.322
[CLEAN C69] REJECT Scratch: 不可测: 划痕最大宽度点超出中央有效测量区域
[MEASURE C69] Scratch 不可测: 划痕最大宽度点超出中央有效测量区域
[CLEAN C70] type=Rejected area=17.0 perimeter=19.7 bbox=(918,901,8,5) long=7.5 box_short=3.5 box_aspect=2.111 skeleton_width=2.80 skeleton_range=2.00-4.00 skeleton_aspect=2.662 merge_ratio=0.815 circularity=0.553
[CLEAN C70] REJECT Scratch: area 17.0 < 20; long_side 7.5 < 10
[CLEAN C70] REJECT Pit: area 17.0 < 32
[CLEAN C71] type=Rejected area=1.0 perimeter=4.0 bbox=(663,901,2,2) long=1.0 box_short=1.0 box_aspect=1.000 skeleton_width=2.00 skeleton_range=2.00-2.00 skeleton_aspect=0.500 merge_ratio=0.500 circularity=0.785
[CLEAN C71] REJECT Scratch: area 1.0 < 20; long_side 1.0 < 10; skeleton_aspect 0.500 < 2.5; box_aspect 1.000 < 1.5
[CLEAN C71] REJECT Pit: area 1.0 < 32
[CLEAN C72] type=Rejected area=9.5 perimeter=15.4 bbox=(1123,900,7,3) long=6.0 box_short=2.0 box_aspect=3.000 skeleton_width=2.00 skeleton_range=2.00-4.00 skeleton_aspect=3.000 merge_ratio=0.792 circularity=0.502
[CLEAN C72] REJECT Scratch: area 9.5 < 20; long_side 6.0 < 10
[CLEAN C72] REJECT Pit: area 9.5 < 32; circularity 0.502 < 0.55
[CLEAN C73] type=Rejected area=3.5 perimeter=7.4 bbox=(467,900,3,3) long=2.0 box_short=2.0 box_aspect=1.000 skeleton_width=2.00 skeleton_range=2.00-2.80 skeleton_aspect=1.000 merge_ratio=0.875 circularity=0.800
[CLEAN C73] REJECT Scratch: area 3.5 < 20; long_side 2.0 < 10; skeleton_aspect 1.000 < 2.5; box_aspect 1.000 < 1.5
[CLEAN C73] REJECT Pit: area 3.5 < 32
[CLEAN C74] type=Rejected candidate=Scratch area=333.0 perimeter=273.6 bbox=(1129,899,125,9) long=124.0 box_short=8.0 box_aspect=15.500 skeleton_width=4.00 skeleton_range=2.00-6.39 skeleton_aspect=31.000 merge_ratio=0.671 circularity=0.056
[CLEAN C74] REJECT Scratch: 不可测: 划痕最大宽度点超出中央有效测量区域
[MEASURE C74] Scratch 不可测: 划痕最大宽度点超出中央有效测量区域
[CLEAN C75] type=Rejected candidate=Scratch area=66.5 perimeter=38.4 bbox=(695,899,9,16) long=15.7 box_short=6.3 box_aspect=2.500 skeleton_width=5.00 skeleton_range=2.00-7.19 skeleton_aspect=3.132 merge_ratio=0.850 circularity=0.567
[CLEAN C75] REJECT Scratch: 尺寸 0.171175 mm < 0.25 mm
[MEASURE C75] Scratch width=0.171175 mm valid=False
[CLEAN C76] type=Rejected area=2.0 perimeter=6.0 bbox=(386,899,2,3) long=2.0 box_short=1.0 box_aspect=2.000 skeleton_width=2.00 skeleton_range=2.00-2.00 skeleton_aspect=1.000 merge_ratio=0.500 circularity=0.698
[CLEAN C76] REJECT Scratch: area 2.0 < 20; long_side 2.0 < 10; skeleton_aspect 1.000 < 2.5
[CLEAN C76] REJECT Pit: area 2.0 < 32
[CLEAN C77] type=Rejected area=6.0 perimeter=10.8 bbox=(73,899,5,3) long=4.0 box_short=2.0 box_aspect=2.000 skeleton_width=2.00 skeleton_range=2.00-2.80 skeleton_aspect=2.000 merge_ratio=0.750 circularity=0.643
[CLEAN C77] REJECT Scratch: area 6.0 < 20; long_side 4.0 < 10; skeleton_aspect 2.000 < 2.5
[CLEAN C77] REJECT Pit: area 6.0 < 32
[CLEAN C78] type=Rejected area=16.5 perimeter=17.1 bbox=(904,898,6,6) long=5.7 box_short=4.2 box_aspect=1.333 skeleton_width=3.40 skeleton_range=2.00-4.39 skeleton_aspect=1.664 merge_ratio=0.858 circularity=0.711
[CLEAN C78] REJECT Scratch: area 16.5 < 20; long_side 5.7 < 10; skeleton_aspect 1.664 < 2.5; box_aspect 1.333 < 1.5
[CLEAN C78] REJECT Pit: area 16.5 < 32
[CLEAN C79] type=Rejected area=12.5 perimeter=14.2 bbox=(874,898,5,5) long=4.0 box_short=4.0 box_aspect=1.000 skeleton_width=3.00 skeleton_range=2.00-4.39 skeleton_aspect=1.333 merge_ratio=1.042 circularity=0.774
[CLEAN C79] REJECT Scratch: area 12.5 < 20; long_side 4.0 < 10; skeleton_aspect 1.333 < 2.5; box_aspect 1.000 < 1.5
[CLEAN C79] REJECT Pit: area 12.5 < 32
[CLEAN C80] type=Rejected candidate=Scratch area=36.5 perimeter=39.9 bbox=(124,898,15,9) long=16.1 box_short=4.6 box_aspect=3.527 skeleton_width=2.80 skeleton_range=2.00-4.39 skeleton_aspect=5.734 merge_ratio=0.812 circularity=0.288
[CLEAN C80] REJECT Scratch: 不可测: 划痕最大宽度点超出中央有效测量区域
[MEASURE C80] Scratch 不可测: 划痕最大宽度点超出中央有效测量区域
[CLEAN C81] type=Rejected area=7.0 perimeter=12.8 bbox=(1178,897,6,3) long=5.0 box_short=2.0 box_aspect=2.500 skeleton_width=2.00 skeleton_range=2.00-2.80 skeleton_aspect=2.500 merge_ratio=0.700 circularity=0.535
[CLEAN C81] REJECT Scratch: area 7.0 < 20; long_side 5.0 < 10
[CLEAN C81] REJECT Pit: area 7.0 < 32; circularity 0.535 < 0.55
[CLEAN C82] type=Rejected area=1.0 perimeter=4.0 bbox=(1268,895,2,2) long=1.0 box_short=1.0 box_aspect=1.000 skeleton_width=2.00 skeleton_range=2.00-2.00 skeleton_aspect=0.500 merge_ratio=0.500 circularity=0.785
[CLEAN C82] REJECT Scratch: area 1.0 < 20; long_side 1.0 < 10; skeleton_aspect 0.500 < 2.5; box_aspect 1.000 < 1.5
[CLEAN C82] REJECT Pit: area 1.0 < 32
[CLEAN C83] type=Rejected area=1.0 perimeter=4.0 bbox=(13,895,2,2) long=1.0 box_short=1.0 box_aspect=1.000 skeleton_width=2.00 skeleton_range=2.00-2.00 skeleton_aspect=0.500 merge_ratio=0.500 circularity=0.785
[CLEAN C83] REJECT Scratch: area 1.0 < 20; long_side 1.0 < 10; skeleton_aspect 0.500 < 2.5; box_aspect 1.000 < 1.5
[CLEAN C83] REJECT Pit: area 1.0 < 32
[CLEAN C84] type=Rejected candidate=Scratch area=96.5 perimeter=46.7 bbox=(450,894,8,20) long=19.3 box_short=6.6 box_aspect=2.918 skeleton_width=6.00 skeleton_range=2.00-8.00 skeleton_aspect=3.214 merge_ratio=0.834 circularity=0.555
[CLEAN C84] REJECT Scratch: 尺寸 0.177856 mm < 0.25 mm
[MEASURE C84] Scratch width=0.177856 mm valid=False
[CLEAN C85] type=Rejected candidate=Scratch area=51.0 perimeter=43.3 bbox=(55,894,18,6) long=17.0 box_short=5.0 box_aspect=3.400 skeleton_width=2.80 skeleton_range=2.00-6.00 skeleton_aspect=6.071 merge_ratio=1.071 circularity=0.342
[CLEAN C85] REJECT Scratch: 不可测: 划痕最大宽度点超出中央有效测量区域
[MEASURE C85] Scratch 不可测: 划痕最大宽度点超出中央有效测量区域
[CLEAN C86] type=Rejected area=1.0 perimeter=4.0 bbox=(30,894,2,2) long=1.0 box_short=1.0 box_aspect=1.000 skeleton_width=2.00 skeleton_range=2.00-2.00 skeleton_aspect=0.500 merge_ratio=0.500 circularity=0.785
[CLEAN C86] REJECT Scratch: area 1.0 < 20; long_side 1.0 < 10; skeleton_aspect 0.500 < 2.5; box_aspect 1.000 < 1.5
[CLEAN C86] REJECT Pit: area 1.0 < 32
[CLEAN C87] type=Rejected area=4.0 perimeter=8.0 bbox=(145,893,3,3) long=2.0 box_short=2.0 box_aspect=1.000 skeleton_width=2.00 skeleton_range=2.00-4.00 skeleton_aspect=1.000 merge_ratio=1.000 circularity=0.785
[CLEAN C87] REJECT Scratch: area 4.0 < 20; long_side 2.0 < 10; skeleton_aspect 1.000 < 2.5; box_aspect 1.000 < 1.5
[CLEAN C87] REJECT Pit: area 4.0 < 32
[CLEAN C88] type=Rejected area=4.0 perimeter=10.0 bbox=(1216,892,5,2) long=4.0 box_short=1.0 box_aspect=4.000 skeleton_width=2.00 skeleton_range=2.00-2.00 skeleton_aspect=2.000 merge_ratio=0.500 circularity=0.503
[CLEAN C88] REJECT Scratch: area 4.0 < 20; long_side 4.0 < 10; skeleton_aspect 2.000 < 2.5
[CLEAN C88] REJECT Pit: area 4.0 < 32; circularity 0.503 < 0.55
[CLEAN C89] type=Rejected area=5.5 perimeter=9.4 bbox=(111,892,3,4) long=3.0 box_short=2.0 box_aspect=1.500 skeleton_width=2.00 skeleton_range=2.00-4.00 skeleton_aspect=1.500 merge_ratio=0.917 circularity=0.780
[CLEAN C89] REJECT Scratch: area 5.5 < 20; long_side 3.0 < 10; skeleton_aspect 1.500 < 2.5
[CLEAN C89] REJECT Pit: area 5.5 < 32
[CLEAN C90] type=Rejected candidate=Scratch area=46.0 perimeter=55.7 bbox=(538,891,4,27) long=26.0 box_short=3.0 box_aspect=8.667 skeleton_width=2.00 skeleton_range=2.00-4.00 skeleton_aspect=13.000 merge_ratio=0.885 circularity=0.187
[CLEAN C90] REJECT Scratch: 尺寸 0.095171 mm < 0.25 mm
[MEASURE C90] Scratch width=0.095171 mm valid=False
[CLEAN C91] type=Rejected area=2.0 perimeter=6.0 bbox=(1266,890,3,2) long=2.0 box_short=1.0 box_aspect=2.000 skeleton_width=2.00 skeleton_range=2.00-2.00 skeleton_aspect=1.000 merge_ratio=0.500 circularity=0.698
[CLEAN C91] REJECT Scratch: area 2.0 < 20; long_side 2.0 < 10; skeleton_aspect 1.000 < 2.5
[CLEAN C91] REJECT Pit: area 2.0 < 32
[CLEAN C92] type=Rejected candidate=Pit area=49.5 perimeter=26.7 bbox=(594,890,9,9) long=8.0 box_short=8.0 box_aspect=1.000 skeleton_width=5.00 skeleton_range=2.00-8.39 skeleton_aspect=1.601 merge_ratio=1.238 circularity=0.871
[CLEAN C92] REJECT Pit: 尺寸 0.219170 mm < 0.25 mm
[MEASURE C92] Pit diameter=0.219170 mm valid=False
[CLEAN C93] type=Rejected area=3.0 perimeter=8.0 bbox=(630,888,2,4) long=3.0 box_short=1.0 box_aspect=3.000 skeleton_width=2.00 skeleton_range=2.00-2.00 skeleton_aspect=1.500 merge_ratio=0.500 circularity=0.589
[CLEAN C93] REJECT Scratch: area 3.0 < 20; long_side 3.0 < 10; skeleton_aspect 1.500 < 2.5
[CLEAN C93] REJECT Pit: area 3.0 < 32
[CLEAN C94] type=Rejected area=1.0 perimeter=4.0 bbox=(145,888,2,2) long=1.0 box_short=1.0 box_aspect=1.000 skeleton_width=2.00 skeleton_range=2.00-2.00 skeleton_aspect=0.500 merge_ratio=0.500 circularity=0.785
[CLEAN C94] REJECT Scratch: area 1.0 < 20; long_side 1.0 < 10; skeleton_aspect 0.500 < 2.5; box_aspect 1.000 < 1.5
[CLEAN C94] REJECT Pit: area 1.0 < 32
[CLEAN C95] type=Rejected candidate=Scratch area=27.0 perimeter=24.5 bbox=(118,887,6,10) long=10.1 box_short=4.4 box_aspect=2.286 skeleton_width=4.00 skeleton_range=2.00-4.39 skeleton_aspect=2.530 merge_ratio=0.667 circularity=0.566
[CLEAN C95] REJECT Scratch: 不可测: 划痕最大宽度点超出中央有效测量区域
[MEASURE C95] Scratch 不可测: 划痕最大宽度点超出中央有效测量区域
[CLEAN C96] type=Rejected candidate=Scratch area=58.5 perimeter=64.0 bbox=(886,886,18,16) long=20.8 box_short=10.7 box_aspect=1.947 skeleton_width=2.80 skeleton_range=2.00-6.00 skeleton_aspect=7.431 merge_ratio=1.004 circularity=0.179
[CLEAN C96] REJECT Scratch: 尺寸 0.133423 mm < 0.25 mm
[MEASURE C96] Scratch width=0.133423 mm valid=False
[CLEAN C97] type=Rejected area=17.5 perimeter=30.2 bbox=(8,886,13,4) long=12.0 box_short=3.0 box_aspect=4.000 skeleton_width=2.00 skeleton_range=2.00-4.00 skeleton_aspect=6.000 merge_ratio=0.729 circularity=0.240
[CLEAN C97] REJECT Scratch: area 17.5 < 20
[CLEAN C97] REJECT Pit: area 17.5 < 32; circularity 0.240 < 0.55
[CLEAN C98] type=Rejected area=2.0 perimeter=6.0 bbox=(1255,885,3,2) long=2.0 box_short=1.0 box_aspect=2.000 skeleton_width=2.00 skeleton_range=2.00-2.00 skeleton_aspect=1.000 merge_ratio=0.500 circularity=0.698
[CLEAN C98] REJECT Scratch: area 2.0 < 20; long_side 2.0 < 10; skeleton_aspect 1.000 < 2.5
[CLEAN C98] REJECT Pit: area 2.0 < 32
[CLEAN C99] type=Rejected area=10.0 perimeter=11.7 bbox=(208,885,5,4) long=4.0 box_short=3.0 box_aspect=1.333 skeleton_width=2.80 skeleton_range=2.80-4.00 skeleton_aspect=1.429 merge_ratio=0.893 circularity=0.925
[CLEAN C99] REJECT Scratch: area 10.0 < 20; long_side 4.0 < 10; skeleton_aspect 1.429 < 2.5; box_aspect 1.333 < 1.5
[CLEAN C99] REJECT Pit: area 10.0 < 32
[CLEAN C100] type=Rejected area=1.0 perimeter=4.0 bbox=(680,883,2,2) long=1.0 box_short=1.0 box_aspect=1.000 skeleton_width=2.00 skeleton_range=2.00-2.00 skeleton_aspect=0.500 merge_ratio=0.500 circularity=0.785
[CLEAN C100] REJECT Scratch: area 1.0 < 20; long_side 1.0 < 10; skeleton_aspect 0.500 < 2.5; box_aspect 1.000 < 1.5
[CLEAN C100] REJECT Pit: area 1.0 < 32
[CLEAN C101] type=Rejected candidate=Scratch area=121.5 perimeter=74.0 bbox=(25,883,33,7) long=32.0 box_short=6.0 box_aspect=5.333 skeleton_width=4.39 skeleton_range=2.00-6.00 skeleton_aspect=7.283 merge_ratio=0.864 circularity=0.279
[CLEAN C101] REJECT Scratch: 不可测: 划痕最大宽度点超出中央有效测量区域
[MEASURE C101] Scratch 不可测: 划痕最大宽度点超出中央有效测量区域
[CLEAN C102] type=Rejected area=2.0 perimeter=6.0 bbox=(914,882,3,2) long=2.0 box_short=1.0 box_aspect=2.000 skeleton_width=2.00 skeleton_range=2.00-2.00 skeleton_aspect=1.000 merge_ratio=0.500 circularity=0.698
[CLEAN C102] REJECT Scratch: area 2.0 < 20; long_side 2.0 < 10; skeleton_aspect 1.000 < 2.5
[CLEAN C102] REJECT Pit: area 2.0 < 32
[CLEAN C103] type=Rejected candidate=Scratch area=95.5 perimeter=56.0 bbox=(479,881,20,10) long=19.1 box_short=8.3 box_aspect=2.293 skeleton_width=4.39 skeleton_range=2.00-8.39 skeleton_aspect=4.348 merge_ratio=1.138 circularity=0.382
[CLEAN C103] REJECT Scratch: 尺寸 0.212467 mm < 0.25 mm
[MEASURE C103] Scratch width=0.212467 mm valid=False
[CLEAN C104] type=Rejected area=1.0 perimeter=4.0 bbox=(453,881,2,2) long=1.0 box_short=1.0 box_aspect=1.000 skeleton_width=2.00 skeleton_range=2.00-2.00 skeleton_aspect=0.500 merge_ratio=0.500 circularity=0.785
[CLEAN C104] REJECT Scratch: area 1.0 < 20; long_side 1.0 < 10; skeleton_aspect 0.500 < 2.5; box_aspect 1.000 < 1.5
[CLEAN C104] REJECT Pit: area 1.0 < 32
[CLEAN C105] type=Rejected area=3.0 perimeter=8.0 bbox=(1136,880,4,2) long=3.0 box_short=1.0 box_aspect=3.000 skeleton_width=2.00 skeleton_range=2.00-2.00 skeleton_aspect=1.500 merge_ratio=0.500 circularity=0.589
[CLEAN C105] REJECT Scratch: area 3.0 < 20; long_side 3.0 < 10; skeleton_aspect 1.500 < 2.5
[CLEAN C105] REJECT Pit: area 3.0 < 32
[CLEAN C106] type=Rejected area=32.0 perimeter=27.3 bbox=(929,880,7,11) long=10.2 box_short=5.8 box_aspect=1.762 skeleton_width=4.20 skeleton_range=2.00-5.60 skeleton_aspect=2.422 merge_ratio=0.750 circularity=0.539
[CLEAN C106] REJECT Scratch: skeleton_aspect 2.422 < 2.5
[CLEAN C106] REJECT Pit: circularity 0.539 < 0.55
[CLEAN C107] type=Rejected area=15.5 perimeter=15.1 bbox=(837,880,6,5) long=5.0 box_short=4.0 box_aspect=1.250 skeleton_width=2.80 skeleton_range=2.80-4.39 skeleton_aspect=1.786 merge_ratio=1.107 circularity=0.858
[CLEAN C107] REJECT Scratch: area 15.5 < 20; long_side 5.0 < 10; skeleton_aspect 1.786 < 2.5; box_aspect 1.250 < 1.5
[CLEAN C107] REJECT Pit: area 15.5 < 32
[CLEAN C108] type=Rejected area=1.0 perimeter=4.0 bbox=(676,880,2,2) long=1.0 box_short=1.0 box_aspect=1.000 skeleton_width=2.00 skeleton_range=2.00-2.00 skeleton_aspect=0.500 merge_ratio=0.500 circularity=0.785
[CLEAN C108] REJECT Scratch: area 1.0 < 20; long_side 1.0 < 10; skeleton_aspect 0.500 < 2.5; box_aspect 1.000 < 1.5
[CLEAN C108] REJECT Pit: area 1.0 < 32
[CLEAN C109] type=Rejected area=1.0 perimeter=4.0 bbox=(669,880,2,2) long=1.0 box_short=1.0 box_aspect=1.000 skeleton_width=2.00 skeleton_range=2.00-2.00 skeleton_aspect=0.500 merge_ratio=0.500 circularity=0.785
[CLEAN C109] REJECT Scratch: area 1.0 < 20; long_side 1.0 < 10; skeleton_aspect 0.500 < 2.5; box_aspect 1.000 < 1.5
[CLEAN C109] REJECT Pit: area 1.0 < 32
[CLEAN C110] type=Rejected area=1.0 perimeter=4.0 bbox=(1200,878,2,2) long=1.0 box_short=1.0 box_aspect=1.000 skeleton_width=2.00 skeleton_range=2.00-2.00 skeleton_aspect=0.500 merge_ratio=0.500 circularity=0.785
[CLEAN C110] REJECT Scratch: area 1.0 < 20; long_side 1.0 < 10; skeleton_aspect 0.500 < 2.5; box_aspect 1.000 < 1.5
[CLEAN C110] REJECT Pit: area 1.0 < 32
[CLEAN C111] type=Rejected area=2.0 perimeter=6.0 bbox=(1063,878,3,2) long=2.0 box_short=1.0 box_aspect=2.000 skeleton_width=2.00 skeleton_range=2.00-2.00 skeleton_aspect=1.000 merge_ratio=0.500 circularity=0.698
[CLEAN C111] REJECT Scratch: area 2.0 < 20; long_side 2.0 < 10; skeleton_aspect 1.000 < 2.5
[CLEAN C111] REJECT Pit: area 2.0 < 32
[CLEAN C112] type=Rejected area=2.0 perimeter=6.0 bbox=(899,878,3,2) long=2.0 box_short=1.0 box_aspect=2.000 skeleton_width=2.00 skeleton_range=2.00-2.00 skeleton_aspect=1.000 merge_ratio=0.500 circularity=0.698
[CLEAN C112] REJECT Scratch: area 2.0 < 20; long_side 2.0 < 10; skeleton_aspect 1.000 < 2.5
[CLEAN C112] REJECT Pit: area 2.0 < 32
[CLEAN C113] type=Rejected area=13.0 perimeter=17.7 bbox=(88,878,5,7) long=6.1 box_short=3.6 box_aspect=1.667 skeleton_width=2.80 skeleton_range=2.00-4.00 skeleton_aspect=2.165 merge_ratio=0.766 circularity=0.524
[CLEAN C113] REJECT Scratch: area 13.0 < 20; long_side 6.1 < 10; skeleton_aspect 2.165 < 2.5
[CLEAN C113] REJECT Pit: area 13.0 < 32; circularity 0.524 < 0.55
[CLEAN C114] type=Rejected area=1.0 perimeter=4.0 bbox=(112,877,2,2) long=1.0 box_short=1.0 box_aspect=1.000 skeleton_width=2.00 skeleton_range=2.00-2.00 skeleton_aspect=0.500 merge_ratio=0.500 circularity=0.785
[CLEAN C114] REJECT Scratch: area 1.0 < 20; long_side 1.0 < 10; skeleton_aspect 0.500 < 2.5; box_aspect 1.000 < 1.5
[CLEAN C114] REJECT Pit: area 1.0 < 32
[CLEAN C115] type=Rejected area=1.0 perimeter=4.0 bbox=(217,875,2,2) long=1.0 box_short=1.0 box_aspect=1.000 skeleton_width=2.00 skeleton_range=2.00-2.00 skeleton_aspect=0.500 merge_ratio=0.500 circularity=0.785
[CLEAN C115] REJECT Scratch: area 1.0 < 20; long_side 1.0 < 10; skeleton_aspect 0.500 < 2.5; box_aspect 1.000 < 1.5
[CLEAN C115] REJECT Pit: area 1.0 < 32
[CLEAN C116] type=Rejected area=22.5 perimeter=25.1 bbox=(70,875,10,6) long=9.5 box_short=4.3 box_aspect=2.217 skeleton_width=2.80 skeleton_range=2.00-4.00 skeleton_aspect=3.382 merge_ratio=0.849 circularity=0.450
[CLEAN C116] REJECT Scratch: long_side 9.5 < 10
[CLEAN C116] REJECT Pit: area 22.5 < 32; circularity 0.450 < 0.55
[CLEAN C117] type=Rejected area=23.0 perimeter=20.5 bbox=(1183,874,9,5) long=8.0 box_short=4.0 box_aspect=2.000 skeleton_width=4.00 skeleton_range=2.00-5.60 skeleton_aspect=2.000 merge_ratio=0.719 circularity=0.689
[CLEAN C117] REJECT Scratch: long_side 8.0 < 10; skeleton_aspect 2.000 < 2.5
[CLEAN C117] REJECT Pit: area 23.0 < 32
[CLEAN C118] type=Rejected candidate=Scratch area=50.0 perimeter=57.0 bbox=(1154,874,20,9) long=19.5 box_short=7.6 box_aspect=2.551 skeleton_width=2.80 skeleton_range=2.00-5.60 skeleton_aspect=6.947 merge_ratio=0.918 circularity=0.194
[CLEAN C118] REJECT Scratch: 不可测: 划痕最大宽度点超出中央有效测量区域
[MEASURE C118] Scratch 不可测: 划痕最大宽度点超出中央有效测量区域
[CLEAN C119] type=Rejected area=4.0 perimeter=8.8 bbox=(1065,873,3,4) long=3.0 box_short=2.0 box_aspect=1.500 skeleton_width=2.00 skeleton_range=2.00-2.80 skeleton_aspect=1.500 merge_ratio=0.667 circularity=0.645
[CLEAN C119] REJECT Scratch: area 4.0 < 20; long_side 3.0 < 10; skeleton_aspect 1.500 < 2.5
[CLEAN C119] REJECT Pit: area 4.0 < 32
[CLEAN C120] type=Rejected area=16.5 perimeter=27.1 bbox=(917,872,7,8) long=7.4 box_short=5.4 box_aspect=1.364 skeleton_width=2.00 skeleton_range=2.00-4.00 skeleton_aspect=3.699 merge_ratio=1.115 circularity=0.283
[CLEAN C120] REJECT Scratch: area 16.5 < 20; long_side 7.4 < 10; box_aspect 1.364 < 1.5
[CLEAN C120] REJECT Pit: area 16.5 < 32; circularity 0.283 < 0.55
[CLEAN C121] type=Rejected area=16.0 perimeter=30.5 bbox=(1261,871,12,7) long=12.5 box_short=4.0 box_aspect=3.146 skeleton_width=2.00 skeleton_range=2.00-4.00 skeleton_aspect=6.265 merge_ratio=0.638 circularity=0.216
[CLEAN C121] REJECT Scratch: area 16.0 < 20
[CLEAN C121] REJECT Pit: area 16.0 < 32; circularity 0.216 < 0.55
[CLEAN C122] type=Rejected area=9.0 perimeter=16.8 bbox=(525,871,3,8) long=7.0 box_short=2.0 box_aspect=3.500 skeleton_width=2.00 skeleton_range=2.00-2.80 skeleton_aspect=3.500 merge_ratio=0.643 circularity=0.399
[CLEAN C122] REJECT Scratch: area 9.0 < 20; long_side 7.0 < 10
[CLEAN C122] REJECT Pit: area 9.0 < 32; circularity 0.399 < 0.55
[CLEAN C123] type=Rejected area=1.0 perimeter=4.0 bbox=(224,870,2,2) long=1.0 box_short=1.0 box_aspect=1.000 skeleton_width=2.00 skeleton_range=2.00-2.00 skeleton_aspect=0.500 merge_ratio=0.500 circularity=0.785
[CLEAN C123] REJECT Scratch: area 1.0 < 20; long_side 1.0 < 10; skeleton_aspect 0.500 < 2.5; box_aspect 1.000 < 1.5
[CLEAN C123] REJECT Pit: area 1.0 < 32
[CLEAN C124] type=Rejected area=11.0 perimeter=14.8 bbox=(105,870,6,4) long=5.0 box_short=3.0 box_aspect=1.667 skeleton_width=2.80 skeleton_range=2.00-4.00 skeleton_aspect=1.786 merge_ratio=0.786 circularity=0.629
[CLEAN C124] REJECT Scratch: area 11.0 < 20; long_side 5.0 < 10; skeleton_aspect 1.786 < 2.5
[CLEAN C124] REJECT Pit: area 11.0 < 32
[CLEAN C125] type=Rejected area=20.5 perimeter=19.1 bbox=(7,870,8,5) long=7.0 box_short=4.0 box_aspect=1.750 skeleton_width=4.00 skeleton_range=2.00-4.39 skeleton_aspect=1.750 merge_ratio=0.732 circularity=0.708
[CLEAN C125] REJECT Scratch: long_side 7.0 < 10; skeleton_aspect 1.750 < 2.5
[CLEAN C125] REJECT Pit: area 20.5 < 32
[CLEAN C126] type=Rejected area=1.0 perimeter=4.0 bbox=(1042,869,2,2) long=1.0 box_short=1.0 box_aspect=1.000 skeleton_width=2.00 skeleton_range=2.00-2.00 skeleton_aspect=0.500 merge_ratio=0.500 circularity=0.785
[CLEAN C126] REJECT Scratch: area 1.0 < 20; long_side 1.0 < 10; skeleton_aspect 0.500 < 2.5; box_aspect 1.000 < 1.5
[CLEAN C126] REJECT Pit: area 1.0 < 32
[CLEAN C127] type=Rejected candidate=Scratch area=52.5 perimeter=33.1 bbox=(24,869,12,8) long=11.0 box_short=7.0 box_aspect=1.571 skeleton_width=4.00 skeleton_range=2.00-7.19 skeleton_aspect=2.750 merge_ratio=1.193 circularity=0.603
[CLEAN C127] REJECT Scratch: 不可测: 划痕最大宽度点超出中央有效测量区域
[MEASURE C127] Scratch 不可测: 划痕最大宽度点超出中央有效测量区域
[CLEAN C128] type=Rejected area=21.0 perimeter=18.8 bbox=(872,868,5,7) long=6.0 box_short=4.0 box_aspect=1.500 skeleton_width=4.00 skeleton_range=2.00-5.60 skeleton_aspect=1.500 merge_ratio=0.875 circularity=0.744
[CLEAN C128] REJECT Scratch: long_side 6.0 < 10; skeleton_aspect 1.500 < 2.5
[CLEAN C128] REJECT Pit: area 21.0 < 32
[CLEAN C129] type=Rejected area=1.0 perimeter=4.0 bbox=(1274,867,2,2) long=1.0 box_short=1.0 box_aspect=1.000 skeleton_width=2.00 skeleton_range=2.00-2.00 skeleton_aspect=0.500 merge_ratio=0.500 circularity=0.785
[CLEAN C129] REJECT Scratch: area 1.0 < 20; long_side 1.0 < 10; skeleton_aspect 0.500 < 2.5; box_aspect 1.000 < 1.5
[CLEAN C129] REJECT Pit: area 1.0 < 32
[CLEAN C130] type=Rejected candidate=Scratch area=34.0 perimeter=38.5 bbox=(884,867,7,15) long=14.9 box_short=4.3 box_aspect=3.455 skeleton_width=2.80 skeleton_range=2.00-4.39 skeleton_aspect=5.323 merge_ratio=0.815 circularity=0.288
[CLEAN C130] REJECT Scratch: 尺寸 0.101836 mm < 0.25 mm
[MEASURE C130] Scratch width=0.101836 mm valid=False
[CLEAN C131] type=Rejected area=5.0 perimeter=8.8 bbox=(621,867,3,4) long=3.0 box_short=2.0 box_aspect=1.500 skeleton_width=2.40 skeleton_range=2.00-2.80 skeleton_aspect=1.250 merge_ratio=0.694 circularity=0.806
[CLEAN C131] REJECT Scratch: area 5.0 < 20; long_side 3.0 < 10; skeleton_aspect 1.250 < 2.5
[CLEAN C131] REJECT Pit: area 5.0 < 32
[CLEAN C132] type=Rejected area=13.5 perimeter=15.1 bbox=(83,866,6,5) long=6.4 box_short=2.8 box_aspect=2.250 skeleton_width=3.40 skeleton_range=2.00-4.39 skeleton_aspect=1.872 merge_ratio=0.624 circularity=0.747
[CLEAN C132] REJECT Scratch: area 13.5 < 20; long_side 6.4 < 10; skeleton_aspect 1.872 < 2.5
[CLEAN C132] REJECT Pit: area 13.5 < 32
[CLEAN C133] type=Rejected candidate=Scratch area=23.0 perimeter=32.5 bbox=(1256,865,15,4) long=14.0 box_short=3.0 box_aspect=4.667 skeleton_width=2.00 skeleton_range=2.00-4.00 skeleton_aspect=7.000 merge_ratio=0.821 circularity=0.274
[CLEAN C133] REJECT Scratch: 不可测: 划痕最大宽度点超出中央有效测量区域
[MEASURE C133] Scratch 不可测: 划痕最大宽度点超出中央有效测量区域
[CLEAN C134] type=Rejected candidate=Scratch area=122.0 perimeter=127.1 bbox=(1202,865,52,11) long=51.1 box_short=9.6 box_aspect=5.311 skeleton_width=2.80 skeleton_range=2.00-6.00 skeleton_aspect=18.267 merge_ratio=0.852 circularity=0.095
[CLEAN C134] REJECT Scratch: 不可测: 划痕最大宽度点超出中央有效测量区域
[MEASURE C134] Scratch 不可测: 划痕最大宽度点超出中央有效测量区域
[CLEAN C135] type=Rejected area=2.0 perimeter=6.0 bbox=(751,865,2,3) long=2.0 box_short=1.0 box_aspect=2.000 skeleton_width=2.00 skeleton_range=2.00-2.00 skeleton_aspect=1.000 merge_ratio=0.500 circularity=0.698
[CLEAN C135] REJECT Scratch: area 2.0 < 20; long_side 2.0 < 10; skeleton_aspect 1.000 < 2.5
[CLEAN C135] REJECT Pit: area 2.0 < 32
[CLEAN C136] type=Pit area=110.5 perimeter=42.4 bbox=(631,865,11,16) long=15.0 box_short=10.0 box_aspect=1.500 skeleton_width=7.19 skeleton_range=2.80-9.99 skeleton_aspect=2.085 merge_ratio=1.024 circularity=0.773
[MEASURE C136] Pit diameter=0.380032 mm valid=True
Pit: area = 110.5 diameter_mm = 0.3800320625305176 circularity = 0.7729517058678664
[CLEAN C137] type=Rejected candidate=Scratch area=75.0 perimeter=86.5 bbox=(550,865,5,42) long=41.1 box_short=3.2 box_aspect=12.822 skeleton_width=2.80 skeleton_range=2.00-4.00 skeleton_aspect=14.682 merge_ratio=0.652 circularity=0.126
[CLEAN C137] REJECT Scratch: 尺寸 0.100829 mm < 0.25 mm
[MEASURE C137] Scratch width=0.100829 mm valid=False
[CLEAN C138] type=Rejected area=1.0 perimeter=4.0 bbox=(330,865,2,2) long=1.0 box_short=1.0 box_aspect=1.000 skeleton_width=2.00 skeleton_range=2.00-2.00 skeleton_aspect=0.500 merge_ratio=0.500 circularity=0.785
[CLEAN C138] REJECT Scratch: area 1.0 < 20; long_side 1.0 < 10; skeleton_aspect 0.500 < 2.5; box_aspect 1.000 < 1.5
[CLEAN C138] REJECT Pit: area 1.0 < 32
[CLEAN C139] type=Rejected area=1.0 perimeter=4.0 bbox=(1249,864,2,2) long=1.0 box_short=1.0 box_aspect=1.000 skeleton_width=2.00 skeleton_range=2.00-2.00 skeleton_aspect=0.500 merge_ratio=0.500 circularity=0.785
[CLEAN C139] REJECT Scratch: area 1.0 < 20; long_side 1.0 < 10; skeleton_aspect 0.500 < 2.5; box_aspect 1.000 < 1.5
[CLEAN C139] REJECT Pit: area 1.0 < 32
[CLEAN C140] type=Rejected area=3.5 perimeter=7.4 bbox=(141,864,3,3) long=2.0 box_short=2.0 box_aspect=1.000 skeleton_width=2.00 skeleton_range=2.00-2.80 skeleton_aspect=1.000 merge_ratio=0.875 circularity=0.800
[CLEAN C140] REJECT Scratch: area 3.5 < 20; long_side 2.0 < 10; skeleton_aspect 1.000 < 2.5; box_aspect 1.000 < 1.5
[CLEAN C140] REJECT Pit: area 3.5 < 32
[CLEAN C141] type=Rejected candidate=Scratch area=34.5 perimeter=41.9 bbox=(1168,863,17,6) long=16.0 box_short=5.0 box_aspect=3.200 skeleton_width=2.00 skeleton_range=2.00-4.39 skeleton_aspect=8.000 merge_ratio=1.078 circularity=0.247
[CLEAN C141] REJECT Scratch: 不可测: 划痕最大宽度点超出中央有效测量区域
[MEASURE C141] Scratch 不可测: 划痕最大宽度点超出中央有效测量区域
[CLEAN C142] type=Rejected area=24.5 perimeter=21.1 bbox=(673,863,6,8) long=7.9 box_short=4.4 box_aspect=1.786 skeleton_width=4.00 skeleton_range=2.00-5.60 skeleton_aspect=1.976 merge_ratio=0.775 circularity=0.693
[CLEAN C142] REJECT Scratch: long_side 7.9 < 10; skeleton_aspect 1.976 < 2.5
[CLEAN C142] REJECT Pit: area 24.5 < 32
[CLEAN C143] type=Rejected area=1.0 perimeter=4.0 bbox=(1216,862,2,2) long=1.0 box_short=1.0 box_aspect=1.000 skeleton_width=2.00 skeleton_range=2.00-2.00 skeleton_aspect=0.500 merge_ratio=0.500 circularity=0.785
[CLEAN C143] REJECT Scratch: area 1.0 < 20; long_side 1.0 < 10; skeleton_aspect 0.500 < 2.5; box_aspect 1.000 < 1.5
[CLEAN C143] REJECT Pit: area 1.0 < 32
[CLEAN C144] type=Rejected area=19.0 perimeter=37.3 bbox=(1187,862,17,6) long=16.7 box_short=2.3 box_aspect=7.242 skeleton_width=2.00 skeleton_range=2.00-2.80 skeleton_aspect=8.346 merge_ratio=0.569 circularity=0.171
[CLEAN C144] REJECT Scratch: area 19.0 < 20
[CLEAN C144] REJECT Pit: area 19.0 < 32; circularity 0.171 < 0.55; aspect_ratio 7.242 > 5.0
[CLEAN C145] type=Rejected area=3.0 perimeter=8.0 bbox=(1254,860,4,2) long=3.0 box_short=1.0 box_aspect=3.000 skeleton_width=2.00 skeleton_range=2.00-2.00 skeleton_aspect=1.500 merge_ratio=0.500 circularity=0.589
[CLEAN C145] REJECT Scratch: area 3.0 < 20; long_side 3.0 < 10; skeleton_aspect 1.500 < 2.5
[CLEAN C145] REJECT Pit: area 3.0 < 32
[CLEAN C146] type=Rejected area=6.0 perimeter=10.0 bbox=(1043,860,4,3) long=3.0 box_short=2.0 box_aspect=1.500 skeleton_width=2.00 skeleton_range=2.00-4.00 skeleton_aspect=1.500 merge_ratio=1.000 circularity=0.754
[CLEAN C146] REJECT Scratch: area 6.0 < 20; long_side 3.0 < 10; skeleton_aspect 1.500 < 2.5
[CLEAN C146] REJECT Pit: area 6.0 < 32
[CLEAN C147] type=Rejected area=2.0 perimeter=6.0 bbox=(1189,859,3,2) long=2.0 box_short=1.0 box_aspect=2.000 skeleton_width=2.00 skeleton_range=2.00-2.00 skeleton_aspect=1.000 merge_ratio=0.500 circularity=0.698
[CLEAN C147] REJECT Scratch: area 2.0 < 20; long_side 2.0 < 10; skeleton_aspect 1.000 < 2.5
[CLEAN C147] REJECT Pit: area 2.0 < 32
[CLEAN C148] type=Rejected area=2.0 perimeter=6.0 bbox=(880,859,3,2) long=2.0 box_short=1.0 box_aspect=2.000 skeleton_width=2.00 skeleton_range=2.00-2.00 skeleton_aspect=1.000 merge_ratio=0.500 circularity=0.698
[CLEAN C148] REJECT Scratch: area 2.0 < 20; long_side 2.0 < 10; skeleton_aspect 1.000 < 2.5
[CLEAN C148] REJECT Pit: area 2.0 < 32
[CLEAN C149] type=Rejected area=2.0 perimeter=6.0 bbox=(587,858,3,2) long=2.0 box_short=1.0 box_aspect=2.000 skeleton_width=2.00 skeleton_range=2.00-2.00 skeleton_aspect=1.000 merge_ratio=0.500 circularity=0.698
[CLEAN C149] REJECT Scratch: area 2.0 < 20; long_side 2.0 < 10; skeleton_aspect 1.000 < 2.5
[CLEAN C149] REJECT Pit: area 2.0 < 32
[CLEAN C150] type=Rejected candidate=Scratch area=27.5 perimeter=42.2 bbox=(536,858,4,20) long=19.1 box_short=2.6 box_aspect=7.243 skeleton_width=2.00 skeleton_range=2.00-4.00 skeleton_aspect=9.547 merge_ratio=0.720 circularity=0.194
[CLEAN C150] REJECT Scratch: 尺寸 0.077357 mm < 0.25 mm
[MEASURE C150] Scratch width=0.077357 mm valid=False
[CLEAN C151] type=Rejected candidate=Scratch area=53.5 perimeter=31.6 bbox=(391,858,8,13) long=12.6 box_short=6.4 box_aspect=1.969 skeleton_width=5.00 skeleton_range=2.00-7.19 skeleton_aspect=2.522 merge_ratio=0.850 circularity=0.675
[CLEAN C151] REJECT Scratch: 尺寸 0.156398 mm < 0.25 mm
[MEASURE C151] Scratch width=0.156398 mm valid=False
[CLEAN C152] type=Rejected area=19.0 perimeter=18.8 bbox=(0,858,7,5) long=6.0 box_short=4.0 box_aspect=1.500 skeleton_width=4.00 skeleton_range=2.00-4.39 skeleton_aspect=1.500 merge_ratio=0.792 circularity=0.673
[CLEAN C152] REJECT Scratch: area 19.0 < 20; long_side 6.0 < 10; skeleton_aspect 1.500 < 2.5
[CLEAN C152] REJECT Pit: area 19.0 < 32
[CLEAN C153] type=Rejected area=1.5 perimeter=5.4 bbox=(1274,857,2,3) long=2.0 box_short=1.0 box_aspect=2.000 skeleton_width=2.00 skeleton_range=2.00-2.00 skeleton_aspect=1.000 merge_ratio=0.375 circularity=0.643
[CLEAN C153] REJECT Scratch: area 1.5 < 20; long_side 2.0 < 10; skeleton_aspect 1.000 < 2.5
[CLEAN C153] REJECT Pit: area 1.5 < 32
[CLEAN C154] type=Rejected area=1.0 perimeter=4.0 bbox=(468,857,2,2) long=1.0 box_short=1.0 box_aspect=1.000 skeleton_width=2.00 skeleton_range=2.00-2.00 skeleton_aspect=0.500 merge_ratio=0.500 circularity=0.785
[CLEAN C154] REJECT Scratch: area 1.0 < 20; long_side 1.0 < 10; skeleton_aspect 0.500 < 2.5; box_aspect 1.000 < 1.5
[CLEAN C154] REJECT Pit: area 1.0 < 32
[CLEAN C155] type=Rejected area=6.0 perimeter=14.0 bbox=(1217,856,7,2) long=6.0 box_short=1.0 box_aspect=6.000 skeleton_width=2.00 skeleton_range=2.00-2.00 skeleton_aspect=3.000 merge_ratio=0.500 circularity=0.385
[CLEAN C155] REJECT Scratch: area 6.0 < 20; long_side 6.0 < 10
[CLEAN C155] REJECT Pit: area 6.0 < 32; circularity 0.385 < 0.55; aspect_ratio 6.000 > 5.0
[CLEAN C156] type=Rejected area=14.0 perimeter=24.5 bbox=(1195,856,11,4) long=10.0 box_short=3.0 box_aspect=3.333 skeleton_width=2.00 skeleton_range=2.00-2.80 skeleton_aspect=5.000 merge_ratio=0.700 circularity=0.293
[CLEAN C156] REJECT Scratch: area 14.0 < 20
[CLEAN C156] REJECT Pit: area 14.0 < 32; circularity 0.293 < 0.55
[CLEAN C157] type=Rejected area=25.0 perimeter=20.5 bbox=(1082,856,8,6) long=7.3 box_short=4.6 box_aspect=1.579 skeleton_width=4.20 skeleton_range=2.00-5.60 skeleton_aspect=1.734 merge_ratio=0.819 circularity=0.749
[CLEAN C157] REJECT Scratch: long_side 7.3 < 10; skeleton_aspect 1.734 < 2.5
[CLEAN C157] REJECT Pit: area 25.0 < 32
[CLEAN C158] type=Rejected area=5.5 perimeter=9.4 bbox=(755,856,3,4) long=3.0 box_short=2.0 box_aspect=1.500 skeleton_width=2.00 skeleton_range=2.00-4.00 skeleton_aspect=1.500 merge_ratio=0.917 circularity=0.780
[CLEAN C158] REJECT Scratch: area 5.5 < 20; long_side 3.0 < 10; skeleton_aspect 1.500 < 2.5
[CLEAN C158] REJECT Pit: area 5.5 < 32
[CLEAN C159] type=Rejected area=2.0 perimeter=6.0 bbox=(553,856,2,3) long=2.0 box_short=1.0 box_aspect=2.000 skeleton_width=2.00 skeleton_range=2.00-2.00 skeleton_aspect=1.000 merge_ratio=0.500 circularity=0.698
[CLEAN C159] REJECT Scratch: area 2.0 < 20; long_side 2.0 < 10; skeleton_aspect 1.000 < 2.5
[CLEAN C159] REJECT Pit: area 2.0 < 32
[CLEAN C160] type=Rejected area=1.0 perimeter=4.0 bbox=(170,856,2,2) long=1.0 box_short=1.0 box_aspect=1.000 skeleton_width=2.00 skeleton_range=2.00-2.00 skeleton_aspect=0.500 merge_ratio=0.500 circularity=0.785
[CLEAN C160] REJECT Scratch: area 1.0 < 20; long_side 1.0 < 10; skeleton_aspect 0.500 < 2.5; box_aspect 1.000 < 1.5
[CLEAN C160] REJECT Pit: area 1.0 < 32
[CLEAN C161] type=Rejected area=18.5 perimeter=20.2 bbox=(15,856,8,5) long=7.8 box_short=3.4 box_aspect=2.286 skeleton_width=3.40 skeleton_range=2.00-4.00 skeleton_aspect=2.283 merge_ratio=0.701 circularity=0.567
[CLEAN C161] REJECT Scratch: area 18.5 < 20; long_side 7.8 < 10; skeleton_aspect 2.283 < 2.5
[CLEAN C161] REJECT Pit: area 18.5 < 32
[CLEAN C162] type=Rejected area=6.0 perimeter=10.8 bbox=(1228,855,5,3) long=4.0 box_short=2.0 box_aspect=2.000 skeleton_width=2.00 skeleton_range=2.00-2.80 skeleton_aspect=2.000 merge_ratio=0.750 circularity=0.643
[CLEAN C162] REJECT Scratch: area 6.0 < 20; long_side 4.0 < 10; skeleton_aspect 2.000 < 2.5
[CLEAN C162] REJECT Pit: area 6.0 < 32
[CLEAN C163] type=Rejected area=2.0 perimeter=6.0 bbox=(961,854,3,2) long=2.0 box_short=1.0 box_aspect=2.000 skeleton_width=2.00 skeleton_range=2.00-2.00 skeleton_aspect=1.000 merge_ratio=0.500 circularity=0.698
[CLEAN C163] REJECT Scratch: area 2.0 < 20; long_side 2.0 < 10; skeleton_aspect 1.000 < 2.5
[CLEAN C163] REJECT Pit: area 2.0 < 32
[CLEAN C164] type=Rejected area=1.0 perimeter=4.0 bbox=(594,853,2,2) long=1.0 box_short=1.0 box_aspect=1.000 skeleton_width=2.00 skeleton_range=2.00-2.00 skeleton_aspect=0.500 merge_ratio=0.500 circularity=0.785
[CLEAN C164] REJECT Scratch: area 1.0 < 20; long_side 1.0 < 10; skeleton_aspect 0.500 < 2.5; box_aspect 1.000 < 1.5
[CLEAN C164] REJECT Pit: area 1.0 < 32
[CLEAN C165] type=Rejected area=5.5 perimeter=9.4 bbox=(540,853,3,4) long=3.0 box_short=2.0 box_aspect=1.500 skeleton_width=2.00 skeleton_range=2.00-4.00 skeleton_aspect=1.500 merge_ratio=0.917 circularity=0.780
[CLEAN C165] REJECT Scratch: area 5.5 < 20; long_side 3.0 < 10; skeleton_aspect 1.500 < 2.5
[CLEAN C165] REJECT Pit: area 5.5 < 32
[CLEAN C166] type=Rejected area=5.0 perimeter=8.8 bbox=(163,853,3,4) long=3.0 box_short=2.0 box_aspect=1.500 skeleton_width=2.40 skeleton_range=2.00-2.80 skeleton_aspect=1.250 merge_ratio=0.694 circularity=0.806
[CLEAN C166] REJECT Scratch: area 5.0 < 20; long_side 3.0 < 10; skeleton_aspect 1.250 < 2.5
[CLEAN C166] REJECT Pit: area 5.0 < 32
[CLEAN C167] type=Rejected area=3.0 perimeter=8.8 bbox=(682,852,3,4) long=3.6 box_short=1.3 box_aspect=2.667 skeleton_width=2.00 skeleton_range=2.00-2.00 skeleton_aspect=1.789 merge_ratio=0.419 circularity=0.484
[CLEAN C167] REJECT Scratch: area 3.0 < 20; long_side 3.6 < 10; skeleton_aspect 1.789 < 2.5
[CLEAN C167] REJECT Pit: area 3.0 < 32; circularity 0.484 < 0.55
[CLEAN C168] type=Rejected area=3.0 perimeter=6.8 bbox=(519,852,3,3) long=2.8 box_short=1.4 box_aspect=2.000 skeleton_width=2.00 skeleton_range=2.00-2.80 skeleton_aspect=1.414 merge_ratio=0.530 circularity=0.809
[CLEAN C168] REJECT Scratch: area 3.0 < 20; long_side 2.8 < 10; skeleton_aspect 1.414 < 2.5
[CLEAN C168] REJECT Pit: area 3.0 < 32
[CLEAN C169] type=Rejected area=3.5 perimeter=7.4 bbox=(157,852,3,3) long=2.0 box_short=2.0 box_aspect=1.000 skeleton_width=2.00 skeleton_range=2.00-2.80 skeleton_aspect=1.000 merge_ratio=0.875 circularity=0.800
[CLEAN C169] REJECT Scratch: area 3.5 < 20; long_side 2.0 < 10; skeleton_aspect 1.000 < 2.5; box_aspect 1.000 < 1.5
[CLEAN C169] REJECT Pit: area 3.5 < 32
[CLEAN C170] type=Rejected candidate=Scratch area=25.0 perimeter=40.5 bbox=(1236,851,19,3) long=18.0 box_short=2.0 box_aspect=9.000 skeleton_width=2.00 skeleton_range=2.00-4.00 skeleton_aspect=9.000 merge_ratio=0.694 circularity=0.192
[CLEAN C170] REJECT Scratch: 不可测: 划痕最大宽度点超出中央有效测量区域
[MEASURE C170] Scratch 不可测: 划痕最大宽度点超出中央有效测量区域
[CLEAN C171] type=Rejected area=5.0 perimeter=13.7 bbox=(125,851,6,4) long=5.8 box_short=1.8 box_aspect=3.250 skeleton_width=2.00 skeleton_range=2.00-2.80 skeleton_aspect=2.907 merge_ratio=0.430 circularity=0.337
[CLEAN C171] REJECT Scratch: area 5.0 < 20; long_side 5.8 < 10
[CLEAN C171] REJECT Pit: area 5.0 < 32; circularity 0.337 < 0.55
[CLEAN C172] type=Rejected candidate=Scratch area=45.0 perimeter=42.5 bbox=(1257,850,19,5) long=18.0 box_short=4.0 box_aspect=4.500 skeleton_width=4.00 skeleton_range=2.00-4.39 skeleton_aspect=4.500 merge_ratio=0.625 circularity=0.313
[CLEAN C172] REJECT Scratch: 不可测: 划痕最大宽度点超出中央有效测量区域
[MEASURE C172] Scratch 不可测: 划痕最大宽度点超出中央有效测量区域
[CLEAN C173] type=Rejected area=1.0 perimeter=4.0 bbox=(583,850,2,2) long=1.0 box_short=1.0 box_aspect=1.000 skeleton_width=2.00 skeleton_range=2.00-2.00 skeleton_aspect=0.500 merge_ratio=0.500 circularity=0.785
[CLEAN C173] REJECT Scratch: area 1.0 < 20; long_side 1.0 < 10; skeleton_aspect 0.500 < 2.5; box_aspect 1.000 < 1.5
[CLEAN C173] REJECT Pit: area 1.0 < 32
[CLEAN C174] type=Rejected candidate=Scratch area=61.5 perimeter=55.1 bbox=(449,849,5,26) long=25.1 box_short=3.6 box_aspect=7.000 skeleton_width=4.00 skeleton_range=2.00-4.00 skeleton_aspect=6.286 merge_ratio=0.611 circularity=0.255
[CLEAN C174] REJECT Scratch: 尺寸 0.079844 mm < 0.25 mm
[MEASURE C174] Scratch width=0.079844 mm valid=False
[CLEAN C175] type=Rejected candidate=Scratch area=30.0 perimeter=36.1 bbox=(917,848,6,15) long=14.0 box_short=5.0 box_aspect=2.800 skeleton_width=2.80 skeleton_range=2.00-4.00 skeleton_aspect=5.000 merge_ratio=0.765 circularity=0.289
[CLEAN C175] REJECT Scratch: 尺寸 0.085294 mm < 0.25 mm
[MEASURE C175] Scratch width=0.085294 mm valid=False
[CLEAN C176] type=Rejected area=8.0 perimeter=22.8 bbox=(1142,847,4,10) long=9.5 box_short=2.4 box_aspect=3.923 skeleton_width=2.00 skeleton_range=2.00-2.00 skeleton_aspect=4.735 merge_ratio=0.422 circularity=0.193
[CLEAN C176] REJECT Scratch: area 8.0 < 20; long_side 9.5 < 10
[CLEAN C176] REJECT Pit: area 8.0 < 32; circularity 0.193 < 0.55
[CLEAN C177] type=Rejected candidate=Pit area=33.0 perimeter=25.3 bbox=(136,847,7,10) long=9.4 box_short=5.4 box_aspect=1.750 skeleton_width=2.80 skeleton_range=2.00-6.39 skeleton_aspect=3.354 merge_ratio=1.255 circularity=0.647
[CLEAN C177] REJECT Pit: 不可测: 凹点中心超出中央有效测量区域
[MEASURE C177] Pit 不可测: 凹点中心超出中央有效测量区域
[CLEAN C178] type=Rejected candidate=Scratch area=1011.0 perimeter=626.2 bbox=(38,847,200,88) long=212.6 box_short=30.9 box_aspect=6.882 skeleton_width=4.20 skeleton_range=2.00-8.79 skeleton_aspect=50.659 merge_ratio=1.133 circularity=0.032
[CLEAN C178] REJECT Scratch: 不可测: 划痕最大宽度点超出中央有效测量区域
[MEASURE C178] Scratch 不可测: 划痕最大宽度点超出中央有效测量区域
[CLEAN C179] type=Rejected area=2.0 perimeter=6.0 bbox=(5,847,3,2) long=2.0 box_short=1.0 box_aspect=2.000 skeleton_width=2.00 skeleton_range=2.00-2.00 skeleton_aspect=1.000 merge_ratio=0.500 circularity=0.698
[CLEAN C179] REJECT Scratch: area 2.0 < 20; long_side 2.0 < 10; skeleton_aspect 1.000 < 2.5
[CLEAN C179] REJECT Pit: area 2.0 < 32
[CLEAN C180] type=Rejected candidate=Scratch area=28.0 perimeter=28.5 bbox=(867,846,8,10) long=11.4 box_short=4.7 box_aspect=2.433 skeleton_width=2.80 skeleton_range=2.00-4.00 skeleton_aspect=4.072 merge_ratio=0.877 circularity=0.434
[CLEAN C180] REJECT Scratch: 尺寸 0.123707 mm < 0.25 mm
[MEASURE C180] Scratch width=0.123707 mm valid=False
[CLEAN C181] type=Rejected area=1.0 perimeter=4.0 bbox=(663,846,2,2) long=1.0 box_short=1.0 box_aspect=1.000 skeleton_width=2.00 skeleton_range=2.00-2.00 skeleton_aspect=0.500 merge_ratio=0.500 circularity=0.785
[CLEAN C181] REJECT Scratch: area 1.0 < 20; long_side 1.0 < 10; skeleton_aspect 0.500 < 2.5; box_aspect 1.000 < 1.5
[CLEAN C181] REJECT Pit: area 1.0 < 32
[CLEAN C182] type=Rejected area=3.5 perimeter=7.4 bbox=(529,846,3,3) long=2.0 box_short=2.0 box_aspect=1.000 skeleton_width=2.00 skeleton_range=2.00-2.80 skeleton_aspect=1.000 merge_ratio=0.875 circularity=0.800
[CLEAN C182] REJECT Scratch: area 3.5 < 20; long_side 2.0 < 10; skeleton_aspect 1.000 < 2.5; box_aspect 1.000 < 1.5
[CLEAN C182] REJECT Pit: area 3.5 < 32
[CLEAN C183] type=Rejected area=4.0 perimeter=8.8 bbox=(706,845,4,3) long=3.0 box_short=2.0 box_aspect=1.500 skeleton_width=2.00 skeleton_range=2.00-2.80 skeleton_aspect=1.500 merge_ratio=0.667 circularity=0.645
[CLEAN C183] REJECT Scratch: area 4.0 < 20; long_side 3.0 < 10; skeleton_aspect 1.500 < 2.5
[CLEAN C183] REJECT Pit: area 4.0 < 32
[CLEAN C184] type=Rejected area=1.0 perimeter=4.0 bbox=(27,845,2,2) long=1.0 box_short=1.0 box_aspect=1.000 skeleton_width=2.00 skeleton_range=2.00-2.00 skeleton_aspect=0.500 merge_ratio=0.500 circularity=0.785
[CLEAN C184] REJECT Scratch: area 1.0 < 20; long_side 1.0 < 10; skeleton_aspect 0.500 < 2.5; box_aspect 1.000 < 1.5
[CLEAN C184] REJECT Pit: area 1.0 < 32
[CLEAN C185] type=Rejected area=1.0 perimeter=4.0 bbox=(695,844,2,2) long=1.0 box_short=1.0 box_aspect=1.000 skeleton_width=2.00 skeleton_range=2.00-2.00 skeleton_aspect=0.500 merge_ratio=0.500 circularity=0.785
[CLEAN C185] REJECT Scratch: area 1.0 < 20; long_side 1.0 < 10; skeleton_aspect 0.500 < 2.5; box_aspect 1.000 < 1.5
[CLEAN C185] REJECT Pit: area 1.0 < 32
[CLEAN C186] type=Rejected area=9.5 perimeter=20.2 bbox=(605,844,5,8) long=7.2 box_short=3.5 box_aspect=2.095 skeleton_width=2.00 skeleton_range=2.00-4.00 skeleton_aspect=3.617 merge_ratio=0.657 circularity=0.291
[CLEAN C186] REJECT Scratch: area 9.5 < 20; long_side 7.2 < 10
[CLEAN C186] REJECT Pit: area 9.5 < 32; circularity 0.291 < 0.55
[CLEAN C187] type=Rejected area=11.0 perimeter=24.5 bbox=(1236,843,11,5) long=10.8 box_short=2.5 box_aspect=4.250 skeleton_width=2.00 skeleton_range=2.00-2.80 skeleton_aspect=5.376 merge_ratio=0.512 circularity=0.231
[CLEAN C187] REJECT Scratch: area 11.0 < 20
[CLEAN C187] REJECT Pit: area 11.0 < 32; circularity 0.231 < 0.55
[CLEAN C188] type=Rejected candidate=Scratch area=50.5 perimeter=64.4 bbox=(1207,843,27,9) long=26.0 box_short=6.1 box_aspect=4.280 skeleton_width=2.80 skeleton_range=2.00-4.00 skeleton_aspect=9.268 merge_ratio=0.695 circularity=0.153
[CLEAN C188] REJECT Scratch: 不可测: 划痕最大宽度点超出中央有效测量区域
[MEASURE C188] Scratch 不可测: 划痕最大宽度点超出中央有效测量区域
[CLEAN C189] type=Rejected area=15.5 perimeter=22.2 bbox=(1065,843,7,7) long=7.8 box_short=4.2 box_aspect=1.857 skeleton_width=2.00 skeleton_range=2.00-4.00 skeleton_aspect=3.900 merge_ratio=0.994 circularity=0.394
[CLEAN C189] REJECT Scratch: area 15.5 < 20; long_side 7.8 < 10
[CLEAN C189] REJECT Pit: area 15.5 < 32; circularity 0.394 < 0.55
[CLEAN C190] type=Rejected area=2.0 perimeter=6.0 bbox=(1264,842,3,2) long=2.0 box_short=1.0 box_aspect=2.000 skeleton_width=2.00 skeleton_range=2.00-2.00 skeleton_aspect=1.000 merge_ratio=0.500 circularity=0.698
[CLEAN C190] REJECT Scratch: area 2.0 < 20; long_side 2.0 < 10; skeleton_aspect 1.000 < 2.5
[CLEAN C190] REJECT Pit: area 2.0 < 32
[CLEAN C191] type=Rejected candidate=Scratch area=99.5 perimeter=75.6 bbox=(929,842,6,35) long=34.0 box_short=5.0 box_aspect=6.800 skeleton_width=4.00 skeleton_range=2.00-6.00 skeleton_aspect=8.500 merge_ratio=0.732 circularity=0.219
[CLEAN C191] REJECT Scratch: 尺寸 0.165523 mm < 0.25 mm
[MEASURE C191] Scratch width=0.165523 mm valid=False
[CLEAN C192] type=Rejected area=7.5 perimeter=12.2 bbox=(786,842,5,4) long=4.4 box_short=2.5 box_aspect=1.750 skeleton_width=2.40 skeleton_range=2.00-2.80 skeleton_aspect=1.845 merge_ratio=0.706 circularity=0.629
[CLEAN C192] REJECT Scratch: area 7.5 < 20; long_side 4.4 < 10; skeleton_aspect 1.845 < 2.5
[CLEAN C192] REJECT Pit: area 7.5 < 32
[CLEAN C193] type=Rejected area=3.5 perimeter=7.4 bbox=(769,842,3,3) long=2.0 box_short=2.0 box_aspect=1.000 skeleton_width=2.00 skeleton_range=2.00-2.80 skeleton_aspect=1.000 merge_ratio=0.875 circularity=0.800
[CLEAN C193] REJECT Scratch: area 3.5 < 20; long_side 2.0 < 10; skeleton_aspect 1.000 < 2.5; box_aspect 1.000 < 1.5
[CLEAN C193] REJECT Pit: area 3.5 < 32
[CLEAN C194] type=Rejected candidate=Scratch area=229.0 perimeter=122.8 bbox=(686,842,19,42) long=41.9 box_short=15.6 box_aspect=2.684 skeleton_width=4.39 skeleton_range=2.00-10.00 skeleton_aspect=9.541 merge_ratio=1.243 circularity=0.191
[CLEAN C194] REJECT Scratch: 尺寸 0.218290 mm < 0.25 mm
[MEASURE C194] Scratch width=0.218290 mm valid=False
[CLEAN C195] type=Rejected candidate=Pit area=47.5 perimeter=27.6 bbox=(483,842,9,10) long=9.4 box_short=6.9 box_aspect=1.375 skeleton_width=5.00 skeleton_range=2.00-7.19 skeleton_aspect=1.888 merge_ratio=1.008 circularity=0.786
[CLEAN C195] REJECT Pit: 尺寸 0.231249 mm < 0.25 mm
[MEASURE C195] Pit diameter=0.231249 mm valid=False
[CLEAN C196] type=Rejected area=8.5 perimeter=11.4 bbox=(170,842,4,4) long=3.0 box_short=3.0 box_aspect=1.000 skeleton_width=2.80 skeleton_range=2.00-4.00 skeleton_aspect=1.071 merge_ratio=1.012 circularity=0.820
[CLEAN C196] REJECT Scratch: area 8.5 < 20; long_side 3.0 < 10; skeleton_aspect 1.071 < 2.5; box_aspect 1.000 < 1.5
[CLEAN C196] REJECT Pit: area 8.5 < 32
[CLEAN C197] type=Rejected area=6.5 perimeter=16.2 bbox=(1129,841,5,6) long=6.3 box_short=2.7 box_aspect=2.333 skeleton_width=2.00 skeleton_range=2.00-4.00 skeleton_aspect=3.130 merge_ratio=0.519 circularity=0.310
[CLEAN C197] REJECT Scratch: area 6.5 < 20; long_side 6.3 < 10
[CLEAN C197] REJECT Pit: area 6.5 < 32; circularity 0.310 < 0.55
[CLEAN C198] type=Pit area=41.5 perimeter=27.1 bbox=(407,841,6,11) long=10.0 box_short=5.0 box_aspect=2.000 skeleton_width=5.60 skeleton_range=2.00-6.00 skeleton_aspect=1.786 merge_ratio=0.741 circularity=0.712
[MEASURE C198] Pit diameter=0.266881 mm valid=True
Pit: area = 41.5 diameter_mm = 0.26688122749328613 circularity = 0.7116184363729262
[CLEAN C199] type=Rejected area=10.5 perimeter=13.4 bbox=(1044,840,5,4) long=4.0 box_short=3.0 box_aspect=1.333 skeleton_width=2.80 skeleton_range=2.00-4.00 skeleton_aspect=1.429 merge_ratio=0.938 circularity=0.733
[CLEAN C199] REJECT Scratch: area 10.5 < 20; long_side 4.0 < 10; skeleton_aspect 1.429 < 2.5; box_aspect 1.333 < 1.5
[CLEAN C199] REJECT Pit: area 10.5 < 32
[CLEAN C200] type=Rejected area=8.0 perimeter=12.8 bbox=(728,840,3,6) long=5.0 box_short=2.0 box_aspect=2.500 skeleton_width=2.00 skeleton_range=2.00-4.00 skeleton_aspect=2.500 merge_ratio=0.800 circularity=0.611
[CLEAN C200] REJECT Scratch: area 8.0 < 20; long_side 5.0 < 10
[CLEAN C200] REJECT Pit: area 8.0 < 32
[CLEAN C201] type=Rejected area=11.5 perimeter=15.4 bbox=(656,840,3,7) long=6.0 box_short=2.0 box_aspect=3.000 skeleton_width=3.40 skeleton_range=2.00-4.00 skeleton_aspect=1.765 merge_ratio=0.564 circularity=0.608
[CLEAN C201] REJECT Scratch: area 11.5 < 20; long_side 6.0 < 10; skeleton_aspect 1.765 < 2.5
[CLEAN C201] REJECT Pit: area 11.5 < 32
[CLEAN C202] type=Rejected area=4.0 perimeter=14.8 bbox=(454,840,4,6) long=5.6 box_short=2.2 box_aspect=2.556 skeleton_width=2.00 skeleton_range=2.00-2.00 skeleton_aspect=2.789 merge_ratio=0.359 circularity=0.229
[CLEAN C202] REJECT Scratch: area 4.0 < 20; long_side 5.6 < 10
[CLEAN C202] REJECT Pit: area 4.0 < 32; circularity 0.229 < 0.55
[CLEAN C203] type=Rejected area=7.5 perimeter=11.4 bbox=(436,840,5,3) long=4.0 box_short=2.0 box_aspect=2.000 skeleton_width=2.40 skeleton_range=2.00-4.00 skeleton_aspect=1.667 merge_ratio=0.781 circularity=0.723
[CLEAN C203] REJECT Scratch: area 7.5 < 20; long_side 4.0 < 10; skeleton_aspect 1.667 < 2.5
[CLEAN C203] REJECT Pit: area 7.5 < 32
[CLEAN C204] type=Rejected area=3.0 perimeter=6.8 bbox=(162,840,3,3) long=2.8 box_short=1.4 box_aspect=2.000 skeleton_width=2.00 skeleton_range=2.00-2.80 skeleton_aspect=1.414 merge_ratio=0.530 circularity=0.809
[CLEAN C204] REJECT Scratch: area 3.0 < 20; long_side 2.8 < 10; skeleton_aspect 1.414 < 2.5
[CLEAN C204] REJECT Pit: area 3.0 < 32
[CLEAN C205] type=Rejected area=1.0 perimeter=4.0 bbox=(705,839,2,2) long=1.0 box_short=1.0 box_aspect=1.000 skeleton_width=2.00 skeleton_range=2.00-2.00 skeleton_aspect=0.500 merge_ratio=0.500 circularity=0.785
[CLEAN C205] REJECT Scratch: area 1.0 < 20; long_side 1.0 < 10; skeleton_aspect 0.500 < 2.5; box_aspect 1.000 < 1.5
[CLEAN C205] REJECT Pit: area 1.0 < 32
[CLEAN C206] type=Rejected area=5.5 perimeter=9.4 bbox=(1272,838,4,3) long=3.0 box_short=2.0 box_aspect=1.500 skeleton_width=2.00 skeleton_range=2.00-4.00 skeleton_aspect=1.500 merge_ratio=0.917 circularity=0.780
[CLEAN C206] REJECT Scratch: area 5.5 < 20; long_side 3.0 < 10; skeleton_aspect 1.500 < 2.5
[CLEAN C206] REJECT Pit: area 5.5 < 32
[CLEAN C207] type=Rejected candidate=Scratch area=21.0 perimeter=25.7 bbox=(506,838,5,11) long=10.3 box_short=3.5 box_aspect=2.964 skeleton_width=2.80 skeleton_range=2.00-4.00 skeleton_aspect=3.677 merge_ratio=0.729 circularity=0.401
[CLEAN C207] REJECT Scratch: 尺寸 0.102038 mm < 0.25 mm
[MEASURE C207] Scratch width=0.102038 mm valid=False
[CLEAN C208] type=Rejected area=1.0 perimeter=4.0 bbox=(964,837,2,2) long=1.0 box_short=1.0 box_aspect=1.000 skeleton_width=2.00 skeleton_range=2.00-2.00 skeleton_aspect=0.500 merge_ratio=0.500 circularity=0.785
[CLEAN C208] REJECT Scratch: area 1.0 < 20; long_side 1.0 < 10; skeleton_aspect 0.500 < 2.5; box_aspect 1.000 < 1.5
[CLEAN C208] REJECT Pit: area 1.0 < 32
[CLEAN C209] type=Rejected area=1.0 perimeter=4.0 bbox=(968,836,2,2) long=1.0 box_short=1.0 box_aspect=1.000 skeleton_width=2.00 skeleton_range=2.00-2.00 skeleton_aspect=0.500 merge_ratio=0.500 circularity=0.785
[CLEAN C209] REJECT Scratch: area 1.0 < 20; long_side 1.0 < 10; skeleton_aspect 0.500 < 2.5; box_aspect 1.000 < 1.5
[CLEAN C209] REJECT Pit: area 1.0 < 32
[CLEAN C210] type=Rejected area=16.0 perimeter=17.7 bbox=(861,836,7,5) long=6.0 box_short=4.0 box_aspect=1.500 skeleton_width=2.80 skeleton_range=2.00-4.00 skeleton_aspect=2.143 merge_ratio=0.952 circularity=0.645
[CLEAN C210] REJECT Scratch: area 16.0 < 20; long_side 6.0 < 10; skeleton_aspect 2.143 < 2.5
[CLEAN C210] REJECT Pit: area 16.0 < 32
[CLEAN C211] type=Rejected area=1.0 perimeter=4.0 bbox=(1057,835,2,2) long=1.0 box_short=1.0 box_aspect=1.000 skeleton_width=2.00 skeleton_range=2.00-2.00 skeleton_aspect=0.500 merge_ratio=0.500 circularity=0.785
[CLEAN C211] REJECT Scratch: area 1.0 < 20; long_side 1.0 < 10; skeleton_aspect 0.500 < 2.5; box_aspect 1.000 < 1.5
[CLEAN C211] REJECT Pit: area 1.0 < 32
[CLEAN C212] type=Rejected area=2.0 perimeter=6.0 bbox=(689,835,3,2) long=2.0 box_short=1.0 box_aspect=2.000 skeleton_width=2.00 skeleton_range=2.00-2.00 skeleton_aspect=1.000 merge_ratio=0.500 circularity=0.698
[CLEAN C212] REJECT Scratch: area 2.0 < 20; long_side 2.0 < 10; skeleton_aspect 1.000 < 2.5
[CLEAN C212] REJECT Pit: area 2.0 < 32
[CLEAN C213] type=Rejected candidate=Scratch area=163.5 perimeter=74.5 bbox=(616,835,11,31) long=30.3 box_short=9.2 box_aspect=3.295 skeleton_width=6.39 skeleton_range=2.00-8.39 skeleton_aspect=4.731 merge_ratio=0.845 circularity=0.370
[CLEAN C213] REJECT Scratch: 尺寸 0.194035 mm < 0.25 mm
[MEASURE C213] Scratch width=0.194035 mm valid=False
[CLEAN C214] type=Rejected candidate=Scratch area=71.5 perimeter=48.4 bbox=(546,835,10,19) long=16.8 box_short=9.1 box_aspect=1.843 skeleton_width=3.40 skeleton_range=2.00-8.00 skeleton_aspect=4.941 merge_ratio=1.252 circularity=0.384
[CLEAN C214] REJECT Scratch: 尺寸 0.172083 mm < 0.25 mm
[MEASURE C214] Scratch width=0.172083 mm valid=False
[CLEAN C215] type=Rejected area=18.5 perimeter=17.4 bbox=(0,835,5,6) long=5.0 box_short=4.0 box_aspect=1.250 skeleton_width=4.00 skeleton_range=2.00-6.00 skeleton_aspect=1.250 merge_ratio=0.925 circularity=0.767
[CLEAN C215] REJECT Scratch: area 18.5 < 20; long_side 5.0 < 10; skeleton_aspect 1.250 < 2.5; box_aspect 1.250 < 1.5
[CLEAN C215] REJECT Pit: area 18.5 < 32
[CLEAN C216] type=Rejected candidate=Scratch area=47.5 perimeter=53.6 bbox=(1239,834,19,10) long=18.8 box_short=6.7 box_aspect=2.800 skeleton_width=2.80 skeleton_range=2.00-4.00 skeleton_aspect=6.708 merge_ratio=0.903 circularity=0.208
[CLEAN C216] REJECT Scratch: 不可测: 划痕最大宽度点超出中央有效测量区域
[MEASURE C216] Scratch 不可测: 划痕最大宽度点超出中央有效测量区域
[CLEAN C217] type=Rejected area=1.0 perimeter=4.0 bbox=(870,834,2,2) long=1.0 box_short=1.0 box_aspect=1.000 skeleton_width=2.00 skeleton_range=2.00-2.00 skeleton_aspect=0.500 merge_ratio=0.500 circularity=0.785
[CLEAN C217] REJECT Scratch: area 1.0 < 20; long_side 1.0 < 10; skeleton_aspect 0.500 < 2.5; box_aspect 1.000 < 1.5
[CLEAN C217] REJECT Pit: area 1.0 < 32
[CLEAN C218] type=Pit area=127.0 perimeter=47.8 bbox=(585,834,19,11) long=18.2 box_short=8.9 box_aspect=2.056 skeleton_width=8.39 skeleton_range=2.80-10.00 skeleton_aspect=2.174 merge_ratio=0.829 circularity=0.699
[MEASURE C218] Pit diameter=0.430223 mm valid=True
Pit: area = 127.0 diameter_mm = 0.4302229583263397 circularity = 0.698515673851804
[CLEAN C219] type=Rejected area=4.0 perimeter=8.0 bbox=(441,834,3,3) long=2.0 box_short=2.0 box_aspect=1.000 skeleton_width=2.00 skeleton_range=2.00-4.00 skeleton_aspect=1.000 merge_ratio=1.000 circularity=0.785
[CLEAN C219] REJECT Scratch: area 4.0 < 20; long_side 2.0 < 10; skeleton_aspect 1.000 < 2.5; box_aspect 1.000 < 1.5
[CLEAN C219] REJECT Pit: area 4.0 < 32
[CLEAN C220] type=Rejected candidate=Scratch area=76.0 perimeter=85.9 bbox=(21,834,19,23) long=25.0 box_short=9.2 box_aspect=2.724 skeleton_width=2.80 skeleton_range=2.00-4.39 skeleton_aspect=8.922 merge_ratio=1.086 circularity=0.129
[CLEAN C220] REJECT Scratch: 不可测: 划痕最大宽度点超出中央有效测量区域
[MEASURE C220] Scratch 不可测: 划痕最大宽度点超出中央有效测量区域
[CLEAN C221] type=Rejected area=4.5 perimeter=9.4 bbox=(1248,833,4,3) long=3.0 box_short=2.0 box_aspect=1.500 skeleton_width=2.00 skeleton_range=2.00-2.80 skeleton_aspect=1.500 merge_ratio=0.750 circularity=0.638
[CLEAN C221] REJECT Scratch: area 4.5 < 20; long_side 3.0 < 10; skeleton_aspect 1.500 < 2.5
[CLEAN C221] REJECT Pit: area 4.5 < 32
[CLEAN C222] type=Rejected area=2.0 perimeter=6.0 bbox=(732,833,3,2) long=2.0 box_short=1.0 box_aspect=2.000 skeleton_width=2.00 skeleton_range=2.00-2.00 skeleton_aspect=1.000 merge_ratio=0.500 circularity=0.698
[CLEAN C222] REJECT Scratch: area 2.0 < 20; long_side 2.0 < 10; skeleton_aspect 1.000 < 2.5
[CLEAN C222] REJECT Pit: area 2.0 < 32
[CLEAN C223] type=Rejected area=6.0 perimeter=12.8 bbox=(677,833,3,6) long=5.0 box_short=2.0 box_aspect=2.500 skeleton_width=2.00 skeleton_range=2.00-2.80 skeleton_aspect=2.500 merge_ratio=0.600 circularity=0.458
[CLEAN C223] REJECT Scratch: area 6.0 < 20; long_side 5.0 < 10
[CLEAN C223] REJECT Pit: area 6.0 < 32; circularity 0.458 < 0.55
[CLEAN C224] type=Rejected area=2.0 perimeter=6.0 bbox=(1095,832,3,2) long=2.0 box_short=1.0 box_aspect=2.000 skeleton_width=2.00 skeleton_range=2.00-2.00 skeleton_aspect=1.000 merge_ratio=0.500 circularity=0.698
[CLEAN C224] REJECT Scratch: area 2.0 < 20; long_side 2.0 < 10; skeleton_aspect 1.000 < 2.5
[CLEAN C224] REJECT Pit: area 2.0 < 32
[CLEAN C225] type=Rejected area=1.0 perimeter=4.0 bbox=(146,832,2,2) long=1.0 box_short=1.0 box_aspect=1.000 skeleton_width=2.00 skeleton_range=2.00-2.00 skeleton_aspect=0.500 merge_ratio=0.500 circularity=0.785
[CLEAN C225] REJECT Scratch: area 1.0 < 20; long_side 1.0 < 10; skeleton_aspect 0.500 < 2.5; box_aspect 1.000 < 1.5
[CLEAN C225] REJECT Pit: area 1.0 < 32
[CLEAN C226] type=Rejected area=3.5 perimeter=7.4 bbox=(929,831,3,3) long=2.0 box_short=2.0 box_aspect=1.000 skeleton_width=2.00 skeleton_range=2.00-2.80 skeleton_aspect=1.000 merge_ratio=0.875 circularity=0.800
[CLEAN C226] REJECT Scratch: area 3.5 < 20; long_side 2.0 < 10; skeleton_aspect 1.000 < 2.5; box_aspect 1.000 < 1.5
[CLEAN C226] REJECT Pit: area 3.5 < 32
[CLEAN C227] type=Rejected candidate=Scratch area=114.5 perimeter=62.9 bbox=(881,831,9,24) long=23.0 box_short=8.0 box_aspect=2.875 skeleton_width=4.39 skeleton_range=2.00-8.40 skeleton_aspect=5.235 merge_ratio=1.133 circularity=0.364
[CLEAN C227] REJECT Scratch: 尺寸 0.235833 mm < 0.25 mm
[MEASURE C227] Scratch width=0.235833 mm valid=False
[CLEAN C228] type=Rejected area=12.0 perimeter=19.7 bbox=(535,831,4,9) long=8.5 box_short=2.2 box_aspect=3.857 skeleton_width=2.00 skeleton_range=2.00-2.80 skeleton_aspect=4.269 merge_ratio=0.703 circularity=0.390
[CLEAN C228] REJECT Scratch: area 12.0 < 20; long_side 8.5 < 10
[CLEAN C228] REJECT Pit: area 12.0 < 32; circularity 0.390 < 0.55
[CLEAN C229] type=Rejected area=17.5 perimeter=21.1 bbox=(131,831,5,9) long=8.9 box_short=3.5 box_aspect=2.545 skeleton_width=2.80 skeleton_range=2.00-4.00 skeleton_aspect=3.162 merge_ratio=0.706 circularity=0.495
[CLEAN C229] REJECT Scratch: area 17.5 < 20; long_side 8.9 < 10
[CLEAN C229] REJECT Pit: area 17.5 < 32; circularity 0.495 < 0.55
[CLEAN C230] type=Rejected area=7.5 perimeter=11.4 bbox=(751,830,5,3) long=4.0 box_short=2.0 box_aspect=2.000 skeleton_width=2.40 skeleton_range=2.00-4.00 skeleton_aspect=1.667 merge_ratio=0.781 circularity=0.723
[CLEAN C230] REJECT Scratch: area 7.5 < 20; long_side 4.0 < 10; skeleton_aspect 1.667 < 2.5
[CLEAN C230] REJECT Pit: area 7.5 < 32
[CLEAN C231] type=Rejected candidate=Scratch area=110.0 perimeter=117.9 bbox=(110,830,16,41) long=40.4 box_short=14.4 box_aspect=2.800 skeleton_width=2.80 skeleton_range=2.00-5.60 skeleton_aspect=14.442 merge_ratio=0.972 circularity=0.099
[CLEAN C231] REJECT Scratch: 不可测: 划痕最大宽度点超出中央有效测量区域
[MEASURE C231] Scratch 不可测: 划痕最大宽度点超出中央有效测量区域
[CLEAN C232] type=Rejected area=7.0 perimeter=20.8 bbox=(1255,829,7,6) long=6.0 box_short=5.0 box_aspect=1.200 skeleton_width=2.00 skeleton_range=2.00-2.00 skeleton_aspect=3.000 merge_ratio=0.583 circularity=0.203
[CLEAN C232] REJECT Scratch: area 7.0 < 20; long_side 6.0 < 10; box_aspect 1.200 < 1.5
[CLEAN C232] REJECT Pit: area 7.0 < 32; circularity 0.203 < 0.55
[CLEAN C233] type=Rejected area=5.5 perimeter=9.4 bbox=(1100,829,3,4) long=3.0 box_short=2.0 box_aspect=1.500 skeleton_width=2.00 skeleton_range=2.00-4.00 skeleton_aspect=1.500 merge_ratio=0.917 circularity=0.780
[CLEAN C233] REJECT Scratch: area 5.5 < 20; long_side 3.0 < 10; skeleton_aspect 1.500 < 2.5
[CLEAN C233] REJECT Pit: area 5.5 < 32
[CLEAN C234] type=Rejected area=5.0 perimeter=12.0 bbox=(530,829,2,6) long=5.0 box_short=1.0 box_aspect=5.000 skeleton_width=2.00 skeleton_range=2.00-2.00 skeleton_aspect=2.500 merge_ratio=0.500 circularity=0.436
[CLEAN C234] REJECT Scratch: area 5.0 < 20; long_side 5.0 < 10
[CLEAN C234] REJECT Pit: area 5.0 < 32; circularity 0.436 < 0.55
[CLEAN C235] type=Rejected area=5.0 perimeter=12.0 bbox=(497,829,2,6) long=5.0 box_short=1.0 box_aspect=5.000 skeleton_width=2.00 skeleton_range=2.00-2.00 skeleton_aspect=2.500 merge_ratio=0.500 circularity=0.436
[CLEAN C235] REJECT Scratch: area 5.0 < 20; long_side 5.0 < 10
[CLEAN C235] REJECT Pit: area 5.0 < 32; circularity 0.436 < 0.55
[CLEAN C236] type=Rejected area=1.0 perimeter=4.0 bbox=(127,829,2,2) long=1.0 box_short=1.0 box_aspect=1.000 skeleton_width=2.00 skeleton_range=2.00-2.00 skeleton_aspect=0.500 merge_ratio=0.500 circularity=0.785
[CLEAN C236] REJECT Scratch: area 1.0 < 20; long_side 1.0 < 10; skeleton_aspect 0.500 < 2.5; box_aspect 1.000 < 1.5
[CLEAN C236] REJECT Pit: area 1.0 < 32
[CLEAN C237] type=Rejected area=3.5 perimeter=7.4 bbox=(639,828,3,3) long=2.0 box_short=2.0 box_aspect=1.000 skeleton_width=2.00 skeleton_range=2.00-2.80 skeleton_aspect=1.000 merge_ratio=0.875 circularity=0.800
[CLEAN C237] REJECT Scratch: area 3.5 < 20; long_side 2.0 < 10; skeleton_aspect 1.000 < 2.5; box_aspect 1.000 < 1.5
[CLEAN C237] REJECT Pit: area 3.5 < 32
[CLEAN C238] type=Rejected area=3.0 perimeter=6.8 bbox=(487,828,3,3) long=2.8 box_short=1.4 box_aspect=2.000 skeleton_width=2.00 skeleton_range=2.00-2.80 skeleton_aspect=1.414 merge_ratio=0.530 circularity=0.809
[CLEAN C238] REJECT Scratch: area 3.0 < 20; long_side 2.8 < 10; skeleton_aspect 1.414 < 2.5
[CLEAN C238] REJECT Pit: area 3.0 < 32
[CLEAN C239] type=Rejected area=1.0 perimeter=4.0 bbox=(1035,827,2,2) long=1.0 box_short=1.0 box_aspect=1.000 skeleton_width=2.00 skeleton_range=2.00-2.00 skeleton_aspect=0.500 merge_ratio=0.500 circularity=0.785
[CLEAN C239] REJECT Scratch: area 1.0 < 20; long_side 1.0 < 10; skeleton_aspect 0.500 < 2.5; box_aspect 1.000 < 1.5
[CLEAN C239] REJECT Pit: area 1.0 < 32
[CLEAN C240] type=Rejected area=18.5 perimeter=24.2 bbox=(653,827,6,9) long=8.9 box_short=4.4 box_aspect=2.000 skeleton_width=2.40 skeleton_range=2.00-4.00 skeleton_aspect=3.689 merge_ratio=0.871 circularity=0.396
[CLEAN C240] REJECT Scratch: area 18.5 < 20; long_side 8.9 < 10
[CLEAN C240] REJECT Pit: area 18.5 < 32; circularity 0.396 < 0.55
[CLEAN C241] type=Rejected area=3.0 perimeter=8.0 bbox=(551,827,2,4) long=3.0 box_short=1.0 box_aspect=3.000 skeleton_width=2.00 skeleton_range=2.00-2.00 skeleton_aspect=1.500 merge_ratio=0.500 circularity=0.589
[CLEAN C241] REJECT Scratch: area 3.0 < 20; long_side 3.0 < 10; skeleton_aspect 1.500 < 2.5
[CLEAN C241] REJECT Pit: area 3.0 < 32
[CLEAN C242] type=Rejected area=3.0 perimeter=6.8 bbox=(337,827,3,3) long=2.8 box_short=1.4 box_aspect=2.000 skeleton_width=2.00 skeleton_range=2.00-2.80 skeleton_aspect=1.414 merge_ratio=0.530 circularity=0.809
[CLEAN C242] REJECT Scratch: area 3.0 < 20; long_side 2.8 < 10; skeleton_aspect 1.414 < 2.5
[CLEAN C242] REJECT Pit: area 3.0 < 32
[CLEAN C243] type=Rejected area=4.5 perimeter=9.4 bbox=(928,825,4,3) long=3.0 box_short=2.0 box_aspect=1.500 skeleton_width=2.00 skeleton_range=2.00-2.80 skeleton_aspect=1.500 merge_ratio=0.750 circularity=0.638
[CLEAN C243] REJECT Scratch: area 4.5 < 20; long_side 3.0 < 10; skeleton_aspect 1.500 < 2.5
[CLEAN C243] REJECT Pit: area 4.5 < 32
[CLEAN C244] type=Rejected area=1.0 perimeter=4.0 bbox=(586,825,2,2) long=1.0 box_short=1.0 box_aspect=1.000 skeleton_width=2.00 skeleton_range=2.00-2.00 skeleton_aspect=0.500 merge_ratio=0.500 circularity=0.785
[CLEAN C244] REJECT Scratch: area 1.0 < 20; long_side 1.0 < 10; skeleton_aspect 0.500 < 2.5; box_aspect 1.000 < 1.5
[CLEAN C244] REJECT Pit: area 1.0 < 32
[CLEAN C245] type=Rejected area=1.0 perimeter=4.0 bbox=(142,825,2,2) long=1.0 box_short=1.0 box_aspect=1.000 skeleton_width=2.00 skeleton_range=2.00-2.00 skeleton_aspect=0.500 merge_ratio=0.500 circularity=0.785
[CLEAN C245] REJECT Scratch: area 1.0 < 20; long_side 1.0 < 10; skeleton_aspect 0.500 < 2.5; box_aspect 1.000 < 1.5
[CLEAN C245] REJECT Pit: area 1.0 < 32
[CLEAN C246] type=Rejected area=4.0 perimeter=8.0 bbox=(0,825,3,3) long=2.0 box_short=2.0 box_aspect=1.000 skeleton_width=2.00 skeleton_range=2.00-4.00 skeleton_aspect=1.000 merge_ratio=1.000 circularity=0.785
[CLEAN C246] REJECT Scratch: area 4.0 < 20; long_side 2.0 < 10; skeleton_aspect 1.000 < 2.5; box_aspect 1.000 < 1.5
[CLEAN C246] REJECT Pit: area 4.0 < 32
[CLEAN C247] type=Rejected area=6.5 perimeter=12.2 bbox=(939,824,4,5) long=4.5 box_short=2.7 box_aspect=1.667 skeleton_width=2.00 skeleton_range=2.00-2.80 skeleton_aspect=2.236 merge_ratio=0.727 circularity=0.545
[CLEAN C247] REJECT Scratch: area 6.5 < 20; long_side 4.5 < 10; skeleton_aspect 2.236 < 2.5
[CLEAN C247] REJECT Pit: area 6.5 < 32; circularity 0.545 < 0.55
[CLEAN C248] type=Rejected candidate=Pit area=42.5 perimeter=28.7 bbox=(608,824,10,9) long=9.7 box_short=7.3 box_aspect=1.333 skeleton_width=4.39 skeleton_range=2.00-6.39 skeleton_aspect=2.208 merge_ratio=0.997 circularity=0.647
[CLEAN C248] REJECT Pit: 尺寸 0.238410 mm < 0.25 mm
[MEASURE C248] Pit diameter=0.238410 mm valid=False
[CLEAN C249] type=Rejected area=10.0 perimeter=16.8 bbox=(1248,823,8,3) long=7.0 box_short=2.0 box_aspect=3.500 skeleton_width=2.00 skeleton_range=2.00-4.00 skeleton_aspect=3.500 merge_ratio=0.714 circularity=0.444
[CLEAN C249] REJECT Scratch: area 10.0 < 20; long_side 7.0 < 10
[CLEAN C249] REJECT Pit: area 10.0 < 32; circularity 0.444 < 0.55
[CLEAN C250] type=Rejected candidate=Scratch area=125.5 perimeter=90.9 bbox=(447,823,21,29) long=32.4 box_short=16.1 box_aspect=2.010 skeleton_width=4.00 skeleton_range=2.00-7.19 skeleton_aspect=8.092 merge_ratio=0.969 circularity=0.191
[CLEAN C250] REJECT Scratch: 尺寸 0.188088 mm < 0.25 mm
[MEASURE C250] Scratch width=0.188088 mm valid=False
[CLEAN C251] type=Rejected area=19.0 perimeter=33.7 bbox=(1260,822,16,4) long=15.1 box_short=2.4 box_aspect=6.235 skeleton_width=2.00 skeleton_range=2.00-4.00 skeleton_aspect=7.552 merge_ratio=0.629 circularity=0.211
[CLEAN C251] REJECT Scratch: area 19.0 < 20
[CLEAN C251] REJECT Pit: area 19.0 < 32; circularity 0.211 < 0.55; aspect_ratio 6.235 > 5.0
[CLEAN C252] type=Rejected area=2.0 perimeter=6.0 bbox=(620,822,3,2) long=2.0 box_short=1.0 box_aspect=2.000 skeleton_width=2.00 skeleton_range=2.00-2.00 skeleton_aspect=1.000 merge_ratio=0.500 circularity=0.698
[CLEAN C252] REJECT Scratch: area 2.0 < 20; long_side 2.0 < 10; skeleton_aspect 1.000 < 2.5
[CLEAN C252] REJECT Pit: area 2.0 < 32
[CLEAN C253] type=Rejected area=1.0 perimeter=4.0 bbox=(529,822,2,2) long=1.0 box_short=1.0 box_aspect=1.000 skeleton_width=2.00 skeleton_range=2.00-2.00 skeleton_aspect=0.500 merge_ratio=0.500 circularity=0.785
[CLEAN C253] REJECT Scratch: area 1.0 < 20; long_side 1.0 < 10; skeleton_aspect 0.500 < 2.5; box_aspect 1.000 < 1.5
[CLEAN C253] REJECT Pit: area 1.0 < 32
[CLEAN C254] type=Rejected area=31.0 perimeter=34.5 bbox=(467,822,9,10) long=9.0 box_short=8.0 box_aspect=1.125 skeleton_width=2.00 skeleton_range=2.00-6.00 skeleton_aspect=4.500 merge_ratio=1.722 circularity=0.328
[CLEAN C254] REJECT Scratch: long_side 9.0 < 10; box_aspect 1.125 < 1.5
[CLEAN C254] REJECT Pit: area 31.0 < 32; circularity 0.328 < 0.55
[CLEAN C255] type=Rejected area=23.5 perimeter=22.2 bbox=(713,821,8,6) long=7.0 box_short=5.0 box_aspect=1.400 skeleton_width=4.00 skeleton_range=2.00-4.39 skeleton_aspect=1.750 merge_ratio=0.839 circularity=0.597
[CLEAN C255] REJECT Scratch: long_side 7.0 < 10; skeleton_aspect 1.750 < 2.5; box_aspect 1.400 < 1.5
[CLEAN C255] REJECT Pit: area 23.5 < 32
[CLEAN C256] type=Rejected area=2.0 perimeter=6.0 bbox=(581,821,2,3) long=2.0 box_short=1.0 box_aspect=2.000 skeleton_width=2.00 skeleton_range=2.00-2.00 skeleton_aspect=1.000 merge_ratio=0.500 circularity=0.698
[CLEAN C256] REJECT Scratch: area 2.0 < 20; long_side 2.0 < 10; skeleton_aspect 1.000 < 2.5
[CLEAN C256] REJECT Pit: area 2.0 < 32
[CLEAN C257] type=Rejected area=8.5 perimeter=12.2 bbox=(134,821,4,5) long=4.0 box_short=3.0 box_aspect=1.333 skeleton_width=2.80 skeleton_range=2.00-4.00 skeleton_aspect=1.429 merge_ratio=0.759 circularity=0.713
[CLEAN C257] REJECT Scratch: area 8.5 < 20; long_side 4.0 < 10; skeleton_aspect 1.429 < 2.5; box_aspect 1.333 < 1.5
[CLEAN C257] REJECT Pit: area 8.5 < 32
[CLEAN C258] type=Rejected area=22.0 perimeter=19.7 bbox=(598,820,6,7) long=6.0 box_short=5.0 box_aspect=1.200 skeleton_width=4.00 skeleton_range=2.00-5.60 skeleton_aspect=1.500 merge_ratio=0.917 circularity=0.715
[CLEAN C258] REJECT Scratch: long_side 6.0 < 10; skeleton_aspect 1.500 < 2.5; box_aspect 1.200 < 1.5
[CLEAN C258] REJECT Pit: area 22.0 < 32
[CLEAN C259] type=Rejected area=8.0 perimeter=14.8 bbox=(562,820,3,7) long=6.0 box_short=2.0 box_aspect=3.000 skeleton_width=2.00 skeleton_range=2.00-2.80 skeleton_aspect=3.000 merge_ratio=0.667 circularity=0.457
[CLEAN C259] REJECT Scratch: area 8.0 < 20; long_side 6.0 < 10
[CLEAN C259] REJECT Pit: area 8.0 < 32; circularity 0.457 < 0.55
[CLEAN C260] type=Rejected area=126.5 perimeter=55.2 bbox=(13,820,16,14) long=15.0 box_short=13.0 box_aspect=1.154 skeleton_width=6.00 skeleton_range=2.00-10.39 skeleton_aspect=2.500 merge_ratio=1.406 circularity=0.521
[CLEAN C260] REJECT Scratch: box_aspect 1.154 < 1.5
[CLEAN C260] REJECT Pit: circularity 0.521 < 0.55
[CLEAN C261] type=Pit area=50.5 perimeter=30.7 bbox=(703,819,7,13) long=12.0 box_short=6.0 box_aspect=2.000 skeleton_width=5.60 skeleton_range=2.00-6.00 skeleton_aspect=2.143 merge_ratio=0.751 circularity=0.672
[MEASURE C261] Pit diameter=0.297761 mm valid=True
Pit: area = 50.5 diameter_mm = 0.2977607548236847 circularity = 0.6721014923353582
[CLEAN C262] type=Rejected area=1.0 perimeter=4.0 bbox=(861,818,2,2) long=1.0 box_short=1.0 box_aspect=1.000 skeleton_width=2.00 skeleton_range=2.00-2.00 skeleton_aspect=0.500 merge_ratio=0.500 circularity=0.785
[CLEAN C262] REJECT Scratch: area 1.0 < 20; long_side 1.0 < 10; skeleton_aspect 0.500 < 2.5; box_aspect 1.000 < 1.5
[CLEAN C262] REJECT Pit: area 1.0 < 32
[CLEAN C263] type=Rejected area=10.5 perimeter=15.4 bbox=(672,818,3,7) long=6.0 box_short=2.0 box_aspect=3.000 skeleton_width=2.00 skeleton_range=2.00-4.00 skeleton_aspect=3.000 merge_ratio=0.875 circularity=0.555
[CLEAN C263] REJECT Scratch: area 10.5 < 20; long_side 6.0 < 10
[CLEAN C263] REJECT Pit: area 10.5 < 32
[CLEAN C264] type=Rejected area=4.0 perimeter=8.8 bbox=(642,818,3,4) long=3.0 box_short=2.0 box_aspect=1.500 skeleton_width=2.00 skeleton_range=2.00-2.80 skeleton_aspect=1.500 merge_ratio=0.667 circularity=0.645
[CLEAN C264] REJECT Scratch: area 4.0 < 20; long_side 3.0 < 10; skeleton_aspect 1.500 < 2.5
[CLEAN C264] REJECT Pit: area 4.0 < 32
[CLEAN C265] type=Rejected area=3.0 perimeter=6.8 bbox=(197,818,3,3) long=2.8 box_short=1.4 box_aspect=2.000 skeleton_width=2.00 skeleton_range=2.00-2.80 skeleton_aspect=1.414 merge_ratio=0.530 circularity=0.809
[CLEAN C265] REJECT Scratch: area 3.0 < 20; long_side 2.8 < 10; skeleton_aspect 1.414 < 2.5
[CLEAN C265] REJECT Pit: area 3.0 < 32
[CLEAN C266] type=Rejected area=20.5 perimeter=21.1 bbox=(866,817,6,8) long=7.0 box_short=5.0 box_aspect=1.400 skeleton_width=2.80 skeleton_range=2.00-4.39 skeleton_aspect=2.500 merge_ratio=1.046 circularity=0.580
[CLEAN C266] REJECT Scratch: long_side 7.0 < 10; box_aspect 1.400 < 1.5
[CLEAN C266] REJECT Pit: area 20.5 < 32
[CLEAN C267] type=Rejected area=13.5 perimeter=15.1 bbox=(605,817,6,5) long=5.0 box_short=4.0 box_aspect=1.250 skeleton_width=2.80 skeleton_range=2.00-4.39 skeleton_aspect=1.786 merge_ratio=0.964 circularity=0.747
[CLEAN C267] REJECT Scratch: area 13.5 < 20; long_side 5.0 < 10; skeleton_aspect 1.786 < 2.5; box_aspect 1.250 < 1.5
[CLEAN C267] REJECT Pit: area 13.5 < 32
[CLEAN C268] type=Rejected area=3.0 perimeter=8.0 bbox=(1183,816,2,4) long=3.0 box_short=1.0 box_aspect=3.000 skeleton_width=2.00 skeleton_range=2.00-2.00 skeleton_aspect=1.500 merge_ratio=0.500 circularity=0.589
[CLEAN C268] REJECT Scratch: area 3.0 < 20; long_side 3.0 < 10; skeleton_aspect 1.500 < 2.5
[CLEAN C268] REJECT Pit: area 3.0 < 32
[CLEAN C269] type=Rejected candidate=Scratch area=97.0 perimeter=73.8 bbox=(914,816,9,29) long=27.9 box_short=7.9 box_aspect=3.519 skeleton_width=2.80 skeleton_range=2.00-8.00 skeleton_aspect=9.962 merge_ratio=1.242 circularity=0.224
[CLEAN C269] REJECT Scratch: 尺寸 0.163029 mm < 0.25 mm
[MEASURE C269] Scratch width=0.163029 mm valid=False
[CLEAN C270] type=Rejected candidate=Scratch area=54.0 perimeter=40.1 bbox=(765,816,15,7) long=14.0 box_short=6.0 box_aspect=2.333 skeleton_width=4.00 skeleton_range=2.00-5.60 skeleton_aspect=3.500 merge_ratio=0.964 circularity=0.421
[CLEAN C270] REJECT Scratch: 尺寸 0.123453 mm < 0.25 mm
[MEASURE C270] Scratch width=0.123453 mm valid=False
[CLEAN C271] type=Rejected area=1.0 perimeter=4.0 bbox=(454,816,2,2) long=1.0 box_short=1.0 box_aspect=1.000 skeleton_width=2.00 skeleton_range=2.00-2.00 skeleton_aspect=0.500 merge_ratio=0.500 circularity=0.785
[CLEAN C271] REJECT Scratch: area 1.0 < 20; long_side 1.0 < 10; skeleton_aspect 0.500 < 2.5; box_aspect 1.000 < 1.5
[CLEAN C271] REJECT Pit: area 1.0 < 32
[CLEAN C272] type=Rejected area=18.5 perimeter=16.2 bbox=(397,816,5,6) long=5.0 box_short=4.0 box_aspect=1.250 skeleton_width=2.80 skeleton_range=2.00-5.60 skeleton_aspect=1.786 merge_ratio=1.321 circularity=0.881
[CLEAN C272] REJECT Scratch: area 18.5 < 20; long_side 5.0 < 10; skeleton_aspect 1.786 < 2.5; box_aspect 1.250 < 1.5
[CLEAN C272] REJECT Pit: area 18.5 < 32
[CLEAN C273] type=Rejected area=22.0 perimeter=19.3 bbox=(385,816,6,8) long=7.1 box_short=4.2 box_aspect=1.667 skeleton_width=3.60 skeleton_range=2.00-4.39 skeleton_aspect=1.966 merge_ratio=0.865 circularity=0.741
[CLEAN C273] REJECT Scratch: long_side 7.1 < 10; skeleton_aspect 1.966 < 2.5
[CLEAN C273] REJECT Pit: area 22.0 < 32
[CLEAN C274] type=Rejected area=3.5 perimeter=7.4 bbox=(931,815,3,3) long=2.0 box_short=2.0 box_aspect=1.000 skeleton_width=2.00 skeleton_range=2.00-2.80 skeleton_aspect=1.000 merge_ratio=0.875 circularity=0.800
[CLEAN C274] REJECT Scratch: area 3.5 < 20; long_side 2.0 < 10; skeleton_aspect 1.000 < 2.5; box_aspect 1.000 < 1.5
[CLEAN C274] REJECT Pit: area 3.5 < 32
[CLEAN C275] type=Rejected candidate=Scratch area=50.5 perimeter=31.6 bbox=(885,815,11,10) long=12.0 box_short=6.8 box_aspect=1.765 skeleton_width=4.39 skeleton_range=2.00-7.19 skeleton_aspect=2.731 merge_ratio=0.958 circularity=0.637
[CLEAN C275] REJECT Scratch: 尺寸 0.188088 mm < 0.25 mm
[MEASURE C275] Scratch width=0.188088 mm valid=False
[CLEAN C276] type=Rejected area=1.0 perimeter=4.0 bbox=(749,815,2,2) long=1.0 box_short=1.0 box_aspect=1.000 skeleton_width=2.00 skeleton_range=2.00-2.00 skeleton_aspect=0.500 merge_ratio=0.500 circularity=0.785
[CLEAN C276] REJECT Scratch: area 1.0 < 20; long_side 1.0 < 10; skeleton_aspect 0.500 < 2.5; box_aspect 1.000 < 1.5
[CLEAN C276] REJECT Pit: area 1.0 < 32
[CLEAN C277] type=Rejected area=3.5 perimeter=7.4 bbox=(656,815,3,3) long=2.0 box_short=2.0 box_aspect=1.000 skeleton_width=2.00 skeleton_range=2.00-2.80 skeleton_aspect=1.000 merge_ratio=0.875 circularity=0.800
[CLEAN C277] REJECT Scratch: area 3.5 < 20; long_side 2.0 < 10; skeleton_aspect 1.000 < 2.5; box_aspect 1.000 < 1.5
[CLEAN C277] REJECT Pit: area 3.5 < 32
[CLEAN C278] type=Rejected candidate=Scratch area=31.5 perimeter=32.4 bbox=(119,815,8,12) long=11.6 box_short=5.8 box_aspect=2.000 skeleton_width=2.80 skeleton_range=2.00-4.39 skeleton_aspect=4.160 merge_ratio=0.966 circularity=0.377
[CLEAN C278] REJECT Scratch: 不可测: 划痕最大宽度点超出中央有效测量区域
[MEASURE C278] Scratch 不可测: 划痕最大宽度点超出中央有效测量区域
[CLEAN C279] type=Rejected area=8.5 perimeter=13.4 bbox=(614,814,3,6) long=5.0 box_short=2.0 box_aspect=2.500 skeleton_width=2.00 skeleton_range=2.00-4.00 skeleton_aspect=2.500 merge_ratio=0.850 circularity=0.594
[CLEAN C279] REJECT Scratch: area 8.5 < 20; long_side 5.0 < 10
[CLEAN C279] REJECT Pit: area 8.5 < 32
[CLEAN C280] type=Rejected area=192.0 perimeter=69.5 bbox=(503,814,20,17) long=19.0 box_short=16.0 box_aspect=1.188 skeleton_width=7.19 skeleton_range=2.00-10.39 skeleton_aspect=2.641 merge_ratio=1.405 circularity=0.500
[CLEAN C280] REJECT Scratch: box_aspect 1.188 < 1.5
[CLEAN C280] REJECT Pit: circularity 0.500 < 0.55
[CLEAN C281] type=Rejected candidate=Pit area=38.0 perimeter=25.3 bbox=(752,813,8,9) long=8.7 box_short=6.3 box_aspect=1.385 skeleton_width=4.39 skeleton_range=2.00-6.39 skeleton_aspect=1.987 merge_ratio=0.991 circularity=0.745
[CLEAN C281] REJECT Pit: 尺寸 0.220896 mm < 0.25 mm
[MEASURE C281] Pit diameter=0.220896 mm valid=False
[CLEAN C282] type=Rejected area=1.0 perimeter=4.0 bbox=(674,813,2,2) long=1.0 box_short=1.0 box_aspect=1.000 skeleton_width=2.00 skeleton_range=2.00-2.00 skeleton_aspect=0.500 merge_ratio=0.500 circularity=0.785
[CLEAN C282] REJECT Scratch: area 1.0 < 20; long_side 1.0 < 10; skeleton_aspect 0.500 < 2.5; box_aspect 1.000 < 1.5
[CLEAN C282] REJECT Pit: area 1.0 < 32
[CLEAN C283] type=Rejected area=9.5 perimeter=19.4 bbox=(461,813,3,9) long=8.0 box_short=2.0 box_aspect=4.000 skeleton_width=2.00 skeleton_range=2.00-2.80 skeleton_aspect=4.000 merge_ratio=0.594 circularity=0.317
[CLEAN C283] REJECT Scratch: area 9.5 < 20; long_side 8.0 < 10
[CLEAN C283] REJECT Pit: area 9.5 < 32; circularity 0.317 < 0.55
[CLEAN C284] type=Rejected area=30.0 perimeter=34.1 bbox=(809,812,10,8) long=9.0 box_short=7.0 box_aspect=1.286 skeleton_width=2.80 skeleton_range=2.00-4.39 skeleton_aspect=3.214 merge_ratio=1.190 circularity=0.323
[CLEAN C284] REJECT Scratch: long_side 9.0 < 10; box_aspect 1.286 < 1.5
[CLEAN C284] REJECT Pit: area 30.0 < 32; circularity 0.323 < 0.55
[CLEAN C285] type=Rejected area=6.5 perimeter=12.2 bbox=(69,812,4,5) long=4.9 box_short=2.2 box_aspect=2.200 skeleton_width=2.00 skeleton_range=2.00-2.80 skeleton_aspect=2.460 merge_ratio=0.661 circularity=0.545
[CLEAN C285] REJECT Scratch: area 6.5 < 20; long_side 4.9 < 10; skeleton_aspect 2.460 < 2.5
[CLEAN C285] REJECT Pit: area 6.5 < 32; circularity 0.545 < 0.55
[CLEAN C286] type=Rejected area=2.0 perimeter=6.0 bbox=(1208,811,3,2) long=2.0 box_short=1.0 box_aspect=2.000 skeleton_width=2.00 skeleton_range=2.00-2.00 skeleton_aspect=1.000 merge_ratio=0.500 circularity=0.698
[CLEAN C286] REJECT Scratch: area 2.0 < 20; long_side 2.0 < 10; skeleton_aspect 1.000 < 2.5
[CLEAN C286] REJECT Pit: area 2.0 < 32
[CLEAN C287] type=Pit area=71.0 perimeter=37.3 bbox=(787,811,10,13) long=12.0 box_short=8.8 box_aspect=1.371 skeleton_width=4.20 skeleton_range=2.00-8.40 skeleton_aspect=2.864 merge_ratio=1.407 circularity=0.641
[MEASURE C287] Pit diameter=0.325735 mm valid=True
Pit: area = 71.0 diameter_mm = 0.32573533058166504 circularity = 0.6408131103864025
[CLEAN C288] type=Rejected candidate=Scratch area=56.0 perimeter=36.1 bbox=(432,811,12,11) long=13.6 box_short=7.5 box_aspect=1.813 skeleton_width=4.20 skeleton_range=2.00-6.39 skeleton_aspect=3.237 merge_ratio=0.982 circularity=0.539
[CLEAN C288] REJECT Scratch: 尺寸 0.151831 mm < 0.25 mm
[MEASURE C288] Scratch width=0.151831 mm valid=False
[CLEAN C289] type=Rejected area=1.0 perimeter=4.0 bbox=(351,811,2,2) long=1.0 box_short=1.0 box_aspect=1.000 skeleton_width=2.00 skeleton_range=2.00-2.00 skeleton_aspect=0.500 merge_ratio=0.500 circularity=0.785
[CLEAN C289] REJECT Scratch: area 1.0 < 20; long_side 1.0 < 10; skeleton_aspect 0.500 < 2.5; box_aspect 1.000 < 1.5
[CLEAN C289] REJECT Pit: area 1.0 < 32
[CLEAN C290] type=Rejected area=11.5 perimeter=14.2 bbox=(138,809,4,6) long=5.0 box_short=3.0 box_aspect=1.667 skeleton_width=2.80 skeleton_range=2.00-4.00 skeleton_aspect=1.786 merge_ratio=0.821 circularity=0.712
[CLEAN C290] REJECT Scratch: area 11.5 < 20; long_side 5.0 < 10; skeleton_aspect 1.786 < 2.5
[CLEAN C290] REJECT Pit: area 11.5 < 32
[CLEAN C291] type=Rejected area=2.0 perimeter=6.0 bbox=(682,808,2,3) long=2.0 box_short=1.0 box_aspect=2.000 skeleton_width=2.00 skeleton_range=2.00-2.00 skeleton_aspect=1.000 merge_ratio=0.500 circularity=0.698
[CLEAN C291] REJECT Scratch: area 2.0 < 20; long_side 2.0 < 10; skeleton_aspect 1.000 < 2.5
[CLEAN C291] REJECT Pit: area 2.0 < 32
[CLEAN C292] type=Rejected area=15.0 perimeter=14.8 bbox=(0,808,5,5) long=4.0 box_short=4.0 box_aspect=1.000 skeleton_width=2.80 skeleton_range=2.00-5.60 skeleton_aspect=1.429 merge_ratio=1.339 circularity=0.857
[CLEAN C292] REJECT Scratch: area 15.0 < 20; long_side 4.0 < 10; skeleton_aspect 1.429 < 2.5; box_aspect 1.000 < 1.5
[CLEAN C292] REJECT Pit: area 15.0 < 32
[CLEAN C293] type=Rejected area=2.0 perimeter=6.0 bbox=(1221,807,3,2) long=2.0 box_short=1.0 box_aspect=2.000 skeleton_width=2.00 skeleton_range=2.00-2.00 skeleton_aspect=1.000 merge_ratio=0.500 circularity=0.698
[CLEAN C293] REJECT Scratch: area 2.0 < 20; long_side 2.0 < 10; skeleton_aspect 1.000 < 2.5
[CLEAN C293] REJECT Pit: area 2.0 < 32
[CLEAN C294] type=Rejected candidate=Scratch area=76.0 perimeter=89.6 bbox=(1163,807,20,35) long=38.9 box_short=6.3 box_aspect=6.214 skeleton_width=2.80 skeleton_range=2.00-5.60 skeleton_aspect=13.896 merge_ratio=0.698 circularity=0.119
[CLEAN C294] REJECT Scratch: 不可测: 划痕最大宽度点超出中央有效测量区域
[MEASURE C294] Scratch 不可测: 划痕最大宽度点超出中央有效测量区域
[CLEAN C295] type=Rejected area=1.0 perimeter=4.0 bbox=(1099,807,2,2) long=1.0 box_short=1.0 box_aspect=1.000 skeleton_width=2.00 skeleton_range=2.00-2.00 skeleton_aspect=0.500 merge_ratio=0.500 circularity=0.785
[CLEAN C295] REJECT Scratch: area 1.0 < 20; long_side 1.0 < 10; skeleton_aspect 0.500 < 2.5; box_aspect 1.000 < 1.5
[CLEAN C295] REJECT Pit: area 1.0 < 32
[CLEAN C296] type=Rejected area=1.0 perimeter=4.0 bbox=(928,807,2,2) long=1.0 box_short=1.0 box_aspect=1.000 skeleton_width=2.00 skeleton_range=2.00-2.00 skeleton_aspect=0.500 merge_ratio=0.500 circularity=0.785
[CLEAN C296] REJECT Scratch: area 1.0 < 20; long_side 1.0 < 10; skeleton_aspect 0.500 < 2.5; box_aspect 1.000 < 1.5
[CLEAN C296] REJECT Pit: area 1.0 < 32
[CLEAN C297] type=Rejected area=5.0 perimeter=8.8 bbox=(825,807,4,3) long=3.0 box_short=2.0 box_aspect=1.500 skeleton_width=2.40 skeleton_range=2.00-2.80 skeleton_aspect=1.250 merge_ratio=0.694 circularity=0.806
[CLEAN C297] REJECT Scratch: area 5.0 < 20; long_side 3.0 < 10; skeleton_aspect 1.250 < 2.5
[CLEAN C297] REJECT Pit: area 5.0 < 32
[CLEAN C298] type=Rejected area=4.0 perimeter=8.0 bbox=(702,807,3,3) long=2.0 box_short=2.0 box_aspect=1.000 skeleton_width=2.00 skeleton_range=2.00-4.00 skeleton_aspect=1.000 merge_ratio=1.000 circularity=0.785
[CLEAN C298] REJECT Scratch: area 4.0 < 20; long_side 2.0 < 10; skeleton_aspect 1.000 < 2.5; box_aspect 1.000 < 1.5
[CLEAN C298] REJECT Pit: area 4.0 < 32
[CLEAN C299] type=Rejected candidate=Scratch area=56.0 perimeter=45.8 bbox=(1259,806,17,12) long=18.6 box_short=5.4 box_aspect=3.474 skeleton_width=4.00 skeleton_range=2.00-5.60 skeleton_aspect=4.657 merge_ratio=0.752 circularity=0.335
[CLEAN C299] REJECT Scratch: 不可测: 划痕最大宽度点超出中央有效测量区域
[MEASURE C299] Scratch 不可测: 划痕最大宽度点超出中央有效测量区域
[CLEAN C300] type=Rejected candidate=Scratch area=25.0 perimeter=39.0 bbox=(690,806,10,12) long=14.2 box_short=5.7 box_aspect=2.507 skeleton_width=2.80 skeleton_range=2.00-4.00 skeleton_aspect=5.062 merge_ratio=0.630 circularity=0.207
[CLEAN C300] REJECT Scratch: 尺寸 0.088393 mm < 0.25 mm
[MEASURE C300] Scratch width=0.088393 mm valid=False
[CLEAN C301] type=Rejected area=2.0 perimeter=6.0 bbox=(521,806,2,3) long=2.0 box_short=1.0 box_aspect=2.000 skeleton_width=2.00 skeleton_range=2.00-2.00 skeleton_aspect=1.000 merge_ratio=0.500 circularity=0.698
[CLEAN C301] REJECT Scratch: area 2.0 < 20; long_side 2.0 < 10; skeleton_aspect 1.000 < 2.5
[CLEAN C301] REJECT Pit: area 2.0 < 32
[CLEAN C302] type=Rejected area=2.0 perimeter=6.0 bbox=(17,806,3,2) long=2.0 box_short=1.0 box_aspect=2.000 skeleton_width=2.00 skeleton_range=2.00-2.00 skeleton_aspect=1.000 merge_ratio=0.500 circularity=0.698
[CLEAN C302] REJECT Scratch: area 2.0 < 20; long_side 2.0 < 10; skeleton_aspect 1.000 < 2.5
[CLEAN C302] REJECT Pit: area 2.0 < 32
[CLEAN C303] type=Rejected area=4.0 perimeter=10.0 bbox=(953,805,2,5) long=4.0 box_short=1.0 box_aspect=4.000 skeleton_width=2.00 skeleton_range=2.00-2.00 skeleton_aspect=2.000 merge_ratio=0.500 circularity=0.503
[CLEAN C303] REJECT Scratch: area 4.0 < 20; long_side 4.0 < 10; skeleton_aspect 2.000 < 2.5
[CLEAN C303] REJECT Pit: area 4.0 < 32; circularity 0.503 < 0.55
[CLEAN C304] type=Rejected area=4.0 perimeter=10.0 bbox=(831,805,5,2) long=4.0 box_short=1.0 box_aspect=4.000 skeleton_width=2.00 skeleton_range=2.00-2.00 skeleton_aspect=2.000 merge_ratio=0.500 circularity=0.503
[CLEAN C304] REJECT Scratch: area 4.0 < 20; long_side 4.0 < 10; skeleton_aspect 2.000 < 2.5
[CLEAN C304] REJECT Pit: area 4.0 < 32; circularity 0.503 < 0.55
[CLEAN C305] type=Rejected area=1.0 perimeter=4.0 bbox=(820,805,2,2) long=1.0 box_short=1.0 box_aspect=1.000 skeleton_width=2.00 skeleton_range=2.00-2.00 skeleton_aspect=0.500 merge_ratio=0.500 circularity=0.785
[CLEAN C305] REJECT Scratch: area 1.0 < 20; long_side 1.0 < 10; skeleton_aspect 0.500 < 2.5; box_aspect 1.000 < 1.5
[CLEAN C305] REJECT Pit: area 1.0 < 32
[CLEAN C306] type=Rejected candidate=Scratch area=31.5 perimeter=40.7 bbox=(590,805,8,16) long=16.1 box_short=4.9 box_aspect=3.269 skeleton_width=2.80 skeleton_range=2.00-4.00 skeleton_aspect=5.750 merge_ratio=0.699 circularity=0.239
[CLEAN C306] REJECT Scratch: 尺寸 0.082457 mm < 0.25 mm
[MEASURE C306] Scratch width=0.082457 mm valid=False
[CLEAN C307] type=Rejected area=1.0 perimeter=4.0 bbox=(573,805,2,2) long=1.0 box_short=1.0 box_aspect=1.000 skeleton_width=2.00 skeleton_range=2.00-2.00 skeleton_aspect=0.500 merge_ratio=0.500 circularity=0.785
[CLEAN C307] REJECT Scratch: area 1.0 < 20; long_side 1.0 < 10; skeleton_aspect 0.500 < 2.5; box_aspect 1.000 < 1.5
[CLEAN C307] REJECT Pit: area 1.0 < 32
[CLEAN C308] type=Rejected area=10.0 perimeter=16.8 bbox=(473,804,6,5) long=5.0 box_short=4.0 box_aspect=1.250 skeleton_width=2.00 skeleton_range=2.00-4.00 skeleton_aspect=2.500 merge_ratio=1.000 circularity=0.444
[CLEAN C308] REJECT Scratch: area 10.0 < 20; long_side 5.0 < 10; box_aspect 1.250 < 1.5
[CLEAN C308] REJECT Pit: area 10.0 < 32; circularity 0.444 < 0.55
[CLEAN C309] type=Rejected candidate=Scratch area=45.0 perimeter=45.3 bbox=(106,804,6,21) long=20.2 box_short=4.2 box_aspect=4.767 skeleton_width=2.80 skeleton_range=2.00-5.60 skeleton_aspect=7.223 merge_ratio=0.795 circularity=0.275
[CLEAN C309] REJECT Scratch: 不可测: 划痕最大宽度点超出中央有效测量区域
[MEASURE C309] Scratch 不可测: 划痕最大宽度点超出中央有效测量区域
[CLEAN C310] type=Rejected area=5.5 perimeter=9.4 bbox=(93,804,3,4) long=3.0 box_short=2.0 box_aspect=1.500 skeleton_width=2.00 skeleton_range=2.00-4.00 skeleton_aspect=1.500 merge_ratio=0.917 circularity=0.780
[CLEAN C310] REJECT Scratch: area 5.5 < 20; long_side 3.0 < 10; skeleton_aspect 1.500 < 2.5
[CLEAN C310] REJECT Pit: area 5.5 < 32
[CLEAN C311] type=Rejected area=28.5 perimeter=21.1 bbox=(653,803,6,8) long=7.0 box_short=5.0 box_aspect=1.400 skeleton_width=4.39 skeleton_range=2.00-6.00 skeleton_aspect=1.593 merge_ratio=0.927 circularity=0.807
[CLEAN C311] REJECT Scratch: long_side 7.0 < 10; skeleton_aspect 1.593 < 2.5; box_aspect 1.400 < 1.5
[CLEAN C311] REJECT Pit: area 28.5 < 32
[CLEAN C312] type=Rejected area=1.0 perimeter=4.0 bbox=(1197,802,2,2) long=1.0 box_short=1.0 box_aspect=1.000 skeleton_width=2.00 skeleton_range=2.00-2.00 skeleton_aspect=0.500 merge_ratio=0.500 circularity=0.785
[CLEAN C312] REJECT Scratch: area 1.0 < 20; long_side 1.0 < 10; skeleton_aspect 0.500 < 2.5; box_aspect 1.000 < 1.5
[CLEAN C312] REJECT Pit: area 1.0 < 32
[CLEAN C313] type=Rejected area=12.5 perimeter=14.2 bbox=(495,802,4,6) long=5.0 box_short=3.0 box_aspect=1.667 skeleton_width=2.80 skeleton_range=2.00-4.00 skeleton_aspect=1.786 merge_ratio=0.893 circularity=0.774
[CLEAN C313] REJECT Scratch: area 12.5 < 20; long_side 5.0 < 10; skeleton_aspect 1.786 < 2.5
[CLEAN C313] REJECT Pit: area 12.5 < 32
[CLEAN C314] type=Rejected area=20.5 perimeter=25.1 bbox=(407,802,8,8) long=7.3 box_short=6.7 box_aspect=1.088 skeleton_width=2.00 skeleton_range=2.00-4.39 skeleton_aspect=3.628 merge_ratio=1.413 circularity=0.410
[CLEAN C314] REJECT Scratch: long_side 7.3 < 10; box_aspect 1.088 < 1.5
[CLEAN C314] REJECT Pit: area 20.5 < 32; circularity 0.410 < 0.55
[CLEAN C315] type=Rejected candidate=Scratch area=38.0 perimeter=27.3 bbox=(915,801,6,12) long=11.0 box_short=5.0 box_aspect=2.200 skeleton_width=4.39 skeleton_range=2.00-6.00 skeleton_aspect=2.504 merge_ratio=0.786 circularity=0.640
[CLEAN C315] REJECT Scratch: 尺寸 0.136876 mm < 0.25 mm
[MEASURE C315] Scratch width=0.136876 mm valid=False
[CLEAN C316] type=Rejected area=2.0 perimeter=6.0 bbox=(803,801,2,3) long=2.0 box_short=1.0 box_aspect=2.000 skeleton_width=2.00 skeleton_range=2.00-2.00 skeleton_aspect=1.000 merge_ratio=0.500 circularity=0.698
[CLEAN C316] REJECT Scratch: area 2.0 < 20; long_side 2.0 < 10; skeleton_aspect 1.000 < 2.5
[CLEAN C316] REJECT Pit: area 2.0 < 32
[CLEAN C317] type=Rejected area=3.0 perimeter=8.0 bbox=(749,801,2,4) long=3.0 box_short=1.0 box_aspect=3.000 skeleton_width=2.00 skeleton_range=2.00-2.00 skeleton_aspect=1.500 merge_ratio=0.500 circularity=0.589
[CLEAN C317] REJECT Scratch: area 3.0 < 20; long_side 3.0 < 10; skeleton_aspect 1.500 < 2.5
[CLEAN C317] REJECT Pit: area 3.0 < 32
[CLEAN C318] type=Rejected candidate=Scratch area=51.0 perimeter=60.3 bbox=(704,801,22,14) long=24.6 box_short=5.4 box_aspect=4.583 skeleton_width=2.80 skeleton_range=2.00-4.00 skeleton_aspect=8.785 merge_ratio=0.741 circularity=0.176
[CLEAN C318] REJECT Scratch: 尺寸 0.105970 mm < 0.25 mm
[MEASURE C318] Scratch width=0.105970 mm valid=False
[CLEAN C319] type=Rejected area=3.0 perimeter=8.0 bbox=(465,801,2,4) long=3.0 box_short=1.0 box_aspect=3.000 skeleton_width=2.00 skeleton_range=2.00-2.00 skeleton_aspect=1.500 merge_ratio=0.500 circularity=0.589
[CLEAN C319] REJECT Scratch: area 3.0 < 20; long_side 3.0 < 10; skeleton_aspect 1.500 < 2.5
[CLEAN C319] REJECT Pit: area 3.0 < 32
[CLEAN C320] type=Pit area=91.0 perimeter=39.0 bbox=(446,801,11,14) long=13.0 box_short=10.0 box_aspect=1.300 skeleton_width=6.00 skeleton_range=2.00-9.99 skeleton_aspect=2.167 merge_ratio=1.167 circularity=0.753
[MEASURE C320] Pit diameter=0.329015 mm valid=True
Pit: area = 91.0 diameter_mm = 0.3290145993232727 circularity = 0.7529704122645494
[CLEAN C321] type=Rejected area=6.5 perimeter=12.2 bbox=(1037,800,4,5) long=4.9 box_short=2.2 box_aspect=2.200 skeleton_width=2.00 skeleton_range=2.00-2.80 skeleton_aspect=2.460 merge_ratio=0.661 circularity=0.545
[CLEAN C321] REJECT Scratch: area 6.5 < 20; long_side 4.9 < 10; skeleton_aspect 2.460 < 2.5
[CLEAN C321] REJECT Pit: area 6.5 < 32; circularity 0.545 < 0.55
[CLEAN C322] type=Rejected area=1.0 perimeter=4.0 bbox=(929,800,2,2) long=1.0 box_short=1.0 box_aspect=1.000 skeleton_width=2.00 skeleton_range=2.00-2.00 skeleton_aspect=0.500 merge_ratio=0.500 circularity=0.785
[CLEAN C322] REJECT Scratch: area 1.0 < 20; long_side 1.0 < 10; skeleton_aspect 0.500 < 2.5; box_aspect 1.000 < 1.5
[CLEAN C322] REJECT Pit: area 1.0 < 32
[CLEAN C323] type=Rejected candidate=Scratch area=79.0 perimeter=73.8 bbox=(537,800,8,32) long=30.8 box_short=5.8 box_aspect=5.357 skeleton_width=2.80 skeleton_range=2.00-5.60 skeleton_aspect=11.004 merge_ratio=0.916 circularity=0.182
[CLEAN C323] REJECT Scratch: 尺寸 0.124861 mm < 0.25 mm
[MEASURE C323] Scratch width=0.124861 mm valid=False
[CLEAN C324] type=Rejected area=4.0 perimeter=12.8 bbox=(136,800,3,6) long=5.3 box_short=1.5 box_aspect=3.667 skeleton_width=2.00 skeleton_range=2.00-2.00 skeleton_aspect=2.668 merge_ratio=0.375 circularity=0.305
[CLEAN C324] REJECT Scratch: area 4.0 < 20; long_side 5.3 < 10
[CLEAN C324] REJECT Pit: area 4.0 < 32; circularity 0.305 < 0.55
[CLEAN C325] type=Rejected candidate=Scratch area=81.0 perimeter=46.1 bbox=(27,800,8,20) long=19.2 box_short=6.6 box_aspect=2.894 skeleton_width=5.60 skeleton_range=2.00-7.19 skeleton_aspect=3.435 merge_ratio=0.752 circularity=0.478
[CLEAN C325] REJECT Scratch: 不可测: 划痕最大宽度点超出中央有效测量区域
[MEASURE C325] Scratch 不可测: 划痕最大宽度点超出中央有效测量区域
[CLEAN C326] type=Rejected area=3.5 perimeter=7.4 bbox=(1168,799,3,3) long=2.0 box_short=2.0 box_aspect=1.000 skeleton_width=2.00 skeleton_range=2.00-2.80 skeleton_aspect=1.000 merge_ratio=0.875 circularity=0.800
[CLEAN C326] REJECT Scratch: area 3.5 < 20; long_side 2.0 < 10; skeleton_aspect 1.000 < 2.5; box_aspect 1.000 < 1.5
[CLEAN C326] REJECT Pit: area 3.5 < 32
[CLEAN C327] type=Rejected candidate=Scratch area=146.5 perimeter=85.4 bbox=(873,799,34,12) long=33.7 box_short=10.1 box_aspect=3.325 skeleton_width=4.39 skeleton_range=2.00-7.19 skeleton_aspect=7.678 merge_ratio=0.988 circularity=0.253
[CLEAN C327] REJECT Scratch: 尺寸 0.195527 mm < 0.25 mm
[MEASURE C327] Scratch width=0.195527 mm valid=False
[CLEAN C328] type=Rejected candidate=Scratch area=25.0 perimeter=34.5 bbox=(729,799,7,14) long=13.2 box_short=4.9 box_aspect=2.690 skeleton_width=2.80 skeleton_range=2.00-4.00 skeleton_aspect=4.723 merge_ratio=0.675 circularity=0.264
[CLEAN C328] REJECT Scratch: 尺寸 0.077129 mm < 0.25 mm
[MEASURE C328] Scratch width=0.077129 mm valid=False
[CLEAN C329] type=Rejected area=3.0 perimeter=6.8 bbox=(304,799,3,3) long=2.8 box_short=1.4 box_aspect=2.000 skeleton_width=2.00 skeleton_range=2.00-2.80 skeleton_aspect=1.414 merge_ratio=0.530 circularity=0.809
[CLEAN C329] REJECT Scratch: area 3.0 < 20; long_side 2.8 < 10; skeleton_aspect 1.414 < 2.5
[CLEAN C329] REJECT Pit: area 3.0 < 32
[CLEAN C330] type=Pit area=90.0 perimeter=43.0 bbox=(608,798,13,12) long=12.0 box_short=11.0 box_aspect=1.091 skeleton_width=4.39 skeleton_range=2.00-8.79 skeleton_aspect=2.731 merge_ratio=1.707 circularity=0.613
[MEASURE C330] Pit diameter=0.320134 mm valid=True
Pit: area = 90.0 diameter_mm = 0.32013440132141113 circularity = 0.6125059286347665
[CLEAN C331] type=Rejected area=2.0 perimeter=6.0 bbox=(1247,797,3,2) long=2.0 box_short=1.0 box_aspect=2.000 skeleton_width=2.00 skeleton_range=2.00-2.00 skeleton_aspect=1.000 merge_ratio=0.500 circularity=0.698
[CLEAN C331] REJECT Scratch: area 2.0 < 20; long_side 2.0 < 10; skeleton_aspect 1.000 < 2.5
[CLEAN C331] REJECT Pit: area 2.0 < 32
[CLEAN C332] type=Rejected area=7.5 perimeter=11.4 bbox=(737,797,3,5) long=4.0 box_short=2.0 box_aspect=2.000 skeleton_width=2.40 skeleton_range=2.00-4.00 skeleton_aspect=1.667 merge_ratio=0.781 circularity=0.723
[CLEAN C332] REJECT Scratch: area 7.5 < 20; long_side 4.0 < 10; skeleton_aspect 1.667 < 2.5
[CLEAN C332] REJECT Pit: area 7.5 < 32
[CLEAN C333] type=Rejected area=8.0 perimeter=12.8 bbox=(92,797,5,4) long=4.0 box_short=3.0 box_aspect=1.333 skeleton_width=2.00 skeleton_range=2.00-4.00 skeleton_aspect=2.000 merge_ratio=1.000 circularity=0.611
[CLEAN C333] REJECT Scratch: area 8.0 < 20; long_side 4.0 < 10; skeleton_aspect 2.000 < 2.5; box_aspect 1.333 < 1.5
[CLEAN C333] REJECT Pit: area 8.0 < 32
[CLEAN C334] type=Rejected area=2.0 perimeter=6.0 bbox=(664,796,2,3) long=2.0 box_short=1.0 box_aspect=2.000 skeleton_width=2.00 skeleton_range=2.00-2.00 skeleton_aspect=1.000 merge_ratio=0.500 circularity=0.698
[CLEAN C334] REJECT Scratch: area 2.0 < 20; long_side 2.0 < 10; skeleton_aspect 1.000 < 2.5
[CLEAN C334] REJECT Pit: area 2.0 < 32
[CLEAN C335] type=Rejected area=27.5 perimeter=25.1 bbox=(967,795,6,10) long=9.8 box_short=4.4 box_aspect=2.214 skeleton_width=4.00 skeleton_range=2.00-4.39 skeleton_aspect=2.451 merge_ratio=0.701 circularity=0.550
[CLEAN C335] REJECT Scratch: long_side 9.8 < 10; skeleton_aspect 2.451 < 2.5
[CLEAN C335] REJECT Pit: area 27.5 < 32; circularity 0.550 < 0.55
[CLEAN C336] type=Rejected area=15.5 perimeter=20.2 bbox=(781,795,6,7) long=6.0 box_short=5.0 box_aspect=1.200 skeleton_width=2.40 skeleton_range=2.00-4.00 skeleton_aspect=2.500 merge_ratio=1.076 circularity=0.475
[CLEAN C336] REJECT Scratch: area 15.5 < 20; long_side 6.0 < 10; skeleton_aspect 2.500 < 2.5; box_aspect 1.200 < 1.5
[CLEAN C336] REJECT Pit: area 15.5 < 32; circularity 0.475 < 0.55
[CLEAN C337] type=Rejected area=25.0 perimeter=25.7 bbox=(677,795,9,7) long=8.0 box_short=6.0 box_aspect=1.333 skeleton_width=3.40 skeleton_range=2.00-4.39 skeleton_aspect=2.353 merge_ratio=0.919 circularity=0.477
[CLEAN C337] REJECT Scratch: long_side 8.0 < 10; skeleton_aspect 2.353 < 2.5; box_aspect 1.333 < 1.5
[CLEAN C337] REJECT Pit: area 25.0 < 32; circularity 0.477 < 0.55
[CLEAN C338] type=Rejected area=4.0 perimeter=8.0 bbox=(557,795,3,3) long=2.0 box_short=2.0 box_aspect=1.000 skeleton_width=2.00 skeleton_range=2.00-4.00 skeleton_aspect=1.000 merge_ratio=1.000 circularity=0.785
[CLEAN C338] REJECT Scratch: area 4.0 < 20; long_side 2.0 < 10; skeleton_aspect 1.000 < 2.5; box_aspect 1.000 < 1.5
[CLEAN C338] REJECT Pit: area 4.0 < 32
[CLEAN C339] type=Rejected area=5.0 perimeter=8.8 bbox=(144,795,4,3) long=3.0 box_short=2.0 box_aspect=1.500 skeleton_width=2.40 skeleton_range=2.00-2.80 skeleton_aspect=1.250 merge_ratio=0.694 circularity=0.806
[CLEAN C339] REJECT Scratch: area 5.0 < 20; long_side 3.0 < 10; skeleton_aspect 1.250 < 2.5
[CLEAN C339] REJECT Pit: area 5.0 < 32
[CLEAN C340] type=Rejected area=1.0 perimeter=4.0 bbox=(155,794,2,2) long=1.0 box_short=1.0 box_aspect=1.000 skeleton_width=2.00 skeleton_range=2.00-2.00 skeleton_aspect=0.500 merge_ratio=0.500 circularity=0.785
[CLEAN C340] REJECT Scratch: area 1.0 < 20; long_side 1.0 < 10; skeleton_aspect 0.500 < 2.5; box_aspect 1.000 < 1.5
[CLEAN C340] REJECT Pit: area 1.0 < 32
[CLEAN C341] type=Rejected area=1.0 perimeter=4.0 bbox=(123,794,2,2) long=1.0 box_short=1.0 box_aspect=1.000 skeleton_width=2.00 skeleton_range=2.00-2.00 skeleton_aspect=0.500 merge_ratio=0.500 circularity=0.785
[CLEAN C341] REJECT Scratch: area 1.0 < 20; long_side 1.0 < 10; skeleton_aspect 0.500 < 2.5; box_aspect 1.000 < 1.5
[CLEAN C341] REJECT Pit: area 1.0 < 32
[CLEAN C342] type=Rejected area=9.0 perimeter=16.8 bbox=(1273,793,3,8) long=7.0 box_short=2.0 box_aspect=3.500 skeleton_width=2.00 skeleton_range=2.00-4.00 skeleton_aspect=3.500 merge_ratio=0.643 circularity=0.399
[CLEAN C342] REJECT Scratch: area 9.0 < 20; long_side 7.0 < 10
[CLEAN C342] REJECT Pit: area 9.0 < 32; circularity 0.399 < 0.55
[CLEAN C343] type=Rejected area=17.5 perimeter=20.2 bbox=(580,793,4,9) long=8.0 box_short=3.0 box_aspect=2.667 skeleton_width=3.40 skeleton_range=2.00-4.00 skeleton_aspect=2.353 merge_ratio=0.643 circularity=0.537
[CLEAN C343] REJECT Scratch: area 17.5 < 20; long_side 8.0 < 10; skeleton_aspect 2.353 < 2.5
[CLEAN C343] REJECT Pit: area 17.5 < 32; circularity 0.537 < 0.55
[CLEAN C344] type=Rejected area=20.5 perimeter=20.2 bbox=(562,793,8,5) long=7.0 box_short=4.0 box_aspect=1.750 skeleton_width=4.00 skeleton_range=2.00-4.00 skeleton_aspect=1.750 merge_ratio=0.732 circularity=0.629
[CLEAN C344] REJECT Scratch: long_side 7.0 < 10; skeleton_aspect 1.750 < 2.5
[CLEAN C344] REJECT Pit: area 20.5 < 32
[CLEAN C345] type=Rejected area=2.0 perimeter=6.0 bbox=(300,793,2,3) long=2.0 box_short=1.0 box_aspect=2.000 skeleton_width=2.00 skeleton_range=2.00-2.00 skeleton_aspect=1.000 merge_ratio=0.500 circularity=0.698
[CLEAN C345] REJECT Scratch: area 2.0 < 20; long_side 2.0 < 10; skeleton_aspect 1.000 < 2.5
[CLEAN C345] REJECT Pit: area 2.0 < 32
[CLEAN C346] type=Rejected area=1.0 perimeter=4.0 bbox=(1159,792,2,2) long=1.0 box_short=1.0 box_aspect=1.000 skeleton_width=2.00 skeleton_range=2.00-2.00 skeleton_aspect=0.500 merge_ratio=0.500 circularity=0.785
[CLEAN C346] REJECT Scratch: area 1.0 < 20; long_side 1.0 < 10; skeleton_aspect 0.500 < 2.5; box_aspect 1.000 < 1.5
[CLEAN C346] REJECT Pit: area 1.0 < 32
[CLEAN C347] type=Rejected area=9.0 perimeter=12.8 bbox=(760,792,5,4) long=4.0 box_short=3.0 box_aspect=1.333 skeleton_width=2.80 skeleton_range=2.00-4.00 skeleton_aspect=1.429 merge_ratio=0.804 circularity=0.687
[CLEAN C347] REJECT Scratch: area 9.0 < 20; long_side 4.0 < 10; skeleton_aspect 1.429 < 2.5; box_aspect 1.333 < 1.5
[CLEAN C347] REJECT Pit: area 9.0 < 32
[CLEAN C348] type=Rejected area=1.0 perimeter=4.0 bbox=(499,792,2,2) long=1.0 box_short=1.0 box_aspect=1.000 skeleton_width=2.00 skeleton_range=2.00-2.00 skeleton_aspect=0.500 merge_ratio=0.500 circularity=0.785
[CLEAN C348] REJECT Scratch: area 1.0 < 20; long_side 1.0 < 10; skeleton_aspect 0.500 < 2.5; box_aspect 1.000 < 1.5
[CLEAN C348] REJECT Pit: area 1.0 < 32
[CLEAN C349] type=Rejected candidate=Scratch area=25.0 perimeter=26.8 bbox=(307,791,11,4) long=10.0 box_short=3.0 box_aspect=3.333 skeleton_width=4.00 skeleton_range=2.00-4.00 skeleton_aspect=2.500 merge_ratio=0.625 circularity=0.436
[CLEAN C349] REJECT Scratch: 尺寸 0.064655 mm < 0.25 mm
[MEASURE C349] Scratch width=0.064655 mm valid=False
[CLEAN C350] type=Rejected area=3.5 perimeter=7.4 bbox=(1041,790,3,3) long=2.0 box_short=2.0 box_aspect=1.000 skeleton_width=2.00 skeleton_range=2.00-2.80 skeleton_aspect=1.000 merge_ratio=0.875 circularity=0.800
[CLEAN C350] REJECT Scratch: area 3.5 < 20; long_side 2.0 < 10; skeleton_aspect 1.000 < 2.5; box_aspect 1.000 < 1.5
[CLEAN C350] REJECT Pit: area 3.5 < 32
[CLEAN C351] type=Rejected area=11.5 perimeter=14.2 bbox=(723,790,4,6) long=5.0 box_short=3.0 box_aspect=1.667 skeleton_width=2.80 skeleton_range=2.00-4.00 skeleton_aspect=1.786 merge_ratio=0.821 circularity=0.712
[CLEAN C351] REJECT Scratch: area 11.5 < 20; long_side 5.0 < 10; skeleton_aspect 1.786 < 2.5
[CLEAN C351] REJECT Pit: area 11.5 < 32
[CLEAN C352] type=Rejected area=29.5 perimeter=23.9 bbox=(386,790,6,10) long=9.0 box_short=5.0 box_aspect=1.800 skeleton_width=4.00 skeleton_range=2.00-5.60 skeleton_aspect=2.250 merge_ratio=0.819 circularity=0.649
[CLEAN C352] REJECT Scratch: long_side 9.0 < 10; skeleton_aspect 2.250 < 2.5
[CLEAN C352] REJECT Pit: area 29.5 < 32
[CLEAN C353] type=Rejected area=3.0 perimeter=6.8 bbox=(771,789,3,3) long=2.8 box_short=1.4 box_aspect=2.000 skeleton_width=2.00 skeleton_range=2.00-2.80 skeleton_aspect=1.414 merge_ratio=0.530 circularity=0.809
[CLEAN C353] REJECT Scratch: area 3.0 < 20; long_side 2.8 < 10; skeleton_aspect 1.414 < 2.5
[CLEAN C353] REJECT Pit: area 3.0 < 32
[CLEAN C354] type=Rejected candidate=Scratch area=65.0 perimeter=40.1 bbox=(621,789,14,11) long=13.8 box_short=8.6 box_aspect=1.608 skeleton_width=4.39 skeleton_range=2.00-8.00 skeleton_aspect=3.135 merge_ratio=1.074 circularity=0.507
[CLEAN C354] REJECT Scratch: 尺寸 0.217485 mm < 0.25 mm
[MEASURE C354] Scratch width=0.217485 mm valid=False
[CLEAN C355] type=Rejected area=15.0 perimeter=15.7 bbox=(341,789,5,6) long=5.0 box_short=4.0 box_aspect=1.250 skeleton_width=3.40 skeleton_range=2.00-4.00 skeleton_aspect=1.471 merge_ratio=0.882 circularity=0.769
[CLEAN C355] REJECT Scratch: area 15.0 < 20; long_side 5.0 < 10; skeleton_aspect 1.471 < 2.5; box_aspect 1.250 < 1.5
[CLEAN C355] REJECT Pit: area 15.0 < 32
[CLEAN C356] type=Rejected area=1.0 perimeter=4.0 bbox=(1136,788,2,2) long=1.0 box_short=1.0 box_aspect=1.000 skeleton_width=2.00 skeleton_range=2.00-2.00 skeleton_aspect=0.500 merge_ratio=0.500 circularity=0.785
[CLEAN C356] REJECT Scratch: area 1.0 < 20; long_side 1.0 < 10; skeleton_aspect 0.500 < 2.5; box_aspect 1.000 < 1.5
[CLEAN C356] REJECT Pit: area 1.0 < 32
[CLEAN C357] type=Rejected area=4.0 perimeter=8.0 bbox=(917,788,3,3) long=2.0 box_short=2.0 box_aspect=1.000 skeleton_width=2.00 skeleton_range=2.00-4.00 skeleton_aspect=1.000 merge_ratio=1.000 circularity=0.785
[CLEAN C357] REJECT Scratch: area 4.0 < 20; long_side 2.0 < 10; skeleton_aspect 1.000 < 2.5; box_aspect 1.000 < 1.5
[CLEAN C357] REJECT Pit: area 4.0 < 32
[CLEAN C358] type=Rejected candidate=Scratch area=50.5 perimeter=85.4 bbox=(591,788,27,15) long=29.0 box_short=7.3 box_aspect=3.987 skeleton_width=2.00 skeleton_range=2.00-4.00 skeleton_aspect=14.521 merge_ratio=0.869 circularity=0.087
[CLEAN C358] REJECT Scratch: 尺寸 0.076439 mm < 0.25 mm
[MEASURE C358] Scratch width=0.076439 mm valid=False
[CLEAN C359] type=Rejected area=9.5 perimeter=15.1 bbox=(465,788,5,6) long=6.4 box_short=2.5 box_aspect=2.556 skeleton_width=2.80 skeleton_range=2.00-2.80 skeleton_aspect=2.278 merge_ratio=0.532 circularity=0.526
[CLEAN C359] REJECT Scratch: area 9.5 < 20; long_side 6.4 < 10; skeleton_aspect 2.278 < 2.5
[CLEAN C359] REJECT Pit: area 9.5 < 32; circularity 0.526 < 0.55
[CLEAN C360] type=Pit area=101.0 perimeter=40.1 bbox=(417,788,14,11) long=13.0 box_short=10.0 box_aspect=1.300 skeleton_width=5.60 skeleton_range=2.00-10.79 skeleton_aspect=2.321 merge_ratio=1.387 circularity=0.788
[MEASURE C360] Pit diameter=0.353987 mm valid=True
Pit: area = 101.0 diameter_mm = 0.35398730635643005 circularity = 0.7876445962489534
[CLEAN C361] type=Rejected area=2723.0 perimeter=1133.9 bbox=(776,787,497,153) long=518.8 box_short=46.1 box_aspect=11.263 skeleton_width=6.00 skeleton_range=2.00-10.00 skeleton_aspect=86.461 merge_ratio=0.875 circularity=0.027
[CLEAN C361] REJECT ROI: 触及 ROI 下边界，可能是钢轴底缘/背景
[CLEAN C362] type=Rejected area=2.0 perimeter=6.0 bbox=(928,787,2,3) long=2.0 box_short=1.0 box_aspect=2.000 skeleton_width=2.00 skeleton_range=2.00-2.00 skeleton_aspect=1.000 merge_ratio=0.500 circularity=0.698
[CLEAN C362] REJECT Scratch: area 2.0 < 20; long_side 2.0 < 10; skeleton_aspect 1.000 < 2.5
[CLEAN C362] REJECT Pit: area 2.0 < 32
[CLEAN C363] type=Rejected area=1.0 perimeter=4.0 bbox=(843,787,2,2) long=1.0 box_short=1.0 box_aspect=1.000 skeleton_width=2.00 skeleton_range=2.00-2.00 skeleton_aspect=0.500 merge_ratio=0.500 circularity=0.785
[CLEAN C363] REJECT Scratch: area 1.0 < 20; long_side 1.0 < 10; skeleton_aspect 0.500 < 2.5; box_aspect 1.000 < 1.5
[CLEAN C363] REJECT Pit: area 1.0 < 32
[CLEAN C364] type=Rejected area=16.0 perimeter=20.5 bbox=(90,787,7,7) long=7.8 box_short=3.7 box_aspect=2.083 skeleton_width=2.80 skeleton_range=2.00-4.00 skeleton_aspect=2.789 merge_ratio=0.732 circularity=0.479
[CLEAN C364] REJECT Scratch: area 16.0 < 20; long_side 7.8 < 10
[CLEAN C364] REJECT Pit: area 16.0 < 32; circularity 0.479 < 0.55
[CLEAN C365] type=Rejected area=25.0 perimeter=23.3 bbox=(715,786,6,10) long=9.8 box_short=4.3 box_aspect=2.304 skeleton_width=4.00 skeleton_range=2.00-4.39 skeleton_aspect=2.460 merge_ratio=0.635 circularity=0.578
[CLEAN C365] REJECT Scratch: long_side 9.8 < 10; skeleton_aspect 2.460 < 2.5
[CLEAN C365] REJECT Pit: area 25.0 < 32
[CLEAN C366] type=Rejected area=11.5 perimeter=14.2 bbox=(598,786,4,6) long=5.0 box_short=3.0 box_aspect=1.667 skeleton_width=2.80 skeleton_range=2.00-4.00 skeleton_aspect=1.786 merge_ratio=0.821 circularity=0.712
[CLEAN C366] REJECT Scratch: area 11.5 < 20; long_side 5.0 < 10; skeleton_aspect 1.786 < 2.5
[CLEAN C366] REJECT Pit: area 11.5 < 32
[CLEAN C367] type=Rejected area=6.0 perimeter=12.8 bbox=(64,786,3,6) long=5.0 box_short=2.0 box_aspect=2.500 skeleton_width=2.00 skeleton_range=2.00-2.80 skeleton_aspect=2.500 merge_ratio=0.600 circularity=0.458
[CLEAN C367] REJECT Scratch: area 6.0 < 20; long_side 5.0 < 10
[CLEAN C367] REJECT Pit: area 6.0 < 32; circularity 0.458 < 0.55
[CLEAN C368] type=Rejected area=5.0 perimeter=8.8 bbox=(1157,785,3,4) long=3.0 box_short=2.0 box_aspect=1.500 skeleton_width=2.40 skeleton_range=2.00-2.80 skeleton_aspect=1.250 merge_ratio=0.694 circularity=0.806
[CLEAN C368] REJECT Scratch: area 5.0 < 20; long_side 3.0 < 10; skeleton_aspect 1.250 < 2.5
[CLEAN C368] REJECT Pit: area 5.0 < 32
[CLEAN C369] type=Rejected area=10.0 perimeter=15.7 bbox=(679,785,7,4) long=6.3 box_short=2.7 box_aspect=2.286 skeleton_width=2.40 skeleton_range=2.00-4.00 skeleton_aspect=2.615 merge_ratio=0.664 circularity=0.513
[CLEAN C369] REJECT Scratch: area 10.0 < 20; long_side 6.3 < 10
[CLEAN C369] REJECT Pit: area 10.0 < 32; circularity 0.513 < 0.55
[CLEAN C370] type=Rejected area=8.5 perimeter=11.4 bbox=(484,785,4,4) long=3.0 box_short=3.0 box_aspect=1.000 skeleton_width=2.80 skeleton_range=2.00-4.00 skeleton_aspect=1.071 merge_ratio=1.012 circularity=0.820
[CLEAN C370] REJECT Scratch: area 8.5 < 20; long_side 3.0 < 10; skeleton_aspect 1.071 < 2.5; box_aspect 1.000 < 1.5
[CLEAN C370] REJECT Pit: area 8.5 < 32
[CLEAN C371] type=Rejected area=2.0 perimeter=6.0 bbox=(1231,784,2,3) long=2.0 box_short=1.0 box_aspect=2.000 skeleton_width=2.00 skeleton_range=2.00-2.00 skeleton_aspect=1.000 merge_ratio=0.500 circularity=0.698
[CLEAN C371] REJECT Scratch: area 2.0 < 20; long_side 2.0 < 10; skeleton_aspect 1.000 < 2.5
[CLEAN C371] REJECT Pit: area 2.0 < 32
[CLEAN C372] type=Rejected area=20.5 perimeter=18.2 bbox=(1068,784,7,5) long=6.0 box_short=4.0 box_aspect=1.500 skeleton_width=4.00 skeleton_range=2.00-5.60 skeleton_aspect=1.500 merge_ratio=0.854 circularity=0.774
[CLEAN C372] REJECT Scratch: long_side 6.0 < 10; skeleton_aspect 1.500 < 2.5
[CLEAN C372] REJECT Pit: area 20.5 < 32
[CLEAN C373] type=Rejected area=4.0 perimeter=8.0 bbox=(914,784,3,3) long=2.0 box_short=2.0 box_aspect=1.000 skeleton_width=2.00 skeleton_range=2.00-4.00 skeleton_aspect=1.000 merge_ratio=1.000 circularity=0.785
[CLEAN C373] REJECT Scratch: area 4.0 < 20; long_side 2.0 < 10; skeleton_aspect 1.000 < 2.5; box_aspect 1.000 < 1.5
[CLEAN C373] REJECT Pit: area 4.0 < 32
[CLEAN C374] type=Rejected candidate=Scratch area=37.0 perimeter=35.8 bbox=(883,784,14,9) long=15.2 box_short=5.1 box_aspect=2.983 skeleton_width=2.80 skeleton_range=2.00-4.39 skeleton_aspect=5.419 merge_ratio=0.871 circularity=0.363
[CLEAN C374] REJECT Scratch: 尺寸 0.108008 mm < 0.25 mm
[MEASURE C374] Scratch width=0.108008 mm valid=False
[CLEAN C375] type=Rejected area=24.0 perimeter=19.7 bbox=(737,784,5,8) long=7.0 box_short=4.0 box_aspect=1.750 skeleton_width=4.20 skeleton_range=2.00-5.60 skeleton_aspect=1.668 merge_ratio=0.817 circularity=0.781
[CLEAN C375] REJECT Scratch: long_side 7.0 < 10; skeleton_aspect 1.668 < 2.5
[CLEAN C375] REJECT Pit: area 24.0 < 32
[CLEAN C376] type=Rejected candidate=Scratch area=27.5 perimeter=36.2 bbox=(401,784,4,17) long=16.2 box_short=2.8 box_aspect=5.880 skeleton_width=2.80 skeleton_range=2.00-4.00 skeleton_aspect=5.798 merge_ratio=0.605 circularity=0.263
[CLEAN C376] REJECT Scratch: 尺寸 0.082165 mm < 0.25 mm
[MEASURE C376] Scratch width=0.082165 mm valid=False
[CLEAN C377] type=Rejected area=1.0 perimeter=4.0 bbox=(112,784,2,2) long=1.0 box_short=1.0 box_aspect=1.000 skeleton_width=2.00 skeleton_range=2.00-2.00 skeleton_aspect=0.500 merge_ratio=0.500 circularity=0.785
[CLEAN C377] REJECT Scratch: area 1.0 < 20; long_side 1.0 < 10; skeleton_aspect 0.500 < 2.5; box_aspect 1.000 < 1.5
[CLEAN C377] REJECT Pit: area 1.0 < 32
[CLEAN C378] type=Rejected area=3.5 perimeter=7.4 bbox=(1256,783,3,3) long=2.0 box_short=2.0 box_aspect=1.000 skeleton_width=2.00 skeleton_range=2.00-2.80 skeleton_aspect=1.000 merge_ratio=0.875 circularity=0.800
[CLEAN C378] REJECT Scratch: area 3.5 < 20; long_side 2.0 < 10; skeleton_aspect 1.000 < 2.5; box_aspect 1.000 < 1.5
[CLEAN C378] REJECT Pit: area 3.5 < 32
[CLEAN C379] type=Rejected area=2.0 perimeter=6.0 bbox=(835,783,2,3) long=2.0 box_short=1.0 box_aspect=2.000 skeleton_width=2.00 skeleton_range=2.00-2.00 skeleton_aspect=1.000 merge_ratio=0.500 circularity=0.698
[CLEAN C379] REJECT Scratch: area 2.0 < 20; long_side 2.0 < 10; skeleton_aspect 1.000 < 2.5
[CLEAN C379] REJECT Pit: area 2.0 < 32
[CLEAN C380] type=Rejected area=8.0 perimeter=12.8 bbox=(804,782,6,3) long=5.0 box_short=2.0 box_aspect=2.500 skeleton_width=2.00 skeleton_range=2.00-4.00 skeleton_aspect=2.500 merge_ratio=0.800 circularity=0.611
[CLEAN C380] REJECT Scratch: area 8.0 < 20; long_side 5.0 < 10
[CLEAN C380] REJECT Pit: area 8.0 < 32
[CLEAN C381] type=Rejected candidate=Pit area=41.5 perimeter=28.7 bbox=(700,781,9,10) long=8.4 box_short=8.1 box_aspect=1.043 skeleton_width=4.00 skeleton_range=2.00-6.39 skeleton_aspect=2.101 merge_ratio=1.235 circularity=0.632
[CLEAN C381] REJECT Pit: 尺寸 0.232418 mm < 0.25 mm
[MEASURE C381] Pit diameter=0.232418 mm valid=False
[CLEAN C382] type=Rejected area=1.0 perimeter=4.0 bbox=(622,781,2,2) long=1.0 box_short=1.0 box_aspect=1.000 skeleton_width=2.00 skeleton_range=2.00-2.00 skeleton_aspect=0.500 merge_ratio=0.500 circularity=0.785
[CLEAN C382] REJECT Scratch: area 1.0 < 20; long_side 1.0 < 10; skeleton_aspect 0.500 < 2.5; box_aspect 1.000 < 1.5
[CLEAN C382] REJECT Pit: area 1.0 < 32
[CLEAN C383] type=Rejected area=1.0 perimeter=4.0 bbox=(536,781,2,2) long=1.0 box_short=1.0 box_aspect=1.000 skeleton_width=2.00 skeleton_range=2.00-2.00 skeleton_aspect=0.500 merge_ratio=0.500 circularity=0.785
[CLEAN C383] REJECT Scratch: area 1.0 < 20; long_side 1.0 < 10; skeleton_aspect 0.500 < 2.5; box_aspect 1.000 < 1.5
[CLEAN C383] REJECT Pit: area 1.0 < 32
[CLEAN C384] type=Rejected area=15.0 perimeter=17.7 bbox=(476,781,5,7) long=6.8 box_short=3.4 box_aspect=2.000 skeleton_width=2.80 skeleton_range=2.00-4.00 skeleton_aspect=2.425 merge_ratio=0.789 circularity=0.605
[CLEAN C384] REJECT Scratch: area 15.0 < 20; long_side 6.8 < 10; skeleton_aspect 2.425 < 2.5
[CLEAN C384] REJECT Pit: area 15.0 < 32
[CLEAN C385] type=Rejected candidate=Scratch area=24.5 perimeter=36.7 bbox=(668,780,8,15) long=15.1 box_short=3.8 box_aspect=4.000 skeleton_width=2.00 skeleton_range=2.00-4.00 skeleton_aspect=7.546 merge_ratio=0.812 circularity=0.228
[CLEAN C385] REJECT Scratch: 尺寸 0.076495 mm < 0.25 mm
[MEASURE C385] Scratch width=0.076495 mm valid=False
[CLEAN C386] type=Rejected candidate=Scratch area=96.5 perimeter=45.2 bbox=(640,780,15,14) long=16.6 box_short=8.6 box_aspect=1.925 skeleton_width=5.60 skeleton_range=2.00-8.39 skeleton_aspect=2.969 merge_ratio=1.036 circularity=0.593
[CLEAN C386] REJECT Scratch: 尺寸 0.182214 mm < 0.25 mm
[MEASURE C386] Scratch width=0.182214 mm valid=False
[CLEAN C387] type=Rejected area=1.0 perimeter=4.0 bbox=(574,780,2,2) long=1.0 box_short=1.0 box_aspect=1.000 skeleton_width=2.00 skeleton_range=2.00-2.00 skeleton_aspect=0.500 merge_ratio=0.500 circularity=0.785
[CLEAN C387] REJECT Scratch: area 1.0 < 20; long_side 1.0 < 10; skeleton_aspect 0.500 < 2.5; box_aspect 1.000 < 1.5
[CLEAN C387] REJECT Pit: area 1.0 < 32
[CLEAN C388] type=Rejected area=22.5 perimeter=25.1 bbox=(495,780,6,10) long=9.0 box_short=5.0 box_aspect=1.800 skeleton_width=2.00 skeleton_range=2.00-5.60 skeleton_aspect=4.500 merge_ratio=1.250 circularity=0.450
[CLEAN C388] REJECT Scratch: long_side 9.0 < 10
[CLEAN C388] REJECT Pit: area 22.5 < 32; circularity 0.450 < 0.55
[CLEAN C389] type=Rejected area=1.0 perimeter=4.0 bbox=(886,779,2,2) long=1.0 box_short=1.0 box_aspect=1.000 skeleton_width=2.00 skeleton_range=2.00-2.00 skeleton_aspect=0.500 merge_ratio=0.500 circularity=0.785
[CLEAN C389] REJECT Scratch: area 1.0 < 20; long_side 1.0 < 10; skeleton_aspect 0.500 < 2.5; box_aspect 1.000 < 1.5
[CLEAN C389] REJECT Pit: area 1.0 < 32
[CLEAN C390] type=Rejected area=4.0 perimeter=8.0 bbox=(797,779,3,3) long=2.0 box_short=2.0 box_aspect=1.000 skeleton_width=2.00 skeleton_range=2.00-4.00 skeleton_aspect=1.000 merge_ratio=1.000 circularity=0.785
[CLEAN C390] REJECT Scratch: area 4.0 < 20; long_side 2.0 < 10; skeleton_aspect 1.000 < 2.5; box_aspect 1.000 < 1.5
[CLEAN C390] REJECT Pit: area 4.0 < 32
[CLEAN C391] type=Rejected area=1.0 perimeter=4.0 bbox=(761,779,2,2) long=1.0 box_short=1.0 box_aspect=1.000 skeleton_width=2.00 skeleton_range=2.00-2.00 skeleton_aspect=0.500 merge_ratio=0.500 circularity=0.785
[CLEAN C391] REJECT Scratch: area 1.0 < 20; long_side 1.0 < 10; skeleton_aspect 0.500 < 2.5; box_aspect 1.000 < 1.5
[CLEAN C391] REJECT Pit: area 1.0 < 32
[CLEAN C392] type=Rejected area=1.0 perimeter=4.0 bbox=(697,779,2,2) long=1.0 box_short=1.0 box_aspect=1.000 skeleton_width=2.00 skeleton_range=2.00-2.00 skeleton_aspect=0.500 merge_ratio=0.500 circularity=0.785
[CLEAN C392] REJECT Scratch: area 1.0 < 20; long_side 1.0 < 10; skeleton_aspect 0.500 < 2.5; box_aspect 1.000 < 1.5
[CLEAN C392] REJECT Pit: area 1.0 < 32
[CLEAN C393] type=Rejected area=13.0 perimeter=16.8 bbox=(634,779,3,8) long=7.0 box_short=2.0 box_aspect=3.500 skeleton_width=3.40 skeleton_range=2.00-4.00 skeleton_aspect=2.059 merge_ratio=0.546 circularity=0.577
[CLEAN C393] REJECT Scratch: area 13.0 < 20; long_side 7.0 < 10; skeleton_aspect 2.059 < 2.5
[CLEAN C393] REJECT Pit: area 13.0 < 32
[CLEAN C394] type=Rejected candidate=Scratch area=50.5 perimeter=44.7 bbox=(511,779,6,20) long=19.0 box_short=5.0 box_aspect=3.800 skeleton_width=4.00 skeleton_range=2.00-5.60 skeleton_aspect=4.750 merge_ratio=0.664 circularity=0.317
[CLEAN C394] REJECT Scratch: 尺寸 0.125828 mm < 0.25 mm
[MEASURE C394] Scratch width=0.125828 mm valid=False
[CLEAN C395] type=Rejected area=10.0 perimeter=15.7 bbox=(82,779,5,6) long=6.4 box_short=2.8 box_aspect=2.250 skeleton_width=2.00 skeleton_range=2.00-4.00 skeleton_aspect=3.182 merge_ratio=0.786 circularity=0.513
[CLEAN C395] REJECT Scratch: area 10.0 < 20; long_side 6.4 < 10
[CLEAN C395] REJECT Pit: area 10.0 < 32; circularity 0.513 < 0.55
[CLEAN C396] type=Rejected area=2.0 perimeter=6.0 bbox=(64,779,2,3) long=2.0 box_short=1.0 box_aspect=2.000 skeleton_width=2.00 skeleton_range=2.00-2.00 skeleton_aspect=1.000 merge_ratio=0.500 circularity=0.698
[CLEAN C396] REJECT Scratch: area 2.0 < 20; long_side 2.0 < 10; skeleton_aspect 1.000 < 2.5
[CLEAN C396] REJECT Pit: area 2.0 < 32
[CLEAN C397] type=Rejected area=5.5 perimeter=9.4 bbox=(57,779,3,4) long=3.0 box_short=2.0 box_aspect=1.500 skeleton_width=2.00 skeleton_range=2.00-4.00 skeleton_aspect=1.500 merge_ratio=0.917 circularity=0.780
[CLEAN C397] REJECT Scratch: area 5.5 < 20; long_side 3.0 < 10; skeleton_aspect 1.500 < 2.5
[CLEAN C397] REJECT Pit: area 5.5 < 32
[CLEAN C398] type=Rejected candidate=Pit area=32.5 perimeter=23.9 bbox=(7,779,8,8) long=8.5 box_short=5.7 box_aspect=1.500 skeleton_width=3.60 skeleton_range=2.00-5.60 skeleton_aspect=2.359 merge_ratio=1.065 circularity=0.715
[CLEAN C398] REJECT Pit: 不可测: 凹点中心超出中央有效测量区域
[MEASURE C398] Pit 不可测: 凹点中心超出中央有效测量区域
[CLEAN C399] type=Rejected candidate=Scratch area=43.0 perimeter=31.7 bbox=(590,777,7,12) long=11.0 box_short=6.0 box_aspect=1.833 skeleton_width=4.00 skeleton_range=2.00-6.00 skeleton_aspect=2.750 merge_ratio=0.977 circularity=0.539
[CLEAN C399] REJECT Scratch: 尺寸 0.159002 mm < 0.25 mm
[MEASURE C399] Scratch width=0.159002 mm valid=False
[CLEAN C400] type=Rejected candidate=Scratch area=32.5 perimeter=33.9 bbox=(444,777,9,11) long=12.2 box_short=5.7 box_aspect=2.130 skeleton_width=2.80 skeleton_range=2.00-6.00 skeleton_aspect=4.354 merge_ratio=0.952 circularity=0.355
[CLEAN C400] REJECT Scratch: 尺寸 0.151494 mm < 0.25 mm
[MEASURE C400] Scratch width=0.151494 mm valid=False
[CLEAN C401] type=Rejected area=3.0 perimeter=6.8 bbox=(750,776,3,3) long=2.8 box_short=1.4 box_aspect=2.000 skeleton_width=2.00 skeleton_range=2.00-2.80 skeleton_aspect=1.414 merge_ratio=0.530 circularity=0.809
[CLEAN C401] REJECT Scratch: area 3.0 < 20; long_side 2.8 < 10; skeleton_aspect 1.414 < 2.5
[CLEAN C401] REJECT Pit: area 3.0 < 32
[CLEAN C402] type=Rejected area=20.0 perimeter=20.5 bbox=(654,775,6,8) long=8.6 box_short=3.9 box_aspect=2.214 skeleton_width=2.80 skeleton_range=2.00-4.39 skeleton_aspect=3.071 merge_ratio=0.831 circularity=0.599
[CLEAN C402] REJECT Scratch: long_side 8.6 < 10
[CLEAN C402] REJECT Pit: area 20.0 < 32
[CLEAN C403] type=Rejected area=9.0 perimeter=12.8 bbox=(476,775,6,3) long=5.0 box_short=2.0 box_aspect=2.500 skeleton_width=2.80 skeleton_range=2.00-4.00 skeleton_aspect=1.786 merge_ratio=0.643 circularity=0.687
[CLEAN C403] REJECT Scratch: area 9.0 < 20; long_side 5.0 < 10; skeleton_aspect 1.786 < 2.5
[CLEAN C403] REJECT Pit: area 9.0 < 32
[CLEAN C404] type=Rejected area=1.0 perimeter=4.0 bbox=(767,774,2,2) long=1.0 box_short=1.0 box_aspect=1.000 skeleton_width=2.00 skeleton_range=2.00-2.00 skeleton_aspect=0.500 merge_ratio=0.500 circularity=0.785
[CLEAN C404] REJECT Scratch: area 1.0 < 20; long_side 1.0 < 10; skeleton_aspect 0.500 < 2.5; box_aspect 1.000 < 1.5
[CLEAN C404] REJECT Pit: area 1.0 < 32
[CLEAN C405] type=Rejected candidate=Scratch area=96.0 perimeter=84.6 bbox=(102,774,18,30) long=33.1 box_short=11.0 box_aspect=2.993 skeleton_width=4.00 skeleton_range=2.00-6.00 skeleton_aspect=8.264 merge_ratio=0.726 circularity=0.168
[CLEAN C405] REJECT Scratch: 不可测: 划痕最大宽度点超出中央有效测量区域
[MEASURE C405] Scratch 不可测: 划痕最大宽度点超出中央有效测量区域
[CLEAN C406] type=Rejected candidate=Scratch area=24.5 perimeter=29.1 bbox=(1178,773,5,13) long=12.4 box_short=3.6 box_aspect=3.462 skeleton_width=2.80 skeleton_range=2.00-4.00 skeleton_aspect=4.415 merge_ratio=0.708 circularity=0.364
[CLEAN C406] REJECT Scratch: 不可测: 划痕最大宽度点超出中央有效测量区域
[MEASURE C406] Scratch 不可测: 划痕最大宽度点超出中央有效测量区域
[CLEAN C407] type=Rejected candidate=Pit area=33.0 perimeter=26.1 bbox=(608,773,9,9) long=9.2 box_short=5.7 box_aspect=1.625 skeleton_width=4.39 skeleton_range=2.00-5.60 skeleton_aspect=2.092 merge_ratio=0.817 circularity=0.607
[CLEAN C407] REJECT Pit: 尺寸 0.222774 mm < 0.25 mm
[MEASURE C407] Pit diameter=0.222774 mm valid=False
[CLEAN C408] type=Rejected area=15.5 perimeter=19.1 bbox=(122,772,7,6) long=6.0 box_short=5.0 box_aspect=1.200 skeleton_width=2.00 skeleton_range=2.00-4.39 skeleton_aspect=3.000 merge_ratio=1.292 circularity=0.536
[CLEAN C408] REJECT Scratch: area 15.5 < 20; long_side 6.0 < 10; box_aspect 1.200 < 1.5
[CLEAN C408] REJECT Pit: area 15.5 < 32; circularity 0.536 < 0.55
[CLEAN C409] type=Rejected candidate=Scratch area=42.5 perimeter=30.7 bbox=(672,771,8,12) long=12.5 box_short=5.8 box_aspect=2.143 skeleton_width=4.00 skeleton_range=2.00-6.39 skeleton_aspect=3.120 merge_ratio=0.851 circularity=0.566
[CLEAN C409] REJECT Scratch: 尺寸 0.147103 mm < 0.25 mm
[MEASURE C409] Scratch width=0.147103 mm valid=False
[CLEAN C410] type=Rejected area=4.0 perimeter=8.8 bbox=(495,771,3,4) long=3.0 box_short=2.0 box_aspect=1.500 skeleton_width=2.00 skeleton_range=2.00-2.80 skeleton_aspect=1.500 merge_ratio=0.667 circularity=0.645
[CLEAN C410] REJECT Scratch: area 4.0 < 20; long_side 3.0 < 10; skeleton_aspect 1.500 < 2.5
[CLEAN C410] REJECT Pit: area 4.0 < 32
[CLEAN C411] type=Rejected area=20.0 perimeter=22.8 bbox=(208,771,4,10) long=9.0 box_short=3.0 box_aspect=3.000 skeleton_width=4.00 skeleton_range=2.00-4.00 skeleton_aspect=2.250 merge_ratio=0.556 circularity=0.482
[CLEAN C411] REJECT Scratch: long_side 9.0 < 10; skeleton_aspect 2.250 < 2.5
[CLEAN C411] REJECT Pit: area 20.0 < 32; circularity 0.482 < 0.55
[CLEAN C412] type=Rejected candidate=Scratch area=30.5 perimeter=47.2 bbox=(1238,770,16,14) long=19.1 box_short=3.7 box_aspect=5.083 skeleton_width=2.00 skeleton_range=2.00-4.39 skeleton_aspect=9.527 merge_ratio=0.800 circularity=0.172
[CLEAN C412] REJECT Scratch: 不可测: 划痕最大宽度点超出中央有效测量区域
[MEASURE C412] Scratch 不可测: 划痕最大宽度点超出中央有效测量区域
[CLEAN C413] type=Rejected area=9.0 perimeter=19.3 bbox=(1226,770,7,7) long=8.5 box_short=2.1 box_aspect=4.000 skeleton_width=2.00 skeleton_range=2.00-2.80 skeleton_aspect=4.243 merge_ratio=0.530 circularity=0.303
[CLEAN C413] REJECT Scratch: area 9.0 < 20; long_side 8.5 < 10
[CLEAN C413] REJECT Pit: area 9.0 < 32; circularity 0.303 < 0.55
[CLEAN C414] type=Rejected area=6.0 perimeter=10.8 bbox=(965,770,3,5) long=4.0 box_short=2.0 box_aspect=2.000 skeleton_width=2.00 skeleton_range=2.00-2.80 skeleton_aspect=2.000 merge_ratio=0.750 circularity=0.643
[CLEAN C414] REJECT Scratch: area 6.0 < 20; long_side 4.0 < 10; skeleton_aspect 2.000 < 2.5
[CLEAN C414] REJECT Pit: area 6.0 < 32
[CLEAN C415] type=Rejected area=1.0 perimeter=4.0 bbox=(450,770,2,2) long=1.0 box_short=1.0 box_aspect=1.000 skeleton_width=2.00 skeleton_range=2.00-2.00 skeleton_aspect=0.500 merge_ratio=0.500 circularity=0.785
[CLEAN C415] REJECT Scratch: area 1.0 < 20; long_side 1.0 < 10; skeleton_aspect 0.500 < 2.5; box_aspect 1.000 < 1.5
[CLEAN C415] REJECT Pit: area 1.0 < 32
[CLEAN C416] type=Rejected area=2.0 perimeter=6.0 bbox=(721,769,2,3) long=2.0 box_short=1.0 box_aspect=2.000 skeleton_width=2.00 skeleton_range=2.00-2.00 skeleton_aspect=1.000 merge_ratio=0.500 circularity=0.698
[CLEAN C416] REJECT Scratch: area 2.0 < 20; long_side 2.0 < 10; skeleton_aspect 1.000 < 2.5
[CLEAN C416] REJECT Pit: area 2.0 < 32
[CLEAN C417] type=Rejected area=1.0 perimeter=4.0 bbox=(555,769,2,2) long=1.0 box_short=1.0 box_aspect=1.000 skeleton_width=2.00 skeleton_range=2.00-2.00 skeleton_aspect=0.500 merge_ratio=0.500 circularity=0.785
[CLEAN C417] REJECT Scratch: area 1.0 < 20; long_side 1.0 < 10; skeleton_aspect 0.500 < 2.5; box_aspect 1.000 < 1.5
[CLEAN C417] REJECT Pit: area 1.0 < 32
[CLEAN C418] type=Rejected candidate=Scratch area=32.0 perimeter=48.1 bbox=(132,769,6,21) long=20.5 box_short=4.5 box_aspect=4.531 skeleton_width=2.00 skeleton_range=2.00-4.00 skeleton_aspect=10.253 merge_ratio=0.780 circularity=0.174
[CLEAN C418] REJECT Scratch: 不可测: 划痕最大宽度点超出中央有效测量区域
[MEASURE C418] Scratch 不可测: 划痕最大宽度点超出中央有效测量区域
[CLEAN C419] type=Rejected candidate=Scratch area=77.5 perimeter=64.5 bbox=(727,768,21,10) long=20.0 box_short=9.0 box_aspect=2.222 skeleton_width=3.40 skeleton_range=2.00-5.60 skeleton_aspect=5.882 merge_ratio=1.140 circularity=0.234
[CLEAN C419] REJECT Scratch: 尺寸 0.194015 mm < 0.25 mm
[MEASURE C419] Scratch width=0.194015 mm valid=False
[CLEAN C420] type=Rejected area=5.0 perimeter=10.8 bbox=(1222,767,3,5) long=4.0 box_short=2.0 box_aspect=2.000 skeleton_width=2.00 skeleton_range=2.00-2.80 skeleton_aspect=2.000 merge_ratio=0.625 circularity=0.536
[CLEAN C420] REJECT Scratch: area 5.0 < 20; long_side 4.0 < 10; skeleton_aspect 2.000 < 2.5
[CLEAN C420] REJECT Pit: area 5.0 < 32; circularity 0.536 < 0.55
[CLEAN C421] type=Rejected area=1.0 perimeter=4.0 bbox=(1185,767,2,2) long=1.0 box_short=1.0 box_aspect=1.000 skeleton_width=2.00 skeleton_range=2.00-2.00 skeleton_aspect=0.500 merge_ratio=0.500 circularity=0.785
[CLEAN C421] REJECT Scratch: area 1.0 < 20; long_side 1.0 < 10; skeleton_aspect 0.500 < 2.5; box_aspect 1.000 < 1.5
[CLEAN C421] REJECT Pit: area 1.0 < 32
[CLEAN C422] type=Rejected area=2.0 perimeter=6.0 bbox=(983,767,2,3) long=2.0 box_short=1.0 box_aspect=2.000 skeleton_width=2.00 skeleton_range=2.00-2.00 skeleton_aspect=1.000 merge_ratio=0.500 circularity=0.698
[CLEAN C422] REJECT Scratch: area 2.0 < 20; long_side 2.0 < 10; skeleton_aspect 1.000 < 2.5
[CLEAN C422] REJECT Pit: area 2.0 < 32
[CLEAN C423] type=Rejected area=4.5 perimeter=9.4 bbox=(437,767,3,4) long=3.0 box_short=2.0 box_aspect=1.500 skeleton_width=2.00 skeleton_range=2.00-2.80 skeleton_aspect=1.500 merge_ratio=0.750 circularity=0.638
[CLEAN C423] REJECT Scratch: area 4.5 < 20; long_side 3.0 < 10; skeleton_aspect 1.500 < 2.5
[CLEAN C423] REJECT Pit: area 4.5 < 32
[CLEAN C424] type=Rejected area=13.5 perimeter=25.1 bbox=(111,767,4,9) long=8.0 box_short=3.0 box_aspect=2.667 skeleton_width=2.00 skeleton_range=2.00-4.00 skeleton_aspect=4.000 merge_ratio=0.844 circularity=0.270
[CLEAN C424] REJECT Scratch: area 13.5 < 20; long_side 8.0 < 10
[CLEAN C424] REJECT Pit: area 13.5 < 32; circularity 0.270 < 0.55
[CLEAN C425] type=Rejected area=2.0 perimeter=6.0 bbox=(974,765,3,2) long=2.0 box_short=1.0 box_aspect=2.000 skeleton_width=2.00 skeleton_range=2.00-2.00 skeleton_aspect=1.000 merge_ratio=0.500 circularity=0.698
[CLEAN C425] REJECT Scratch: area 2.0 < 20; long_side 2.0 < 10; skeleton_aspect 1.000 < 2.5
[CLEAN C425] REJECT Pit: area 2.0 < 32
[CLEAN C426] type=Rejected area=6.0 perimeter=11.7 bbox=(766,765,5,4) long=5.0 box_short=1.9 box_aspect=2.571 skeleton_width=2.00 skeleton_range=2.00-2.80 skeleton_aspect=2.496 merge_ratio=0.601 circularity=0.555
[CLEAN C426] REJECT Scratch: area 6.0 < 20; long_side 5.0 < 10; skeleton_aspect 2.496 < 2.5
[CLEAN C426] REJECT Pit: area 6.0 < 32
[CLEAN C427] type=Rejected area=80.5 perimeter=48.4 bbox=(704,765,15,13) long=13.6 box_short=11.4 box_aspect=1.195 skeleton_width=4.39 skeleton_range=2.00-6.39 skeleton_aspect=3.093 merge_ratio=1.348 circularity=0.432
[CLEAN C427] REJECT Scratch: box_aspect 1.195 < 1.5
[CLEAN C427] REJECT Pit: circularity 0.432 < 0.55
[CLEAN C428] type=Rejected area=4.5 perimeter=9.4 bbox=(490,765,3,4) long=3.0 box_short=2.0 box_aspect=1.500 skeleton_width=2.00 skeleton_range=2.00-2.80 skeleton_aspect=1.500 merge_ratio=0.750 circularity=0.638
[CLEAN C428] REJECT Scratch: area 4.5 < 20; long_side 3.0 < 10; skeleton_aspect 1.500 < 2.5
[CLEAN C428] REJECT Pit: area 4.5 < 32
[CLEAN C429] type=Rejected area=36.5 perimeter=31.9 bbox=(630,764,8,11) long=10.0 box_short=7.0 box_aspect=1.429 skeleton_width=2.80 skeleton_range=2.00-6.00 skeleton_aspect=3.571 merge_ratio=1.304 circularity=0.451
[CLEAN C429] REJECT Scratch: box_aspect 1.429 < 1.5
[CLEAN C429] REJECT Pit: circularity 0.451 < 0.55
[CLEAN C430] type=Rejected candidate=Scratch area=24.0 perimeter=23.7 bbox=(577,763,4,11) long=10.0 box_short=3.0 box_aspect=3.333 skeleton_width=4.00 skeleton_range=2.00-4.00 skeleton_aspect=2.500 merge_ratio=0.600 circularity=0.539
[CLEAN C430] REJECT Scratch: 尺寸 0.100343 mm < 0.25 mm
[MEASURE C430] Scratch width=0.100343 mm valid=False
[CLEAN C431] type=Rejected area=15.0 perimeter=15.7 bbox=(240,763,5,6) long=4.5 box_short=4.5 box_aspect=1.000 skeleton_width=2.40 skeleton_range=2.00-4.39 skeleton_aspect=1.863 merge_ratio=1.398 circularity=0.769
[CLEAN C431] REJECT Scratch: area 15.0 < 20; long_side 4.5 < 10; skeleton_aspect 1.863 < 2.5; box_aspect 1.000 < 1.5
[CLEAN C431] REJECT Pit: area 15.0 < 32
[CLEAN C432] type=Rejected area=10.0 perimeter=12.8 bbox=(865,762,5,4) long=4.0 box_short=3.0 box_aspect=1.333 skeleton_width=2.80 skeleton_range=2.00-4.00 skeleton_aspect=1.429 merge_ratio=0.893 circularity=0.764
[CLEAN C432] REJECT Scratch: area 10.0 < 20; long_side 4.0 < 10; skeleton_aspect 1.429 < 2.5; box_aspect 1.333 < 1.5
[CLEAN C432] REJECT Pit: area 10.0 < 32
[CLEAN C433] type=Rejected candidate=Scratch area=119.0 perimeter=122.6 bbox=(543,762,7,58) long=57.2 box_short=4.2 box_aspect=13.470 skeleton_width=4.00 skeleton_range=2.00-4.00 skeleton_aspect=14.303 merge_ratio=0.520 circularity=0.099
[CLEAN C433] REJECT Scratch: 尺寸 0.095013 mm < 0.25 mm
[MEASURE C433] Scratch width=0.095013 mm valid=False
[CLEAN C434] type=Rejected area=0.0 perimeter=14.0 bbox=(1275,761,1,8) long=7.0 box_short=0.0 box_aspect=inf skeleton_width=2.00 skeleton_range=2.00-2.00 skeleton_aspect=3.500 merge_ratio=0.000 circularity=0.000
[CLEAN C434] REJECT Scratch: area 0.0 < 20; 旋转包围框存在零边长
[CLEAN C434] REJECT Pit: area 0.0 < 32; 旋转包围框存在零边长
[CLEAN C435] type=Rejected area=11.0 perimeter=18.8 bbox=(570,761,3,9) long=8.0 box_short=2.0 box_aspect=4.000 skeleton_width=2.00 skeleton_range=2.00-4.00 skeleton_aspect=4.000 merge_ratio=0.688 circularity=0.390
[CLEAN C435] REJECT Scratch: area 11.0 < 20; long_side 8.0 < 10
[CLEAN C435] REJECT Pit: area 11.0 < 32; circularity 0.390 < 0.55
[CLEAN C436] type=Rejected area=1.0 perimeter=4.0 bbox=(1202,760,2,2) long=1.0 box_short=1.0 box_aspect=1.000 skeleton_width=2.00 skeleton_range=2.00-2.00 skeleton_aspect=0.500 merge_ratio=0.500 circularity=0.785
[CLEAN C436] REJECT Scratch: area 1.0 < 20; long_side 1.0 < 10; skeleton_aspect 0.500 < 2.5; box_aspect 1.000 < 1.5
[CLEAN C436] REJECT Pit: area 1.0 < 32
[CLEAN C437] type=Rejected candidate=Scratch area=164.5 perimeter=94.0 bbox=(457,760,9,42) long=41.2 box_short=7.1 box_aspect=5.823 skeleton_width=4.39 skeleton_range=2.00-8.00 skeleton_aspect=9.385 merge_ratio=0.908 circularity=0.234
[CLEAN C437] REJECT Scratch: 尺寸 0.177370 mm < 0.25 mm
[MEASURE C437] Scratch width=0.177370 mm valid=False
[CLEAN C438] type=Rejected candidate=Scratch area=98.0 perimeter=71.0 bbox=(406,760,14,26) long=27.3 box_short=11.0 box_aspect=2.475 skeleton_width=3.40 skeleton_range=2.00-8.40 skeleton_aspect=8.025 merge_ratio=1.056 circularity=0.245
[CLEAN C438] REJECT Scratch: 尺寸 0.239045 mm < 0.25 mm
[MEASURE C438] Scratch width=0.239045 mm valid=False
[CLEAN C439] type=Rejected area=2.0 perimeter=6.0 bbox=(1160,759,3,2) long=2.0 box_short=1.0 box_aspect=2.000 skeleton_width=2.00 skeleton_range=2.00-2.00 skeleton_aspect=1.000 merge_ratio=0.500 circularity=0.698
[CLEAN C439] REJECT Scratch: area 2.0 < 20; long_side 2.0 < 10; skeleton_aspect 1.000 < 2.5
[CLEAN C439] REJECT Pit: area 2.0 < 32
[CLEAN C440] type=Rejected area=7.5 perimeter=16.2 bbox=(1123,759,5,6) long=6.4 box_short=2.8 box_aspect=2.250 skeleton_width=2.00 skeleton_range=2.00-4.00 skeleton_aspect=3.182 merge_ratio=0.589 circularity=0.357
[CLEAN C440] REJECT Scratch: area 7.5 < 20; long_side 6.4 < 10
[CLEAN C440] REJECT Pit: area 7.5 < 32; circularity 0.357 < 0.55
[CLEAN C441] type=Rejected candidate=Scratch area=48.0 perimeter=39.0 bbox=(660,759,9,16) long=16.1 box_short=5.8 box_aspect=2.769 skeleton_width=2.80 skeleton_range=2.00-6.39 skeleton_aspect=5.750 merge_ratio=1.065 circularity=0.397
[CLEAN C441] REJECT Scratch: 尺寸 0.141153 mm < 0.25 mm
[MEASURE C441] Scratch width=0.141153 mm valid=False
[CLEAN C442] type=Rejected area=1.0 perimeter=4.0 bbox=(294,759,2,2) long=1.0 box_short=1.0 box_aspect=1.000 skeleton_width=2.00 skeleton_range=2.00-2.00 skeleton_aspect=0.500 merge_ratio=0.500 circularity=0.785
[CLEAN C442] REJECT Scratch: area 1.0 < 20; long_side 1.0 < 10; skeleton_aspect 0.500 < 2.5; box_aspect 1.000 < 1.5
[CLEAN C442] REJECT Pit: area 1.0 < 32
[CLEAN C443] type=Rejected area=8.5 perimeter=12.2 bbox=(1247,758,5,4) long=4.0 box_short=3.0 box_aspect=1.333 skeleton_width=2.80 skeleton_range=2.00-4.00 skeleton_aspect=1.429 merge_ratio=0.759 circularity=0.713
[CLEAN C443] REJECT Scratch: area 8.5 < 20; long_side 4.0 < 10; skeleton_aspect 1.429 < 2.5; box_aspect 1.333 < 1.5
[CLEAN C443] REJECT Pit: area 8.5 < 32
[CLEAN C444] type=Rejected candidate=Scratch area=71.0 perimeter=54.5 bbox=(925,758,7,23) long=22.1 box_short=5.7 box_aspect=3.873 skeleton_width=2.80 skeleton_range=2.00-6.00 skeleton_aspect=7.890 merge_ratio=1.148 circularity=0.301
[CLEAN C444] REJECT Scratch: 尺寸 0.164804 mm < 0.25 mm
[MEASURE C444] Scratch width=0.164804 mm valid=False
[CLEAN C445] type=Rejected candidate=Scratch area=72.5 perimeter=39.6 bbox=(911,758,8,17) long=16.0 box_short=7.0 box_aspect=2.286 skeleton_width=5.60 skeleton_range=2.00-7.19 skeleton_aspect=2.857 merge_ratio=0.809 circularity=0.582
[CLEAN C445] REJECT Scratch: 尺寸 0.215230 mm < 0.25 mm
[MEASURE C445] Scratch width=0.215230 mm valid=False
[CLEAN C446] type=Rejected area=7.0 perimeter=13.7 bbox=(825,758,4,6) long=5.8 box_short=2.2 box_aspect=2.600 skeleton_width=2.00 skeleton_range=2.00-2.80 skeleton_aspect=2.907 merge_ratio=0.602 circularity=0.472
[CLEAN C446] REJECT Scratch: area 7.0 < 20; long_side 5.8 < 10
[CLEAN C446] REJECT Pit: area 7.0 < 32; circularity 0.472 < 0.55
[CLEAN C447] type=Rejected area=3.5 perimeter=7.4 bbox=(710,758,3,3) long=2.0 box_short=2.0 box_aspect=1.000 skeleton_width=2.00 skeleton_range=2.00-2.80 skeleton_aspect=1.000 merge_ratio=0.875 circularity=0.800
[CLEAN C447] REJECT Scratch: area 3.5 < 20; long_side 2.0 < 10; skeleton_aspect 1.000 < 2.5; box_aspect 1.000 < 1.5
[CLEAN C447] REJECT Pit: area 3.5 < 32
[CLEAN C448] type=Rejected area=13.0 perimeter=17.7 bbox=(480,758,6,6) long=5.0 box_short=5.0 box_aspect=1.000 skeleton_width=2.80 skeleton_range=2.00-4.00 skeleton_aspect=1.786 merge_ratio=0.929 circularity=0.524
[CLEAN C448] REJECT Scratch: area 13.0 < 20; long_side 5.0 < 10; skeleton_aspect 1.786 < 2.5; box_aspect 1.000 < 1.5
[CLEAN C448] REJECT Pit: area 13.0 < 32; circularity 0.524 < 0.55
[CLEAN C449] type=Rejected area=1.0 perimeter=4.0 bbox=(327,758,2,2) long=1.0 box_short=1.0 box_aspect=1.000 skeleton_width=2.00 skeleton_range=2.00-2.00 skeleton_aspect=0.500 merge_ratio=0.500 circularity=0.785
[CLEAN C449] REJECT Scratch: area 1.0 < 20; long_side 1.0 < 10; skeleton_aspect 0.500 < 2.5; box_aspect 1.000 < 1.5
[CLEAN C449] REJECT Pit: area 1.0 < 32
[CLEAN C450] type=Rejected area=23.0 perimeter=20.5 bbox=(878,757,7,7) long=8.5 box_short=4.2 box_aspect=2.000 skeleton_width=4.00 skeleton_range=2.00-5.60 skeleton_aspect=2.121 merge_ratio=0.678 circularity=0.689
[CLEAN C450] REJECT Scratch: long_side 8.5 < 10; skeleton_aspect 2.121 < 2.5
[CLEAN C450] REJECT Pit: area 23.0 < 32
[CLEAN C451] type=Rejected area=24.5 perimeter=21.9 bbox=(553,757,8,7) long=6.7 box_short=5.4 box_aspect=1.250 skeleton_width=2.80 skeleton_range=2.00-5.60 skeleton_aspect=2.396 merge_ratio=1.304 circularity=0.642
[CLEAN C451] REJECT Scratch: long_side 6.7 < 10; skeleton_aspect 2.396 < 2.5; box_aspect 1.250 < 1.5
[CLEAN C451] REJECT Pit: area 24.5 < 32
[CLEAN C452] type=Rejected area=17.0 perimeter=16.8 bbox=(804,756,6,5) long=5.0 box_short=4.0 box_aspect=1.250 skeleton_width=4.00 skeleton_range=2.00-4.39 skeleton_aspect=1.250 merge_ratio=0.850 circularity=0.754
[CLEAN C452] REJECT Scratch: area 17.0 < 20; long_side 5.0 < 10; skeleton_aspect 1.250 < 2.5; box_aspect 1.250 < 1.5
[CLEAN C452] REJECT Pit: area 17.0 < 32
[CLEAN C453] type=Rejected area=21.0 perimeter=18.5 bbox=(131,756,6,7) long=7.1 box_short=4.2 box_aspect=1.667 skeleton_width=3.40 skeleton_range=2.00-5.60 skeleton_aspect=2.080 merge_ratio=0.873 circularity=0.772
[CLEAN C453] REJECT Scratch: long_side 7.1 < 10; skeleton_aspect 2.080 < 2.5
[CLEAN C453] REJECT Pit: area 21.0 < 32
[CLEAN C454] type=Rejected area=4.0 perimeter=8.8 bbox=(85,756,4,3) long=3.0 box_short=2.0 box_aspect=1.500 skeleton_width=2.00 skeleton_range=2.00-2.80 skeleton_aspect=1.500 merge_ratio=0.667 circularity=0.645
[CLEAN C454] REJECT Scratch: area 4.0 < 20; long_side 3.0 < 10; skeleton_aspect 1.500 < 2.5
[CLEAN C454] REJECT Pit: area 4.0 < 32
[CLEAN C455] type=Rejected area=19.0 perimeter=26.5 bbox=(716,755,5,10) long=9.0 box_short=4.0 box_aspect=2.250 skeleton_width=2.40 skeleton_range=2.00-4.00 skeleton_aspect=3.750 merge_ratio=0.880 circularity=0.340
[CLEAN C455] REJECT Scratch: area 19.0 < 20; long_side 9.0 < 10
[CLEAN C455] REJECT Pit: area 19.0 < 32; circularity 0.340 < 0.55
[CLEAN C456] type=Rejected candidate=Scratch area=67.5 perimeter=36.7 bbox=(468,755,8,15) long=14.0 box_short=7.0 box_aspect=2.000 skeleton_width=5.60 skeleton_range=2.00-8.00 skeleton_aspect=2.500 merge_ratio=0.861 circularity=0.629
[CLEAN C456] REJECT Scratch: 尺寸 0.176441 mm < 0.25 mm
[MEASURE C456] Scratch width=0.176441 mm valid=False
[CLEAN C457] type=Rejected area=5.5 perimeter=9.4 bbox=(121,755,4,3) long=3.0 box_short=2.0 box_aspect=1.500 skeleton_width=2.00 skeleton_range=2.00-4.00 skeleton_aspect=1.500 merge_ratio=0.917 circularity=0.780
[CLEAN C457] REJECT Scratch: area 5.5 < 20; long_side 3.0 < 10; skeleton_aspect 1.500 < 2.5
[CLEAN C457] REJECT Pit: area 5.5 < 32
[CLEAN C458] type=Rejected area=27.0 perimeter=19.3 bbox=(433,754,7,7) long=5.7 box_short=5.7 box_aspect=1.000 skeleton_width=4.39 skeleton_range=2.80-6.39 skeleton_aspect=1.287 merge_ratio=1.086 circularity=0.910
[CLEAN C458] REJECT Scratch: long_side 5.7 < 10; skeleton_aspect 1.287 < 2.5; box_aspect 1.000 < 1.5
[CLEAN C458] REJECT Pit: area 27.0 < 32
[CLEAN C459] type=Rejected area=5.5 perimeter=9.4 bbox=(738,753,4,3) long=3.0 box_short=2.0 box_aspect=1.500 skeleton_width=2.00 skeleton_range=2.00-4.00 skeleton_aspect=1.500 merge_ratio=0.917 circularity=0.780
[CLEAN C459] REJECT Scratch: area 5.5 < 20; long_side 3.0 < 10; skeleton_aspect 1.500 < 2.5
[CLEAN C459] REJECT Pit: area 5.5 < 32
[CLEAN C460] type=Rejected candidate=Scratch area=49.0 perimeter=42.5 bbox=(99,753,7,18) long=17.5 box_short=5.2 box_aspect=3.397 skeleton_width=2.80 skeleton_range=2.00-6.00 skeleton_aspect=6.254 merge_ratio=0.999 circularity=0.341
[CLEAN C460] REJECT Scratch: 不可测: 划痕最大宽度点超出中央有效测量区域
[MEASURE C460] Scratch 不可测: 划痕最大宽度点超出中央有效测量区域
[CLEAN C461] type=Rejected area=7.0 perimeter=10.8 bbox=(1265,752,4,4) long=3.0 box_short=3.0 box_aspect=1.000 skeleton_width=2.40 skeleton_range=2.00-4.00 skeleton_aspect=1.250 merge_ratio=0.972 circularity=0.750
[CLEAN C461] REJECT Scratch: area 7.0 < 20; long_side 3.0 < 10; skeleton_aspect 1.250 < 2.5; box_aspect 1.000 < 1.5
[CLEAN C461] REJECT Pit: area 7.0 < 32
[CLEAN C462] type=Rejected area=1.0 perimeter=4.0 bbox=(92,752,2,2) long=1.0 box_short=1.0 box_aspect=1.000 skeleton_width=2.00 skeleton_range=2.00-2.00 skeleton_aspect=0.500 merge_ratio=0.500 circularity=0.785
[CLEAN C462] REJECT Scratch: area 1.0 < 20; long_side 1.0 < 10; skeleton_aspect 0.500 < 2.5; box_aspect 1.000 < 1.5
[CLEAN C462] REJECT Pit: area 1.0 < 32
[CLEAN C463] type=Rejected area=20.5 perimeter=25.9 bbox=(601,751,10,6) long=9.0 box_short=5.0 box_aspect=1.800 skeleton_width=2.00 skeleton_range=2.00-4.39 skeleton_aspect=4.500 merge_ratio=1.139 circularity=0.384
[CLEAN C463] REJECT Scratch: long_side 9.0 < 10
[CLEAN C463] REJECT Pit: area 20.5 < 32; circularity 0.384 < 0.55
[CLEAN C464] type=Rejected candidate=Scratch area=28.0 perimeter=33.3 bbox=(581,751,11,9) long=11.4 box_short=5.4 box_aspect=2.111 skeleton_width=2.80 skeleton_range=2.00-4.39 skeleton_aspect=4.071 merge_ratio=0.877 circularity=0.317
[CLEAN C464] REJECT Scratch: 尺寸 0.105889 mm < 0.25 mm
[MEASURE C464] Scratch width=0.105889 mm valid=False
[CLEAN C465] type=Rejected area=16.0 perimeter=17.7 bbox=(547,751,6,6) long=5.0 box_short=5.0 box_aspect=1.000 skeleton_width=2.80 skeleton_range=2.00-4.39 skeleton_aspect=1.786 merge_ratio=1.143 circularity=0.645
[CLEAN C465] REJECT Scratch: area 16.0 < 20; long_side 5.0 < 10; skeleton_aspect 1.786 < 2.5; box_aspect 1.000 < 1.5
[CLEAN C465] REJECT Pit: area 16.0 < 32
[CLEAN C466] type=Rejected area=22.5 perimeter=24.2 bbox=(589,750,8,7) long=7.0 box_short=6.0 box_aspect=1.167 skeleton_width=4.00 skeleton_range=2.00-4.39 skeleton_aspect=1.750 merge_ratio=0.804 circularity=0.481
[CLEAN C466] REJECT Scratch: long_side 7.0 < 10; skeleton_aspect 1.750 < 2.5; box_aspect 1.167 < 1.5
[CLEAN C466] REJECT Pit: area 22.5 < 32; circularity 0.481 < 0.55
[CLEAN C467] type=Rejected area=2.0 perimeter=6.0 bbox=(292,750,3,2) long=2.0 box_short=1.0 box_aspect=2.000 skeleton_width=2.00 skeleton_range=2.00-2.00 skeleton_aspect=1.000 merge_ratio=0.500 circularity=0.698
[CLEAN C467] REJECT Scratch: area 2.0 < 20; long_side 2.0 < 10; skeleton_aspect 1.000 < 2.5
[CLEAN C467] REJECT Pit: area 2.0 < 32
[CLEAN C468] type=Rejected area=4.5 perimeter=9.4 bbox=(267,750,3,4) long=3.0 box_short=2.0 box_aspect=1.500 skeleton_width=2.00 skeleton_range=2.00-2.80 skeleton_aspect=1.500 merge_ratio=0.750 circularity=0.638
[CLEAN C468] REJECT Scratch: area 4.5 < 20; long_side 3.0 < 10; skeleton_aspect 1.500 < 2.5
[CLEAN C468] REJECT Pit: area 4.5 < 32
[CLEAN C469] type=Rejected area=10.0 perimeter=12.8 bbox=(223,750,5,4) long=4.0 box_short=3.0 box_aspect=1.333 skeleton_width=2.80 skeleton_range=2.00-4.00 skeleton_aspect=1.429 merge_ratio=0.893 circularity=0.764
[CLEAN C469] REJECT Scratch: area 10.0 < 20; long_side 4.0 < 10; skeleton_aspect 1.429 < 2.5; box_aspect 1.333 < 1.5
[CLEAN C469] REJECT Pit: area 10.0 < 32
[CLEAN C470] type=Rejected candidate=Pit area=33.5 perimeter=23.1 bbox=(757,749,7,8) long=7.0 box_short=6.0 box_aspect=1.167 skeleton_width=4.20 skeleton_range=2.00-6.39 skeleton_aspect=1.668 merge_ratio=1.140 circularity=0.791
[CLEAN C470] REJECT Pit: 尺寸 0.191114 mm < 0.25 mm
[MEASURE C470] Pit diameter=0.191114 mm valid=False
[CLEAN C471] type=Rejected candidate=Scratch area=32.0 perimeter=35.7 bbox=(448,749,4,17) long=16.0 box_short=3.0 box_aspect=5.333 skeleton_width=2.80 skeleton_range=2.00-4.00 skeleton_aspect=5.714 merge_ratio=0.714 circularity=0.316
[CLEAN C471] REJECT Scratch: 尺寸 0.104563 mm < 0.25 mm
[MEASURE C471] Scratch width=0.104563 mm valid=False
[CLEAN C472] type=Rejected area=3.5 perimeter=7.4 bbox=(80,749,3,3) long=2.0 box_short=2.0 box_aspect=1.000 skeleton_width=2.00 skeleton_range=2.00-2.80 skeleton_aspect=1.000 merge_ratio=0.875 circularity=0.800
[CLEAN C472] REJECT Scratch: area 3.5 < 20; long_side 2.0 < 10; skeleton_aspect 1.000 < 2.5; box_aspect 1.000 < 1.5
[CLEAN C472] REJECT Pit: area 3.5 < 32
[CLEAN C473] type=Rejected candidate=Scratch area=46.5 perimeter=43.6 bbox=(615,748,16,9) long=15.8 box_short=6.6 box_aspect=2.384 skeleton_width=4.00 skeleton_range=2.00-5.60 skeleton_aspect=3.942 merge_ratio=0.737 circularity=0.308
[CLEAN C473] REJECT Scratch: 尺寸 0.135201 mm < 0.25 mm
[MEASURE C473] Scratch width=0.135201 mm valid=False
[CLEAN C474] type=Rejected area=14.0 perimeter=14.8 bbox=(129,748,5,5) long=4.0 box_short=4.0 box_aspect=1.000 skeleton_width=2.80 skeleton_range=2.00-4.39 skeleton_aspect=1.429 merge_ratio=1.250 circularity=0.800
[CLEAN C474] REJECT Scratch: area 14.0 < 20; long_side 4.0 < 10; skeleton_aspect 1.429 < 2.5; box_aspect 1.000 < 1.5
[CLEAN C474] REJECT Pit: area 14.0 < 32
[CLEAN C475] type=Rejected area=17.5 perimeter=17.1 bbox=(1238,747,7,5) long=6.0 box_short=4.0 box_aspect=1.500 skeleton_width=4.00 skeleton_range=2.00-4.39 skeleton_aspect=1.500 merge_ratio=0.729 circularity=0.755
[CLEAN C475] REJECT Scratch: area 17.5 < 20; long_side 6.0 < 10; skeleton_aspect 1.500 < 2.5
[CLEAN C475] REJECT Pit: area 17.5 < 32
[CLEAN C476] type=Rejected area=23.5 perimeter=23.9 bbox=(866,747,6,10) long=9.4 box_short=4.5 box_aspect=2.100 skeleton_width=4.00 skeleton_range=2.00-4.39 skeleton_aspect=2.348 merge_ratio=0.626 circularity=0.517
[CLEAN C476] REJECT Scratch: long_side 9.4 < 10; skeleton_aspect 2.348 < 2.5
[CLEAN C476] REJECT Pit: area 23.5 < 32; circularity 0.517 < 0.55
[CLEAN C477] type=Rejected area=20.5 perimeter=21.1 bbox=(824,747,7,7) long=6.1 box_short=5.5 box_aspect=1.100 skeleton_width=2.00 skeleton_range=2.00-4.39 skeleton_aspect=3.051 merge_ratio=1.680 circularity=0.580
[CLEAN C477] REJECT Scratch: long_side 6.1 < 10; box_aspect 1.100 < 1.5
[CLEAN C477] REJECT Pit: area 20.5 < 32
[CLEAN C478] type=Rejected area=1.0 perimeter=4.0 bbox=(777,747,2,2) long=1.0 box_short=1.0 box_aspect=1.000 skeleton_width=2.00 skeleton_range=2.00-2.00 skeleton_aspect=0.500 merge_ratio=0.500 circularity=0.785
[CLEAN C478] REJECT Scratch: area 1.0 < 20; long_side 1.0 < 10; skeleton_aspect 0.500 < 2.5; box_aspect 1.000 < 1.5
[CLEAN C478] REJECT Pit: area 1.0 < 32
[CLEAN C479] type=Rejected area=1.0 perimeter=4.0 bbox=(490,747,2,2) long=1.0 box_short=1.0 box_aspect=1.000 skeleton_width=2.00 skeleton_range=2.00-2.00 skeleton_aspect=0.500 merge_ratio=0.500 circularity=0.785
[CLEAN C479] REJECT Scratch: area 1.0 < 20; long_side 1.0 < 10; skeleton_aspect 0.500 < 2.5; box_aspect 1.000 < 1.5
[CLEAN C479] REJECT Pit: area 1.0 < 32
[CLEAN C480] type=Rejected area=2.0 perimeter=6.0 bbox=(485,746,2,3) long=2.0 box_short=1.0 box_aspect=2.000 skeleton_width=2.00 skeleton_range=2.00-2.00 skeleton_aspect=1.000 merge_ratio=0.500 circularity=0.698
[CLEAN C480] REJECT Scratch: area 2.0 < 20; long_side 2.0 < 10; skeleton_aspect 1.000 < 2.5
[CLEAN C480] REJECT Pit: area 2.0 < 32
[CLEAN C481] type=Rejected candidate=Scratch area=23.5 perimeter=24.2 bbox=(443,746,4,11) long=10.0 box_short=3.0 box_aspect=3.333 skeleton_width=4.00 skeleton_range=2.00-4.00 skeleton_aspect=2.500 merge_ratio=0.588 circularity=0.502
[CLEAN C481] REJECT Scratch: 尺寸 0.104726 mm < 0.25 mm
[MEASURE C481] Scratch width=0.104726 mm valid=False
[CLEAN C482] type=Rejected area=2.0 perimeter=6.0 bbox=(431,746,3,2) long=2.0 box_short=1.0 box_aspect=2.000 skeleton_width=2.00 skeleton_range=2.00-2.00 skeleton_aspect=1.000 merge_ratio=0.500 circularity=0.698
[CLEAN C482] REJECT Scratch: area 2.0 < 20; long_side 2.0 < 10; skeleton_aspect 1.000 < 2.5
[CLEAN C482] REJECT Pit: area 2.0 < 32
[CLEAN C483] type=Rejected area=26.0 perimeter=23.7 bbox=(1166,745,5,10) long=9.0 box_short=4.0 box_aspect=2.250 skeleton_width=4.00 skeleton_range=2.00-4.39 skeleton_aspect=2.250 merge_ratio=0.722 circularity=0.584
[CLEAN C483] REJECT Scratch: long_side 9.0 < 10; skeleton_aspect 2.250 < 2.5
[CLEAN C483] REJECT Pit: area 26.0 < 32
[CLEAN C484] type=Rejected candidate=Scratch area=53.5 perimeter=31.6 bbox=(516,745,8,13) long=12.0 box_short=7.0 box_aspect=1.714 skeleton_width=4.39 skeleton_range=2.00-8.00 skeleton_aspect=2.731 merge_ratio=1.015 circularity=0.675
[CLEAN C484] REJECT Scratch: 尺寸 0.191384 mm < 0.25 mm
[MEASURE C484] Scratch width=0.191384 mm valid=False
[CLEAN C485] type=Rejected area=5.0 perimeter=8.8 bbox=(163,745,3,4) long=3.0 box_short=2.0 box_aspect=1.500 skeleton_width=2.40 skeleton_range=2.00-2.80 skeleton_aspect=1.250 merge_ratio=0.694 circularity=0.806
[CLEAN C485] REJECT Scratch: area 5.0 < 20; long_side 3.0 < 10; skeleton_aspect 1.250 < 2.5
[CLEAN C485] REJECT Pit: area 5.0 < 32
[CLEAN C486] type=Rejected candidate=Scratch area=26.0 perimeter=28.5 bbox=(64,744,6,12) long=11.4 box_short=3.8 box_aspect=3.000 skeleton_width=2.80 skeleton_range=2.00-4.00 skeleton_aspect=4.066 merge_ratio=0.816 circularity=0.403
[CLEAN C486] REJECT Scratch: 不可测: 划痕最大宽度点超出中央有效测量区域
[MEASURE C486] Scratch 不可测: 划痕最大宽度点超出中央有效测量区域
[CLEAN C487] type=Rejected area=3.5 perimeter=7.4 bbox=(1205,743,3,3) long=2.0 box_short=2.0 box_aspect=1.000 skeleton_width=2.00 skeleton_range=2.00-2.80 skeleton_aspect=1.000 merge_ratio=0.875 circularity=0.800
[CLEAN C487] REJECT Scratch: area 3.5 < 20; long_side 2.0 < 10; skeleton_aspect 1.000 < 2.5; box_aspect 1.000 < 1.5
[CLEAN C487] REJECT Pit: area 3.5 < 32
[CLEAN C488] type=Rejected area=9.0 perimeter=14.8 bbox=(914,743,3,7) long=6.0 box_short=2.0 box_aspect=3.000 skeleton_width=2.00 skeleton_range=2.00-4.00 skeleton_aspect=3.000 merge_ratio=0.750 circularity=0.514
[CLEAN C488] REJECT Scratch: area 9.0 < 20; long_side 6.0 < 10
[CLEAN C488] REJECT Pit: area 9.0 < 32; circularity 0.514 < 0.55
[CLEAN C489] type=Rejected candidate=Scratch area=174.0 perimeter=74.6 bbox=(502,743,10,29) long=28.3 box_short=8.5 box_aspect=3.320 skeleton_width=5.60 skeleton_range=2.00-8.79 skeleton_aspect=5.048 merge_ratio=1.099 circularity=0.393
[CLEAN C489] REJECT Scratch: 尺寸 0.221874 mm < 0.25 mm
[MEASURE C489] Scratch width=0.221874 mm valid=False
[CLEAN C490] type=Rejected area=1.0 perimeter=4.0 bbox=(158,743,2,2) long=1.0 box_short=1.0 box_aspect=1.000 skeleton_width=2.00 skeleton_range=2.00-2.00 skeleton_aspect=0.500 merge_ratio=0.500 circularity=0.785
[CLEAN C490] REJECT Scratch: area 1.0 < 20; long_side 1.0 < 10; skeleton_aspect 0.500 < 2.5; box_aspect 1.000 < 1.5
[CLEAN C490] REJECT Pit: area 1.0 < 32
[CLEAN C491] type=Rejected area=2.0 perimeter=6.0 bbox=(852,742,2,3) long=2.0 box_short=1.0 box_aspect=2.000 skeleton_width=2.00 skeleton_range=2.00-2.00 skeleton_aspect=1.000 merge_ratio=0.500 circularity=0.698
[CLEAN C491] REJECT Scratch: area 2.0 < 20; long_side 2.0 < 10; skeleton_aspect 1.000 < 2.5
[CLEAN C491] REJECT Pit: area 2.0 < 32
[CLEAN C492] type=Rejected area=12.5 perimeter=16.2 bbox=(672,742,4,7) long=6.0 box_short=3.0 box_aspect=2.000 skeleton_width=2.80 skeleton_range=2.00-4.00 skeleton_aspect=2.143 merge_ratio=0.744 circularity=0.595
[CLEAN C492] REJECT Scratch: area 12.5 < 20; long_side 6.0 < 10; skeleton_aspect 2.143 < 2.5
[CLEAN C492] REJECT Pit: area 12.5 < 32
[CLEAN C493] type=Rejected candidate=Pit area=35.0 perimeter=26.1 bbox=(652,742,8,10) long=10.3 box_short=5.0 box_aspect=2.056 skeleton_width=4.39 skeleton_range=2.00-5.60 skeleton_aspect=2.336 merge_ratio=0.776 circularity=0.644
[CLEAN C493] REJECT Pit: 尺寸 0.242281 mm < 0.25 mm
[MEASURE C493] Pit diameter=0.242281 mm valid=False
[CLEAN C494] type=Rejected area=6.0 perimeter=10.8 bbox=(347,741,3,5) long=4.0 box_short=2.0 box_aspect=2.000 skeleton_width=2.00 skeleton_range=2.00-2.80 skeleton_aspect=2.000 merge_ratio=0.750 circularity=0.643
[CLEAN C494] REJECT Scratch: area 6.0 < 20; long_side 4.0 < 10; skeleton_aspect 2.000 < 2.5
[CLEAN C494] REJECT Pit: area 6.0 < 32
[CLEAN C495] type=Rejected area=2.0 perimeter=6.0 bbox=(172,741,2,3) long=2.0 box_short=1.0 box_aspect=2.000 skeleton_width=2.00 skeleton_range=2.00-2.00 skeleton_aspect=1.000 merge_ratio=0.500 circularity=0.698
[CLEAN C495] REJECT Scratch: area 2.0 < 20; long_side 2.0 < 10; skeleton_aspect 1.000 < 2.5
[CLEAN C495] REJECT Pit: area 2.0 < 32
[CLEAN C496] type=Rejected candidate=Scratch area=56.0 perimeter=51.0 bbox=(783,740,9,20) long=19.0 box_short=8.0 box_aspect=2.375 skeleton_width=2.80 skeleton_range=2.00-5.60 skeleton_aspect=6.786 merge_ratio=1.053 circularity=0.271
[CLEAN C496] REJECT Scratch: 尺寸 0.168720 mm < 0.25 mm
[MEASURE C496] Scratch width=0.168720 mm valid=False
[CLEAN C497] type=Rejected area=11.0 perimeter=13.7 bbox=(662,740,5,5) long=5.7 box_short=2.8 box_aspect=2.000 skeleton_width=2.80 skeleton_range=2.00-4.00 skeleton_aspect=2.020 merge_ratio=0.694 circularity=0.741
[CLEAN C497] REJECT Scratch: area 11.0 < 20; long_side 5.7 < 10; skeleton_aspect 2.020 < 2.5
[CLEAN C497] REJECT Pit: area 11.0 < 32
[CLEAN C498] type=Rejected area=34.0 perimeter=28.1 bbox=(560,740,7,10) long=9.0 box_short=6.0 box_aspect=1.500 skeleton_width=3.40 skeleton_range=2.00-5.60 skeleton_aspect=2.647 merge_ratio=1.111 circularity=0.539
[CLEAN C498] REJECT Scratch: long_side 9.0 < 10
[CLEAN C498] REJECT Pit: circularity 0.539 < 0.55
[CLEAN C499] type=Rejected area=12.0 perimeter=13.7 bbox=(94,740,6,4) long=5.0 box_short=3.0 box_aspect=1.667 skeleton_width=2.80 skeleton_range=2.00-4.00 skeleton_aspect=1.786 merge_ratio=0.857 circularity=0.809
[CLEAN C499] REJECT Scratch: area 12.0 < 20; long_side 5.0 < 10; skeleton_aspect 1.786 < 2.5
[CLEAN C499] REJECT Pit: area 12.0 < 32
[CLEAN C500] type=Rejected area=17.0 perimeter=21.7 bbox=(1131,739,4,10) long=9.2 box_short=2.9 box_aspect=3.167 skeleton_width=2.80 skeleton_range=2.00-4.00 skeleton_aspect=3.292 merge_ratio=0.659 circularity=0.455
[CLEAN C500] REJECT Scratch: area 17.0 < 20; long_side 9.2 < 10
[CLEAN C500] REJECT Pit: area 17.0 < 32; circularity 0.455 < 0.55
[CLEAN C501] type=Rejected area=3.5 perimeter=7.4 bbox=(181,739,3,3) long=2.0 box_short=2.0 box_aspect=1.000 skeleton_width=2.00 skeleton_range=2.00-2.80 skeleton_aspect=1.000 merge_ratio=0.875 circularity=0.800
[CLEAN C501] REJECT Scratch: area 3.5 < 20; long_side 2.0 < 10; skeleton_aspect 1.000 < 2.5; box_aspect 1.000 < 1.5
[CLEAN C501] REJECT Pit: area 3.5 < 32
[CLEAN C502] type=Rejected candidate=Scratch area=58.5 perimeter=41.9 bbox=(381,738,7,18) long=17.4 box_short=5.7 box_aspect=3.075 skeleton_width=4.00 skeleton_range=2.00-6.00 skeleton_aspect=4.349 merge_ratio=0.841 circularity=0.419
[CLEAN C502] REJECT Scratch: 尺寸 0.134394 mm < 0.25 mm
[MEASURE C502] Scratch width=0.134394 mm valid=False
[CLEAN C503] type=Rejected candidate=Scratch area=195.0 perimeter=90.8 bbox=(300,737,29,18) long=28.8 box_short=14.8 box_aspect=1.944 skeleton_width=6.00 skeleton_range=2.00-7.19 skeleton_aspect=4.807 merge_ratio=1.127 circularity=0.297
[CLEAN C503] REJECT Scratch: 尺寸 0.152281 mm < 0.25 mm
[MEASURE C503] Scratch width=0.152281 mm valid=False
[CLEAN C504] type=Rejected candidate=Scratch area=51.5 perimeter=39.9 bbox=(1014,736,11,13) long=14.6 box_short=7.0 box_aspect=2.087 skeleton_width=2.80 skeleton_range=2.00-6.39 skeleton_aspect=5.231 merge_ratio=1.256 circularity=0.407
[CLEAN C504] REJECT Scratch: 尺寸 0.123850 mm < 0.25 mm
[MEASURE C504] Scratch width=0.123850 mm valid=False
[CLEAN C505] type=Rejected area=27.5 perimeter=23.9 bbox=(551,735,7,9) long=9.4 box_short=4.3 box_aspect=2.200 skeleton_width=4.00 skeleton_range=2.00-4.39 skeleton_aspect=2.358 merge_ratio=0.729 circularity=0.605
[CLEAN C505] REJECT Scratch: long_side 9.4 < 10; skeleton_aspect 2.358 < 2.5
[CLEAN C505] REJECT Pit: area 27.5 < 32
[CLEAN C506] type=Rejected area=7.5 perimeter=11.4 bbox=(1227,734,4,4) long=3.0 box_short=3.0 box_aspect=1.000 skeleton_width=2.00 skeleton_range=2.00-4.00 skeleton_aspect=1.500 merge_ratio=1.250 circularity=0.723
[CLEAN C506] REJECT Scratch: area 7.5 < 20; long_side 3.0 < 10; skeleton_aspect 1.500 < 2.5; box_aspect 1.000 < 1.5
[CLEAN C506] REJECT Pit: area 7.5 < 32
[CLEAN C507] type=Rejected candidate=Scratch area=52.0 perimeter=47.3 bbox=(922,734,7,21) long=20.1 box_short=5.5 box_aspect=3.682 skeleton_width=4.00 skeleton_range=2.00-5.60 skeleton_aspect=5.023 merge_ratio=0.647 circularity=0.292
[CLEAN C507] REJECT Scratch: 尺寸 0.164568 mm < 0.25 mm
[MEASURE C507] Scratch width=0.164568 mm valid=False
[CLEAN C508] type=Rejected area=1.0 perimeter=4.0 bbox=(809,733,2,2) long=1.0 box_short=1.0 box_aspect=1.000 skeleton_width=2.00 skeleton_range=2.00-2.00 skeleton_aspect=0.500 merge_ratio=0.500 circularity=0.785
[CLEAN C508] REJECT Scratch: area 1.0 < 20; long_side 1.0 < 10; skeleton_aspect 0.500 < 2.5; box_aspect 1.000 < 1.5
[CLEAN C508] REJECT Pit: area 1.0 < 32
[CLEAN C509] type=Rejected candidate=Scratch area=60.5 perimeter=37.6 bbox=(733,733,15,9) long=14.5 box_short=6.3 box_aspect=2.300 skeleton_width=5.00 skeleton_range=2.00-6.39 skeleton_aspect=2.911 merge_ratio=0.832 circularity=0.539
[CLEAN C509] REJECT Scratch: 尺寸 0.152885 mm < 0.25 mm
[MEASURE C509] Scratch width=0.152885 mm valid=False
[CLEAN C510] type=Rejected area=2.0 perimeter=6.0 bbox=(73,733,2,3) long=2.0 box_short=1.0 box_aspect=2.000 skeleton_width=2.00 skeleton_range=2.00-2.00 skeleton_aspect=1.000 merge_ratio=0.500 circularity=0.698
[CLEAN C510] REJECT Scratch: area 2.0 < 20; long_side 2.0 < 10; skeleton_aspect 1.000 < 2.5
[CLEAN C510] REJECT Pit: area 2.0 < 32
[CLEAN C511] type=Rejected candidate=Scratch area=106.0 perimeter=57.8 bbox=(451,732,13,19) long=19.6 box_short=11.0 box_aspect=1.776 skeleton_width=4.39 skeleton_range=2.00-8.00 skeleton_aspect=4.453 merge_ratio=1.233 circularity=0.399
[CLEAN C511] REJECT Scratch: 尺寸 0.199977 mm < 0.25 mm
[MEASURE C511] Scratch width=0.199977 mm valid=False
[CLEAN C512] type=Rejected area=7.0 perimeter=10.8 bbox=(55,732,3,5) long=4.0 box_short=2.0 box_aspect=2.000 skeleton_width=2.80 skeleton_range=2.00-4.00 skeleton_aspect=1.429 merge_ratio=0.625 circularity=0.750
[CLEAN C512] REJECT Scratch: area 7.0 < 20; long_side 4.0 < 10; skeleton_aspect 1.429 < 2.5
[CLEAN C512] REJECT Pit: area 7.0 < 32
[CLEAN C513] type=Rejected area=1.0 perimeter=4.0 bbox=(817,731,2,2) long=1.0 box_short=1.0 box_aspect=1.000 skeleton_width=2.00 skeleton_range=2.00-2.00 skeleton_aspect=0.500 merge_ratio=0.500 circularity=0.785
[CLEAN C513] REJECT Scratch: area 1.0 < 20; long_side 1.0 < 10; skeleton_aspect 0.500 < 2.5; box_aspect 1.000 < 1.5
[CLEAN C513] REJECT Pit: area 1.0 < 32
[CLEAN C514] type=Rejected area=15.5 perimeter=16.2 bbox=(515,731,5,6) long=5.0 box_short=4.0 box_aspect=1.250 skeleton_width=3.40 skeleton_range=2.00-4.39 skeleton_aspect=1.471 merge_ratio=0.912 circularity=0.738
[CLEAN C514] REJECT Scratch: area 15.5 < 20; long_side 5.0 < 10; skeleton_aspect 1.471 < 2.5; box_aspect 1.250 < 1.5
[CLEAN C514] REJECT Pit: area 15.5 < 32
[CLEAN C515] type=Rejected area=3.5 perimeter=7.4 bbox=(1213,730,3,3) long=2.0 box_short=2.0 box_aspect=1.000 skeleton_width=2.00 skeleton_range=2.00-2.80 skeleton_aspect=1.000 merge_ratio=0.875 circularity=0.800
[CLEAN C515] REJECT Scratch: area 3.5 < 20; long_side 2.0 < 10; skeleton_aspect 1.000 < 2.5; box_aspect 1.000 < 1.5
[CLEAN C515] REJECT Pit: area 3.5 < 32
[CLEAN C516] type=Rejected area=12.0 perimeter=14.8 bbox=(1032,730,4,6) long=5.0 box_short=3.0 box_aspect=1.667 skeleton_width=2.80 skeleton_range=2.00-4.00 skeleton_aspect=1.786 merge_ratio=0.857 circularity=0.686
[CLEAN C516] REJECT Scratch: area 12.0 < 20; long_side 5.0 < 10; skeleton_aspect 1.786 < 2.5
[CLEAN C516] REJECT Pit: area 12.0 < 32
[CLEAN C517] type=Rejected area=10.5 perimeter=12.2 bbox=(877,730,5,4) long=4.0 box_short=3.0 box_aspect=1.333 skeleton_width=2.80 skeleton_range=2.00-4.00 skeleton_aspect=1.429 merge_ratio=0.938 circularity=0.880
[CLEAN C517] REJECT Scratch: area 10.5 < 20; long_side 4.0 < 10; skeleton_aspect 1.429 < 2.5; box_aspect 1.333 < 1.5
[CLEAN C517] REJECT Pit: area 10.5 < 32
[CLEAN C518] type=Rejected area=2.0 perimeter=6.0 bbox=(276,730,2,3) long=2.0 box_short=1.0 box_aspect=2.000 skeleton_width=2.00 skeleton_range=2.00-2.00 skeleton_aspect=1.000 merge_ratio=0.500 circularity=0.698
[CLEAN C518] REJECT Scratch: area 2.0 < 20; long_side 2.0 < 10; skeleton_aspect 1.000 < 2.5
[CLEAN C518] REJECT Pit: area 2.0 < 32
[CLEAN C519] type=Rejected area=2.0 perimeter=6.0 bbox=(941,729,3,2) long=2.0 box_short=1.0 box_aspect=2.000 skeleton_width=2.00 skeleton_range=2.00-2.00 skeleton_aspect=1.000 merge_ratio=0.500 circularity=0.698
[CLEAN C519] REJECT Scratch: area 2.0 < 20; long_side 2.0 < 10; skeleton_aspect 1.000 < 2.5
[CLEAN C519] REJECT Pit: area 2.0 < 32
[CLEAN C520] type=Rejected area=1.0 perimeter=4.0 bbox=(868,729,2,2) long=1.0 box_short=1.0 box_aspect=1.000 skeleton_width=2.00 skeleton_range=2.00-2.00 skeleton_aspect=0.500 merge_ratio=0.500 circularity=0.785
[CLEAN C520] REJECT Scratch: area 1.0 < 20; long_side 1.0 < 10; skeleton_aspect 0.500 < 2.5; box_aspect 1.000 < 1.5
[CLEAN C520] REJECT Pit: area 1.0 < 32
[CLEAN C521] type=Rejected candidate=Scratch area=199.5 perimeter=74.9 bbox=(695,729,12,33) long=32.0 box_short=10.0 box_aspect=3.196 skeleton_width=8.00 skeleton_range=2.00-10.39 skeleton_aspect=3.996 merge_ratio=0.780 circularity=0.447
[CLEAN C521] REJECT Scratch: 尺寸 0.218529 mm < 0.25 mm
[MEASURE C521] Scratch width=0.218529 mm valid=False
[CLEAN C522] type=Rejected area=7.5 perimeter=11.4 bbox=(643,729,4,4) long=3.0 box_short=3.0 box_aspect=1.000 skeleton_width=2.00 skeleton_range=2.00-4.00 skeleton_aspect=1.500 merge_ratio=1.250 circularity=0.723
[CLEAN C522] REJECT Scratch: area 7.5 < 20; long_side 3.0 < 10; skeleton_aspect 1.500 < 2.5; box_aspect 1.000 < 1.5
[CLEAN C522] REJECT Pit: area 7.5 < 32
[CLEAN C523] type=Rejected area=7.5 perimeter=11.4 bbox=(670,728,5,3) long=4.0 box_short=2.0 box_aspect=2.000 skeleton_width=2.40 skeleton_range=2.00-4.00 skeleton_aspect=1.667 merge_ratio=0.781 circularity=0.723
[CLEAN C523] REJECT Scratch: area 7.5 < 20; long_side 4.0 < 10; skeleton_aspect 1.667 < 2.5
[CLEAN C523] REJECT Pit: area 7.5 < 32
[CLEAN C524] type=Rejected area=15.5 perimeter=20.2 bbox=(606,728,4,9) long=8.2 box_short=2.8 box_aspect=2.900 skeleton_width=2.80 skeleton_range=2.00-4.00 skeleton_aspect=2.929 merge_ratio=0.675 circularity=0.475
[CLEAN C524] REJECT Scratch: area 15.5 < 20; long_side 8.2 < 10
[CLEAN C524] REJECT Pit: area 15.5 < 32; circularity 0.475 < 0.55
[CLEAN C525] type=Rejected area=2.0 perimeter=6.0 bbox=(595,728,2,3) long=2.0 box_short=1.0 box_aspect=2.000 skeleton_width=2.00 skeleton_range=2.00-2.00 skeleton_aspect=1.000 merge_ratio=0.500 circularity=0.698
[CLEAN C525] REJECT Scratch: area 2.0 < 20; long_side 2.0 < 10; skeleton_aspect 1.000 < 2.5
[CLEAN C525] REJECT Pit: area 2.0 < 32
[CLEAN C526] type=Rejected area=1.0 perimeter=4.0 bbox=(949,727,2,2) long=1.0 box_short=1.0 box_aspect=1.000 skeleton_width=2.00 skeleton_range=2.00-2.00 skeleton_aspect=0.500 merge_ratio=0.500 circularity=0.785
[CLEAN C526] REJECT Scratch: area 1.0 < 20; long_side 1.0 < 10; skeleton_aspect 0.500 < 2.5; box_aspect 1.000 < 1.5
[CLEAN C526] REJECT Pit: area 1.0 < 32
[CLEAN C527] type=Rejected area=12.0 perimeter=14.8 bbox=(780,727,5,5) long=4.0 box_short=4.0 box_aspect=1.000 skeleton_width=2.80 skeleton_range=2.00-4.00 skeleton_aspect=1.429 merge_ratio=1.071 circularity=0.686
[CLEAN C527] REJECT Scratch: area 12.0 < 20; long_side 4.0 < 10; skeleton_aspect 1.429 < 2.5; box_aspect 1.000 < 1.5
[CLEAN C527] REJECT Pit: area 12.0 < 32
[CLEAN C528] type=Rejected area=13.0 perimeter=14.8 bbox=(587,727,4,6) long=5.0 box_short=3.0 box_aspect=1.667 skeleton_width=3.40 skeleton_range=2.00-4.00 skeleton_aspect=1.471 merge_ratio=0.765 circularity=0.743
[CLEAN C528] REJECT Scratch: area 13.0 < 20; long_side 5.0 < 10; skeleton_aspect 1.471 < 2.5
[CLEAN C528] REJECT Pit: area 13.0 < 32
[CLEAN C529] type=Rejected area=4.0 perimeter=10.0 bbox=(503,727,2,5) long=4.0 box_short=1.0 box_aspect=4.000 skeleton_width=2.00 skeleton_range=2.00-2.00 skeleton_aspect=2.000 merge_ratio=0.500 circularity=0.503
[CLEAN C529] REJECT Scratch: area 4.0 < 20; long_side 4.0 < 10; skeleton_aspect 2.000 < 2.5
[CLEAN C529] REJECT Pit: area 4.0 < 32; circularity 0.503 < 0.55
[CLEAN C530] type=Rejected area=1.0 perimeter=4.0 bbox=(494,727,2,2) long=1.0 box_short=1.0 box_aspect=1.000 skeleton_width=2.00 skeleton_range=2.00-2.00 skeleton_aspect=0.500 merge_ratio=0.500 circularity=0.785
[CLEAN C530] REJECT Scratch: area 1.0 < 20; long_side 1.0 < 10; skeleton_aspect 0.500 < 2.5; box_aspect 1.000 < 1.5
[CLEAN C530] REJECT Pit: area 1.0 < 32
[CLEAN C531] type=Rejected candidate=Scratch area=92.5 perimeter=67.2 bbox=(106,727,8,29) long=28.3 box_short=6.7 box_aspect=4.193 skeleton_width=4.00 skeleton_range=2.00-5.60 skeleton_aspect=7.075 merge_ratio=0.817 circularity=0.257
[CLEAN C531] REJECT Scratch: 不可测: 划痕最大宽度点超出中央有效测量区域
[MEASURE C531] Scratch 不可测: 划痕最大宽度点超出中央有效测量区域
[CLEAN C532] type=Rejected area=1.0 perimeter=4.0 bbox=(146,726,2,2) long=1.0 box_short=1.0 box_aspect=1.000 skeleton_width=2.00 skeleton_range=2.00-2.00 skeleton_aspect=0.500 merge_ratio=0.500 circularity=0.785
[CLEAN C532] REJECT Scratch: area 1.0 < 20; long_side 1.0 < 10; skeleton_aspect 0.500 < 2.5; box_aspect 1.000 < 1.5
[CLEAN C532] REJECT Pit: area 1.0 < 32
[CLEAN C533] type=Rejected area=1.0 perimeter=4.0 bbox=(89,726,2,2) long=1.0 box_short=1.0 box_aspect=1.000 skeleton_width=2.00 skeleton_range=2.00-2.00 skeleton_aspect=0.500 merge_ratio=0.500 circularity=0.785
[CLEAN C533] REJECT Scratch: area 1.0 < 20; long_side 1.0 < 10; skeleton_aspect 0.500 < 2.5; box_aspect 1.000 < 1.5
[CLEAN C533] REJECT Pit: area 1.0 < 32
[CLEAN C534] type=Pit area=44.0 perimeter=29.3 bbox=(829,725,9,10) long=9.1 box_short=7.6 box_aspect=1.200 skeleton_width=4.20 skeleton_range=2.00-6.39 skeleton_aspect=2.160 merge_ratio=1.156 circularity=0.643
[MEASURE C534] Pit diameter=0.258935 mm valid=True
Pit: area = 44.0 diameter_mm = 0.25893542170524597 circularity = 0.6434592080541391
[CLEAN C535] type=Rejected area=3.0 perimeter=8.0 bbox=(814,725,4,2) long=3.0 box_short=1.0 box_aspect=3.000 skeleton_width=2.00 skeleton_range=2.00-2.00 skeleton_aspect=1.500 merge_ratio=0.500 circularity=0.589
[CLEAN C535] REJECT Scratch: area 3.0 < 20; long_side 3.0 < 10; skeleton_aspect 1.500 < 2.5
[CLEAN C535] REJECT Pit: area 3.0 < 32
[CLEAN C536] type=Rejected candidate=Scratch area=66.0 perimeter=53.8 bbox=(114,725,12,21) long=21.4 box_short=6.1 box_aspect=3.492 skeleton_width=4.00 skeleton_range=2.00-6.00 skeleton_aspect=5.355 merge_ratio=0.770 circularity=0.287
[CLEAN C536] REJECT Scratch: 不可测: 划痕最大宽度点超出中央有效测量区域
[MEASURE C536] Scratch 不可测: 划痕最大宽度点超出中央有效测量区域
[CLEAN C537] type=Rejected candidate=Pit area=51.0 perimeter=29.3 bbox=(715,724,11,8) long=10.0 box_short=7.0 box_aspect=1.429 skeleton_width=5.60 skeleton_range=2.00-7.19 skeleton_aspect=1.786 merge_ratio=0.911 circularity=0.746
[CLEAN C537] REJECT Pit: 尺寸 0.241921 mm < 0.25 mm
[MEASURE C537] Pit diameter=0.241921 mm valid=False
[CLEAN C538] type=Rejected area=5.0 perimeter=8.8 bbox=(459,724,3,4) long=3.0 box_short=2.0 box_aspect=1.500 skeleton_width=2.40 skeleton_range=2.00-2.80 skeleton_aspect=1.250 merge_ratio=0.694 circularity=0.806
[CLEAN C538] REJECT Scratch: area 5.0 < 20; long_side 3.0 < 10; skeleton_aspect 1.250 < 2.5
[CLEAN C538] REJECT Pit: area 5.0 < 32
[CLEAN C539] type=Rejected area=8.0 perimeter=10.8 bbox=(364,724,4,4) long=3.0 box_short=3.0 box_aspect=1.000 skeleton_width=2.80 skeleton_range=2.00-4.00 skeleton_aspect=1.071 merge_ratio=0.952 circularity=0.857
[CLEAN C539] REJECT Scratch: area 8.0 < 20; long_side 3.0 < 10; skeleton_aspect 1.071 < 2.5; box_aspect 1.000 < 1.5
[CLEAN C539] REJECT Pit: area 8.0 < 32
[CLEAN C540] type=Rejected area=13.5 perimeter=16.2 bbox=(355,722,4,7) long=6.0 box_short=3.0 box_aspect=2.000 skeleton_width=2.80 skeleton_range=2.00-4.00 skeleton_aspect=2.143 merge_ratio=0.804 circularity=0.643
[CLEAN C540] REJECT Scratch: area 13.5 < 20; long_side 6.0 < 10; skeleton_aspect 2.143 < 2.5
[CLEAN C540] REJECT Pit: area 13.5 < 32
[CLEAN C541] type=Rejected area=7.5 perimeter=11.4 bbox=(101,722,5,3) long=4.0 box_short=2.0 box_aspect=2.000 skeleton_width=2.40 skeleton_range=2.00-4.00 skeleton_aspect=1.667 merge_ratio=0.781 circularity=0.723
[CLEAN C541] REJECT Scratch: area 7.5 < 20; long_side 4.0 < 10; skeleton_aspect 1.667 < 2.5
[CLEAN C541] REJECT Pit: area 7.5 < 32
[CLEAN C542] type=Rejected area=7.0 perimeter=12.8 bbox=(65,722,3,6) long=5.0 box_short=2.0 box_aspect=2.500 skeleton_width=2.00 skeleton_range=2.00-2.80 skeleton_aspect=2.500 merge_ratio=0.700 circularity=0.535
[CLEAN C542] REJECT Scratch: area 7.0 < 20; long_side 5.0 < 10
[CLEAN C542] REJECT Pit: area 7.0 < 32; circularity 0.535 < 0.55
[CLEAN C543] type=Rejected area=1.0 perimeter=4.0 bbox=(1012,721,2,2) long=1.0 box_short=1.0 box_aspect=1.000 skeleton_width=2.00 skeleton_range=2.00-2.00 skeleton_aspect=0.500 merge_ratio=0.500 circularity=0.785
[CLEAN C543] REJECT Scratch: area 1.0 < 20; long_side 1.0 < 10; skeleton_aspect 0.500 < 2.5; box_aspect 1.000 < 1.5
[CLEAN C543] REJECT Pit: area 1.0 < 32
[CLEAN C544] type=Scratch area=169.5 perimeter=121.8 bbox=(888,721,19,39) long=39.3 box_short=12.6 box_aspect=3.115 skeleton_width=4.00 skeleton_range=2.00-8.00 skeleton_aspect=9.823 merge_ratio=1.078 circularity=0.143
[MEASURE C544] Scratch width=0.336361 mm valid=True
Scratch: area = 169.5 width_px = 4.0 width_mm = 0.3363613102462217 ratio = 9.822691917419434
[CLEAN C545] type=Rejected area=4.5 perimeter=9.4 bbox=(753,721,4,3) long=3.0 box_short=2.0 box_aspect=1.500 skeleton_width=2.00 skeleton_range=2.00-2.80 skeleton_aspect=1.500 merge_ratio=0.750 circularity=0.638
[CLEAN C545] REJECT Scratch: area 4.5 < 20; long_side 3.0 < 10; skeleton_aspect 1.500 < 2.5
[CLEAN C545] REJECT Pit: area 4.5 < 32
[CLEAN C546] type=Rejected area=1.0 perimeter=4.0 bbox=(597,720,2,2) long=1.0 box_short=1.0 box_aspect=1.000 skeleton_width=2.00 skeleton_range=2.00-2.00 skeleton_aspect=0.500 merge_ratio=0.500 circularity=0.785
[CLEAN C546] REJECT Scratch: area 1.0 < 20; long_side 1.0 < 10; skeleton_aspect 0.500 < 2.5; box_aspect 1.000 < 1.5
[CLEAN C546] REJECT Pit: area 1.0 < 32
[CLEAN C547] type=Rejected area=4.0 perimeter=8.8 bbox=(556,720,4,3) long=3.0 box_short=2.0 box_aspect=1.500 skeleton_width=2.00 skeleton_range=2.00-2.80 skeleton_aspect=1.500 merge_ratio=0.667 circularity=0.645
[CLEAN C547] REJECT Scratch: area 4.0 < 20; long_side 3.0 < 10; skeleton_aspect 1.500 < 2.5
[CLEAN C547] REJECT Pit: area 4.0 < 32
[CLEAN C548] type=Rejected area=1.0 perimeter=4.0 bbox=(185,720,2,2) long=1.0 box_short=1.0 box_aspect=1.000 skeleton_width=2.00 skeleton_range=2.00-2.00 skeleton_aspect=0.500 merge_ratio=0.500 circularity=0.785
[CLEAN C548] REJECT Scratch: area 1.0 < 20; long_side 1.0 < 10; skeleton_aspect 0.500 < 2.5; box_aspect 1.000 < 1.5
[CLEAN C548] REJECT Pit: area 1.0 < 32
[CLEAN C549] type=Rejected candidate=Scratch area=25.5 perimeter=29.1 bbox=(686,719,11,7) long=11.0 box_short=4.8 box_aspect=2.292 skeleton_width=2.00 skeleton_range=2.00-4.39 skeleton_aspect=5.500 merge_ratio=1.159 circularity=0.379
[CLEAN C549] REJECT Scratch: 尺寸 0.088271 mm < 0.25 mm
[MEASURE C549] Scratch width=0.088271 mm valid=False
[CLEAN C550] type=Rejected area=3.0 perimeter=8.0 bbox=(255,719,4,2) long=3.0 box_short=1.0 box_aspect=3.000 skeleton_width=2.00 skeleton_range=2.00-2.00 skeleton_aspect=1.500 merge_ratio=0.500 circularity=0.589
[CLEAN C550] REJECT Scratch: area 3.0 < 20; long_side 3.0 < 10; skeleton_aspect 1.500 < 2.5
[CLEAN C550] REJECT Pit: area 3.0 < 32
[CLEAN C551] type=Rejected candidate=Scratch area=54.0 perimeter=39.3 bbox=(569,718,8,16) long=15.6 box_short=6.2 box_aspect=2.520 skeleton_width=4.00 skeleton_range=2.00-5.60 skeleton_aspect=3.907 merge_ratio=0.864 circularity=0.439
[CLEAN C551] REJECT Scratch: 尺寸 0.147676 mm < 0.25 mm
[MEASURE C551] Scratch width=0.147676 mm valid=False
[CLEAN C552] type=Rejected area=1.0 perimeter=4.0 bbox=(215,718,2,2) long=1.0 box_short=1.0 box_aspect=1.000 skeleton_width=2.00 skeleton_range=2.00-2.00 skeleton_aspect=0.500 merge_ratio=0.500 circularity=0.785
[CLEAN C552] REJECT Scratch: area 1.0 < 20; long_side 1.0 < 10; skeleton_aspect 0.500 < 2.5; box_aspect 1.000 < 1.5
[CLEAN C552] REJECT Pit: area 1.0 < 32
[CLEAN C553] type=Rejected area=12.5 perimeter=21.9 bbox=(54,717,8,6) long=7.6 box_short=3.5 box_aspect=2.182 skeleton_width=2.40 skeleton_range=2.00-2.80 skeleton_aspect=3.162 merge_ratio=0.686 circularity=0.328
[CLEAN C553] REJECT Scratch: area 12.5 < 20; long_side 7.6 < 10
[CLEAN C553] REJECT Pit: area 12.5 < 32; circularity 0.328 < 0.55
[CLEAN C554] type=Rejected area=4.0 perimeter=10.0 bbox=(458,716,2,5) long=4.0 box_short=1.0 box_aspect=4.000 skeleton_width=2.00 skeleton_range=2.00-2.00 skeleton_aspect=2.000 merge_ratio=0.500 circularity=0.503
[CLEAN C554] REJECT Scratch: area 4.0 < 20; long_side 4.0 < 10; skeleton_aspect 2.000 < 2.5
[CLEAN C554] REJECT Pit: area 4.0 < 32; circularity 0.503 < 0.55
[CLEAN C555] type=Rejected candidate=Scratch area=31.5 perimeter=57.9 bbox=(442,716,5,27) long=26.2 box_short=3.6 box_aspect=7.366 skeleton_width=2.00 skeleton_range=2.00-4.00 skeleton_aspect=13.081 merge_ratio=0.602 circularity=0.118
[CLEAN C555] REJECT Scratch: 尺寸 0.104858 mm < 0.25 mm
[MEASURE C555] Scratch width=0.104858 mm valid=False
[CLEAN C556] type=Rejected candidate=Scratch area=80.5 perimeter=47.2 bbox=(427,715,13,16) long=17.0 box_short=9.2 box_aspect=1.846 skeleton_width=4.39 skeleton_range=2.00-7.19 skeleton_aspect=3.862 merge_ratio=1.080 circularity=0.454
[CLEAN C556] REJECT Scratch: 尺寸 0.153489 mm < 0.25 mm
[MEASURE C556] Scratch width=0.153489 mm valid=False
[CLEAN C557] type=Rejected area=2.0 perimeter=6.0 bbox=(1121,714,2,3) long=2.0 box_short=1.0 box_aspect=2.000 skeleton_width=2.00 skeleton_range=2.00-2.00 skeleton_aspect=1.000 merge_ratio=0.500 circularity=0.698
[CLEAN C557] REJECT Scratch: area 2.0 < 20; long_side 2.0 < 10; skeleton_aspect 1.000 < 2.5
[CLEAN C557] REJECT Pit: area 2.0 < 32
[CLEAN C558] type=Rejected area=1.0 perimeter=4.0 bbox=(926,714,2,2) long=1.0 box_short=1.0 box_aspect=1.000 skeleton_width=2.00 skeleton_range=2.00-2.00 skeleton_aspect=0.500 merge_ratio=0.500 circularity=0.785
[CLEAN C558] REJECT Scratch: area 1.0 < 20; long_side 1.0 < 10; skeleton_aspect 0.500 < 2.5; box_aspect 1.000 < 1.5
[CLEAN C558] REJECT Pit: area 1.0 < 32
[CLEAN C559] type=Rejected area=15.0 perimeter=17.7 bbox=(103,714,8,4) long=7.0 box_short=3.0 box_aspect=2.333 skeleton_width=2.80 skeleton_range=2.00-4.00 skeleton_aspect=2.500 merge_ratio=0.765 circularity=0.605
[CLEAN C559] REJECT Scratch: area 15.0 < 20; long_side 7.0 < 10
[CLEAN C559] REJECT Pit: area 15.0 < 32
[CLEAN C560] type=Rejected area=11.0 perimeter=19.7 bbox=(961,713,4,9) long=8.5 box_short=2.2 box_aspect=3.857 skeleton_width=2.00 skeleton_range=2.00-2.80 skeleton_aspect=4.269 merge_ratio=0.644 circularity=0.358
[CLEAN C560] REJECT Scratch: area 11.0 < 20; long_side 8.5 < 10
[CLEAN C560] REJECT Pit: area 11.0 < 32; circularity 0.358 < 0.55
[CLEAN C561] type=Rejected area=7.5 perimeter=11.4 bbox=(582,713,4,4) long=3.0 box_short=3.0 box_aspect=1.000 skeleton_width=2.00 skeleton_range=2.00-4.00 skeleton_aspect=1.500 merge_ratio=1.250 circularity=0.723
[CLEAN C561] REJECT Scratch: area 7.5 < 20; long_side 3.0 < 10; skeleton_aspect 1.500 < 2.5; box_aspect 1.000 < 1.5
[CLEAN C561] REJECT Pit: area 7.5 < 32
[CLEAN C562] type=Rejected area=1.0 perimeter=4.0 bbox=(154,713,2,2) long=1.0 box_short=1.0 box_aspect=1.000 skeleton_width=2.00 skeleton_range=2.00-2.00 skeleton_aspect=0.500 merge_ratio=0.500 circularity=0.785
[CLEAN C562] REJECT Scratch: area 1.0 < 20; long_side 1.0 < 10; skeleton_aspect 0.500 < 2.5; box_aspect 1.000 < 1.5
[CLEAN C562] REJECT Pit: area 1.0 < 32
[CLEAN C563] type=Rejected candidate=Scratch area=56.0 perimeter=44.6 bbox=(123,713,11,18) long=18.4 box_short=5.7 box_aspect=3.217 skeleton_width=4.00 skeleton_range=2.00-5.60 skeleton_aspect=4.593 merge_ratio=0.762 circularity=0.353
[CLEAN C563] REJECT Scratch: 不可测: 划痕最大宽度点超出中央有效测量区域
[MEASURE C563] Scratch 不可测: 划痕最大宽度点超出中央有效测量区域
[CLEAN C564] type=Rejected area=12.0 perimeter=14.0 bbox=(0,713,4,5) long=4.0 box_short=3.0 box_aspect=1.333 skeleton_width=4.00 skeleton_range=2.00-4.00 skeleton_aspect=1.000 merge_ratio=0.750 circularity=0.769
[CLEAN C564] REJECT Scratch: area 12.0 < 20; long_side 4.0 < 10; skeleton_aspect 1.000 < 2.5; box_aspect 1.333 < 1.5
[CLEAN C564] REJECT Pit: area 12.0 < 32
[CLEAN C565] type=Rejected area=13.5 perimeter=14.2 bbox=(551,712,4,6) long=5.0 box_short=3.0 box_aspect=1.667 skeleton_width=4.00 skeleton_range=2.00-4.00 skeleton_aspect=1.250 merge_ratio=0.675 circularity=0.836
[CLEAN C565] REJECT Scratch: area 13.5 < 20; long_side 5.0 < 10; skeleton_aspect 1.250 < 2.5
[CLEAN C565] REJECT Pit: area 13.5 < 32
[CLEAN C566] type=Rejected area=7.5 perimeter=11.4 bbox=(531,712,3,5) long=4.0 box_short=2.0 box_aspect=2.000 skeleton_width=2.40 skeleton_range=2.00-4.00 skeleton_aspect=1.667 merge_ratio=0.781 circularity=0.723
[CLEAN C566] REJECT Scratch: area 7.5 < 20; long_side 4.0 < 10; skeleton_aspect 1.667 < 2.5
[CLEAN C566] REJECT Pit: area 7.5 < 32
[CLEAN C567] type=Rejected area=2.0 perimeter=6.0 bbox=(297,712,2,3) long=2.0 box_short=1.0 box_aspect=2.000 skeleton_width=2.00 skeleton_range=2.00-2.00 skeleton_aspect=1.000 merge_ratio=0.500 circularity=0.698
[CLEAN C567] REJECT Scratch: area 2.0 < 20; long_side 2.0 < 10; skeleton_aspect 1.000 < 2.5
[CLEAN C567] REJECT Pit: area 2.0 < 32
[CLEAN C568] type=Rejected area=1.0 perimeter=4.0 bbox=(100,712,2,2) long=1.0 box_short=1.0 box_aspect=1.000 skeleton_width=2.00 skeleton_range=2.00-2.00 skeleton_aspect=0.500 merge_ratio=0.500 circularity=0.785
[CLEAN C568] REJECT Scratch: area 1.0 < 20; long_side 1.0 < 10; skeleton_aspect 0.500 < 2.5; box_aspect 1.000 < 1.5
[CLEAN C568] REJECT Pit: area 1.0 < 32
[CLEAN C569] type=Rejected area=22.0 perimeter=22.5 bbox=(1227,711,5,10) long=9.0 box_short=4.0 box_aspect=2.250 skeleton_width=2.80 skeleton_range=2.00-4.39 skeleton_aspect=3.214 merge_ratio=0.873 circularity=0.547
[CLEAN C569] REJECT Scratch: long_side 9.0 < 10
[CLEAN C569] REJECT Pit: area 22.0 < 32; circularity 0.547 < 0.55
[CLEAN C570] type=Rejected area=6.5 perimeter=11.4 bbox=(624,711,3,5) long=4.0 box_short=2.0 box_aspect=2.000 skeleton_width=2.00 skeleton_range=2.00-4.00 skeleton_aspect=2.000 merge_ratio=0.812 circularity=0.627
[CLEAN C570] REJECT Scratch: area 6.5 < 20; long_side 4.0 < 10; skeleton_aspect 2.000 < 2.5
[CLEAN C570] REJECT Pit: area 6.5 < 32
[CLEAN C571] type=Rejected area=1.0 perimeter=4.0 bbox=(568,711,2,2) long=1.0 box_short=1.0 box_aspect=1.000 skeleton_width=2.00 skeleton_range=2.00-2.00 skeleton_aspect=0.500 merge_ratio=0.500 circularity=0.785
[CLEAN C571] REJECT Scratch: area 1.0 < 20; long_side 1.0 < 10; skeleton_aspect 0.500 < 2.5; box_aspect 1.000 < 1.5
[CLEAN C571] REJECT Pit: area 1.0 < 32
[CLEAN C572] type=Rejected area=1.0 perimeter=4.0 bbox=(875,710,2,2) long=1.0 box_short=1.0 box_aspect=1.000 skeleton_width=2.00 skeleton_range=2.00-2.00 skeleton_aspect=0.500 merge_ratio=0.500 circularity=0.785
[CLEAN C572] REJECT Scratch: area 1.0 < 20; long_side 1.0 < 10; skeleton_aspect 0.500 < 2.5; box_aspect 1.000 < 1.5
[CLEAN C572] REJECT Pit: area 1.0 < 32
[CLEAN C573] type=Rejected area=3.0 perimeter=6.8 bbox=(755,710,3,3) long=2.8 box_short=1.4 box_aspect=2.000 skeleton_width=2.00 skeleton_range=2.00-2.80 skeleton_aspect=1.414 merge_ratio=0.530 circularity=0.809
[CLEAN C573] REJECT Scratch: area 3.0 < 20; long_side 2.8 < 10; skeleton_aspect 1.414 < 2.5
[CLEAN C573] REJECT Pit: area 3.0 < 32
[CLEAN C574] type=Rejected area=4.0 perimeter=8.0 bbox=(736,710,3,3) long=2.0 box_short=2.0 box_aspect=1.000 skeleton_width=2.00 skeleton_range=2.00-4.00 skeleton_aspect=1.000 merge_ratio=1.000 circularity=0.785
[CLEAN C574] REJECT Scratch: area 4.0 < 20; long_side 2.0 < 10; skeleton_aspect 1.000 < 2.5; box_aspect 1.000 < 1.5
[CLEAN C574] REJECT Pit: area 4.0 < 32
[CLEAN C575] type=Rejected area=6.5 perimeter=12.2 bbox=(788,709,4,5) long=4.9 box_short=2.1 box_aspect=2.333 skeleton_width=2.00 skeleton_range=2.00-2.80 skeleton_aspect=2.475 merge_ratio=0.657 circularity=0.545
[CLEAN C575] REJECT Scratch: area 6.5 < 20; long_side 4.9 < 10; skeleton_aspect 2.475 < 2.5
[CLEAN C575] REJECT Pit: area 6.5 < 32; circularity 0.545 < 0.55
[CLEAN C576] type=Rejected area=7.5 perimeter=15.4 bbox=(610,709,4,6) long=5.0 box_short=3.0 box_aspect=1.667 skeleton_width=2.00 skeleton_range=2.00-2.80 skeleton_aspect=2.500 merge_ratio=0.750 circularity=0.397
[CLEAN C576] REJECT Scratch: area 7.5 < 20; long_side 5.0 < 10
[CLEAN C576] REJECT Pit: area 7.5 < 32; circularity 0.397 < 0.55
[CLEAN C577] type=Rejected area=1.0 perimeter=4.0 bbox=(587,709,2,2) long=1.0 box_short=1.0 box_aspect=1.000 skeleton_width=2.00 skeleton_range=2.00-2.00 skeleton_aspect=0.500 merge_ratio=0.500 circularity=0.785
[CLEAN C577] REJECT Scratch: area 1.0 < 20; long_side 1.0 < 10; skeleton_aspect 0.500 < 2.5; box_aspect 1.000 < 1.5
[CLEAN C577] REJECT Pit: area 1.0 < 32
[CLEAN C578] type=Rejected area=1.0 perimeter=4.0 bbox=(764,708,2,2) long=1.0 box_short=1.0 box_aspect=1.000 skeleton_width=2.00 skeleton_range=2.00-2.00 skeleton_aspect=0.500 merge_ratio=0.500 circularity=0.785
[CLEAN C578] REJECT Scratch: area 1.0 < 20; long_side 1.0 < 10; skeleton_aspect 0.500 < 2.5; box_aspect 1.000 < 1.5
[CLEAN C578] REJECT Pit: area 1.0 < 32
[CLEAN C579] type=Rejected area=6.0 perimeter=10.8 bbox=(979,707,4,4) long=3.0 box_short=3.0 box_aspect=1.000 skeleton_width=2.00 skeleton_range=2.00-2.80 skeleton_aspect=1.500 merge_ratio=1.000 circularity=0.643
[CLEAN C579] REJECT Scratch: area 6.0 < 20; long_side 3.0 < 10; skeleton_aspect 1.500 < 2.5; box_aspect 1.000 < 1.5
[CLEAN C579] REJECT Pit: area 6.0 < 32
[CLEAN C580] type=Rejected area=23.5 perimeter=21.1 bbox=(859,707,8,6) long=7.0 box_short=5.0 box_aspect=1.400 skeleton_width=4.00 skeleton_range=2.00-5.60 skeleton_aspect=1.750 merge_ratio=0.839 circularity=0.665
[CLEAN C580] REJECT Scratch: long_side 7.0 < 10; skeleton_aspect 1.750 < 2.5; box_aspect 1.400 < 1.5
[CLEAN C580] REJECT Pit: area 23.5 < 32
[CLEAN C581] type=Rejected area=1.0 perimeter=4.0 bbox=(544,707,2,2) long=1.0 box_short=1.0 box_aspect=1.000 skeleton_width=2.00 skeleton_range=2.00-2.00 skeleton_aspect=0.500 merge_ratio=0.500 circularity=0.785
[CLEAN C581] REJECT Scratch: area 1.0 < 20; long_side 1.0 < 10; skeleton_aspect 0.500 < 2.5; box_aspect 1.000 < 1.5
[CLEAN C581] REJECT Pit: area 1.0 < 32
[CLEAN C582] type=Rejected candidate=Scratch area=78.0 perimeter=47.8 bbox=(702,706,10,19) long=18.9 box_short=7.5 box_aspect=2.516 skeleton_width=4.39 skeleton_range=2.00-7.19 skeleton_aspect=4.306 merge_ratio=0.938 circularity=0.429
[CLEAN C582] REJECT Scratch: 尺寸 0.195031 mm < 0.25 mm
[MEASURE C582] Scratch width=0.195031 mm valid=False
[CLEAN C583] type=Rejected candidate=Scratch area=63.0 perimeter=81.8 bbox=(540,706,7,38) long=37.3 box_short=4.0 box_aspect=9.417 skeleton_width=2.00 skeleton_range=2.00-4.39 skeleton_aspect=18.668 merge_ratio=0.844 circularity=0.118
[CLEAN C583] REJECT Scratch: 尺寸 0.124828 mm < 0.25 mm
[MEASURE C583] Scratch width=0.124828 mm valid=False
[CLEAN C584] type=Rejected area=9.0 perimeter=19.7 bbox=(432,706,4,9) long=8.2 box_short=2.4 box_aspect=3.412 skeleton_width=2.00 skeleton_range=2.00-4.00 skeleton_aspect=4.101 merge_ratio=0.549 circularity=0.293
[CLEAN C584] REJECT Scratch: area 9.0 < 20; long_side 8.2 < 10
[CLEAN C584] REJECT Pit: area 9.0 < 32; circularity 0.293 < 0.55
[CLEAN C585] type=Pit area=115.0 perimeter=45.3 bbox=(500,705,10,17) long=16.0 box_short=9.0 box_aspect=1.778 skeleton_width=8.00 skeleton_range=2.00-10.00 skeleton_aspect=2.000 merge_ratio=0.898 circularity=0.704
[MEASURE C585] Pit diameter=0.393305 mm valid=True
Pit: area = 115.0 diameter_mm = 0.39330506324768066 circularity = 0.7037987562526872
[CLEAN C586] type=Rejected area=2.0 perimeter=6.0 bbox=(61,705,2,3) long=2.0 box_short=1.0 box_aspect=2.000 skeleton_width=2.00 skeleton_range=2.00-2.00 skeleton_aspect=1.000 merge_ratio=0.500 circularity=0.698
[CLEAN C586] REJECT Scratch: area 2.0 < 20; long_side 2.0 < 10; skeleton_aspect 1.000 < 2.5
[CLEAN C586] REJECT Pit: area 2.0 < 32
[CLEAN C587] type=Rejected area=5.0 perimeter=8.8 bbox=(379,704,3,4) long=3.0 box_short=2.0 box_aspect=1.500 skeleton_width=2.40 skeleton_range=2.00-2.80 skeleton_aspect=1.250 merge_ratio=0.694 circularity=0.806
[CLEAN C587] REJECT Scratch: area 5.0 < 20; long_side 3.0 < 10; skeleton_aspect 1.250 < 2.5
[CLEAN C587] REJECT Pit: area 5.0 < 32
[CLEAN C588] type=Rejected area=2.0 perimeter=6.0 bbox=(604,703,2,3) long=2.0 box_short=1.0 box_aspect=2.000 skeleton_width=2.00 skeleton_range=2.00-2.00 skeleton_aspect=1.000 merge_ratio=0.500 circularity=0.698
[CLEAN C588] REJECT Scratch: area 2.0 < 20; long_side 2.0 < 10; skeleton_aspect 1.000 < 2.5
[CLEAN C588] REJECT Pit: area 2.0 < 32
[CLEAN C589] type=Rejected area=7.5 perimeter=11.4 bbox=(458,703,3,5) long=4.0 box_short=2.0 box_aspect=2.000 skeleton_width=2.40 skeleton_range=2.00-4.00 skeleton_aspect=1.667 merge_ratio=0.781 circularity=0.723
[CLEAN C589] REJECT Scratch: area 7.5 < 20; long_side 4.0 < 10; skeleton_aspect 1.667 < 2.5
[CLEAN C589] REJECT Pit: area 7.5 < 32
[CLEAN C590] type=Rejected area=1.0 perimeter=4.0 bbox=(86,703,2,2) long=1.0 box_short=1.0 box_aspect=1.000 skeleton_width=2.00 skeleton_range=2.00-2.00 skeleton_aspect=0.500 merge_ratio=0.500 circularity=0.785
[CLEAN C590] REJECT Scratch: area 1.0 < 20; long_side 1.0 < 10; skeleton_aspect 0.500 < 2.5; box_aspect 1.000 < 1.5
[CLEAN C590] REJECT Pit: area 1.0 < 32
[CLEAN C591] type=Rejected area=1.0 perimeter=4.0 bbox=(1196,702,2,2) long=1.0 box_short=1.0 box_aspect=1.000 skeleton_width=2.00 skeleton_range=2.00-2.00 skeleton_aspect=0.500 merge_ratio=0.500 circularity=0.785
[CLEAN C591] REJECT Scratch: area 1.0 < 20; long_side 1.0 < 10; skeleton_aspect 0.500 < 2.5; box_aspect 1.000 < 1.5
[CLEAN C591] REJECT Pit: area 1.0 < 32
[CLEAN C592] type=Rejected area=10.0 perimeter=12.8 bbox=(925,702,4,5) long=4.0 box_short=3.0 box_aspect=1.333 skeleton_width=2.80 skeleton_range=2.00-4.00 skeleton_aspect=1.429 merge_ratio=0.893 circularity=0.764
[CLEAN C592] REJECT Scratch: area 10.0 < 20; long_side 4.0 < 10; skeleton_aspect 1.429 < 2.5; box_aspect 1.333 < 1.5
[CLEAN C592] REJECT Pit: area 10.0 < 32
[CLEAN C593] type=Rejected area=4.0 perimeter=8.8 bbox=(615,702,3,4) long=3.0 box_short=2.0 box_aspect=1.500 skeleton_width=2.00 skeleton_range=2.00-2.80 skeleton_aspect=1.500 merge_ratio=0.667 circularity=0.645
[CLEAN C593] REJECT Scratch: area 4.0 < 20; long_side 3.0 < 10; skeleton_aspect 1.500 < 2.5
[CLEAN C593] REJECT Pit: area 4.0 < 32
[CLEAN C594] type=Rejected area=12.0 perimeter=22.5 bbox=(41,701,5,10) long=9.5 box_short=2.5 box_aspect=3.833 skeleton_width=2.00 skeleton_range=2.00-2.80 skeleton_aspect=4.739 merge_ratio=0.633 circularity=0.298
[CLEAN C594] REJECT Scratch: area 12.0 < 20; long_side 9.5 < 10
[CLEAN C594] REJECT Pit: area 12.0 < 32; circularity 0.298 < 0.55
[CLEAN C595] type=Rejected area=3.5 perimeter=7.4 bbox=(34,701,3,3) long=2.0 box_short=2.0 box_aspect=1.000 skeleton_width=2.00 skeleton_range=2.00-2.80 skeleton_aspect=1.000 merge_ratio=0.875 circularity=0.800
[CLEAN C595] REJECT Scratch: area 3.5 < 20; long_side 2.0 < 10; skeleton_aspect 1.000 < 2.5; box_aspect 1.000 < 1.5
[CLEAN C595] REJECT Pit: area 3.5 < 32
[CLEAN C596] type=Rejected area=8.0 perimeter=11.7 bbox=(1234,700,5,4) long=4.0 box_short=2.7 box_aspect=1.500 skeleton_width=2.80 skeleton_range=2.00-2.80 skeleton_aspect=1.437 merge_ratio=0.710 circularity=0.740
[CLEAN C596] REJECT Scratch: area 8.0 < 20; long_side 4.0 < 10; skeleton_aspect 1.437 < 2.5
[CLEAN C596] REJECT Pit: area 8.0 < 32
[CLEAN C597] type=Rejected area=2.0 perimeter=6.0 bbox=(1139,700,2,3) long=2.0 box_short=1.0 box_aspect=2.000 skeleton_width=2.00 skeleton_range=2.00-2.00 skeleton_aspect=1.000 merge_ratio=0.500 circularity=0.698
[CLEAN C597] REJECT Scratch: area 2.0 < 20; long_side 2.0 < 10; skeleton_aspect 1.000 < 2.5
[CLEAN C597] REJECT Pit: area 2.0 < 32
[CLEAN C598] type=Rejected area=1.0 perimeter=4.0 bbox=(709,700,2,2) long=1.0 box_short=1.0 box_aspect=1.000 skeleton_width=2.00 skeleton_range=2.00-2.00 skeleton_aspect=0.500 merge_ratio=0.500 circularity=0.785
[CLEAN C598] REJECT Scratch: area 1.0 < 20; long_side 1.0 < 10; skeleton_aspect 0.500 < 2.5; box_aspect 1.000 < 1.5
[CLEAN C598] REJECT Pit: area 1.0 < 32
[CLEAN C599] type=Rejected candidate=Scratch area=81.0 perimeter=81.0 bbox=(448,700,8,25) long=24.0 box_short=7.0 box_aspect=3.429 skeleton_width=2.80 skeleton_range=2.00-6.00 skeleton_aspect=8.571 merge_ratio=1.205 circularity=0.155
[CLEAN C599] REJECT Scratch: 尺寸 0.213616 mm < 0.25 mm
[MEASURE C599] Scratch width=0.213616 mm valid=False
[CLEAN C600] type=Rejected candidate=Pit area=43.0 perimeter=26.5 bbox=(142,700,8,9) long=8.0 box_short=7.0 box_aspect=1.143 skeleton_width=4.39 skeleton_range=2.00-8.00 skeleton_aspect=1.821 merge_ratio=1.223 circularity=0.770
[CLEAN C600] REJECT Pit: 不可测: 凹点中心超出中央有效测量区域
[MEASURE C600] Pit 不可测: 凹点中心超出中央有效测量区域
[CLEAN C601] type=Rejected area=1.0 perimeter=4.0 bbox=(745,699,2,2) long=1.0 box_short=1.0 box_aspect=1.000 skeleton_width=2.00 skeleton_range=2.00-2.00 skeleton_aspect=0.500 merge_ratio=0.500 circularity=0.785
[CLEAN C601] REJECT Scratch: area 1.0 < 20; long_side 1.0 < 10; skeleton_aspect 0.500 < 2.5; box_aspect 1.000 < 1.5
[CLEAN C601] REJECT Pit: area 1.0 < 32
[CLEAN C602] type=Rejected area=8.0 perimeter=12.8 bbox=(440,699,3,6) long=5.0 box_short=2.0 box_aspect=2.500 skeleton_width=2.00 skeleton_range=2.00-4.00 skeleton_aspect=2.500 merge_ratio=0.800 circularity=0.611
[CLEAN C602] REJECT Scratch: area 8.0 < 20; long_side 5.0 < 10
[CLEAN C602] REJECT Pit: area 8.0 < 32
[CLEAN C603] type=Rejected area=1.0 perimeter=4.0 bbox=(294,699,2,2) long=1.0 box_short=1.0 box_aspect=1.000 skeleton_width=2.00 skeleton_range=2.00-2.00 skeleton_aspect=0.500 merge_ratio=0.500 circularity=0.785
[CLEAN C603] REJECT Scratch: area 1.0 < 20; long_side 1.0 < 10; skeleton_aspect 0.500 < 2.5; box_aspect 1.000 < 1.5
[CLEAN C603] REJECT Pit: area 1.0 < 32
[CLEAN C604] type=Rejected area=1.0 perimeter=4.0 bbox=(989,698,2,2) long=1.0 box_short=1.0 box_aspect=1.000 skeleton_width=2.00 skeleton_range=2.00-2.00 skeleton_aspect=0.500 merge_ratio=0.500 circularity=0.785
[CLEAN C604] REJECT Scratch: area 1.0 < 20; long_side 1.0 < 10; skeleton_aspect 0.500 < 2.5; box_aspect 1.000 < 1.5
[CLEAN C604] REJECT Pit: area 1.0 < 32
[CLEAN C605] type=Rejected area=1.0 perimeter=4.0 bbox=(763,698,2,2) long=1.0 box_short=1.0 box_aspect=1.000 skeleton_width=2.00 skeleton_range=2.00-2.00 skeleton_aspect=0.500 merge_ratio=0.500 circularity=0.785
[CLEAN C605] REJECT Scratch: area 1.0 < 20; long_side 1.0 < 10; skeleton_aspect 0.500 < 2.5; box_aspect 1.000 < 1.5
[CLEAN C605] REJECT Pit: area 1.0 < 32
[CLEAN C606] type=Rejected area=22.5 perimeter=22.2 bbox=(672,698,4,10) long=9.0 box_short=3.0 box_aspect=3.000 skeleton_width=4.00 skeleton_range=2.00-4.00 skeleton_aspect=2.250 merge_ratio=0.625 circularity=0.572
[CLEAN C606] REJECT Scratch: long_side 9.0 < 10; skeleton_aspect 2.250 < 2.5
[CLEAN C606] REJECT Pit: area 22.5 < 32
[CLEAN C607] type=Rejected area=15.0 perimeter=16.5 bbox=(528,698,5,7) long=6.4 box_short=3.5 box_aspect=1.800 skeleton_width=2.80 skeleton_range=2.00-4.00 skeleton_aspect=2.273 merge_ratio=0.842 circularity=0.694
[CLEAN C607] REJECT Scratch: area 15.0 < 20; long_side 6.4 < 10; skeleton_aspect 2.273 < 2.5
[CLEAN C607] REJECT Pit: area 15.0 < 32
[CLEAN C608] type=Rejected area=13.0 perimeter=17.7 bbox=(1127,697,5,7) long=6.7 box_short=3.1 box_aspect=2.125 skeleton_width=2.80 skeleton_range=2.00-4.00 skeleton_aspect=2.381 merge_ratio=0.696 circularity=0.524
[CLEAN C608] REJECT Scratch: area 13.0 < 20; long_side 6.7 < 10; skeleton_aspect 2.381 < 2.5
[CLEAN C608] REJECT Pit: area 13.0 < 32; circularity 0.524 < 0.55
[CLEAN C609] type=Rejected candidate=Pit area=47.0 perimeter=32.1 bbox=(568,697,10,10) long=9.2 box_short=8.2 box_aspect=1.115 skeleton_width=3.40 skeleton_range=2.00-6.39 skeleton_aspect=2.697 merge_ratio=1.507 circularity=0.572
[CLEAN C609] REJECT Pit: 尺寸 0.249514 mm < 0.25 mm
[MEASURE C609] Pit diameter=0.249514 mm valid=False
[CLEAN C610] type=Rejected area=1.0 perimeter=4.0 bbox=(350,697,2,2) long=1.0 box_short=1.0 box_aspect=1.000 skeleton_width=2.00 skeleton_range=2.00-2.00 skeleton_aspect=0.500 merge_ratio=0.500 circularity=0.785
[CLEAN C610] REJECT Scratch: area 1.0 < 20; long_side 1.0 < 10; skeleton_aspect 0.500 < 2.5; box_aspect 1.000 < 1.5
[CLEAN C610] REJECT Pit: area 1.0 < 32
[CLEAN C611] type=Rejected area=1.0 perimeter=4.0 bbox=(1184,696,2,2) long=1.0 box_short=1.0 box_aspect=1.000 skeleton_width=2.00 skeleton_range=2.00-2.00 skeleton_aspect=0.500 merge_ratio=0.500 circularity=0.785
[CLEAN C611] REJECT Scratch: area 1.0 < 20; long_side 1.0 < 10; skeleton_aspect 0.500 < 2.5; box_aspect 1.000 < 1.5
[CLEAN C611] REJECT Pit: area 1.0 < 32
[CLEAN C612] type=Rejected area=5.0 perimeter=10.8 bbox=(1169,696,3,5) long=4.0 box_short=2.0 box_aspect=2.000 skeleton_width=2.00 skeleton_range=2.00-2.80 skeleton_aspect=2.000 merge_ratio=0.625 circularity=0.536
[CLEAN C612] REJECT Scratch: area 5.0 < 20; long_side 4.0 < 10; skeleton_aspect 2.000 < 2.5
[CLEAN C612] REJECT Pit: area 5.0 < 32; circularity 0.536 < 0.55
[CLEAN C613] type=Rejected candidate=Scratch area=29.5 perimeter=28.7 bbox=(1222,695,10,9) long=11.3 box_short=4.2 box_aspect=2.667 skeleton_width=3.40 skeleton_range=2.00-5.60 skeleton_aspect=3.328 merge_ratio=0.767 circularity=0.449
[CLEAN C613] REJECT Scratch: 不可测: 划痕最大宽度点超出中央有效测量区域
[MEASURE C613] Scratch 不可测: 划痕最大宽度点超出中央有效测量区域
[CLEAN C614] type=Rejected candidate=Scratch area=78.0 perimeter=46.1 bbox=(888,695,15,9) long=14.0 box_short=8.0 box_aspect=1.750 skeleton_width=4.39 skeleton_range=2.00-7.19 skeleton_aspect=3.186 merge_ratio=1.268 circularity=0.460
[CLEAN C614] REJECT Scratch: 尺寸 0.194060 mm < 0.25 mm
[MEASURE C614] Scratch width=0.194060 mm valid=False
[CLEAN C615] type=Rejected area=2.0 perimeter=6.0 bbox=(381,694,3,2) long=2.0 box_short=1.0 box_aspect=2.000 skeleton_width=2.00 skeleton_range=2.00-2.00 skeleton_aspect=1.000 merge_ratio=0.500 circularity=0.698
[CLEAN C615] REJECT Scratch: area 2.0 < 20; long_side 2.0 < 10; skeleton_aspect 1.000 < 2.5
[CLEAN C615] REJECT Pit: area 2.0 < 32
[CLEAN C616] type=Rejected candidate=Scratch area=52.5 perimeter=38.7 bbox=(120,694,13,8) long=12.0 box_short=7.0 box_aspect=1.714 skeleton_width=4.00 skeleton_range=2.00-5.60 skeleton_aspect=3.000 merge_ratio=1.094 circularity=0.440
[CLEAN C616] REJECT Scratch: 不可测: 划痕最大宽度点超出中央有效测量区域
[MEASURE C616] Scratch 不可测: 划痕最大宽度点超出中央有效测量区域
[CLEAN C617] type=Pit area=46.0 perimeter=26.8 bbox=(996,693,9,7) long=8.0 box_short=6.0 box_aspect=1.333 skeleton_width=4.39 skeleton_range=2.00-8.00 skeleton_aspect=1.821 merge_ratio=1.309 circularity=0.803
[MEASURE C617] Pit diameter=0.258584 mm valid=True
Pit: area = 46.0 diameter_mm = 0.2585839033126831 circularity = 0.8031141418478369
[CLEAN C618] type=Rejected area=1.0 perimeter=4.0 bbox=(879,693,2,2) long=1.0 box_short=1.0 box_aspect=1.000 skeleton_width=2.00 skeleton_range=2.00-2.00 skeleton_aspect=0.500 merge_ratio=0.500 circularity=0.785
[CLEAN C618] REJECT Scratch: area 1.0 < 20; long_side 1.0 < 10; skeleton_aspect 0.500 < 2.5; box_aspect 1.000 < 1.5
[CLEAN C618] REJECT Pit: area 1.0 < 32
[CLEAN C619] type=Rejected area=4.5 perimeter=9.4 bbox=(165,693,3,4) long=3.0 box_short=2.0 box_aspect=1.500 skeleton_width=2.00 skeleton_range=2.00-2.80 skeleton_aspect=1.500 merge_ratio=0.750 circularity=0.638
[CLEAN C619] REJECT Scratch: area 4.5 < 20; long_side 3.0 < 10; skeleton_aspect 1.500 < 2.5
[CLEAN C619] REJECT Pit: area 4.5 < 32
[CLEAN C620] type=Rejected area=28.5 perimeter=26.7 bbox=(1190,692,9,7) long=8.0 box_short=6.0 box_aspect=1.333 skeleton_width=2.00 skeleton_range=2.00-5.60 skeleton_aspect=4.000 merge_ratio=1.781 circularity=0.501
[CLEAN C620] REJECT Scratch: long_side 8.0 < 10; box_aspect 1.333 < 1.5
[CLEAN C620] REJECT Pit: area 28.5 < 32; circularity 0.501 < 0.55
[CLEAN C621] type=Rejected area=15.0 perimeter=17.7 bbox=(657,692,7,5) long=6.0 box_short=4.0 box_aspect=1.500 skeleton_width=2.80 skeleton_range=2.00-4.00 skeleton_aspect=2.143 merge_ratio=0.893 circularity=0.605
[CLEAN C621] REJECT Scratch: area 15.0 < 20; long_side 6.0 < 10; skeleton_aspect 2.143 < 2.5
[CLEAN C621] REJECT Pit: area 15.0 < 32
[CLEAN C622] type=Rejected area=1.0 perimeter=4.0 bbox=(515,692,2,2) long=1.0 box_short=1.0 box_aspect=1.000 skeleton_width=2.00 skeleton_range=2.00-2.00 skeleton_aspect=0.500 merge_ratio=0.500 circularity=0.785
[CLEAN C622] REJECT Scratch: area 1.0 < 20; long_side 1.0 < 10; skeleton_aspect 0.500 < 2.5; box_aspect 1.000 < 1.5
[CLEAN C622] REJECT Pit: area 1.0 < 32
[CLEAN C623] type=Rejected area=19.5 perimeter=17.1 bbox=(374,692,5,7) long=6.0 box_short=4.0 box_aspect=1.500 skeleton_width=3.60 skeleton_range=2.00-5.60 skeleton_aspect=1.668 merge_ratio=0.904 circularity=0.841
[CLEAN C623] REJECT Scratch: area 19.5 < 20; long_side 6.0 < 10; skeleton_aspect 1.668 < 2.5
[CLEAN C623] REJECT Pit: area 19.5 < 32
[CLEAN C624] type=Rejected area=1.0 perimeter=4.0 bbox=(773,691,2,2) long=1.0 box_short=1.0 box_aspect=1.000 skeleton_width=2.00 skeleton_range=2.00-2.00 skeleton_aspect=0.500 merge_ratio=0.500 circularity=0.785
[CLEAN C624] REJECT Scratch: area 1.0 < 20; long_side 1.0 < 10; skeleton_aspect 0.500 < 2.5; box_aspect 1.000 < 1.5
[CLEAN C624] REJECT Pit: area 1.0 < 32
[CLEAN C625] type=Rejected area=8.0 perimeter=10.8 bbox=(690,691,4,4) long=3.0 box_short=3.0 box_aspect=1.000 skeleton_width=2.80 skeleton_range=2.00-4.00 skeleton_aspect=1.071 merge_ratio=0.952 circularity=0.857
[CLEAN C625] REJECT Scratch: area 8.0 < 20; long_side 3.0 < 10; skeleton_aspect 1.071 < 2.5; box_aspect 1.000 < 1.5
[CLEAN C625] REJECT Pit: area 8.0 < 32
[CLEAN C626] type=Rejected area=9.5 perimeter=14.2 bbox=(482,691,4,6) long=5.0 box_short=3.0 box_aspect=1.667 skeleton_width=2.40 skeleton_range=2.00-4.00 skeleton_aspect=2.083 merge_ratio=0.792 circularity=0.589
[CLEAN C626] REJECT Scratch: area 9.5 < 20; long_side 5.0 < 10; skeleton_aspect 2.083 < 2.5
[CLEAN C626] REJECT Pit: area 9.5 < 32
[CLEAN C627] type=Rejected area=1.0 perimeter=4.0 bbox=(293,691,2,2) long=1.0 box_short=1.0 box_aspect=1.000 skeleton_width=2.00 skeleton_range=2.00-2.00 skeleton_aspect=0.500 merge_ratio=0.500 circularity=0.785
[CLEAN C627] REJECT Scratch: area 1.0 < 20; long_side 1.0 < 10; skeleton_aspect 0.500 < 2.5; box_aspect 1.000 < 1.5
[CLEAN C627] REJECT Pit: area 1.0 < 32
[CLEAN C628] type=Rejected area=7.5 perimeter=12.2 bbox=(111,691,5,4) long=4.9 box_short=2.2 box_aspect=2.200 skeleton_width=2.40 skeleton_range=2.00-2.80 skeleton_aspect=2.050 merge_ratio=0.635 circularity=0.629
[CLEAN C628] REJECT Scratch: area 7.5 < 20; long_side 4.9 < 10; skeleton_aspect 2.050 < 2.5
[CLEAN C628] REJECT Pit: area 7.5 < 32
[CLEAN C629] type=Rejected candidate=Scratch area=63.5 perimeter=65.6 bbox=(0,691,9,24) long=23.2 box_short=7.4 box_aspect=3.120 skeleton_width=4.00 skeleton_range=2.00-4.39 skeleton_aspect=5.797 merge_ratio=0.685 circularity=0.186
[CLEAN C629] REJECT Scratch: 不可测: 划痕最大宽度点超出中央有效测量区域
[MEASURE C629] Scratch 不可测: 划痕最大宽度点超出中央有效测量区域
[CLEAN C630] type=Rejected area=2.0 perimeter=6.0 bbox=(1015,690,3,2) long=2.0 box_short=1.0 box_aspect=2.000 skeleton_width=2.00 skeleton_range=2.00-2.00 skeleton_aspect=1.000 merge_ratio=0.500 circularity=0.698
[CLEAN C630] REJECT Scratch: area 2.0 < 20; long_side 2.0 < 10; skeleton_aspect 1.000 < 2.5
[CLEAN C630] REJECT Pit: area 2.0 < 32
[CLEAN C631] type=Rejected area=1.0 perimeter=4.0 bbox=(785,690,2,2) long=1.0 box_short=1.0 box_aspect=1.000 skeleton_width=2.00 skeleton_range=2.00-2.00 skeleton_aspect=0.500 merge_ratio=0.500 circularity=0.785
[CLEAN C631] REJECT Scratch: area 1.0 < 20; long_side 1.0 < 10; skeleton_aspect 0.500 < 2.5; box_aspect 1.000 < 1.5
[CLEAN C631] REJECT Pit: area 1.0 < 32
[CLEAN C632] type=Rejected area=1.0 perimeter=4.0 bbox=(498,690,2,2) long=1.0 box_short=1.0 box_aspect=1.000 skeleton_width=2.00 skeleton_range=2.00-2.00 skeleton_aspect=0.500 merge_ratio=0.500 circularity=0.785
[CLEAN C632] REJECT Scratch: area 1.0 < 20; long_side 1.0 < 10; skeleton_aspect 0.500 < 2.5; box_aspect 1.000 < 1.5
[CLEAN C632] REJECT Pit: area 1.0 < 32
[CLEAN C633] type=Rejected candidate=Scratch area=33.0 perimeter=32.5 bbox=(330,690,7,12) long=11.6 box_short=4.9 box_aspect=2.343 skeleton_width=4.00 skeleton_range=2.00-4.39 skeleton_aspect=2.899 merge_ratio=0.711 circularity=0.393
[CLEAN C633] REJECT Scratch: 尺寸 0.113588 mm < 0.25 mm
[MEASURE C633] Scratch width=0.113588 mm valid=False
[CLEAN C634] type=Rejected area=1.0 perimeter=4.0 bbox=(230,690,2,2) long=1.0 box_short=1.0 box_aspect=1.000 skeleton_width=2.00 skeleton_range=2.00-2.00 skeleton_aspect=0.500 merge_ratio=0.500 circularity=0.785
[CLEAN C634] REJECT Scratch: area 1.0 < 20; long_side 1.0 < 10; skeleton_aspect 0.500 < 2.5; box_aspect 1.000 < 1.5
[CLEAN C634] REJECT Pit: area 1.0 < 32
[CLEAN C635] type=Rejected area=5.5 perimeter=9.4 bbox=(1171,689,4,3) long=3.0 box_short=2.0 box_aspect=1.500 skeleton_width=2.00 skeleton_range=2.00-4.00 skeleton_aspect=1.500 merge_ratio=0.917 circularity=0.780
[CLEAN C635] REJECT Scratch: area 5.5 < 20; long_side 3.0 < 10; skeleton_aspect 1.500 < 2.5
[CLEAN C635] REJECT Pit: area 5.5 < 32
[CLEAN C636] type=Rejected area=5.5 perimeter=9.4 bbox=(623,689,3,4) long=3.0 box_short=2.0 box_aspect=1.500 skeleton_width=2.00 skeleton_range=2.00-4.00 skeleton_aspect=1.500 merge_ratio=0.917 circularity=0.780
[CLEAN C636] REJECT Scratch: area 5.5 < 20; long_side 3.0 < 10; skeleton_aspect 1.500 < 2.5
[CLEAN C636] REJECT Pit: area 5.5 < 32
[CLEAN C637] type=Rejected area=6.0 perimeter=10.8 bbox=(583,689,3,5) long=4.0 box_short=2.0 box_aspect=2.000 skeleton_width=2.00 skeleton_range=2.00-2.80 skeleton_aspect=2.000 merge_ratio=0.750 circularity=0.643
[CLEAN C637] REJECT Scratch: area 6.0 < 20; long_side 4.0 < 10; skeleton_aspect 2.000 < 2.5
[CLEAN C637] REJECT Pit: area 6.0 < 32
[CLEAN C638] type=Rejected area=11.0 perimeter=14.8 bbox=(700,688,3,7) long=6.0 box_short=2.0 box_aspect=3.000 skeleton_width=2.80 skeleton_range=2.00-4.00 skeleton_aspect=2.143 merge_ratio=0.655 circularity=0.629
[CLEAN C638] REJECT Scratch: area 11.0 < 20; long_side 6.0 < 10; skeleton_aspect 2.143 < 2.5
[CLEAN C638] REJECT Pit: area 11.0 < 32
[CLEAN C639] type=Rejected area=5.0 perimeter=10.8 bbox=(219,688,3,5) long=4.0 box_short=2.0 box_aspect=2.000 skeleton_width=2.00 skeleton_range=2.00-2.80 skeleton_aspect=2.000 merge_ratio=0.625 circularity=0.536
[CLEAN C639] REJECT Scratch: area 5.0 < 20; long_side 4.0 < 10; skeleton_aspect 2.000 < 2.5
[CLEAN C639] REJECT Pit: area 5.0 < 32; circularity 0.536 < 0.55
[CLEAN C640] type=Rejected area=3.0 perimeter=8.0 bbox=(738,686,4,2) long=3.0 box_short=1.0 box_aspect=3.000 skeleton_width=2.00 skeleton_range=2.00-2.00 skeleton_aspect=1.500 merge_ratio=0.500 circularity=0.589
[CLEAN C640] REJECT Scratch: area 3.0 < 20; long_side 3.0 < 10; skeleton_aspect 1.500 < 2.5
[CLEAN C640] REJECT Pit: area 3.0 < 32
[CLEAN C641] type=Rejected area=7.5 perimeter=11.4 bbox=(172,686,5,3) long=4.0 box_short=2.0 box_aspect=2.000 skeleton_width=2.40 skeleton_range=2.00-4.00 skeleton_aspect=1.667 merge_ratio=0.781 circularity=0.723
[CLEAN C641] REJECT Scratch: area 7.5 < 20; long_side 4.0 < 10; skeleton_aspect 1.667 < 2.5
[CLEAN C641] REJECT Pit: area 7.5 < 32
[CLEAN C642] type=Rejected area=1.0 perimeter=4.0 bbox=(791,685,2,2) long=1.0 box_short=1.0 box_aspect=1.000 skeleton_width=2.00 skeleton_range=2.00-2.00 skeleton_aspect=0.500 merge_ratio=0.500 circularity=0.785
[CLEAN C642] REJECT Scratch: area 1.0 < 20; long_side 1.0 < 10; skeleton_aspect 0.500 < 2.5; box_aspect 1.000 < 1.5
[CLEAN C642] REJECT Pit: area 1.0 < 32
[CLEAN C643] type=Rejected area=19.0 perimeter=29.3 bbox=(632,685,9,9) long=9.2 box_short=4.9 box_aspect=1.857 skeleton_width=2.00 skeleton_range=2.00-4.00 skeleton_aspect=4.596 merge_ratio=1.033 circularity=0.278
[CLEAN C643] REJECT Scratch: area 19.0 < 20; long_side 9.2 < 10
[CLEAN C643] REJECT Pit: area 19.0 < 32; circularity 0.278 < 0.55
[CLEAN C644] type=Rejected area=1.0 perimeter=4.0 bbox=(631,685,2,2) long=1.0 box_short=1.0 box_aspect=1.000 skeleton_width=2.00 skeleton_range=2.00-2.00 skeleton_aspect=0.500 merge_ratio=0.500 circularity=0.785
[CLEAN C644] REJECT Scratch: area 1.0 < 20; long_side 1.0 < 10; skeleton_aspect 0.500 < 2.5; box_aspect 1.000 < 1.5
[CLEAN C644] REJECT Pit: area 1.0 < 32
[CLEAN C645] type=Rejected area=1.0 perimeter=4.0 bbox=(89,685,2,2) long=1.0 box_short=1.0 box_aspect=1.000 skeleton_width=2.00 skeleton_range=2.00-2.00 skeleton_aspect=0.500 merge_ratio=0.500 circularity=0.785
[CLEAN C645] REJECT Scratch: area 1.0 < 20; long_side 1.0 < 10; skeleton_aspect 0.500 < 2.5; box_aspect 1.000 < 1.5
[CLEAN C645] REJECT Pit: area 1.0 < 32
[CLEAN C646] type=Rejected area=2.0 perimeter=6.0 bbox=(48,685,2,3) long=2.0 box_short=1.0 box_aspect=2.000 skeleton_width=2.00 skeleton_range=2.00-2.00 skeleton_aspect=1.000 merge_ratio=0.500 circularity=0.698
[CLEAN C646] REJECT Scratch: area 2.0 < 20; long_side 2.0 < 10; skeleton_aspect 1.000 < 2.5
[CLEAN C646] REJECT Pit: area 2.0 < 32
[CLEAN C647] type=Rejected area=39.0 perimeter=35.3 bbox=(571,684,10,9) long=9.5 box_short=7.2 box_aspect=1.318 skeleton_width=2.80 skeleton_range=2.00-5.60 skeleton_aspect=3.405 merge_ratio=1.461 circularity=0.393
[CLEAN C647] REJECT Scratch: long_side 9.5 < 10; box_aspect 1.318 < 1.5
[CLEAN C647] REJECT Pit: circularity 0.393 < 0.55
[CLEAN C648] type=Rejected area=20.0 perimeter=20.5 bbox=(540,684,5,9) long=8.2 box_short=3.8 box_aspect=2.167 skeleton_width=2.80 skeleton_range=2.00-4.39 skeleton_aspect=2.936 merge_ratio=0.869 circularity=0.599
[CLEAN C648] REJECT Scratch: long_side 8.2 < 10
[CLEAN C648] REJECT Pit: area 20.0 < 32
[CLEAN C649] type=Rejected candidate=Scratch area=24.5 perimeter=35.1 bbox=(462,684,4,16) long=15.0 box_short=3.0 box_aspect=5.000 skeleton_width=2.00 skeleton_range=2.00-4.00 skeleton_aspect=7.500 merge_ratio=0.817 circularity=0.250
[CLEAN C649] REJECT Scratch: 尺寸 0.079431 mm < 0.25 mm
[MEASURE C649] Scratch width=0.079431 mm valid=False
[CLEAN C650] type=Rejected candidate=Scratch area=113.5 perimeter=53.7 bbox=(439,684,19,13) long=19.2 box_short=10.3 box_aspect=1.870 skeleton_width=4.39 skeleton_range=2.00-10.39 skeleton_aspect=4.377 merge_ratio=1.343 circularity=0.495
[CLEAN C650] REJECT Scratch: 尺寸 0.241655 mm < 0.25 mm
[MEASURE C650] Scratch width=0.241655 mm valid=False
[CLEAN C651] type=Rejected candidate=Scratch area=27.5 perimeter=25.9 bbox=(1135,683,8,9) long=10.0 box_short=4.3 box_aspect=2.348 skeleton_width=4.00 skeleton_range=2.00-4.39 skeleton_aspect=2.507 merge_ratio=0.686 circularity=0.515
[CLEAN C651] REJECT Scratch: 不可测: 划痕最大宽度点超出中央有效测量区域
[MEASURE C651] Scratch 不可测: 划痕最大宽度点超出中央有效测量区域
[CLEAN C652] type=Rejected area=1.0 perimeter=4.0 bbox=(1030,683,2,2) long=1.0 box_short=1.0 box_aspect=1.000 skeleton_width=2.00 skeleton_range=2.00-2.00 skeleton_aspect=0.500 merge_ratio=0.500 circularity=0.785
[CLEAN C652] REJECT Scratch: area 1.0 < 20; long_side 1.0 < 10; skeleton_aspect 0.500 < 2.5; box_aspect 1.000 < 1.5
[CLEAN C652] REJECT Pit: area 1.0 < 32
[CLEAN C653] type=Rejected candidate=Scratch area=174.0 perimeter=173.5 bbox=(391,681,10,83) long=82.4 box_short=4.8 box_aspect=17.248 skeleton_width=3.40 skeleton_range=2.00-6.00 skeleton_aspect=24.228 merge_ratio=0.621 circularity=0.073
[CLEAN C653] REJECT Scratch: 尺寸 0.133472 mm < 0.25 mm
[MEASURE C653] Scratch width=0.133472 mm valid=False
[CLEAN C654] type=Rejected area=7.0 perimeter=16.8 bbox=(1218,680,4,7) long=6.0 box_short=3.0 box_aspect=2.000 skeleton_width=2.00 skeleton_range=2.00-2.00 skeleton_aspect=3.000 merge_ratio=0.583 circularity=0.311
[CLEAN C654] REJECT Scratch: area 7.0 < 20; long_side 6.0 < 10
[CLEAN C654] REJECT Pit: area 7.0 < 32; circularity 0.311 < 0.55
[CLEAN C655] type=Rejected area=2.0 perimeter=6.0 bbox=(974,680,2,3) long=2.0 box_short=1.0 box_aspect=2.000 skeleton_width=2.00 skeleton_range=2.00-2.00 skeleton_aspect=1.000 merge_ratio=0.500 circularity=0.698
[CLEAN C655] REJECT Scratch: area 2.0 < 20; long_side 2.0 < 10; skeleton_aspect 1.000 < 2.5
[CLEAN C655] REJECT Pit: area 2.0 < 32
[CLEAN C656] type=Rejected area=3.0 perimeter=8.0 bbox=(836,680,2,4) long=3.0 box_short=1.0 box_aspect=3.000 skeleton_width=2.00 skeleton_range=2.00-2.00 skeleton_aspect=1.500 merge_ratio=0.500 circularity=0.589
[CLEAN C656] REJECT Scratch: area 3.0 < 20; long_side 3.0 < 10; skeleton_aspect 1.500 < 2.5
[CLEAN C656] REJECT Pit: area 3.0 < 32
[CLEAN C657] type=Rejected area=2.0 perimeter=6.0 bbox=(1225,679,2,3) long=2.0 box_short=1.0 box_aspect=2.000 skeleton_width=2.00 skeleton_range=2.00-2.00 skeleton_aspect=1.000 merge_ratio=0.500 circularity=0.698
[CLEAN C657] REJECT Scratch: area 2.0 < 20; long_side 2.0 < 10; skeleton_aspect 1.000 < 2.5
[CLEAN C657] REJECT Pit: area 2.0 < 32
[CLEAN C658] type=Rejected candidate=Scratch area=130.0 perimeter=87.9 bbox=(676,679,14,35) long=34.1 box_short=10.0 box_aspect=3.429 skeleton_width=4.00 skeleton_range=2.00-7.19 skeleton_aspect=8.533 merge_ratio=0.952 circularity=0.211
[CLEAN C658] REJECT Scratch: 尺寸 0.194517 mm < 0.25 mm
[MEASURE C658] Scratch width=0.194517 mm valid=False
[CLEAN C659] type=Rejected area=1.0 perimeter=4.0 bbox=(432,679,2,2) long=1.0 box_short=1.0 box_aspect=1.000 skeleton_width=2.00 skeleton_range=2.00-2.00 skeleton_aspect=0.500 merge_ratio=0.500 circularity=0.785
[CLEAN C659] REJECT Scratch: area 1.0 < 20; long_side 1.0 < 10; skeleton_aspect 0.500 < 2.5; box_aspect 1.000 < 1.5
[CLEAN C659] REJECT Pit: area 1.0 < 32
[CLEAN C660] type=Rejected area=1.0 perimeter=4.0 bbox=(426,679,2,2) long=1.0 box_short=1.0 box_aspect=1.000 skeleton_width=2.00 skeleton_range=2.00-2.00 skeleton_aspect=0.500 merge_ratio=0.500 circularity=0.785
[CLEAN C660] REJECT Scratch: area 1.0 < 20; long_side 1.0 < 10; skeleton_aspect 0.500 < 2.5; box_aspect 1.000 < 1.5
[CLEAN C660] REJECT Pit: area 1.0 < 32
[CLEAN C661] type=Rejected area=6.0 perimeter=10.0 bbox=(61,679,3,4) long=3.0 box_short=2.0 box_aspect=1.500 skeleton_width=2.00 skeleton_range=2.00-4.00 skeleton_aspect=1.500 merge_ratio=1.000 circularity=0.754
[CLEAN C661] REJECT Scratch: area 6.0 < 20; long_side 3.0 < 10; skeleton_aspect 1.500 < 2.5
[CLEAN C661] REJECT Pit: area 6.0 < 32
[CLEAN C662] type=Rejected area=5.5 perimeter=9.4 bbox=(1119,678,3,4) long=3.0 box_short=2.0 box_aspect=1.500 skeleton_width=2.00 skeleton_range=2.00-4.00 skeleton_aspect=1.500 merge_ratio=0.917 circularity=0.780
[CLEAN C662] REJECT Scratch: area 5.5 < 20; long_side 3.0 < 10; skeleton_aspect 1.500 < 2.5
[CLEAN C662] REJECT Pit: area 5.5 < 32
[CLEAN C663] type=Rejected area=5.5 perimeter=10.2 bbox=(283,678,4,4) long=3.0 box_short=3.0 box_aspect=1.000 skeleton_width=2.00 skeleton_range=2.00-2.80 skeleton_aspect=1.500 merge_ratio=0.917 circularity=0.659
[CLEAN C663] REJECT Scratch: area 5.5 < 20; long_side 3.0 < 10; skeleton_aspect 1.500 < 2.5; box_aspect 1.000 < 1.5
[CLEAN C663] REJECT Pit: area 5.5 < 32
[CLEAN C664] type=Rejected area=1.0 perimeter=4.0 bbox=(212,678,2,2) long=1.0 box_short=1.0 box_aspect=1.000 skeleton_width=2.00 skeleton_range=2.00-2.00 skeleton_aspect=0.500 merge_ratio=0.500 circularity=0.785
[CLEAN C664] REJECT Scratch: area 1.0 < 20; long_side 1.0 < 10; skeleton_aspect 0.500 < 2.5; box_aspect 1.000 < 1.5
[CLEAN C664] REJECT Pit: area 1.0 < 32
[CLEAN C665] type=Rejected candidate=Scratch area=55.0 perimeter=41.0 bbox=(550,677,13,13) long=14.8 box_short=6.4 box_aspect=2.333 skeleton_width=4.00 skeleton_range=2.00-7.19 skeleton_aspect=3.712 merge_ratio=0.926 circularity=0.412
[CLEAN C665] REJECT Scratch: 尺寸 0.171375 mm < 0.25 mm
[MEASURE C665] Scratch width=0.171375 mm valid=False
[CLEAN C666] type=Rejected area=2.0 perimeter=6.0 bbox=(512,677,2,3) long=2.0 box_short=1.0 box_aspect=2.000 skeleton_width=2.00 skeleton_range=2.00-2.00 skeleton_aspect=1.000 merge_ratio=0.500 circularity=0.698
[CLEAN C666] REJECT Scratch: area 2.0 < 20; long_side 2.0 < 10; skeleton_aspect 1.000 < 2.5
[CLEAN C666] REJECT Pit: area 2.0 < 32
[CLEAN C667] type=Rejected area=4.0 perimeter=10.0 bbox=(455,677,5,2) long=4.0 box_short=1.0 box_aspect=4.000 skeleton_width=2.00 skeleton_range=2.00-2.00 skeleton_aspect=2.000 merge_ratio=0.500 circularity=0.503
[CLEAN C667] REJECT Scratch: area 4.0 < 20; long_side 4.0 < 10; skeleton_aspect 2.000 < 2.5
[CLEAN C667] REJECT Pit: area 4.0 < 32; circularity 0.503 < 0.55
[CLEAN C668] type=Rejected area=1.0 perimeter=4.0 bbox=(942,676,2,2) long=1.0 box_short=1.0 box_aspect=1.000 skeleton_width=2.00 skeleton_range=2.00-2.00 skeleton_aspect=0.500 merge_ratio=0.500 circularity=0.785
[CLEAN C668] REJECT Scratch: area 1.0 < 20; long_side 1.0 < 10; skeleton_aspect 0.500 < 2.5; box_aspect 1.000 < 1.5
[CLEAN C668] REJECT Pit: area 1.0 < 32
[CLEAN C669] type=Rejected area=2.0 perimeter=6.0 bbox=(193,676,2,3) long=2.0 box_short=1.0 box_aspect=2.000 skeleton_width=2.00 skeleton_range=2.00-2.00 skeleton_aspect=1.000 merge_ratio=0.500 circularity=0.698
[CLEAN C669] REJECT Scratch: area 2.0 < 20; long_side 2.0 < 10; skeleton_aspect 1.000 < 2.5
[CLEAN C669] REJECT Pit: area 2.0 < 32
[CLEAN C670] type=Rejected area=5.5 perimeter=9.4 bbox=(1061,675,4,3) long=3.0 box_short=2.0 box_aspect=1.500 skeleton_width=2.00 skeleton_range=2.00-4.00 skeleton_aspect=1.500 merge_ratio=0.917 circularity=0.780
[CLEAN C670] REJECT Scratch: area 5.5 < 20; long_side 3.0 < 10; skeleton_aspect 1.500 < 2.5
[CLEAN C670] REJECT Pit: area 5.5 < 32
[CLEAN C671] type=Rejected candidate=Scratch area=74.5 perimeter=42.7 bbox=(919,675,10,15) long=15.3 box_short=7.3 box_aspect=2.100 skeleton_width=5.00 skeleton_range=2.00-6.39 skeleton_aspect=3.058 merge_ratio=0.976 circularity=0.513
[CLEAN C671] REJECT Scratch: 尺寸 0.189166 mm < 0.25 mm
[MEASURE C671] Scratch width=0.189166 mm valid=False
[CLEAN C672] type=Rejected area=1.0 perimeter=4.0 bbox=(812,675,2,2) long=1.0 box_short=1.0 box_aspect=1.000 skeleton_width=2.00 skeleton_range=2.00-2.00 skeleton_aspect=0.500 merge_ratio=0.500 circularity=0.785
[CLEAN C672] REJECT Scratch: area 1.0 < 20; long_side 1.0 < 10; skeleton_aspect 0.500 < 2.5; box_aspect 1.000 < 1.5
[CLEAN C672] REJECT Pit: area 1.0 < 32
[CLEAN C673] type=Rejected candidate=Scratch area=64.5 perimeter=39.2 bbox=(663,675,15,11) long=15.5 box_short=7.9 box_aspect=1.960 skeleton_width=5.00 skeleton_range=2.00-8.00 skeleton_aspect=3.101 merge_ratio=0.833 circularity=0.527
[CLEAN C673] REJECT Scratch: 尺寸 0.211656 mm < 0.25 mm
[MEASURE C673] Scratch width=0.211656 mm valid=False
[CLEAN C674] type=Rejected candidate=Scratch area=25.5 perimeter=36.7 bbox=(146,675,7,12) long=11.0 box_short=6.0 box_aspect=1.833 skeleton_width=2.00 skeleton_range=2.00-4.39 skeleton_aspect=5.500 merge_ratio=1.159 circularity=0.238
[CLEAN C674] REJECT Scratch: 不可测: 划痕最大宽度点超出中央有效测量区域
[MEASURE C674] Scratch 不可测: 划痕最大宽度点超出中央有效测量区域
[CLEAN C675] type=Rejected area=15.0 perimeter=17.7 bbox=(51,675,7,4) long=6.0 box_short=3.0 box_aspect=2.000 skeleton_width=2.80 skeleton_range=2.00-4.00 skeleton_aspect=2.143 merge_ratio=0.893 circularity=0.605
[CLEAN C675] REJECT Scratch: area 15.0 < 20; long_side 6.0 < 10; skeleton_aspect 2.143 < 2.5
[CLEAN C675] REJECT Pit: area 15.0 < 32
[CLEAN C676] type=Rejected area=13.5 perimeter=23.1 bbox=(1173,674,6,9) long=9.4 box_short=3.6 box_aspect=2.625 skeleton_width=2.00 skeleton_range=2.00-2.80 skeleton_aspect=4.696 merge_ratio=0.719 circularity=0.319
[CLEAN C676] REJECT Scratch: area 13.5 < 20; long_side 9.4 < 10
[CLEAN C676] REJECT Pit: area 13.5 < 32; circularity 0.319 < 0.55
[CLEAN C677] type=Rejected area=6.0 perimeter=10.8 bbox=(1008,674,4,4) long=3.0 box_short=3.0 box_aspect=1.000 skeleton_width=2.00 skeleton_range=2.00-2.80 skeleton_aspect=1.500 merge_ratio=1.000 circularity=0.643
[CLEAN C677] REJECT Scratch: area 6.0 < 20; long_side 3.0 < 10; skeleton_aspect 1.500 < 2.5; box_aspect 1.000 < 1.5
[CLEAN C677] REJECT Pit: area 6.0 < 32
[CLEAN C678] type=Rejected area=18.0 perimeter=17.7 bbox=(573,674,6,6) long=5.0 box_short=5.0 box_aspect=1.000 skeleton_width=3.40 skeleton_range=2.00-4.39 skeleton_aspect=1.471 merge_ratio=1.059 circularity=0.726
[CLEAN C678] REJECT Scratch: area 18.0 < 20; long_side 5.0 < 10; skeleton_aspect 1.471 < 2.5; box_aspect 1.000 < 1.5
[CLEAN C678] REJECT Pit: area 18.0 < 32
[CLEAN C679] type=Rejected area=9.5 perimeter=12.2 bbox=(468,674,4,5) long=4.0 box_short=3.0 box_aspect=1.333 skeleton_width=2.80 skeleton_range=2.00-4.00 skeleton_aspect=1.429 merge_ratio=0.848 circularity=0.796
[CLEAN C679] REJECT Scratch: area 9.5 < 20; long_side 4.0 < 10; skeleton_aspect 1.429 < 2.5; box_aspect 1.333 < 1.5
[CLEAN C679] REJECT Pit: area 9.5 < 32
[CLEAN C680] type=Rejected area=1.0 perimeter=4.0 bbox=(363,674,2,2) long=1.0 box_short=1.0 box_aspect=1.000 skeleton_width=2.00 skeleton_range=2.00-2.00 skeleton_aspect=0.500 merge_ratio=0.500 circularity=0.785
[CLEAN C680] REJECT Scratch: area 1.0 < 20; long_side 1.0 < 10; skeleton_aspect 0.500 < 2.5; box_aspect 1.000 < 1.5
[CLEAN C680] REJECT Pit: area 1.0 < 32
[CLEAN C681] type=Rejected area=18.0 perimeter=19.7 bbox=(1150,673,5,8) long=7.8 box_short=3.2 box_aspect=2.462 skeleton_width=3.40 skeleton_range=2.00-4.00 skeleton_aspect=2.283 merge_ratio=0.682 circularity=0.585
[CLEAN C681] REJECT Scratch: area 18.0 < 20; long_side 7.8 < 10; skeleton_aspect 2.283 < 2.5
[CLEAN C681] REJECT Pit: area 18.0 < 32
[CLEAN C682] type=Rejected area=2.0 perimeter=6.0 bbox=(930,673,2,3) long=2.0 box_short=1.0 box_aspect=2.000 skeleton_width=2.00 skeleton_range=2.00-2.00 skeleton_aspect=1.000 merge_ratio=0.500 circularity=0.698
[CLEAN C682] REJECT Scratch: area 2.0 < 20; long_side 2.0 < 10; skeleton_aspect 1.000 < 2.5
[CLEAN C682] REJECT Pit: area 2.0 < 32
[CLEAN C683] type=Rejected area=20.5 perimeter=19.1 bbox=(441,673,6,7) long=6.0 box_short=5.0 box_aspect=1.200 skeleton_width=4.00 skeleton_range=2.00-4.39 skeleton_aspect=1.500 merge_ratio=0.854 circularity=0.708
[CLEAN C683] REJECT Scratch: long_side 6.0 < 10; skeleton_aspect 1.500 < 2.5; box_aspect 1.200 < 1.5
[CLEAN C683] REJECT Pit: area 20.5 < 32
[CLEAN C684] type=Rejected area=18.0 perimeter=28.5 bbox=(119,673,5,13) long=12.6 box_short=2.8 box_aspect=4.444 skeleton_width=2.00 skeleton_range=2.00-4.00 skeleton_aspect=6.325 merge_ratio=0.712 circularity=0.279
[CLEAN C684] REJECT Scratch: area 18.0 < 20
[CLEAN C684] REJECT Pit: area 18.0 < 32; circularity 0.279 < 0.55
[CLEAN C685] type=Rejected area=12.5 perimeter=14.2 bbox=(110,673,6,4) long=5.0 box_short=3.0 box_aspect=1.667 skeleton_width=2.80 skeleton_range=2.00-4.00 skeleton_aspect=1.786 merge_ratio=0.893 circularity=0.774
[CLEAN C685] REJECT Scratch: area 12.5 < 20; long_side 5.0 < 10; skeleton_aspect 1.786 < 2.5
[CLEAN C685] REJECT Pit: area 12.5 < 32
[CLEAN C686] type=Rejected candidate=Scratch area=53.5 perimeter=43.6 bbox=(77,673,10,16) long=15.5 box_short=8.2 box_aspect=1.897 skeleton_width=2.80 skeleton_range=2.00-6.00 skeleton_aspect=5.538 merge_ratio=1.232 circularity=0.354
[CLEAN C686] REJECT Scratch: 不可测: 划痕最大宽度点超出中央有效测量区域
[MEASURE C686] Scratch 不可测: 划痕最大宽度点超出中央有效测量区域
[CLEAN C687] type=Rejected area=2.0 perimeter=6.0 bbox=(69,673,3,2) long=2.0 box_short=1.0 box_aspect=2.000 skeleton_width=2.00 skeleton_range=2.00-2.00 skeleton_aspect=1.000 merge_ratio=0.500 circularity=0.698
[CLEAN C687] REJECT Scratch: area 2.0 < 20; long_side 2.0 < 10; skeleton_aspect 1.000 < 2.5
[CLEAN C687] REJECT Pit: area 2.0 < 32
[CLEAN C688] type=Rejected candidate=Scratch area=77.5 perimeter=45.2 bbox=(1184,672,13,15) long=15.8 box_short=9.5 box_aspect=1.659 skeleton_width=4.39 skeleton_range=2.00-7.19 skeleton_aspect=3.604 merge_ratio=1.114 circularity=0.476
[CLEAN C688] REJECT Scratch: 不可测: 划痕最大宽度点超出中央有效测量区域
[MEASURE C688] Scratch 不可测: 划痕最大宽度点超出中央有效测量区域
[CLEAN C689] type=Rejected candidate=Scratch area=75.0 perimeter=49.0 bbox=(887,672,10,18) long=18.2 box_short=7.1 box_aspect=2.570 skeleton_width=4.00 skeleton_range=2.00-7.19 skeleton_aspect=4.539 merge_ratio=1.033 circularity=0.393
[CLEAN C689] REJECT Scratch: 尺寸 0.184988 mm < 0.25 mm
[MEASURE C689] Scratch width=0.184988 mm valid=False
[CLEAN C690] type=Rejected candidate=Scratch area=24.5 perimeter=29.9 bbox=(1160,671,6,11) long=10.0 box_short=4.7 box_aspect=2.132 skeleton_width=2.80 skeleton_range=2.00-4.00 skeleton_aspect=3.588 merge_ratio=0.871 circularity=0.344
[CLEAN C690] REJECT Scratch: 不可测: 划痕最大宽度点超出中央有效测量区域
[MEASURE C690] Scratch 不可测: 划痕最大宽度点超出中央有效测量区域
[CLEAN C691] type=Rejected area=5.5 perimeter=10.2 bbox=(710,671,4,4) long=4.2 box_short=2.1 box_aspect=2.000 skeleton_width=2.00 skeleton_range=2.00-2.80 skeleton_aspect=2.121 merge_ratio=0.648 circularity=0.659
[CLEAN C691] REJECT Scratch: area 5.5 < 20; long_side 4.2 < 10; skeleton_aspect 2.121 < 2.5
[CLEAN C691] REJECT Pit: area 5.5 < 32
[CLEAN C692] type=Rejected area=8.0 perimeter=12.0 bbox=(683,671,3,5) long=4.0 box_short=2.0 box_aspect=2.000 skeleton_width=2.00 skeleton_range=2.00-4.00 skeleton_aspect=2.000 merge_ratio=1.000 circularity=0.698
[CLEAN C692] REJECT Scratch: area 8.0 < 20; long_side 4.0 < 10; skeleton_aspect 2.000 < 2.5
[CLEAN C692] REJECT Pit: area 8.0 < 32
[CLEAN C693] type=Rejected area=3.0 perimeter=8.0 bbox=(879,670,4,2) long=3.0 box_short=1.0 box_aspect=3.000 skeleton_width=2.00 skeleton_range=2.00-2.00 skeleton_aspect=1.500 merge_ratio=0.500 circularity=0.589
[CLEAN C693] REJECT Scratch: area 3.0 < 20; long_side 3.0 < 10; skeleton_aspect 1.500 < 2.5
[CLEAN C693] REJECT Pit: area 3.0 < 32
[CLEAN C694] type=Rejected area=17.0 perimeter=18.8 bbox=(516,670,4,8) long=7.0 box_short=3.0 box_aspect=2.333 skeleton_width=4.00 skeleton_range=2.00-4.00 skeleton_aspect=1.750 merge_ratio=0.607 circularity=0.603
[CLEAN C694] REJECT Scratch: area 17.0 < 20; long_side 7.0 < 10; skeleton_aspect 1.750 < 2.5
[CLEAN C694] REJECT Pit: area 17.0 < 32
[CLEAN C695] type=Rejected area=29.5 perimeter=23.1 bbox=(335,670,6,9) long=8.0 box_short=5.0 box_aspect=1.600 skeleton_width=4.00 skeleton_range=2.00-6.00 skeleton_aspect=2.000 merge_ratio=0.922 circularity=0.696
[CLEAN C695] REJECT Scratch: long_side 8.0 < 10; skeleton_aspect 2.000 < 2.5
[CLEAN C695] REJECT Pit: area 29.5 < 32
[CLEAN C696] type=Rejected area=4.5 perimeter=9.4 bbox=(44,670,3,4) long=3.0 box_short=2.0 box_aspect=1.500 skeleton_width=2.00 skeleton_range=2.00-2.80 skeleton_aspect=1.500 merge_ratio=0.750 circularity=0.638
[CLEAN C696] REJECT Scratch: area 4.5 < 20; long_side 3.0 < 10; skeleton_aspect 1.500 < 2.5
[CLEAN C696] REJECT Pit: area 4.5 < 32
[CLEAN C697] type=Rejected area=1.0 perimeter=4.0 bbox=(1033,669,2,2) long=1.0 box_short=1.0 box_aspect=1.000 skeleton_width=2.00 skeleton_range=2.00-2.00 skeleton_aspect=0.500 merge_ratio=0.500 circularity=0.785
[CLEAN C697] REJECT Scratch: area 1.0 < 20; long_side 1.0 < 10; skeleton_aspect 0.500 < 2.5; box_aspect 1.000 < 1.5
[CLEAN C697] REJECT Pit: area 1.0 < 32
[CLEAN C698] type=Rejected area=1.0 perimeter=4.0 bbox=(919,669,2,2) long=1.0 box_short=1.0 box_aspect=1.000 skeleton_width=2.00 skeleton_range=2.00-2.00 skeleton_aspect=0.500 merge_ratio=0.500 circularity=0.785
[CLEAN C698] REJECT Scratch: area 1.0 < 20; long_side 1.0 < 10; skeleton_aspect 0.500 < 2.5; box_aspect 1.000 < 1.5
[CLEAN C698] REJECT Pit: area 1.0 < 32
[CLEAN C699] type=Rejected area=12.5 perimeter=15.4 bbox=(563,669,4,6) long=5.0 box_short=3.0 box_aspect=1.667 skeleton_width=3.40 skeleton_range=2.00-4.00 skeleton_aspect=1.471 merge_ratio=0.735 circularity=0.661
[CLEAN C699] REJECT Scratch: area 12.5 < 20; long_side 5.0 < 10; skeleton_aspect 1.471 < 2.5
[CLEAN C699] REJECT Pit: area 12.5 < 32
[CLEAN C700] type=Rejected candidate=Scratch area=114.5 perimeter=57.6 bbox=(408,669,9,24) long=23.0 box_short=8.0 box_aspect=2.875 skeleton_width=6.00 skeleton_range=2.80-8.00 skeleton_aspect=3.833 merge_ratio=0.830 circularity=0.434
[CLEAN C700] REJECT Scratch: 尺寸 0.207259 mm < 0.25 mm
[MEASURE C700] Scratch width=0.207259 mm valid=False
[CLEAN C701] type=Rejected area=2.0 perimeter=6.0 bbox=(803,668,2,3) long=2.0 box_short=1.0 box_aspect=2.000 skeleton_width=2.00 skeleton_range=2.00-2.00 skeleton_aspect=1.000 merge_ratio=0.500 circularity=0.698
[CLEAN C701] REJECT Scratch: area 2.0 < 20; long_side 2.0 < 10; skeleton_aspect 1.000 < 2.5
[CLEAN C701] REJECT Pit: area 2.0 < 32
[CLEAN C702] type=Rejected candidate=Scratch area=87.0 perimeter=42.1 bbox=(584,668,11,15) long=14.5 box_short=9.2 box_aspect=1.586 skeleton_width=5.60 skeleton_range=2.00-8.79 skeleton_aspect=2.598 merge_ratio=1.068 circularity=0.616
[CLEAN C702] REJECT Scratch: 尺寸 0.212147 mm < 0.25 mm
[MEASURE C702] Scratch width=0.212147 mm valid=False
[CLEAN C703] type=Rejected area=19.5 perimeter=21.1 bbox=(248,667,6,8) long=7.8 box_short=4.4 box_aspect=1.778 skeleton_width=2.80 skeleton_range=2.00-4.39 skeleton_aspect=2.772 merge_ratio=0.897 circularity=0.552
[CLEAN C703] REJECT Scratch: area 19.5 < 20; long_side 7.8 < 10
[CLEAN C703] REJECT Pit: area 19.5 < 32
[CLEAN C704] type=Rejected area=16.5 perimeter=20.2 bbox=(907,666,4,9) long=8.0 box_short=3.0 box_aspect=2.667 skeleton_width=2.80 skeleton_range=2.00-4.00 skeleton_aspect=2.857 merge_ratio=0.737 circularity=0.506
[CLEAN C704] REJECT Scratch: area 16.5 < 20; long_side 8.0 < 10
[CLEAN C704] REJECT Pit: area 16.5 < 32; circularity 0.506 < 0.55
[CLEAN C705] type=Rejected area=1.0 perimeter=4.0 bbox=(542,666,2,2) long=1.0 box_short=1.0 box_aspect=1.000 skeleton_width=2.00 skeleton_range=2.00-2.00 skeleton_aspect=0.500 merge_ratio=0.500 circularity=0.785
[CLEAN C705] REJECT Scratch: area 1.0 < 20; long_side 1.0 < 10; skeleton_aspect 0.500 < 2.5; box_aspect 1.000 < 1.5
[CLEAN C705] REJECT Pit: area 1.0 < 32
[CLEAN C706] type=Rejected candidate=Scratch area=30.0 perimeter=29.3 bbox=(86,666,6,13) long=12.4 box_short=4.2 box_aspect=2.923 skeleton_width=3.40 skeleton_range=2.00-4.00 skeleton_aspect=3.637 merge_ratio=0.714 circularity=0.439
[CLEAN C706] REJECT Scratch: 不可测: 划痕最大宽度点超出中央有效测量区域
[MEASURE C706] Scratch 不可测: 划痕最大宽度点超出中央有效测量区域
[CLEAN C707] type=Rejected area=13.0 perimeter=15.7 bbox=(1167,664,6,5) long=5.4 box_short=3.5 box_aspect=1.545 skeleton_width=2.80 skeleton_range=2.00-4.00 skeleton_aspect=1.920 merge_ratio=0.864 circularity=0.666
[CLEAN C707] REJECT Scratch: area 13.0 < 20; long_side 5.4 < 10; skeleton_aspect 1.920 < 2.5
[CLEAN C707] REJECT Pit: area 13.0 < 32
[CLEAN C708] type=Rejected area=1.0 perimeter=4.0 bbox=(672,664,2,2) long=1.0 box_short=1.0 box_aspect=1.000 skeleton_width=2.00 skeleton_range=2.00-2.00 skeleton_aspect=0.500 merge_ratio=0.500 circularity=0.785
[CLEAN C708] REJECT Scratch: area 1.0 < 20; long_side 1.0 < 10; skeleton_aspect 0.500 < 2.5; box_aspect 1.000 < 1.5
[CLEAN C708] REJECT Pit: area 1.0 < 32
[CLEAN C709] type=Rejected area=10.0 perimeter=17.7 bbox=(663,664,7,5) long=6.7 box_short=3.0 box_aspect=2.250 skeleton_width=2.00 skeleton_range=2.00-4.00 skeleton_aspect=3.343 merge_ratio=0.748 circularity=0.403
[CLEAN C709] REJECT Scratch: area 10.0 < 20; long_side 6.7 < 10
[CLEAN C709] REJECT Pit: area 10.0 < 32; circularity 0.403 < 0.55
[CLEAN C710] type=Rejected area=2.0 perimeter=6.0 bbox=(49,664,3,2) long=2.0 box_short=1.0 box_aspect=2.000 skeleton_width=2.00 skeleton_range=2.00-2.00 skeleton_aspect=1.000 merge_ratio=0.500 circularity=0.698
[CLEAN C710] REJECT Scratch: area 2.0 < 20; long_side 2.0 < 10; skeleton_aspect 1.000 < 2.5
[CLEAN C710] REJECT Pit: area 2.0 < 32
[CLEAN C711] type=Rejected area=9.0 perimeter=16.8 bbox=(34,664,3,8) long=7.0 box_short=2.0 box_aspect=3.500 skeleton_width=2.00 skeleton_range=2.00-2.80 skeleton_aspect=3.500 merge_ratio=0.643 circularity=0.399
[CLEAN C711] REJECT Scratch: area 9.0 < 20; long_side 7.0 < 10
[CLEAN C711] REJECT Pit: area 9.0 < 32; circularity 0.399 < 0.55
[CLEAN C712] type=Rejected candidate=Scratch area=149.5 perimeter=74.5 bbox=(605,663,18,25) long=28.0 box_short=10.7 box_aspect=2.607 skeleton_width=4.39 skeleton_range=2.00-8.40 skeleton_aspect=6.374 merge_ratio=1.215 circularity=0.338
[CLEAN C712] REJECT Scratch: 尺寸 0.194066 mm < 0.25 mm
[MEASURE C712] Scratch width=0.194066 mm valid=False
[CLEAN C713] type=Rejected area=5.5 perimeter=9.4 bbox=(460,663,4,3) long=3.0 box_short=2.0 box_aspect=1.500 skeleton_width=2.00 skeleton_range=2.00-4.00 skeleton_aspect=1.500 merge_ratio=0.917 circularity=0.780
[CLEAN C713] REJECT Scratch: area 5.5 < 20; long_side 3.0 < 10; skeleton_aspect 1.500 < 2.5
[CLEAN C713] REJECT Pit: area 5.5 < 32
[CLEAN C714] type=Rejected area=4.0 perimeter=8.8 bbox=(364,663,3,4) long=3.0 box_short=2.0 box_aspect=1.500 skeleton_width=2.00 skeleton_range=2.00-2.80 skeleton_aspect=1.500 merge_ratio=0.667 circularity=0.645
[CLEAN C714] REJECT Scratch: area 4.0 < 20; long_side 3.0 < 10; skeleton_aspect 1.500 < 2.5
[CLEAN C714] REJECT Pit: area 4.0 < 32
[CLEAN C715] type=Pit area=40.0 perimeter=27.3 bbox=(967,662,10,8) long=9.8 box_short=6.3 box_aspect=1.571 skeleton_width=4.20 skeleton_range=2.00-6.39 skeleton_aspect=2.344 merge_ratio=0.969 circularity=0.674
[MEASURE C715] Pit diameter=0.265982 mm valid=True
Pit: area = 40.0 diameter_mm = 0.26598241925239563 circularity = 0.6737651151184011
[CLEAN C716] type=Rejected area=5.0 perimeter=8.8 bbox=(821,662,4,3) long=3.0 box_short=2.0 box_aspect=1.500 skeleton_width=2.40 skeleton_range=2.00-2.80 skeleton_aspect=1.250 merge_ratio=0.694 circularity=0.806
[CLEAN C716] REJECT Scratch: area 5.0 < 20; long_side 3.0 < 10; skeleton_aspect 1.250 < 2.5
[CLEAN C716] REJECT Pit: area 5.0 < 32
[CLEAN C717] type=Rejected area=1.0 perimeter=4.0 bbox=(682,660,2,2) long=1.0 box_short=1.0 box_aspect=1.000 skeleton_width=2.00 skeleton_range=2.00-2.00 skeleton_aspect=0.500 merge_ratio=0.500 circularity=0.785
[CLEAN C717] REJECT Scratch: area 1.0 < 20; long_side 1.0 < 10; skeleton_aspect 0.500 < 2.5; box_aspect 1.000 < 1.5
[CLEAN C717] REJECT Pit: area 1.0 < 32
[CLEAN C718] type=Rejected area=22.0 perimeter=19.7 bbox=(265,660,6,7) long=6.0 box_short=5.0 box_aspect=1.200 skeleton_width=2.80 skeleton_range=2.00-5.60 skeleton_aspect=2.143 merge_ratio=1.310 circularity=0.715
[CLEAN C718] REJECT Scratch: long_side 6.0 < 10; skeleton_aspect 2.143 < 2.5; box_aspect 1.200 < 1.5
[CLEAN C718] REJECT Pit: area 22.0 < 32
[CLEAN C719] type=Rejected candidate=Scratch area=27.5 perimeter=33.9 bbox=(68,660,10,11) long=12.7 box_short=6.4 box_aspect=2.000 skeleton_width=2.80 skeleton_range=2.00-4.00 skeleton_aspect=4.546 merge_ratio=0.772 circularity=0.301
[CLEAN C719] REJECT Scratch: 不可测: 划痕最大宽度点超出中央有效测量区域
[MEASURE C719] Scratch 不可测: 划痕最大宽度点超出中央有效测量区域
[CLEAN C720] type=Rejected area=1.0 perimeter=4.0 bbox=(40,660,2,2) long=1.0 box_short=1.0 box_aspect=1.000 skeleton_width=2.00 skeleton_range=2.00-2.00 skeleton_aspect=0.500 merge_ratio=0.500 circularity=0.785
[CLEAN C720] REJECT Scratch: area 1.0 < 20; long_side 1.0 < 10; skeleton_aspect 0.500 < 2.5; box_aspect 1.000 < 1.5
[CLEAN C720] REJECT Pit: area 1.0 < 32
[CLEAN C721] type=Rejected candidate=Scratch area=45.5 perimeter=40.7 bbox=(567,659,15,8) long=15.6 box_short=5.8 box_aspect=2.710 skeleton_width=4.00 skeleton_range=2.00-6.00 skeleton_aspect=3.900 merge_ratio=0.729 circularity=0.345
[CLEAN C721] REJECT Scratch: 尺寸 0.123496 mm < 0.25 mm
[MEASURE C721] Scratch width=0.123496 mm valid=False
[CLEAN C722] type=Rejected candidate=Pit area=37.0 perimeter=23.7 bbox=(420,659,8,7) long=7.0 box_short=6.0 box_aspect=1.167 skeleton_width=4.39 skeleton_range=2.00-7.19 skeleton_aspect=1.593 merge_ratio=1.203 circularity=0.831
[CLEAN C722] REJECT Pit: 尺寸 0.192870 mm < 0.25 mm
[MEASURE C722] Pit diameter=0.192870 mm valid=False
[CLEAN C723] type=Rejected area=2.0 perimeter=6.0 bbox=(298,659,3,2) long=2.0 box_short=1.0 box_aspect=2.000 skeleton_width=2.00 skeleton_range=2.00-2.00 skeleton_aspect=1.000 merge_ratio=0.500 circularity=0.698
[CLEAN C723] REJECT Scratch: area 2.0 < 20; long_side 2.0 < 10; skeleton_aspect 1.000 < 2.5
[CLEAN C723] REJECT Pit: area 2.0 < 32
[CLEAN C724] type=Rejected area=1.0 perimeter=4.0 bbox=(1233,658,2,2) long=1.0 box_short=1.0 box_aspect=1.000 skeleton_width=2.00 skeleton_range=2.00-2.00 skeleton_aspect=0.500 merge_ratio=0.500 circularity=0.785
[CLEAN C724] REJECT Scratch: area 1.0 < 20; long_side 1.0 < 10; skeleton_aspect 0.500 < 2.5; box_aspect 1.000 < 1.5
[CLEAN C724] REJECT Pit: area 1.0 < 32
[CLEAN C725] type=Rejected area=5.5 perimeter=9.4 bbox=(649,658,4,3) long=3.0 box_short=2.0 box_aspect=1.500 skeleton_width=2.00 skeleton_range=2.00-4.00 skeleton_aspect=1.500 merge_ratio=0.917 circularity=0.780
[CLEAN C725] REJECT Scratch: area 5.5 < 20; long_side 3.0 < 10; skeleton_aspect 1.500 < 2.5
[CLEAN C725] REJECT Pit: area 5.5 < 32
[CLEAN C726] type=Rejected area=19.0 perimeter=17.7 bbox=(532,658,5,7) long=6.0 box_short=4.0 box_aspect=1.500 skeleton_width=2.80 skeleton_range=2.00-5.60 skeleton_aspect=2.143 merge_ratio=1.131 circularity=0.766
[CLEAN C726] REJECT Scratch: area 19.0 < 20; long_side 6.0 < 10; skeleton_aspect 2.143 < 2.5
[CLEAN C726] REJECT Pit: area 19.0 < 32
[CLEAN C727] type=Rejected candidate=Scratch area=34.0 perimeter=37.7 bbox=(389,658,4,18) long=17.0 box_short=3.0 box_aspect=5.667 skeleton_width=2.80 skeleton_range=2.00-4.00 skeleton_aspect=6.071 merge_ratio=0.714 circularity=0.301
[CLEAN C727] REJECT Scratch: 尺寸 0.082806 mm < 0.25 mm
[MEASURE C727] Scratch width=0.082806 mm valid=False
[CLEAN C728] type=Rejected area=11.0 perimeter=16.8 bbox=(1171,657,6,5) long=5.0 box_short=4.0 box_aspect=1.250 skeleton_width=2.00 skeleton_range=2.00-4.00 skeleton_aspect=2.500 merge_ratio=1.100 circularity=0.488
[CLEAN C728] REJECT Scratch: area 11.0 < 20; long_side 5.0 < 10; box_aspect 1.250 < 1.5
[CLEAN C728] REJECT Pit: area 11.0 < 32; circularity 0.488 < 0.55
[CLEAN C729] type=Rejected area=1.0 perimeter=4.0 bbox=(972,657,2,2) long=1.0 box_short=1.0 box_aspect=1.000 skeleton_width=2.00 skeleton_range=2.00-2.00 skeleton_aspect=0.500 merge_ratio=0.500 circularity=0.785
[CLEAN C729] REJECT Scratch: area 1.0 < 20; long_side 1.0 < 10; skeleton_aspect 0.500 < 2.5; box_aspect 1.000 < 1.5
[CLEAN C729] REJECT Pit: area 1.0 < 32
[CLEAN C730] type=Rejected area=6.0 perimeter=10.8 bbox=(45,657,3,5) long=4.0 box_short=2.0 box_aspect=2.000 skeleton_width=2.00 skeleton_range=2.00-2.80 skeleton_aspect=2.000 merge_ratio=0.750 circularity=0.643
[CLEAN C730] REJECT Scratch: area 6.0 < 20; long_side 4.0 < 10; skeleton_aspect 2.000 < 2.5
[CLEAN C730] REJECT Pit: area 6.0 < 32
[CLEAN C731] type=Rejected area=7.5 perimeter=12.2 bbox=(699,656,4,5) long=4.0 box_short=3.0 box_aspect=1.333 skeleton_width=2.00 skeleton_range=2.00-2.80 skeleton_aspect=2.000 merge_ratio=0.938 circularity=0.629
[CLEAN C731] REJECT Scratch: area 7.5 < 20; long_side 4.0 < 10; skeleton_aspect 2.000 < 2.5; box_aspect 1.333 < 1.5
[CLEAN C731] REJECT Pit: area 7.5 < 32
[CLEAN C732] type=Rejected area=12.0 perimeter=16.8 bbox=(110,656,3,8) long=7.0 box_short=2.0 box_aspect=3.500 skeleton_width=2.80 skeleton_range=2.00-4.00 skeleton_aspect=2.500 merge_ratio=0.612 circularity=0.532
[CLEAN C732] REJECT Scratch: area 12.0 < 20; long_side 7.0 < 10
[CLEAN C732] REJECT Pit: area 12.0 < 32; circularity 0.532 < 0.55
[CLEAN C733] type=Rejected area=15.5 perimeter=21.9 bbox=(1238,655,6,9) long=9.4 box_short=2.7 box_aspect=3.500 skeleton_width=2.80 skeleton_range=2.00-4.00 skeleton_aspect=3.354 merge_ratio=0.589 circularity=0.406
[CLEAN C733] REJECT Scratch: area 15.5 < 20; long_side 9.4 < 10
[CLEAN C733] REJECT Pit: area 15.5 < 32; circularity 0.406 < 0.55
[CLEAN C734] type=Rejected area=1.0 perimeter=4.0 bbox=(975,655,2,2) long=1.0 box_short=1.0 box_aspect=1.000 skeleton_width=2.00 skeleton_range=2.00-2.00 skeleton_aspect=0.500 merge_ratio=0.500 circularity=0.785
[CLEAN C734] REJECT Scratch: area 1.0 < 20; long_side 1.0 < 10; skeleton_aspect 0.500 < 2.5; box_aspect 1.000 < 1.5
[CLEAN C734] REJECT Pit: area 1.0 < 32
[CLEAN C735] type=Rejected area=4.0 perimeter=8.0 bbox=(559,655,3,3) long=2.0 box_short=2.0 box_aspect=1.000 skeleton_width=2.00 skeleton_range=2.00-4.00 skeleton_aspect=1.000 merge_ratio=1.000 circularity=0.785
[CLEAN C735] REJECT Scratch: area 4.0 < 20; long_side 2.0 < 10; skeleton_aspect 1.000 < 2.5; box_aspect 1.000 < 1.5
[CLEAN C735] REJECT Pit: area 4.0 < 32
[CLEAN C736] type=Rejected candidate=Scratch area=143.5 perimeter=94.2 bbox=(468,655,16,31) long=31.0 box_short=13.6 box_aspect=2.279 skeleton_width=4.00 skeleton_range=2.00-8.39 skeleton_aspect=7.748 merge_ratio=1.158 circularity=0.203
[CLEAN C736] REJECT Scratch: 尺寸 0.199726 mm < 0.25 mm
[MEASURE C736] Scratch width=0.199726 mm valid=False
[CLEAN C737] type=Rejected candidate=Scratch area=127.5 perimeter=73.1 bbox=(0,655,6,34) long=33.0 box_short=5.0 box_aspect=6.600 skeleton_width=4.39 skeleton_range=2.00-6.00 skeleton_aspect=7.511 merge_ratio=0.879 circularity=0.300
[CLEAN C737] REJECT Scratch: 不可测: 划痕最大宽度点超出中央有效测量区域
[MEASURE C737] Scratch 不可测: 划痕最大宽度点超出中央有效测量区域
[CLEAN C738] type=Rejected candidate=Scratch area=38.5 perimeter=44.4 bbox=(1185,654,8,17) long=16.2 box_short=6.4 box_aspect=2.531 skeleton_width=2.80 skeleton_range=2.00-4.00 skeleton_aspect=5.773 merge_ratio=0.851 circularity=0.246
[CLEAN C738] REJECT Scratch: 不可测: 划痕最大宽度点超出中央有效测量区域
[MEASURE C738] Scratch 不可测: 划痕最大宽度点超出中央有效测量区域
[CLEAN C739] type=Rejected candidate=Scratch area=94.0 perimeter=44.1 bbox=(432,654,9,18) long=17.0 box_short=8.0 box_aspect=2.125 skeleton_width=5.80 skeleton_range=2.00-8.39 skeleton_aspect=2.931 merge_ratio=0.953 circularity=0.606
[CLEAN C739] REJECT Scratch: 尺寸 0.204480 mm < 0.25 mm
[MEASURE C739] Scratch width=0.204480 mm valid=False
[CLEAN C740] type=Rejected area=3.5 perimeter=7.4 bbox=(69,654,3,3) long=2.0 box_short=2.0 box_aspect=1.000 skeleton_width=2.00 skeleton_range=2.00-2.80 skeleton_aspect=1.000 merge_ratio=0.875 circularity=0.800
[CLEAN C740] REJECT Scratch: area 3.5 < 20; long_side 2.0 < 10; skeleton_aspect 1.000 < 2.5; box_aspect 1.000 < 1.5
[CLEAN C740] REJECT Pit: area 3.5 < 32
[CLEAN C741] type=Rejected area=16.5 perimeter=16.2 bbox=(541,653,6,5) long=5.0 box_short=4.0 box_aspect=1.250 skeleton_width=4.00 skeleton_range=2.00-4.39 skeleton_aspect=1.250 merge_ratio=0.825 circularity=0.786
[CLEAN C741] REJECT Scratch: area 16.5 < 20; long_side 5.0 < 10; skeleton_aspect 1.250 < 2.5; box_aspect 1.250 < 1.5
[CLEAN C741] REJECT Pit: area 16.5 < 32
[CLEAN C742] type=Rejected area=30.5 perimeter=23.1 bbox=(198,653,7,8) long=7.0 box_short=6.0 box_aspect=1.167 skeleton_width=4.00 skeleton_range=2.00-6.39 skeleton_aspect=1.750 merge_ratio=1.089 circularity=0.720
[CLEAN C742] REJECT Scratch: long_side 7.0 < 10; skeleton_aspect 1.750 < 2.5; box_aspect 1.167 < 1.5
[CLEAN C742] REJECT Pit: area 30.5 < 32
[CLEAN C743] type=Rejected area=3.5 perimeter=7.4 bbox=(182,653,3,3) long=2.0 box_short=2.0 box_aspect=1.000 skeleton_width=2.00 skeleton_range=2.00-2.80 skeleton_aspect=1.000 merge_ratio=0.875 circularity=0.800
[CLEAN C743] REJECT Scratch: area 3.5 < 20; long_side 2.0 < 10; skeleton_aspect 1.000 < 2.5; box_aspect 1.000 < 1.5
[CLEAN C743] REJECT Pit: area 3.5 < 32
[CLEAN C744] type=Rejected area=10.5 perimeter=14.2 bbox=(35,653,6,4) long=5.0 box_short=3.0 box_aspect=1.667 skeleton_width=2.80 skeleton_range=2.00-4.00 skeleton_aspect=1.786 merge_ratio=0.750 circularity=0.650
[CLEAN C744] REJECT Scratch: area 10.5 < 20; long_side 5.0 < 10; skeleton_aspect 1.786 < 2.5
[CLEAN C744] REJECT Pit: area 10.5 < 32
[CLEAN C745] type=Rejected area=18.5 perimeter=21.9 bbox=(776,652,7,8) long=9.2 box_short=3.5 box_aspect=2.600 skeleton_width=2.80 skeleton_range=2.00-4.00 skeleton_aspect=3.283 merge_ratio=0.719 circularity=0.485
[CLEAN C745] REJECT Scratch: area 18.5 < 20; long_side 9.2 < 10
[CLEAN C745] REJECT Pit: area 18.5 < 32; circularity 0.485 < 0.55
[CLEAN C746] type=Rejected candidate=Scratch area=29.0 perimeter=31.3 bbox=(687,652,10,10) long=11.5 box_short=4.8 box_aspect=2.393 skeleton_width=2.80 skeleton_range=2.00-4.39 skeleton_aspect=4.104 merge_ratio=0.901 circularity=0.372
[CLEAN C746] REJECT Scratch: 尺寸 0.135336 mm < 0.25 mm
[MEASURE C746] Scratch width=0.135336 mm valid=False
[CLEAN C747] type=Rejected area=3.5 perimeter=7.4 bbox=(221,651,3,3) long=2.0 box_short=2.0 box_aspect=1.000 skeleton_width=2.00 skeleton_range=2.00-2.80 skeleton_aspect=1.000 merge_ratio=0.875 circularity=0.800
[CLEAN C747] REJECT Scratch: area 3.5 < 20; long_side 2.0 < 10; skeleton_aspect 1.000 < 2.5; box_aspect 1.000 < 1.5
[CLEAN C747] REJECT Pit: area 3.5 < 32
[CLEAN C748] type=Rejected area=10.0 perimeter=13.7 bbox=(167,651,6,4) long=5.0 box_short=3.0 box_aspect=1.667 skeleton_width=2.80 skeleton_range=2.00-4.00 skeleton_aspect=1.786 merge_ratio=0.714 circularity=0.674
[CLEAN C748] REJECT Scratch: area 10.0 < 20; long_side 5.0 < 10; skeleton_aspect 1.786 < 2.5
[CLEAN C748] REJECT Pit: area 10.0 < 32
[CLEAN C749] type=Rejected area=19.5 perimeter=18.2 bbox=(139,651,6,6) long=5.0 box_short=5.0 box_aspect=1.000 skeleton_width=4.00 skeleton_range=2.00-5.60 skeleton_aspect=1.250 merge_ratio=0.975 circularity=0.736
[CLEAN C749] REJECT Scratch: area 19.5 < 20; long_side 5.0 < 10; skeleton_aspect 1.250 < 2.5; box_aspect 1.000 < 1.5
[CLEAN C749] REJECT Pit: area 19.5 < 32
[CLEAN C750] type=Rejected candidate=Scratch area=26.5 perimeter=35.9 bbox=(114,651,7,15) long=15.1 box_short=3.9 box_aspect=3.909 skeleton_width=2.00 skeleton_range=2.00-4.00 skeleton_aspect=7.543 merge_ratio=0.878 circularity=0.258
[CLEAN C750] REJECT Scratch: 不可测: 划痕最大宽度点超出中央有效测量区域
[MEASURE C750] Scratch 不可测: 划痕最大宽度点超出中央有效测量区域
[CLEAN C751] type=Rejected area=16.5 perimeter=19.1 bbox=(612,650,6,7) long=7.0 box_short=3.9 box_aspect=1.813 skeleton_width=2.80 skeleton_range=2.00-4.00 skeleton_aspect=2.512 merge_ratio=0.838 circularity=0.570
[CLEAN C751] REJECT Scratch: area 16.5 < 20; long_side 7.0 < 10
[CLEAN C751] REJECT Pit: area 16.5 < 32
[CLEAN C752] type=Rejected area=2.0 perimeter=6.0 bbox=(574,650,2,3) long=2.0 box_short=1.0 box_aspect=2.000 skeleton_width=2.00 skeleton_range=2.00-2.00 skeleton_aspect=1.000 merge_ratio=0.500 circularity=0.698
[CLEAN C752] REJECT Scratch: area 2.0 < 20; long_side 2.0 < 10; skeleton_aspect 1.000 < 2.5
[CLEAN C752] REJECT Pit: area 2.0 < 32
[CLEAN C753] type=Rejected area=7.5 perimeter=11.4 bbox=(262,650,5,3) long=4.0 box_short=2.0 box_aspect=2.000 skeleton_width=2.40 skeleton_range=2.00-4.00 skeleton_aspect=1.667 merge_ratio=0.781 circularity=0.723
[CLEAN C753] REJECT Scratch: area 7.5 < 20; long_side 4.0 < 10; skeleton_aspect 1.667 < 2.5
[CLEAN C753] REJECT Pit: area 7.5 < 32
[CLEAN C754] type=Rejected area=2.0 perimeter=6.0 bbox=(0,650,3,2) long=2.0 box_short=1.0 box_aspect=2.000 skeleton_width=2.00 skeleton_range=2.00-2.00 skeleton_aspect=1.000 merge_ratio=0.500 circularity=0.698
[CLEAN C754] REJECT Scratch: area 2.0 < 20; long_side 2.0 < 10; skeleton_aspect 1.000 < 2.5
[CLEAN C754] REJECT Pit: area 2.0 < 32
[CLEAN C755] type=Rejected area=1.0 perimeter=4.0 bbox=(1217,649,2,2) long=1.0 box_short=1.0 box_aspect=1.000 skeleton_width=2.00 skeleton_range=2.00-2.00 skeleton_aspect=0.500 merge_ratio=0.500 circularity=0.785
[CLEAN C755] REJECT Scratch: area 1.0 < 20; long_side 1.0 < 10; skeleton_aspect 0.500 < 2.5; box_aspect 1.000 < 1.5
[CLEAN C755] REJECT Pit: area 1.0 < 32
[CLEAN C756] type=Rejected area=3.0 perimeter=8.0 bbox=(394,649,2,4) long=3.0 box_short=1.0 box_aspect=3.000 skeleton_width=2.00 skeleton_range=2.00-2.00 skeleton_aspect=1.500 merge_ratio=0.500 circularity=0.589
[CLEAN C756] REJECT Scratch: area 3.0 < 20; long_side 3.0 < 10; skeleton_aspect 1.500 < 2.5
[CLEAN C756] REJECT Pit: area 3.0 < 32
[CLEAN C757] type=Rejected area=15.5 perimeter=16.2 bbox=(1174,648,4,7) long=6.0 box_short=3.0 box_aspect=2.000 skeleton_width=4.00 skeleton_range=2.00-4.00 skeleton_aspect=1.500 merge_ratio=0.646 circularity=0.738
[CLEAN C757] REJECT Scratch: area 15.5 < 20; long_side 6.0 < 10; skeleton_aspect 1.500 < 2.5
[CLEAN C757] REJECT Pit: area 15.5 < 32
[CLEAN C758] type=Rejected area=1.0 perimeter=4.0 bbox=(1100,648,2,2) long=1.0 box_short=1.0 box_aspect=1.000 skeleton_width=2.00 skeleton_range=2.00-2.00 skeleton_aspect=0.500 merge_ratio=0.500 circularity=0.785
[CLEAN C758] REJECT Scratch: area 1.0 < 20; long_side 1.0 < 10; skeleton_aspect 0.500 < 2.5; box_aspect 1.000 < 1.5
[CLEAN C758] REJECT Pit: area 1.0 < 32
[CLEAN C759] type=Rejected area=2.0 perimeter=6.0 bbox=(560,648,2,3) long=2.0 box_short=1.0 box_aspect=2.000 skeleton_width=2.00 skeleton_range=2.00-2.00 skeleton_aspect=1.000 merge_ratio=0.500 circularity=0.698
[CLEAN C759] REJECT Scratch: area 2.0 < 20; long_side 2.0 < 10; skeleton_aspect 1.000 < 2.5
[CLEAN C759] REJECT Pit: area 2.0 < 32
[CLEAN C760] type=Rejected area=3.5 perimeter=7.4 bbox=(951,647,3,3) long=2.0 box_short=2.0 box_aspect=1.000 skeleton_width=2.00 skeleton_range=2.00-2.80 skeleton_aspect=1.000 merge_ratio=0.875 circularity=0.800
[CLEAN C760] REJECT Scratch: area 3.5 < 20; long_side 2.0 < 10; skeleton_aspect 1.000 < 2.5; box_aspect 1.000 < 1.5
[CLEAN C760] REJECT Pit: area 3.5 < 32
[CLEAN C761] type=Rejected candidate=Scratch area=161.0 perimeter=103.9 bbox=(372,647,12,42) long=41.1 box_short=10.5 box_aspect=3.927 skeleton_width=4.39 skeleton_range=2.00-8.00 skeleton_aspect=9.347 merge_ratio=0.892 circularity=0.187
[CLEAN C761] REJECT Scratch: 尺寸 0.237440 mm < 0.25 mm
[MEASURE C761] Scratch width=0.237440 mm valid=False
[CLEAN C762] type=Rejected area=4.0 perimeter=8.8 bbox=(752,646,4,3) long=3.0 box_short=2.0 box_aspect=1.500 skeleton_width=2.00 skeleton_range=2.00-2.80 skeleton_aspect=1.500 merge_ratio=0.667 circularity=0.645
[CLEAN C762] REJECT Scratch: area 4.0 < 20; long_side 3.0 < 10; skeleton_aspect 1.500 < 2.5
[CLEAN C762] REJECT Pit: area 4.0 < 32
[CLEAN C763] type=Rejected area=1.0 perimeter=4.0 bbox=(43,646,2,2) long=1.0 box_short=1.0 box_aspect=1.000 skeleton_width=2.00 skeleton_range=2.00-2.00 skeleton_aspect=0.500 merge_ratio=0.500 circularity=0.785
[CLEAN C763] REJECT Scratch: area 1.0 < 20; long_side 1.0 < 10; skeleton_aspect 0.500 < 2.5; box_aspect 1.000 < 1.5
[CLEAN C763] REJECT Pit: area 1.0 < 32
[CLEAN C764] type=Rejected area=1.0 perimeter=4.0 bbox=(1182,645,2,2) long=1.0 box_short=1.0 box_aspect=1.000 skeleton_width=2.00 skeleton_range=2.00-2.00 skeleton_aspect=0.500 merge_ratio=0.500 circularity=0.785
[CLEAN C764] REJECT Scratch: area 1.0 < 20; long_side 1.0 < 10; skeleton_aspect 0.500 < 2.5; box_aspect 1.000 < 1.5
[CLEAN C764] REJECT Pit: area 1.0 < 32
[CLEAN C765] type=Rejected area=5.0 perimeter=8.8 bbox=(1117,645,4,3) long=3.0 box_short=2.0 box_aspect=1.500 skeleton_width=2.40 skeleton_range=2.00-2.80 skeleton_aspect=1.250 merge_ratio=0.694 circularity=0.806
[CLEAN C765] REJECT Scratch: area 5.0 < 20; long_side 3.0 < 10; skeleton_aspect 1.250 < 2.5
[CLEAN C765] REJECT Pit: area 5.0 < 32
[CLEAN C766] type=Rejected area=3.0 perimeter=8.0 bbox=(138,645,2,4) long=3.0 box_short=1.0 box_aspect=3.000 skeleton_width=2.00 skeleton_range=2.00-2.00 skeleton_aspect=1.500 merge_ratio=0.500 circularity=0.589
[CLEAN C766] REJECT Scratch: area 3.0 < 20; long_side 3.0 < 10; skeleton_aspect 1.500 < 2.5
[CLEAN C766] REJECT Pit: area 3.0 < 32
[CLEAN C767] type=Rejected area=4.0 perimeter=8.8 bbox=(1247,644,4,3) long=3.0 box_short=2.0 box_aspect=1.500 skeleton_width=2.00 skeleton_range=2.00-2.80 skeleton_aspect=1.500 merge_ratio=0.667 circularity=0.645
[CLEAN C767] REJECT Scratch: area 4.0 < 20; long_side 3.0 < 10; skeleton_aspect 1.500 < 2.5
[CLEAN C767] REJECT Pit: area 4.0 < 32
[CLEAN C768] type=Rejected area=28.0 perimeter=29.3 bbox=(1010,644,11,8) long=9.9 box_short=5.7 box_aspect=1.750 skeleton_width=2.40 skeleton_range=2.00-4.39 skeleton_aspect=4.125 merge_ratio=1.179 circularity=0.409
[CLEAN C768] REJECT Scratch: long_side 9.9 < 10
[CLEAN C768] REJECT Pit: area 28.0 < 32; circularity 0.409 < 0.55
[CLEAN C769] type=Rejected area=29.5 perimeter=25.9 bbox=(419,644,8,9) long=8.2 box_short=6.6 box_aspect=1.234 skeleton_width=4.00 skeleton_range=2.00-6.00 skeleton_aspect=2.051 merge_ratio=0.899 circularity=0.553
[CLEAN C769] REJECT Scratch: long_side 8.2 < 10; skeleton_aspect 2.051 < 2.5; box_aspect 1.234 < 1.5
[CLEAN C769] REJECT Pit: area 29.5 < 32
[CLEAN C770] type=Rejected area=4.0 perimeter=8.8 bbox=(398,644,4,3) long=3.0 box_short=2.0 box_aspect=1.500 skeleton_width=2.00 skeleton_range=2.00-2.80 skeleton_aspect=1.500 merge_ratio=0.667 circularity=0.645
[CLEAN C770] REJECT Scratch: area 4.0 < 20; long_side 3.0 < 10; skeleton_aspect 1.500 < 2.5
[CLEAN C770] REJECT Pit: area 4.0 < 32
[CLEAN C771] type=Rejected area=6.5 perimeter=12.2 bbox=(117,644,5,4) long=4.7 box_short=2.2 box_aspect=2.143 skeleton_width=2.00 skeleton_range=2.00-2.80 skeleton_aspect=2.372 merge_ratio=0.685 circularity=0.545
[CLEAN C771] REJECT Scratch: area 6.5 < 20; long_side 4.7 < 10; skeleton_aspect 2.372 < 2.5
[CLEAN C771] REJECT Pit: area 6.5 < 32; circularity 0.545 < 0.55
[CLEAN C772] type=Rejected candidate=Scratch area=391.0 perimeter=285.5 bbox=(89,644,32,84) long=82.3 box_short=29.0 box_aspect=2.839 skeleton_width=4.00 skeleton_range=2.00-8.00 skeleton_aspect=20.577 merge_ratio=1.188 circularity=0.060
[CLEAN C772] REJECT Scratch: 不可测: 划痕最大宽度点超出中央有效测量区域
[MEASURE C772] Scratch 不可测: 划痕最大宽度点超出中央有效测量区域
[CLEAN C773] type=Rejected candidate=Scratch area=82.0 perimeter=45.0 bbox=(895,643,13,14) long=15.7 box_short=9.5 box_aspect=1.657 skeleton_width=4.39 skeleton_range=2.00-8.00 skeleton_aspect=3.573 merge_ratio=1.189 circularity=0.510
[CLEAN C773] REJECT Scratch: 尺寸 0.218166 mm < 0.25 mm
[MEASURE C773] Scratch width=0.218166 mm valid=False
[CLEAN C774] type=Rejected area=7.5 perimeter=20.2 bbox=(855,643,4,9) long=8.2 box_short=2.5 box_aspect=3.333 skeleton_width=2.00 skeleton_range=2.00-2.80 skeleton_aspect=4.110 merge_ratio=0.456 circularity=0.230
[CLEAN C774] REJECT Scratch: area 7.5 < 20; long_side 8.2 < 10
[CLEAN C774] REJECT Pit: area 7.5 < 32; circularity 0.230 < 0.55
[CLEAN C775] type=Rejected area=2.0 perimeter=6.0 bbox=(712,643,2,3) long=2.0 box_short=1.0 box_aspect=2.000 skeleton_width=2.00 skeleton_range=2.00-2.00 skeleton_aspect=1.000 merge_ratio=0.500 circularity=0.698
[CLEAN C775] REJECT Scratch: area 2.0 < 20; long_side 2.0 < 10; skeleton_aspect 1.000 < 2.5
[CLEAN C775] REJECT Pit: area 2.0 < 32
[CLEAN C776] type=Rejected area=1.0 perimeter=4.0 bbox=(511,643,2,2) long=1.0 box_short=1.0 box_aspect=1.000 skeleton_width=2.00 skeleton_range=2.00-2.00 skeleton_aspect=0.500 merge_ratio=0.500 circularity=0.785
[CLEAN C776] REJECT Scratch: area 1.0 < 20; long_side 1.0 < 10; skeleton_aspect 0.500 < 2.5; box_aspect 1.000 < 1.5
[CLEAN C776] REJECT Pit: area 1.0 < 32
[CLEAN C777] type=Rejected candidate=Scratch area=134.5 perimeter=86.4 bbox=(499,643,6,40) long=39.0 box_short=5.0 box_aspect=7.800 skeleton_width=4.00 skeleton_range=2.00-6.00 skeleton_aspect=9.750 merge_ratio=0.862 circularity=0.226
[CLEAN C777] REJECT Scratch: 尺寸 0.126315 mm < 0.25 mm
[MEASURE C777] Scratch width=0.126315 mm valid=False
[CLEAN C778] type=Rejected area=17.5 perimeter=21.1 bbox=(478,643,5,9) long=8.7 box_short=3.2 box_aspect=2.769 skeleton_width=2.80 skeleton_range=2.00-4.00 skeleton_aspect=3.118 merge_ratio=0.716 circularity=0.495
[CLEAN C778] REJECT Scratch: area 17.5 < 20; long_side 8.7 < 10
[CLEAN C778] REJECT Pit: area 17.5 < 32; circularity 0.495 < 0.55
[CLEAN C779] type=Rejected area=11.5 perimeter=14.2 bbox=(1168,642,5,5) long=4.0 box_short=4.0 box_aspect=1.000 skeleton_width=2.80 skeleton_range=2.00-4.00 skeleton_aspect=1.429 merge_ratio=1.027 circularity=0.712
[CLEAN C779] REJECT Scratch: area 11.5 < 20; long_side 4.0 < 10; skeleton_aspect 1.429 < 2.5; box_aspect 1.000 < 1.5
[CLEAN C779] REJECT Pit: area 11.5 < 32
[CLEAN C780] type=Rejected area=2.0 perimeter=6.0 bbox=(801,642,2,3) long=2.0 box_short=1.0 box_aspect=2.000 skeleton_width=2.00 skeleton_range=2.00-2.00 skeleton_aspect=1.000 merge_ratio=0.500 circularity=0.698
[CLEAN C780] REJECT Scratch: area 2.0 < 20; long_side 2.0 < 10; skeleton_aspect 1.000 < 2.5
[CLEAN C780] REJECT Pit: area 2.0 < 32
[CLEAN C781] type=Rejected candidate=Scratch area=47.5 perimeter=31.6 bbox=(642,642,12,8) long=10.9 box_short=6.7 box_aspect=1.610 skeleton_width=4.20 skeleton_range=2.00-7.19 skeleton_aspect=2.585 merge_ratio=1.043 circularity=0.599
[CLEAN C781] REJECT Scratch: 尺寸 0.158699 mm < 0.25 mm
[MEASURE C781] Scratch width=0.158699 mm valid=False
[CLEAN C782] type=Rejected area=3.0 perimeter=8.0 bbox=(345,642,2,4) long=3.0 box_short=1.0 box_aspect=3.000 skeleton_width=2.00 skeleton_range=2.00-2.00 skeleton_aspect=1.500 merge_ratio=0.500 circularity=0.589
[CLEAN C782] REJECT Scratch: area 3.0 < 20; long_side 3.0 < 10; skeleton_aspect 1.500 < 2.5
[CLEAN C782] REJECT Pit: area 3.0 < 32
[CLEAN C783] type=Rejected area=1.0 perimeter=4.0 bbox=(763,641,2,2) long=1.0 box_short=1.0 box_aspect=1.000 skeleton_width=2.00 skeleton_range=2.00-2.00 skeleton_aspect=0.500 merge_ratio=0.500 circularity=0.785
[CLEAN C783] REJECT Scratch: area 1.0 < 20; long_side 1.0 < 10; skeleton_aspect 0.500 < 2.5; box_aspect 1.000 < 1.5
[CLEAN C783] REJECT Pit: area 1.0 < 32
[CLEAN C784] type=Rejected area=16.5 perimeter=17.1 bbox=(104,641,6,6) long=5.0 box_short=5.0 box_aspect=1.000 skeleton_width=2.80 skeleton_range=2.00-4.39 skeleton_aspect=1.786 merge_ratio=1.179 circularity=0.711
[CLEAN C784] REJECT Scratch: area 16.5 < 20; long_side 5.0 < 10; skeleton_aspect 1.786 < 2.5; box_aspect 1.000 < 1.5
[CLEAN C784] REJECT Pit: area 16.5 < 32
[CLEAN C785] type=Rejected area=1.0 perimeter=4.0 bbox=(1222,640,2,2) long=1.0 box_short=1.0 box_aspect=1.000 skeleton_width=2.00 skeleton_range=2.00-2.00 skeleton_aspect=0.500 merge_ratio=0.500 circularity=0.785
[CLEAN C785] REJECT Scratch: area 1.0 < 20; long_side 1.0 < 10; skeleton_aspect 0.500 < 2.5; box_aspect 1.000 < 1.5
[CLEAN C785] REJECT Pit: area 1.0 < 32
[CLEAN C786] type=Rejected candidate=Scratch area=58.5 perimeter=35.9 bbox=(1143,640,7,14) long=13.0 box_short=6.0 box_aspect=2.167 skeleton_width=4.39 skeleton_range=2.00-6.39 skeleton_aspect=2.959 merge_ratio=1.024 circularity=0.570
[CLEAN C786] REJECT Scratch: 不可测: 划痕最大宽度点超出中央有效测量区域
[MEASURE C786] Scratch 不可测: 划痕最大宽度点超出中央有效测量区域
[CLEAN C787] type=Rejected candidate=Scratch area=110.5 perimeter=68.4 bbox=(915,640,12,25) long=23.7 box_short=10.4 box_aspect=2.273 skeleton_width=4.00 skeleton_range=2.00-8.00 skeleton_aspect=5.930 merge_ratio=1.165 circularity=0.297
[CLEAN C787] REJECT Scratch: 尺寸 0.215959 mm < 0.25 mm
[MEASURE C787] Scratch width=0.215959 mm valid=False
[CLEAN C788] type=Rejected area=1.0 perimeter=4.0 bbox=(189,640,2,2) long=1.0 box_short=1.0 box_aspect=1.000 skeleton_width=2.00 skeleton_range=2.00-2.00 skeleton_aspect=0.500 merge_ratio=0.500 circularity=0.785
[CLEAN C788] REJECT Scratch: area 1.0 < 20; long_side 1.0 < 10; skeleton_aspect 0.500 < 2.5; box_aspect 1.000 < 1.5
[CLEAN C788] REJECT Pit: area 1.0 < 32
[CLEAN C789] type=Rejected area=6.0 perimeter=12.8 bbox=(113,640,4,5) long=4.7 box_short=2.5 box_aspect=1.875 skeleton_width=2.00 skeleton_range=2.00-4.00 skeleton_aspect=2.372 merge_ratio=0.632 circularity=0.458
[CLEAN C789] REJECT Scratch: area 6.0 < 20; long_side 4.7 < 10; skeleton_aspect 2.372 < 2.5
[CLEAN C789] REJECT Pit: area 6.0 < 32; circularity 0.458 < 0.55
[CLEAN C790] type=Rejected area=2.0 perimeter=6.0 bbox=(0,640,3,2) long=2.0 box_short=1.0 box_aspect=2.000 skeleton_width=2.00 skeleton_range=2.00-2.00 skeleton_aspect=1.000 merge_ratio=0.500 circularity=0.698
[CLEAN C790] REJECT Scratch: area 2.0 < 20; long_side 2.0 < 10; skeleton_aspect 1.000 < 2.5
[CLEAN C790] REJECT Pit: area 2.0 < 32
[CLEAN C791] type=Rejected area=2.0 perimeter=6.0 bbox=(367,639,3,2) long=2.0 box_short=1.0 box_aspect=2.000 skeleton_width=2.00 skeleton_range=2.00-2.00 skeleton_aspect=1.000 merge_ratio=0.500 circularity=0.698
[CLEAN C791] REJECT Scratch: area 2.0 < 20; long_side 2.0 < 10; skeleton_aspect 1.000 < 2.5
[CLEAN C791] REJECT Pit: area 2.0 < 32
[CLEAN C792] type=Rejected area=3.5 perimeter=7.4 bbox=(328,639,3,3) long=2.0 box_short=2.0 box_aspect=1.000 skeleton_width=2.00 skeleton_range=2.00-2.80 skeleton_aspect=1.000 merge_ratio=0.875 circularity=0.800
[CLEAN C792] REJECT Scratch: area 3.5 < 20; long_side 2.0 < 10; skeleton_aspect 1.000 < 2.5; box_aspect 1.000 < 1.5
[CLEAN C792] REJECT Pit: area 3.5 < 32
[CLEAN C793] type=Rejected area=7.5 perimeter=11.4 bbox=(26,639,5,3) long=4.0 box_short=2.0 box_aspect=2.000 skeleton_width=2.40 skeleton_range=2.00-4.00 skeleton_aspect=1.667 merge_ratio=0.781 circularity=0.723
[CLEAN C793] REJECT Scratch: area 7.5 < 20; long_side 4.0 < 10; skeleton_aspect 1.667 < 2.5
[CLEAN C793] REJECT Pit: area 7.5 < 32
[CLEAN C794] type=Rejected area=3.5 perimeter=7.4 bbox=(703,638,3,3) long=2.0 box_short=2.0 box_aspect=1.000 skeleton_width=2.00 skeleton_range=2.00-2.80 skeleton_aspect=1.000 merge_ratio=0.875 circularity=0.800
[CLEAN C794] REJECT Scratch: area 3.5 < 20; long_side 2.0 < 10; skeleton_aspect 1.000 < 2.5; box_aspect 1.000 < 1.5
[CLEAN C794] REJECT Pit: area 3.5 < 32
[CLEAN C795] type=Rejected area=24.5 perimeter=19.1 bbox=(285,638,7,6) long=6.0 box_short=5.0 box_aspect=1.200 skeleton_width=4.39 skeleton_range=2.00-6.00 skeleton_aspect=1.366 merge_ratio=0.929 circularity=0.846
[CLEAN C795] REJECT Scratch: long_side 6.0 < 10; skeleton_aspect 1.366 < 2.5; box_aspect 1.200 < 1.5
[CLEAN C795] REJECT Pit: area 24.5 < 32
[CLEAN C796] type=Rejected candidate=Scratch area=35.5 perimeter=29.1 bbox=(673,637,5,12) long=11.0 box_short=4.0 box_aspect=2.750 skeleton_width=4.00 skeleton_range=2.00-5.60 skeleton_aspect=2.750 merge_ratio=0.807 circularity=0.528
[CLEAN C796] REJECT Scratch: 尺寸 0.111871 mm < 0.25 mm
[MEASURE C796] Scratch width=0.111871 mm valid=False
[CLEAN C797] type=Rejected area=3.0 perimeter=6.8 bbox=(269,637,3,3) long=2.8 box_short=1.4 box_aspect=2.000 skeleton_width=2.00 skeleton_range=2.00-2.80 skeleton_aspect=1.414 merge_ratio=0.530 circularity=0.809
[CLEAN C797] REJECT Scratch: area 3.0 < 20; long_side 2.8 < 10; skeleton_aspect 1.414 < 2.5
[CLEAN C797] REJECT Pit: area 3.0 < 32
[CLEAN C798] type=Rejected area=3.0 perimeter=8.0 bbox=(1242,636,2,4) long=3.0 box_short=1.0 box_aspect=3.000 skeleton_width=2.00 skeleton_range=2.00-2.00 skeleton_aspect=1.500 merge_ratio=0.500 circularity=0.589
[CLEAN C798] REJECT Scratch: area 3.0 < 20; long_side 3.0 < 10; skeleton_aspect 1.500 < 2.5
[CLEAN C798] REJECT Pit: area 3.0 < 32
[CLEAN C799] type=Rejected area=9.5 perimeter=14.2 bbox=(1087,635,4,6) long=5.0 box_short=3.0 box_aspect=1.667 skeleton_width=2.00 skeleton_range=2.00-4.00 skeleton_aspect=2.500 merge_ratio=0.950 circularity=0.589
[CLEAN C799] REJECT Scratch: area 9.5 < 20; long_side 5.0 < 10
[CLEAN C799] REJECT Pit: area 9.5 < 32
[CLEAN C800] type=Rejected area=1.0 perimeter=4.0 bbox=(126,635,2,2) long=1.0 box_short=1.0 box_aspect=1.000 skeleton_width=2.00 skeleton_range=2.00-2.00 skeleton_aspect=0.500 merge_ratio=0.500 circularity=0.785
[CLEAN C800] REJECT Scratch: area 1.0 < 20; long_side 1.0 < 10; skeleton_aspect 0.500 < 2.5; box_aspect 1.000 < 1.5
[CLEAN C800] REJECT Pit: area 1.0 < 32
[CLEAN C801] type=Rejected area=20.5 perimeter=18.2 bbox=(150,634,5,7) long=6.0 box_short=4.0 box_aspect=1.500 skeleton_width=4.00 skeleton_range=2.00-6.00 skeleton_aspect=1.500 merge_ratio=0.854 circularity=0.774
[CLEAN C801] REJECT Scratch: long_side 6.0 < 10; skeleton_aspect 1.500 < 2.5
[CLEAN C801] REJECT Pit: area 20.5 < 32
[CLEAN C802] type=Rejected area=1.0 perimeter=4.0 bbox=(28,634,2,2) long=1.0 box_short=1.0 box_aspect=1.000 skeleton_width=2.00 skeleton_range=2.00-2.00 skeleton_aspect=0.500 merge_ratio=0.500 circularity=0.785
[CLEAN C802] REJECT Scratch: area 1.0 < 20; long_side 1.0 < 10; skeleton_aspect 0.500 < 2.5; box_aspect 1.000 < 1.5
[CLEAN C802] REJECT Pit: area 1.0 < 32
[CLEAN C803] type=Rejected area=1.0 perimeter=4.0 bbox=(1193,633,2,2) long=1.0 box_short=1.0 box_aspect=1.000 skeleton_width=2.00 skeleton_range=2.00-2.00 skeleton_aspect=0.500 merge_ratio=0.500 circularity=0.785
[CLEAN C803] REJECT Scratch: area 1.0 < 20; long_side 1.0 < 10; skeleton_aspect 0.500 < 2.5; box_aspect 1.000 < 1.5
[CLEAN C803] REJECT Pit: area 1.0 < 32
[CLEAN C804] type=Rejected candidate=Scratch area=77.0 perimeter=58.5 bbox=(83,633,5,28) long=27.0 box_short=4.0 box_aspect=6.750 skeleton_width=4.00 skeleton_range=2.00-6.00 skeleton_aspect=6.750 merge_ratio=0.713 circularity=0.283
[CLEAN C804] REJECT Scratch: 不可测: 划痕最大宽度点超出中央有效测量区域
[MEASURE C804] Scratch 不可测: 划痕最大宽度点超出中央有效测量区域
[CLEAN C805] type=Rejected area=27.0 perimeter=30.5 bbox=(856,632,8,10) long=9.8 box_short=6.0 box_aspect=1.633 skeleton_width=2.80 skeleton_range=2.00-4.00 skeleton_aspect=3.500 merge_ratio=0.984 circularity=0.365
[CLEAN C805] REJECT Scratch: long_side 9.8 < 10
[CLEAN C805] REJECT Pit: area 27.0 < 32; circularity 0.365 < 0.55
[CLEAN C806] type=Rejected area=58.5 perimeter=45.6 bbox=(555,632,11,12) long=11.0 box_short=10.0 box_aspect=1.100 skeleton_width=2.80 skeleton_range=2.00-5.60 skeleton_aspect=3.929 merge_ratio=1.899 circularity=0.354
[CLEAN C806] REJECT Scratch: box_aspect 1.100 < 1.5
[CLEAN C806] REJECT Pit: circularity 0.354 < 0.55
[CLEAN C807] type=Rejected area=4.0 perimeter=10.0 bbox=(434,632,2,5) long=4.0 box_short=1.0 box_aspect=4.000 skeleton_width=2.00 skeleton_range=2.00-2.00 skeleton_aspect=2.000 merge_ratio=0.500 circularity=0.503
[CLEAN C807] REJECT Scratch: area 4.0 < 20; long_side 4.0 < 10; skeleton_aspect 2.000 < 2.5
[CLEAN C807] REJECT Pit: area 4.0 < 32; circularity 0.503 < 0.55
[CLEAN C808] type=Rejected area=38.5 perimeter=30.7 bbox=(232,632,11,8) long=9.9 box_short=5.8 box_aspect=1.708 skeleton_width=4.00 skeleton_range=2.00-5.60 skeleton_aspect=2.486 merge_ratio=0.968 circularity=0.512
[CLEAN C808] REJECT Scratch: long_side 9.9 < 10; skeleton_aspect 2.486 < 2.5
[CLEAN C808] REJECT Pit: circularity 0.512 < 0.55
[CLEAN C809] type=Rejected area=4.5 perimeter=9.4 bbox=(164,632,3,4) long=3.0 box_short=2.0 box_aspect=1.500 skeleton_width=2.00 skeleton_range=2.00-2.80 skeleton_aspect=1.500 merge_ratio=0.750 circularity=0.638
[CLEAN C809] REJECT Scratch: area 4.5 < 20; long_side 3.0 < 10; skeleton_aspect 1.500 < 2.5
[CLEAN C809] REJECT Pit: area 4.5 < 32
[CLEAN C810] type=Rejected area=3.5 perimeter=7.4 bbox=(113,632,3,3) long=2.0 box_short=2.0 box_aspect=1.000 skeleton_width=2.00 skeleton_range=2.00-2.80 skeleton_aspect=1.000 merge_ratio=0.875 circularity=0.800
[CLEAN C810] REJECT Scratch: area 3.5 < 20; long_side 2.0 < 10; skeleton_aspect 1.000 < 2.5; box_aspect 1.000 < 1.5
[CLEAN C810] REJECT Pit: area 3.5 < 32
[CLEAN C811] type=Rejected area=2.0 perimeter=6.0 bbox=(32,632,2,3) long=2.0 box_short=1.0 box_aspect=2.000 skeleton_width=2.00 skeleton_range=2.00-2.00 skeleton_aspect=1.000 merge_ratio=0.500 circularity=0.698
[CLEAN C811] REJECT Scratch: area 2.0 < 20; long_side 2.0 < 10; skeleton_aspect 1.000 < 2.5
[CLEAN C811] REJECT Pit: area 2.0 < 32
[CLEAN C812] type=Rejected area=9.0 perimeter=11.7 bbox=(1169,631,4,5) long=4.0 box_short=3.0 box_aspect=1.333 skeleton_width=2.80 skeleton_range=2.00-4.00 skeleton_aspect=1.429 merge_ratio=0.804 circularity=0.832
[CLEAN C812] REJECT Scratch: area 9.0 < 20; long_side 4.0 < 10; skeleton_aspect 1.429 < 2.5; box_aspect 1.333 < 1.5
[CLEAN C812] REJECT Pit: area 9.0 < 32
[CLEAN C813] type=Rejected area=4.5 perimeter=9.4 bbox=(1136,631,3,4) long=3.0 box_short=2.0 box_aspect=1.500 skeleton_width=2.00 skeleton_range=2.00-2.80 skeleton_aspect=1.500 merge_ratio=0.750 circularity=0.638
[CLEAN C813] REJECT Scratch: area 4.5 < 20; long_side 3.0 < 10; skeleton_aspect 1.500 < 2.5
[CLEAN C813] REJECT Pit: area 4.5 < 32
[CLEAN C814] type=Rejected area=2.0 perimeter=6.0 bbox=(438,631,2,3) long=2.0 box_short=1.0 box_aspect=2.000 skeleton_width=2.00 skeleton_range=2.00-2.00 skeleton_aspect=1.000 merge_ratio=0.500 circularity=0.698
[CLEAN C814] REJECT Scratch: area 2.0 < 20; long_side 2.0 < 10; skeleton_aspect 1.000 < 2.5
[CLEAN C814] REJECT Pit: area 2.0 < 32
[CLEAN C815] type=Rejected area=2.0 perimeter=6.0 bbox=(98,631,3,2) long=2.0 box_short=1.0 box_aspect=2.000 skeleton_width=2.00 skeleton_range=2.00-2.00 skeleton_aspect=1.000 merge_ratio=0.500 circularity=0.698
[CLEAN C815] REJECT Scratch: area 2.0 < 20; long_side 2.0 < 10; skeleton_aspect 1.000 < 2.5
[CLEAN C815] REJECT Pit: area 2.0 < 32
[CLEAN C816] type=Rejected area=17.0 perimeter=17.7 bbox=(1056,630,5,7) long=6.0 box_short=4.0 box_aspect=1.500 skeleton_width=3.40 skeleton_range=2.00-4.00 skeleton_aspect=1.765 merge_ratio=0.833 circularity=0.685
[CLEAN C816] REJECT Scratch: area 17.0 < 20; long_side 6.0 < 10; skeleton_aspect 1.765 < 2.5
[CLEAN C816] REJECT Pit: area 17.0 < 32
[CLEAN C817] type=Rejected area=1.0 perimeter=4.0 bbox=(646,630,2,2) long=1.0 box_short=1.0 box_aspect=1.000 skeleton_width=2.00 skeleton_range=2.00-2.00 skeleton_aspect=0.500 merge_ratio=0.500 circularity=0.785
[CLEAN C817] REJECT Scratch: area 1.0 < 20; long_side 1.0 < 10; skeleton_aspect 0.500 < 2.5; box_aspect 1.000 < 1.5
[CLEAN C817] REJECT Pit: area 1.0 < 32
[CLEAN C818] type=Rejected area=0.0 perimeter=2.0 bbox=(1275,629,1,2) long=1.0 box_short=0.0 box_aspect=inf skeleton_width=2.00 skeleton_range=2.00-2.00 skeleton_aspect=0.500 merge_ratio=0.000 circularity=0.000
[CLEAN C818] REJECT Scratch: area 0.0 < 20; 旋转包围框存在零边长; skeleton_aspect 0.500 < 2.5
[CLEAN C818] REJECT Pit: area 0.0 < 32; 旋转包围框存在零边长
[CLEAN C819] type=Rejected area=8.5 perimeter=12.2 bbox=(1153,629,5,4) long=4.0 box_short=3.0 box_aspect=1.333 skeleton_width=2.80 skeleton_range=2.00-4.00 skeleton_aspect=1.429 merge_ratio=0.759 circularity=0.713
[CLEAN C819] REJECT Scratch: area 8.5 < 20; long_side 4.0 < 10; skeleton_aspect 1.429 < 2.5; box_aspect 1.333 < 1.5
[CLEAN C819] REJECT Pit: area 8.5 < 32
[CLEAN C820] type=Rejected area=2.0 perimeter=6.0 bbox=(1066,629,2,3) long=2.0 box_short=1.0 box_aspect=2.000 skeleton_width=2.00 skeleton_range=2.00-2.00 skeleton_aspect=1.000 merge_ratio=0.500 circularity=0.698
[CLEAN C820] REJECT Scratch: area 2.0 < 20; long_side 2.0 < 10; skeleton_aspect 1.000 < 2.5
[CLEAN C820] REJECT Pit: area 2.0 < 32
[CLEAN C821] type=Rejected candidate=Scratch area=59.5 perimeter=38.7 bbox=(889,629,9,15) long=14.3 box_short=7.6 box_aspect=1.872 skeleton_width=4.00 skeleton_range=2.00-8.00 skeleton_aspect=3.579 merge_ratio=1.039 circularity=0.499
[CLEAN C821] REJECT Scratch: 尺寸 0.215757 mm < 0.25 mm
[MEASURE C821] Scratch width=0.215757 mm valid=False
[CLEAN C822] type=Rejected candidate=Scratch area=48.0 perimeter=32.1 bbox=(799,629,9,12) long=12.1 box_short=5.8 box_aspect=2.077 skeleton_width=4.39 skeleton_range=2.00-6.00 skeleton_aspect=2.748 merge_ratio=0.905 circularity=0.584
[CLEAN C822] REJECT Scratch: 尺寸 0.127266 mm < 0.25 mm
[MEASURE C822] Scratch width=0.127266 mm valid=False
[CLEAN C823] type=Rejected area=2.0 perimeter=6.0 bbox=(513,629,3,2) long=2.0 box_short=1.0 box_aspect=2.000 skeleton_width=2.00 skeleton_range=2.00-2.00 skeleton_aspect=1.000 merge_ratio=0.500 circularity=0.698
[CLEAN C823] REJECT Scratch: area 2.0 < 20; long_side 2.0 < 10; skeleton_aspect 1.000 < 2.5
[CLEAN C823] REJECT Pit: area 2.0 < 32
[CLEAN C824] type=Rejected area=12.5 perimeter=16.2 bbox=(899,628,7,4) long=6.0 box_short=3.0 box_aspect=2.000 skeleton_width=2.80 skeleton_range=2.00-4.00 skeleton_aspect=2.143 merge_ratio=0.744 circularity=0.595
[CLEAN C824] REJECT Scratch: area 12.5 < 20; long_side 6.0 < 10; skeleton_aspect 2.143 < 2.5
[CLEAN C824] REJECT Pit: area 12.5 < 32
[CLEAN C825] type=Rejected area=31.0 perimeter=23.3 bbox=(693,628,7,9) long=8.5 box_short=4.9 box_aspect=1.714 skeleton_width=4.20 skeleton_range=2.00-5.60 skeleton_aspect=2.022 merge_ratio=0.870 circularity=0.717
[CLEAN C825] REJECT Scratch: long_side 8.5 < 10; skeleton_aspect 2.022 < 2.5
[CLEAN C825] REJECT Pit: area 31.0 < 32
[CLEAN C826] type=Rejected area=2.0 perimeter=6.0 bbox=(601,628,3,2) long=2.0 box_short=1.0 box_aspect=2.000 skeleton_width=2.00 skeleton_range=2.00-2.00 skeleton_aspect=1.000 merge_ratio=0.500 circularity=0.698
[CLEAN C826] REJECT Scratch: area 2.0 < 20; long_side 2.0 < 10; skeleton_aspect 1.000 < 2.5
[CLEAN C826] REJECT Pit: area 2.0 < 32
[CLEAN C827] type=Rejected area=3.5 perimeter=7.4 bbox=(680,627,3,3) long=2.0 box_short=2.0 box_aspect=1.000 skeleton_width=2.00 skeleton_range=2.00-2.80 skeleton_aspect=1.000 merge_ratio=0.875 circularity=0.800
[CLEAN C827] REJECT Scratch: area 3.5 < 20; long_side 2.0 < 10; skeleton_aspect 1.000 < 2.5; box_aspect 1.000 < 1.5
[CLEAN C827] REJECT Pit: area 3.5 < 32
[CLEAN C828] type=Rejected candidate=Scratch area=63.0 perimeter=37.0 bbox=(577,627,13,11) long=14.8 box_short=6.4 box_aspect=2.325 skeleton_width=4.39 skeleton_range=2.00-7.19 skeleton_aspect=3.378 merge_ratio=0.966 circularity=0.579
[CLEAN C828] REJECT Scratch: 尺寸 0.135328 mm < 0.25 mm
[MEASURE C828] Scratch width=0.135328 mm valid=False
[CLEAN C829] type=Rejected area=3.0 perimeter=8.0 bbox=(815,626,4,2) long=3.0 box_short=1.0 box_aspect=3.000 skeleton_width=2.00 skeleton_range=2.00-2.00 skeleton_aspect=1.500 merge_ratio=0.500 circularity=0.589
[CLEAN C829] REJECT Scratch: area 3.0 < 20; long_side 3.0 < 10; skeleton_aspect 1.500 < 2.5
[CLEAN C829] REJECT Pit: area 3.0 < 32
[CLEAN C830] type=Rejected area=1.0 perimeter=4.0 bbox=(742,626,2,2) long=1.0 box_short=1.0 box_aspect=1.000 skeleton_width=2.00 skeleton_range=2.00-2.00 skeleton_aspect=0.500 merge_ratio=0.500 circularity=0.785
[CLEAN C830] REJECT Scratch: area 1.0 < 20; long_side 1.0 < 10; skeleton_aspect 0.500 < 2.5; box_aspect 1.000 < 1.5
[CLEAN C830] REJECT Pit: area 1.0 < 32
[CLEAN C831] type=Rejected area=1.0 perimeter=4.0 bbox=(1086,625,2,2) long=1.0 box_short=1.0 box_aspect=1.000 skeleton_width=2.00 skeleton_range=2.00-2.00 skeleton_aspect=0.500 merge_ratio=0.500 circularity=0.785
[CLEAN C831] REJECT Scratch: area 1.0 < 20; long_side 1.0 < 10; skeleton_aspect 0.500 < 2.5; box_aspect 1.000 < 1.5
[CLEAN C831] REJECT Pit: area 1.0 < 32
[CLEAN C832] type=Rejected area=27.5 perimeter=25.1 bbox=(1002,625,9,6) long=8.0 box_short=5.0 box_aspect=1.600 skeleton_width=2.80 skeleton_range=2.00-6.00 skeleton_aspect=2.857 merge_ratio=1.228 circularity=0.550
[CLEAN C832] REJECT Scratch: long_side 8.0 < 10
[CLEAN C832] REJECT Pit: area 27.5 < 32; circularity 0.550 < 0.55
[CLEAN C833] type=Rejected area=4.0 perimeter=8.0 bbox=(768,625,3,3) long=2.0 box_short=2.0 box_aspect=1.000 skeleton_width=2.00 skeleton_range=2.00-4.00 skeleton_aspect=1.000 merge_ratio=1.000 circularity=0.785
[CLEAN C833] REJECT Scratch: area 4.0 < 20; long_side 2.0 < 10; skeleton_aspect 1.000 < 2.5; box_aspect 1.000 < 1.5
[CLEAN C833] REJECT Pit: area 4.0 < 32
[CLEAN C834] type=Rejected area=1.0 perimeter=4.0 bbox=(572,625,2,2) long=1.0 box_short=1.0 box_aspect=1.000 skeleton_width=2.00 skeleton_range=2.00-2.00 skeleton_aspect=0.500 merge_ratio=0.500 circularity=0.785
[CLEAN C834] REJECT Scratch: area 1.0 < 20; long_side 1.0 < 10; skeleton_aspect 0.500 < 2.5; box_aspect 1.000 < 1.5
[CLEAN C834] REJECT Pit: area 1.0 < 32
[CLEAN C835] type=Rejected area=2.0 perimeter=6.0 bbox=(0,625,3,2) long=2.0 box_short=1.0 box_aspect=2.000 skeleton_width=2.00 skeleton_range=2.00-2.00 skeleton_aspect=1.000 merge_ratio=0.500 circularity=0.698
[CLEAN C835] REJECT Scratch: area 2.0 < 20; long_side 2.0 < 10; skeleton_aspect 1.000 < 2.5
[CLEAN C835] REJECT Pit: area 2.0 < 32
[CLEAN C836] type=Rejected candidate=Scratch area=27.5 perimeter=25.9 bbox=(142,624,6,11) long=10.0 box_short=5.0 box_aspect=2.000 skeleton_width=2.80 skeleton_range=2.00-5.60 skeleton_aspect=3.571 merge_ratio=0.982 circularity=0.515
[CLEAN C836] REJECT Scratch: 不可测: 划痕最大宽度点超出中央有效测量区域
[MEASURE C836] Scratch 不可测: 划痕最大宽度点超出中央有效测量区域
[CLEAN C837] type=Rejected area=2.0 perimeter=6.0 bbox=(23,624,3,2) long=2.0 box_short=1.0 box_aspect=2.000 skeleton_width=2.00 skeleton_range=2.00-2.00 skeleton_aspect=1.000 merge_ratio=0.500 circularity=0.698
[CLEAN C837] REJECT Scratch: area 2.0 < 20; long_side 2.0 < 10; skeleton_aspect 1.000 < 2.5
[CLEAN C837] REJECT Pit: area 2.0 < 32
[CLEAN C838] type=Rejected area=11.5 perimeter=18.2 bbox=(1162,623,4,8) long=7.5 box_short=2.4 box_aspect=3.100 skeleton_width=2.00 skeleton_range=2.00-4.00 skeleton_aspect=3.759 merge_ratio=0.765 circularity=0.434
[CLEAN C838] REJECT Scratch: area 11.5 < 20; long_side 7.5 < 10
[CLEAN C838] REJECT Pit: area 11.5 < 32; circularity 0.434 < 0.55
[CLEAN C839] type=Rejected area=2.0 perimeter=6.0 bbox=(982,623,3,2) long=2.0 box_short=1.0 box_aspect=2.000 skeleton_width=2.00 skeleton_range=2.00-2.00 skeleton_aspect=1.000 merge_ratio=0.500 circularity=0.698
[CLEAN C839] REJECT Scratch: area 2.0 < 20; long_side 2.0 < 10; skeleton_aspect 1.000 < 2.5
[CLEAN C839] REJECT Pit: area 2.0 < 32
[CLEAN C840] type=Rejected area=7.0 perimeter=10.8 bbox=(76,623,3,5) long=4.0 box_short=2.0 box_aspect=2.000 skeleton_width=2.80 skeleton_range=2.00-4.00 skeleton_aspect=1.429 merge_ratio=0.625 circularity=0.750
[CLEAN C840] REJECT Scratch: area 7.0 < 20; long_side 4.0 < 10; skeleton_aspect 1.429 < 2.5
[CLEAN C840] REJECT Pit: area 7.0 < 32
[CLEAN C841] type=Rejected area=15.5 perimeter=16.2 bbox=(709,622,6,5) long=5.0 box_short=4.0 box_aspect=1.250 skeleton_width=2.80 skeleton_range=2.00-4.39 skeleton_aspect=1.786 merge_ratio=1.107 circularity=0.738
[CLEAN C841] REJECT Scratch: area 15.5 < 20; long_side 5.0 < 10; skeleton_aspect 1.786 < 2.5; box_aspect 1.250 < 1.5
[CLEAN C841] REJECT Pit: area 15.5 < 32
[CLEAN C842] type=Rejected area=9.5 perimeter=12.2 bbox=(127,622,5,4) long=4.0 box_short=3.0 box_aspect=1.333 skeleton_width=2.80 skeleton_range=2.00-4.00 skeleton_aspect=1.429 merge_ratio=0.848 circularity=0.796
[CLEAN C842] REJECT Scratch: area 9.5 < 20; long_side 4.0 < 10; skeleton_aspect 1.429 < 2.5; box_aspect 1.333 < 1.5
[CLEAN C842] REJECT Pit: area 9.5 < 32
[CLEAN C843] type=Rejected area=2.0 perimeter=6.0 bbox=(1197,621,2,3) long=2.0 box_short=1.0 box_aspect=2.000 skeleton_width=2.00 skeleton_range=2.00-2.00 skeleton_aspect=1.000 merge_ratio=0.500 circularity=0.698
[CLEAN C843] REJECT Scratch: area 2.0 < 20; long_side 2.0 < 10; skeleton_aspect 1.000 < 2.5
[CLEAN C843] REJECT Pit: area 2.0 < 32
[CLEAN C844] type=Rejected area=2.0 perimeter=6.0 bbox=(1139,620,2,3) long=2.0 box_short=1.0 box_aspect=2.000 skeleton_width=2.00 skeleton_range=2.00-2.00 skeleton_aspect=1.000 merge_ratio=0.500 circularity=0.698
[CLEAN C844] REJECT Scratch: area 2.0 < 20; long_side 2.0 < 10; skeleton_aspect 1.000 < 2.5
[CLEAN C844] REJECT Pit: area 2.0 < 32
[CLEAN C845] type=Rejected area=3.5 perimeter=7.4 bbox=(574,620,3,3) long=2.0 box_short=2.0 box_aspect=1.000 skeleton_width=2.00 skeleton_range=2.00-2.80 skeleton_aspect=1.000 merge_ratio=0.875 circularity=0.800
[CLEAN C845] REJECT Scratch: area 3.5 < 20; long_side 2.0 < 10; skeleton_aspect 1.000 < 2.5; box_aspect 1.000 < 1.5
[CLEAN C845] REJECT Pit: area 3.5 < 32
[CLEAN C846] type=Rejected area=68.0 perimeter=39.8 bbox=(493,620,12,12) long=10.4 box_short=10.3 box_aspect=1.011 skeleton_width=4.00 skeleton_range=2.00-8.39 skeleton_aspect=2.604 merge_ratio=1.632 circularity=0.539
[CLEAN C846] REJECT Scratch: box_aspect 1.011 < 1.5
[CLEAN C846] REJECT Pit: circularity 0.539 < 0.55
[CLEAN C847] type=Rejected area=3.0 perimeter=6.8 bbox=(475,620,3,3) long=2.8 box_short=1.4 box_aspect=2.000 skeleton_width=2.00 skeleton_range=2.00-2.80 skeleton_aspect=1.414 merge_ratio=0.530 circularity=0.809
[CLEAN C847] REJECT Scratch: area 3.0 < 20; long_side 2.8 < 10; skeleton_aspect 1.414 < 2.5
[CLEAN C847] REJECT Pit: area 3.0 < 32
[CLEAN C848] type=Rejected area=2.0 perimeter=6.0 bbox=(1110,619,2,3) long=2.0 box_short=1.0 box_aspect=2.000 skeleton_width=2.00 skeleton_range=2.00-2.00 skeleton_aspect=1.000 merge_ratio=0.500 circularity=0.698
[CLEAN C848] REJECT Scratch: area 2.0 < 20; long_side 2.0 < 10; skeleton_aspect 1.000 < 2.5
[CLEAN C848] REJECT Pit: area 2.0 < 32
[CLEAN C849] type=Rejected area=3.5 perimeter=7.4 bbox=(965,619,3,3) long=2.0 box_short=2.0 box_aspect=1.000 skeleton_width=2.00 skeleton_range=2.00-2.80 skeleton_aspect=1.000 merge_ratio=0.875 circularity=0.800
[CLEAN C849] REJECT Scratch: area 3.5 < 20; long_side 2.0 < 10; skeleton_aspect 1.000 < 2.5; box_aspect 1.000 < 1.5
[CLEAN C849] REJECT Pit: area 3.5 < 32
[CLEAN C850] type=Rejected area=1.0 perimeter=4.0 bbox=(717,619,2,2) long=1.0 box_short=1.0 box_aspect=1.000 skeleton_width=2.00 skeleton_range=2.00-2.00 skeleton_aspect=0.500 merge_ratio=0.500 circularity=0.785
[CLEAN C850] REJECT Scratch: area 1.0 < 20; long_side 1.0 < 10; skeleton_aspect 0.500 < 2.5; box_aspect 1.000 < 1.5
[CLEAN C850] REJECT Pit: area 1.0 < 32
[CLEAN C851] type=Rejected area=10.5 perimeter=16.2 bbox=(393,619,6,5) long=5.0 box_short=4.0 box_aspect=1.250 skeleton_width=2.00 skeleton_range=2.00-4.00 skeleton_aspect=2.500 merge_ratio=1.050 circularity=0.500
[CLEAN C851] REJECT Scratch: area 10.5 < 20; long_side 5.0 < 10; box_aspect 1.250 < 1.5
[CLEAN C851] REJECT Pit: area 10.5 < 32; circularity 0.500 < 0.55
[CLEAN C852] type=Rejected area=1.0 perimeter=4.0 bbox=(1246,618,2,2) long=1.0 box_short=1.0 box_aspect=1.000 skeleton_width=2.00 skeleton_range=2.00-2.00 skeleton_aspect=0.500 merge_ratio=0.500 circularity=0.785
[CLEAN C852] REJECT Scratch: area 1.0 < 20; long_side 1.0 < 10; skeleton_aspect 0.500 < 2.5; box_aspect 1.000 < 1.5
[CLEAN C852] REJECT Pit: area 1.0 < 32
[CLEAN C853] type=Rejected area=1.0 perimeter=4.0 bbox=(921,618,2,2) long=1.0 box_short=1.0 box_aspect=1.000 skeleton_width=2.00 skeleton_range=2.00-2.00 skeleton_aspect=0.500 merge_ratio=0.500 circularity=0.785
[CLEAN C853] REJECT Scratch: area 1.0 < 20; long_side 1.0 < 10; skeleton_aspect 0.500 < 2.5; box_aspect 1.000 < 1.5
[CLEAN C853] REJECT Pit: area 1.0 < 32
[CLEAN C854] type=Rejected area=2.0 perimeter=6.0 bbox=(804,618,3,2) long=2.0 box_short=1.0 box_aspect=2.000 skeleton_width=2.00 skeleton_range=2.00-2.00 skeleton_aspect=1.000 merge_ratio=0.500 circularity=0.698
[CLEAN C854] REJECT Scratch: area 2.0 < 20; long_side 2.0 < 10; skeleton_aspect 1.000 < 2.5
[CLEAN C854] REJECT Pit: area 2.0 < 32
[CLEAN C855] type=Rejected area=5.5 perimeter=10.2 bbox=(787,618,4,4) long=3.0 box_short=3.0 box_aspect=1.000 skeleton_width=2.00 skeleton_range=2.00-2.80 skeleton_aspect=1.500 merge_ratio=0.917 circularity=0.659
[CLEAN C855] REJECT Scratch: area 5.5 < 20; long_side 3.0 < 10; skeleton_aspect 1.500 < 2.5; box_aspect 1.000 < 1.5
[CLEAN C855] REJECT Pit: area 5.5 < 32
[CLEAN C856] type=Rejected area=9.0 perimeter=13.7 bbox=(692,618,6,4) long=5.7 box_short=2.5 box_aspect=2.250 skeleton_width=2.80 skeleton_range=2.00-4.00 skeleton_aspect=2.033 merge_ratio=0.565 circularity=0.606
[CLEAN C856] REJECT Scratch: area 9.0 < 20; long_side 5.7 < 10; skeleton_aspect 2.033 < 2.5
[CLEAN C856] REJECT Pit: area 9.0 < 32
[CLEAN C857] type=Rejected area=7.0 perimeter=12.8 bbox=(246,618,3,6) long=5.0 box_short=2.0 box_aspect=2.500 skeleton_width=2.00 skeleton_range=2.00-2.80 skeleton_aspect=2.500 merge_ratio=0.700 circularity=0.535
[CLEAN C857] REJECT Scratch: area 7.0 < 20; long_side 5.0 < 10
[CLEAN C857] REJECT Pit: area 7.0 < 32; circularity 0.535 < 0.55
[CLEAN C858] type=Rejected area=9.0 perimeter=12.8 bbox=(1096,617,4,5) long=4.0 box_short=3.0 box_aspect=1.333 skeleton_width=2.80 skeleton_range=2.00-4.00 skeleton_aspect=1.429 merge_ratio=0.804 circularity=0.687
[CLEAN C858] REJECT Scratch: area 9.0 < 20; long_side 4.0 < 10; skeleton_aspect 1.429 < 2.5; box_aspect 1.333 < 1.5
[CLEAN C858] REJECT Pit: area 9.0 < 32
[CLEAN C859] type=Pit area=52.0 perimeter=29.7 bbox=(373,617,7,11) long=10.0 box_short=6.0 box_aspect=1.667 skeleton_width=4.39 skeleton_range=2.00-8.00 skeleton_aspect=2.276 merge_ratio=1.183 circularity=0.743
[MEASURE C859] Pit diameter=0.268293 mm valid=True
Pit: area = 52.0 diameter_mm = 0.2682928144931793 circularity = 0.7429559153356595
[CLEAN C860] type=Rejected area=1.0 perimeter=4.0 bbox=(151,617,2,2) long=1.0 box_short=1.0 box_aspect=1.000 skeleton_width=2.00 skeleton_range=2.00-2.00 skeleton_aspect=0.500 merge_ratio=0.500 circularity=0.785
[CLEAN C860] REJECT Scratch: area 1.0 < 20; long_side 1.0 < 10; skeleton_aspect 0.500 < 2.5; box_aspect 1.000 < 1.5
[CLEAN C860] REJECT Pit: area 1.0 < 32
[CLEAN C861] type=Rejected area=19.5 perimeter=23.9 bbox=(110,617,8,7) long=8.0 box_short=4.9 box_aspect=1.636 skeleton_width=2.80 skeleton_range=2.00-4.00 skeleton_aspect=2.875 merge_ratio=0.865 circularity=0.429
[CLEAN C861] REJECT Scratch: area 19.5 < 20; long_side 8.0 < 10
[CLEAN C861] REJECT Pit: area 19.5 < 32; circularity 0.429 < 0.55
[CLEAN C862] type=Rejected area=2.0 perimeter=6.0 bbox=(1203,616,3,2) long=2.0 box_short=1.0 box_aspect=2.000 skeleton_width=2.00 skeleton_range=2.00-2.00 skeleton_aspect=1.000 merge_ratio=0.500 circularity=0.698
[CLEAN C862] REJECT Scratch: area 2.0 < 20; long_side 2.0 < 10; skeleton_aspect 1.000 < 2.5
[CLEAN C862] REJECT Pit: area 2.0 < 32
[CLEAN C863] type=Rejected area=1.0 perimeter=4.0 bbox=(1101,616,2,2) long=1.0 box_short=1.0 box_aspect=1.000 skeleton_width=2.00 skeleton_range=2.00-2.00 skeleton_aspect=0.500 merge_ratio=0.500 circularity=0.785
[CLEAN C863] REJECT Scratch: area 1.0 < 20; long_side 1.0 < 10; skeleton_aspect 0.500 < 2.5; box_aspect 1.000 < 1.5
[CLEAN C863] REJECT Pit: area 1.0 < 32
[CLEAN C864] type=Rejected area=11.5 perimeter=16.2 bbox=(997,616,6,5) long=5.8 box_short=3.2 box_aspect=1.846 skeleton_width=2.80 skeleton_range=2.00-4.00 skeleton_aspect=2.079 merge_ratio=0.706 circularity=0.548
[CLEAN C864] REJECT Scratch: area 11.5 < 20; long_side 5.8 < 10; skeleton_aspect 2.079 < 2.5
[CLEAN C864] REJECT Pit: area 11.5 < 32; circularity 0.548 < 0.55
[CLEAN C865] type=Rejected area=7.5 perimeter=10.2 bbox=(882,616,4,4) long=3.0 box_short=3.0 box_aspect=1.000 skeleton_width=2.80 skeleton_range=2.00-4.00 skeleton_aspect=1.071 merge_ratio=0.893 circularity=0.898
[CLEAN C865] REJECT Scratch: area 7.5 < 20; long_side 3.0 < 10; skeleton_aspect 1.071 < 2.5; box_aspect 1.000 < 1.5
[CLEAN C865] REJECT Pit: area 7.5 < 32
[CLEAN C866] type=Rejected candidate=Scratch area=83.5 perimeter=63.2 bbox=(618,616,12,26) long=26.6 box_short=7.8 box_aspect=3.423 skeleton_width=4.00 skeleton_range=2.00-6.00 skeleton_aspect=6.642 merge_ratio=0.786 circularity=0.263
[CLEAN C866] REJECT Scratch: 尺寸 0.123447 mm < 0.25 mm
[MEASURE C866] Scratch width=0.123447 mm valid=False
[CLEAN C867] type=Rejected area=14.0 perimeter=16.5 bbox=(752,615,6,6) long=5.7 box_short=3.5 box_aspect=1.600 skeleton_width=2.80 skeleton_range=2.00-4.00 skeleton_aspect=2.020 merge_ratio=0.884 circularity=0.647
[CLEAN C867] REJECT Scratch: area 14.0 < 20; long_side 5.7 < 10; skeleton_aspect 2.020 < 2.5
[CLEAN C867] REJECT Pit: area 14.0 < 32
[CLEAN C868] type=Rejected area=24.5 perimeter=19.1 bbox=(332,615,7,6) long=6.0 box_short=5.0 box_aspect=1.200 skeleton_width=4.39 skeleton_range=2.00-5.60 skeleton_aspect=1.366 merge_ratio=0.929 circularity=0.846
[CLEAN C868] REJECT Scratch: long_side 6.0 < 10; skeleton_aspect 1.366 < 2.5; box_aspect 1.200 < 1.5
[CLEAN C868] REJECT Pit: area 24.5 < 32
[CLEAN C869] type=Rejected area=13.5 perimeter=15.4 bbox=(1085,614,6,4) long=5.0 box_short=3.0 box_aspect=1.667 skeleton_width=4.00 skeleton_range=2.00-4.00 skeleton_aspect=1.250 merge_ratio=0.675 circularity=0.714
[CLEAN C869] REJECT Scratch: area 13.5 < 20; long_side 5.0 < 10; skeleton_aspect 1.250 < 2.5
[CLEAN C869] REJECT Pit: area 13.5 < 32
[CLEAN C870] type=Rejected candidate=Scratch area=61.0 perimeter=36.1 bbox=(451,614,8,15) long=14.2 box_short=6.6 box_aspect=2.143 skeleton_width=5.60 skeleton_range=2.00-6.39 skeleton_aspect=2.541 merge_ratio=0.765 circularity=0.587
[CLEAN C870] REJECT Scratch: 尺寸 0.202396 mm < 0.25 mm
[MEASURE C870] Scratch width=0.202396 mm valid=False
[CLEAN C871] type=Rejected area=1.0 perimeter=4.0 bbox=(291,614,2,2) long=1.0 box_short=1.0 box_aspect=1.000 skeleton_width=2.00 skeleton_range=2.00-2.00 skeleton_aspect=0.500 merge_ratio=0.500 circularity=0.785
[CLEAN C871] REJECT Scratch: area 1.0 < 20; long_side 1.0 < 10; skeleton_aspect 0.500 < 2.5; box_aspect 1.000 < 1.5
[CLEAN C871] REJECT Pit: area 1.0 < 32
[CLEAN C872] type=Rejected area=19.0 perimeter=33.3 bbox=(1170,613,5,14) long=13.0 box_short=4.0 box_aspect=3.250 skeleton_width=2.00 skeleton_range=2.00-4.00 skeleton_aspect=6.500 merge_ratio=0.731 circularity=0.215
[CLEAN C872] REJECT Scratch: area 19.0 < 20
[CLEAN C872] REJECT Pit: area 19.0 < 32; circularity 0.215 < 0.55
[CLEAN C873] type=Rejected area=8.0 perimeter=10.8 bbox=(692,612,4,4) long=3.0 box_short=3.0 box_aspect=1.000 skeleton_width=2.80 skeleton_range=2.00-4.00 skeleton_aspect=1.071 merge_ratio=0.952 circularity=0.857
[CLEAN C873] REJECT Scratch: area 8.0 < 20; long_side 3.0 < 10; skeleton_aspect 1.071 < 2.5; box_aspect 1.000 < 1.5
[CLEAN C873] REJECT Pit: area 8.0 < 32
[CLEAN C874] type=Rejected area=17.0 perimeter=25.3 bbox=(1014,611,10,6) long=9.2 box_short=4.6 box_aspect=2.000 skeleton_width=2.80 skeleton_range=2.00-4.00 skeleton_aspect=3.278 merge_ratio=0.661 circularity=0.333
[CLEAN C874] REJECT Scratch: area 17.0 < 20; long_side 9.2 < 10
[CLEAN C874] REJECT Pit: area 17.0 < 32; circularity 0.333 < 0.55
[CLEAN C875] type=Rejected area=8.0 perimeter=10.8 bbox=(395,611,4,4) long=3.0 box_short=3.0 box_aspect=1.000 skeleton_width=2.80 skeleton_range=2.00-4.00 skeleton_aspect=1.071 merge_ratio=0.952 circularity=0.857
[CLEAN C875] REJECT Scratch: area 8.0 < 20; long_side 3.0 < 10; skeleton_aspect 1.071 < 2.5; box_aspect 1.000 < 1.5
[CLEAN C875] REJECT Pit: area 8.0 < 32
[CLEAN C876] type=Rejected candidate=Scratch area=75.5 perimeter=76.0 bbox=(1182,609,11,32) long=32.5 box_short=6.5 box_aspect=4.973 skeleton_width=2.80 skeleton_range=2.00-5.60 skeleton_aspect=11.618 merge_ratio=0.829 circularity=0.164
[CLEAN C876] REJECT Scratch: 不可测: 划痕最大宽度点超出中央有效测量区域
[MEASURE C876] Scratch 不可测: 划痕最大宽度点超出中央有效测量区域
[CLEAN C877] type=Rejected area=11.0 perimeter=12.8 bbox=(892,609,5,4) long=4.0 box_short=3.0 box_aspect=1.333 skeleton_width=3.40 skeleton_range=2.00-4.00 skeleton_aspect=1.176 merge_ratio=0.809 circularity=0.840
[CLEAN C877] REJECT Scratch: area 11.0 < 20; long_side 4.0 < 10; skeleton_aspect 1.176 < 2.5; box_aspect 1.333 < 1.5
[CLEAN C877] REJECT Pit: area 11.0 < 32
[CLEAN C878] type=Pit area=110.0 perimeter=48.1 bbox=(605,609,12,16) long=15.0 box_short=11.0 box_aspect=1.364 skeleton_width=6.00 skeleton_range=2.00-9.99 skeleton_aspect=2.500 merge_ratio=1.222 circularity=0.596
[MEASURE C878] Pit diameter=0.380916 mm valid=True
Pit: area = 110.0 diameter_mm = 0.3809158205986023 circularity = 0.5964195208654138
[CLEAN C879] type=Rejected area=1.0 perimeter=4.0 bbox=(1253,608,2,2) long=1.0 box_short=1.0 box_aspect=1.000 skeleton_width=2.00 skeleton_range=2.00-2.00 skeleton_aspect=0.500 merge_ratio=0.500 circularity=0.785
[CLEAN C879] REJECT Scratch: area 1.0 < 20; long_side 1.0 < 10; skeleton_aspect 0.500 < 2.5; box_aspect 1.000 < 1.5
[CLEAN C879] REJECT Pit: area 1.0 < 32
[CLEAN C880] type=Rejected area=23.5 perimeter=22.2 bbox=(1104,608,6,7) long=6.0 box_short=5.0 box_aspect=1.200 skeleton_width=4.00 skeleton_range=2.00-4.39 skeleton_aspect=1.500 merge_ratio=0.979 circularity=0.597
[CLEAN C880] REJECT Scratch: long_side 6.0 < 10; skeleton_aspect 1.500 < 2.5; box_aspect 1.200 < 1.5
[CLEAN C880] REJECT Pit: area 23.5 < 32
[CLEAN C881] type=Rejected area=1.0 perimeter=4.0 bbox=(460,608,2,2) long=1.0 box_short=1.0 box_aspect=1.000 skeleton_width=2.00 skeleton_range=2.00-2.00 skeleton_aspect=0.500 merge_ratio=0.500 circularity=0.785
[CLEAN C881] REJECT Scratch: area 1.0 < 20; long_side 1.0 < 10; skeleton_aspect 0.500 < 2.5; box_aspect 1.000 < 1.5
[CLEAN C881] REJECT Pit: area 1.0 < 32
[CLEAN C882] type=Rejected area=21.0 perimeter=21.3 bbox=(642,607,7,8) long=9.2 box_short=3.5 box_aspect=2.600 skeleton_width=2.80 skeleton_range=2.00-4.39 skeleton_aspect=3.283 merge_ratio=0.816 circularity=0.581
[CLEAN C882] REJECT Scratch: long_side 9.2 < 10
[CLEAN C882] REJECT Pit: area 21.0 < 32
[CLEAN C883] type=Rejected area=24.5 perimeter=23.1 bbox=(964,606,8,7) long=6.7 box_short=6.3 box_aspect=1.071 skeleton_width=2.00 skeleton_range=2.00-5.60 skeleton_aspect=3.354 merge_ratio=1.826 circularity=0.578
[CLEAN C883] REJECT Scratch: long_side 6.7 < 10; box_aspect 1.071 < 1.5
[CLEAN C883] REJECT Pit: area 24.5 < 32
[CLEAN C884] type=Rejected candidate=Scratch area=231.5 perimeter=154.3 bbox=(867,606,14,57) long=56.2 box_short=12.0 box_aspect=4.685 skeleton_width=4.00 skeleton_range=2.00-7.19 skeleton_aspect=14.052 merge_ratio=1.030 circularity=0.122
[CLEAN C884] REJECT Scratch: 尺寸 0.230009 mm < 0.25 mm
[MEASURE C884] Scratch width=0.230009 mm valid=False
[CLEAN C885] type=Rejected candidate=Scratch area=30.5 perimeter=37.6 bbox=(702,606,13,10) long=15.0 box_short=5.5 box_aspect=2.700 skeleton_width=2.80 skeleton_range=2.00-4.39 skeleton_aspect=5.349 merge_ratio=0.727 circularity=0.272
[CLEAN C885] REJECT Scratch: 尺寸 0.106033 mm < 0.25 mm
[MEASURE C885] Scratch width=0.106033 mm valid=False
[CLEAN C886] type=Rejected area=16.5 perimeter=20.2 bbox=(672,606,4,9) long=8.0 box_short=3.0 box_aspect=2.667 skeleton_width=2.80 skeleton_range=2.00-4.00 skeleton_aspect=2.857 merge_ratio=0.737 circularity=0.506
[CLEAN C886] REJECT Scratch: area 16.5 < 20; long_side 8.0 < 10
[CLEAN C886] REJECT Pit: area 16.5 < 32; circularity 0.506 < 0.55
[CLEAN C887] type=Rejected area=3.5 perimeter=7.4 bbox=(1030,605,3,3) long=2.0 box_short=2.0 box_aspect=1.000 skeleton_width=2.00 skeleton_range=2.00-2.80 skeleton_aspect=1.000 merge_ratio=0.875 circularity=0.800
[CLEAN C887] REJECT Scratch: area 3.5 < 20; long_side 2.0 < 10; skeleton_aspect 1.000 < 2.5; box_aspect 1.000 < 1.5
[CLEAN C887] REJECT Pit: area 3.5 < 32
[CLEAN C888] type=Rejected candidate=Scratch area=60.0 perimeter=45.3 bbox=(1128,604,19,8) long=19.1 box_short=5.3 box_aspect=3.592 skeleton_width=4.00 skeleton_range=2.00-6.00 skeleton_aspect=4.772 merge_ratio=0.786 circularity=0.367
[CLEAN C888] REJECT Scratch: 不可测: 划痕最大宽度点超出中央有效测量区域
[MEASURE C888] Scratch 不可测: 划痕最大宽度点超出中央有效测量区域
[CLEAN C889] type=Rejected area=1.0 perimeter=4.0 bbox=(1080,604,2,2) long=1.0 box_short=1.0 box_aspect=1.000 skeleton_width=2.00 skeleton_range=2.00-2.00 skeleton_aspect=0.500 merge_ratio=0.500 circularity=0.785
[CLEAN C889] REJECT Scratch: area 1.0 < 20; long_side 1.0 < 10; skeleton_aspect 0.500 < 2.5; box_aspect 1.000 < 1.5
[CLEAN C889] REJECT Pit: area 1.0 < 32
[CLEAN C890] type=Rejected area=9.5 perimeter=13.4 bbox=(829,604,6,3) long=5.0 box_short=2.0 box_aspect=2.500 skeleton_width=2.80 skeleton_range=2.00-4.00 skeleton_aspect=1.786 merge_ratio=0.679 circularity=0.663
[CLEAN C890] REJECT Scratch: area 9.5 < 20; long_side 5.0 < 10; skeleton_aspect 1.786 < 2.5
[CLEAN C890] REJECT Pit: area 9.5 < 32
[CLEAN C891] type=Rejected area=3.0 perimeter=8.0 bbox=(793,604,2,4) long=3.0 box_short=1.0 box_aspect=3.000 skeleton_width=2.00 skeleton_range=2.00-2.00 skeleton_aspect=1.500 merge_ratio=0.500 circularity=0.589
[CLEAN C891] REJECT Scratch: area 3.0 < 20; long_side 3.0 < 10; skeleton_aspect 1.500 < 2.5
[CLEAN C891] REJECT Pit: area 3.0 < 32
[CLEAN C892] type=Rejected area=3.5 perimeter=7.4 bbox=(597,604,3,3) long=2.0 box_short=2.0 box_aspect=1.000 skeleton_width=2.00 skeleton_range=2.00-2.80 skeleton_aspect=1.000 merge_ratio=0.875 circularity=0.800
[CLEAN C892] REJECT Scratch: area 3.5 < 20; long_side 2.0 < 10; skeleton_aspect 1.000 < 2.5; box_aspect 1.000 < 1.5
[CLEAN C892] REJECT Pit: area 3.5 < 32
[CLEAN C893] type=Rejected area=4.0 perimeter=8.0 bbox=(28,604,3,3) long=2.0 box_short=2.0 box_aspect=1.000 skeleton_width=2.00 skeleton_range=2.00-4.00 skeleton_aspect=1.000 merge_ratio=1.000 circularity=0.785
[CLEAN C893] REJECT Scratch: area 4.0 < 20; long_side 2.0 < 10; skeleton_aspect 1.000 < 2.5; box_aspect 1.000 < 1.5
[CLEAN C893] REJECT Pit: area 4.0 < 32
[CLEAN C894] type=Rejected area=17.0 perimeter=17.7 bbox=(1152,603,7,5) long=6.0 box_short=4.0 box_aspect=1.500 skeleton_width=4.00 skeleton_range=2.00-4.39 skeleton_aspect=1.500 merge_ratio=0.708 circularity=0.685
[CLEAN C894] REJECT Scratch: area 17.0 < 20; long_side 6.0 < 10; skeleton_aspect 1.500 < 2.5
[CLEAN C894] REJECT Pit: area 17.0 < 32
[CLEAN C895] type=Rejected area=13.0 perimeter=17.7 bbox=(755,603,5,7) long=6.3 box_short=3.7 box_aspect=1.684 skeleton_width=2.80 skeleton_range=2.00-4.00 skeleton_aspect=2.241 merge_ratio=0.740 circularity=0.524
[CLEAN C895] REJECT Scratch: area 13.0 < 20; long_side 6.3 < 10; skeleton_aspect 2.241 < 2.5
[CLEAN C895] REJECT Pit: area 13.0 < 32; circularity 0.524 < 0.55
[CLEAN C896] type=Rejected area=5.0 perimeter=8.8 bbox=(153,603,4,3) long=3.0 box_short=2.0 box_aspect=1.500 skeleton_width=2.40 skeleton_range=2.00-2.80 skeleton_aspect=1.250 merge_ratio=0.694 circularity=0.806
[CLEAN C896] REJECT Scratch: area 5.0 < 20; long_side 3.0 < 10; skeleton_aspect 1.250 < 2.5
[CLEAN C896] REJECT Pit: area 5.0 < 32
[CLEAN C897] type=Rejected area=5.0 perimeter=8.8 bbox=(1087,602,3,4) long=3.0 box_short=2.0 box_aspect=1.500 skeleton_width=2.40 skeleton_range=2.00-2.80 skeleton_aspect=1.250 merge_ratio=0.694 circularity=0.806
[CLEAN C897] REJECT Scratch: area 5.0 < 20; long_side 3.0 < 10; skeleton_aspect 1.250 < 2.5
[CLEAN C897] REJECT Pit: area 5.0 < 32
[CLEAN C898] type=Rejected candidate=Scratch area=52.5 perimeter=49.2 bbox=(1055,602,16,11) long=16.2 box_short=7.8 box_aspect=2.094 skeleton_width=3.40 skeleton_range=2.00-5.60 skeleton_aspect=4.779 merge_ratio=0.950 circularity=0.272
[CLEAN C898] REJECT Scratch: 不可测: 划痕最大宽度点超出中央有效测量区域
[MEASURE C898] Scratch 不可测: 划痕最大宽度点超出中央有效测量区域
[CLEAN C899] type=Rejected area=4.0 perimeter=12.8 bbox=(436,602,3,6) long=5.3 box_short=1.5 box_aspect=3.667 skeleton_width=2.00 skeleton_range=2.00-2.00 skeleton_aspect=2.668 merge_ratio=0.375 circularity=0.305
[CLEAN C899] REJECT Scratch: area 4.0 < 20; long_side 5.3 < 10
[CLEAN C899] REJECT Pit: area 4.0 < 32; circularity 0.305 < 0.55
[CLEAN C900] type=Rejected candidate=Scratch area=21.5 perimeter=33.9 bbox=(421,602,5,15) long=14.5 box_short=2.9 box_aspect=4.933 skeleton_width=2.00 skeleton_range=2.00-4.00 skeleton_aspect=7.256 merge_ratio=0.741 circularity=0.235
[CLEAN C900] REJECT Scratch: 尺寸 0.081150 mm < 0.25 mm
[MEASURE C900] Scratch width=0.081150 mm valid=False
[CLEAN C901] type=Rejected area=1.0 perimeter=4.0 bbox=(941,601,2,2) long=1.0 box_short=1.0 box_aspect=1.000 skeleton_width=2.00 skeleton_range=2.00-2.00 skeleton_aspect=0.500 merge_ratio=0.500 circularity=0.785
[CLEAN C901] REJECT Scratch: area 1.0 < 20; long_side 1.0 < 10; skeleton_aspect 0.500 < 2.5; box_aspect 1.000 < 1.5
[CLEAN C901] REJECT Pit: area 1.0 < 32
[CLEAN C902] type=Rejected candidate=Scratch area=95.0 perimeter=102.1 bbox=(387,601,5,49) long=48.0 box_short=4.0 box_aspect=12.000 skeleton_width=4.00 skeleton_range=2.00-4.00 skeleton_aspect=12.000 merge_ratio=0.495 circularity=0.114
[CLEAN C902] REJECT Scratch: 尺寸 0.082963 mm < 0.25 mm
[MEASURE C902] Scratch width=0.082963 mm valid=False
[CLEAN C903] type=Rejected area=2.0 perimeter=6.0 bbox=(110,601,2,3) long=2.0 box_short=1.0 box_aspect=2.000 skeleton_width=2.00 skeleton_range=2.00-2.00 skeleton_aspect=1.000 merge_ratio=0.500 circularity=0.698
[CLEAN C903] REJECT Scratch: area 2.0 < 20; long_side 2.0 < 10; skeleton_aspect 1.000 < 2.5
[CLEAN C903] REJECT Pit: area 2.0 < 32
[CLEAN C904] type=Rejected area=7.0 perimeter=10.8 bbox=(38,601,3,5) long=4.0 box_short=2.0 box_aspect=2.000 skeleton_width=2.80 skeleton_range=2.00-4.00 skeleton_aspect=1.429 merge_ratio=0.625 circularity=0.750
[CLEAN C904] REJECT Scratch: area 7.0 < 20; long_side 4.0 < 10; skeleton_aspect 1.429 < 2.5
[CLEAN C904] REJECT Pit: area 7.0 < 32
[CLEAN C905] type=Rejected area=9.5 perimeter=12.2 bbox=(1037,600,5,4) long=4.0 box_short=3.0 box_aspect=1.333 skeleton_width=2.80 skeleton_range=2.00-4.00 skeleton_aspect=1.429 merge_ratio=0.848 circularity=0.796
[CLEAN C905] REJECT Scratch: area 9.5 < 20; long_side 4.0 < 10; skeleton_aspect 1.429 < 2.5; box_aspect 1.333 < 1.5
[CLEAN C905] REJECT Pit: area 9.5 < 32
[CLEAN C906] type=Rejected area=1.0 perimeter=4.0 bbox=(909,600,2,2) long=1.0 box_short=1.0 box_aspect=1.000 skeleton_width=2.00 skeleton_range=2.00-2.00 skeleton_aspect=0.500 merge_ratio=0.500 circularity=0.785
[CLEAN C906] REJECT Scratch: area 1.0 < 20; long_side 1.0 < 10; skeleton_aspect 0.500 < 2.5; box_aspect 1.000 < 1.5
[CLEAN C906] REJECT Pit: area 1.0 < 32
[CLEAN C907] type=Rejected area=20.5 perimeter=21.9 bbox=(781,600,6,9) long=8.2 box_short=3.8 box_aspect=2.167 skeleton_width=2.80 skeleton_range=2.00-4.00 skeleton_aspect=2.936 merge_ratio=0.890 circularity=0.537
[CLEAN C907] REJECT Scratch: long_side 8.2 < 10
[CLEAN C907] REJECT Pit: area 20.5 < 32; circularity 0.537 < 0.55
[CLEAN C908] type=Rejected area=1.0 perimeter=4.0 bbox=(905,599,2,2) long=1.0 box_short=1.0 box_aspect=1.000 skeleton_width=2.00 skeleton_range=2.00-2.00 skeleton_aspect=0.500 merge_ratio=0.500 circularity=0.785
[CLEAN C908] REJECT Scratch: area 1.0 < 20; long_side 1.0 < 10; skeleton_aspect 0.500 < 2.5; box_aspect 1.000 < 1.5
[CLEAN C908] REJECT Pit: area 1.0 < 32
[CLEAN C909] type=Rejected candidate=Scratch area=38.0 perimeter=37.3 bbox=(628,598,7,16) long=15.5 box_short=4.6 box_aspect=3.404 skeleton_width=4.00 skeleton_range=2.00-4.39 skeleton_aspect=3.881 merge_ratio=0.612 circularity=0.343
[CLEAN C909] REJECT Scratch: 尺寸 0.076416 mm < 0.25 mm
[MEASURE C909] Scratch width=0.076416 mm valid=False
[CLEAN C910] type=Rejected area=6.0 perimeter=10.0 bbox=(310,598,4,3) long=3.0 box_short=2.0 box_aspect=1.500 skeleton_width=2.00 skeleton_range=2.00-4.00 skeleton_aspect=1.500 merge_ratio=1.000 circularity=0.754
[CLEAN C910] REJECT Scratch: area 6.0 < 20; long_side 3.0 < 10; skeleton_aspect 1.500 < 2.5
[CLEAN C910] REJECT Pit: area 6.0 < 32
[CLEAN C911] type=Rejected area=5.0 perimeter=8.8 bbox=(1105,597,3,4) long=3.0 box_short=2.0 box_aspect=1.500 skeleton_width=2.40 skeleton_range=2.00-2.80 skeleton_aspect=1.250 merge_ratio=0.694 circularity=0.806
[CLEAN C911] REJECT Scratch: area 5.0 < 20; long_side 3.0 < 10; skeleton_aspect 1.250 < 2.5
[CLEAN C911] REJECT Pit: area 5.0 < 32
[CLEAN C912] type=Rejected area=4.0 perimeter=8.8 bbox=(1093,597,3,4) long=3.0 box_short=2.0 box_aspect=1.500 skeleton_width=2.00 skeleton_range=2.00-2.80 skeleton_aspect=1.500 merge_ratio=0.667 circularity=0.645
[CLEAN C912] REJECT Scratch: area 4.0 < 20; long_side 3.0 < 10; skeleton_aspect 1.500 < 2.5
[CLEAN C912] REJECT Pit: area 4.0 < 32
[CLEAN C913] type=Rejected area=1.0 perimeter=4.0 bbox=(853,597,2,2) long=1.0 box_short=1.0 box_aspect=1.000 skeleton_width=2.00 skeleton_range=2.00-2.00 skeleton_aspect=0.500 merge_ratio=0.500 circularity=0.785
[CLEAN C913] REJECT Scratch: area 1.0 < 20; long_side 1.0 < 10; skeleton_aspect 0.500 < 2.5; box_aspect 1.000 < 1.5
[CLEAN C913] REJECT Pit: area 1.0 < 32
[CLEAN C914] type=Rejected candidate=Scratch area=69.5 perimeter=54.9 bbox=(176,597,13,19) long=21.1 box_short=9.2 box_aspect=2.295 skeleton_width=4.00 skeleton_range=2.00-6.00 skeleton_aspect=5.265 merge_ratio=0.825 circularity=0.290
[CLEAN C914] REJECT Scratch: 不可测: 划痕最大宽度点超出中央有效测量区域
[MEASURE C914] Scratch 不可测: 划痕最大宽度点超出中央有效测量区域
[CLEAN C915] type=Rejected area=12.0 perimeter=15.7 bbox=(639,596,4,7) long=6.0 box_short=2.8 box_aspect=2.111 skeleton_width=2.80 skeleton_range=2.00-4.00 skeleton_aspect=2.146 merge_ratio=0.713 circularity=0.615
[CLEAN C915] REJECT Scratch: area 12.0 < 20; long_side 6.0 < 10; skeleton_aspect 2.146 < 2.5
[CLEAN C915] REJECT Pit: area 12.0 < 32
[CLEAN C916] type=Rejected area=4.0 perimeter=8.8 bbox=(523,596,4,3) long=3.0 box_short=2.0 box_aspect=1.500 skeleton_width=2.00 skeleton_range=2.00-2.80 skeleton_aspect=1.500 merge_ratio=0.667 circularity=0.645
[CLEAN C916] REJECT Scratch: area 4.0 < 20; long_side 3.0 < 10; skeleton_aspect 1.500 < 2.5
[CLEAN C916] REJECT Pit: area 4.0 < 32
[CLEAN C917] type=Rejected area=9.0 perimeter=20.0 bbox=(466,596,2,10) long=9.0 box_short=1.0 box_aspect=9.000 skeleton_width=2.00 skeleton_range=2.00-2.00 skeleton_aspect=4.500 merge_ratio=0.500 circularity=0.283
[CLEAN C917] REJECT Scratch: area 9.0 < 20; long_side 9.0 < 10
[CLEAN C917] REJECT Pit: area 9.0 < 32; circularity 0.283 < 0.55; aspect_ratio 9.000 > 5.0
[CLEAN C918] type=Rejected area=9.0 perimeter=14.8 bbox=(394,596,3,7) long=6.0 box_short=2.0 box_aspect=3.000 skeleton_width=2.00 skeleton_range=2.00-4.00 skeleton_aspect=3.000 merge_ratio=0.750 circularity=0.514
[CLEAN C918] REJECT Scratch: area 9.0 < 20; long_side 6.0 < 10
[CLEAN C918] REJECT Pit: area 9.0 < 32; circularity 0.514 < 0.55
[CLEAN C919] type=Rejected area=7.0 perimeter=14.8 bbox=(1180,595,3,7) long=6.0 box_short=2.0 box_aspect=3.000 skeleton_width=2.00 skeleton_range=2.00-2.80 skeleton_aspect=3.000 merge_ratio=0.583 circularity=0.400
[CLEAN C919] REJECT Scratch: area 7.0 < 20; long_side 6.0 < 10
[CLEAN C919] REJECT Pit: area 7.0 < 32; circularity 0.400 < 0.55
[CLEAN C920] type=Rejected area=2.0 perimeter=6.0 bbox=(784,595,3,2) long=2.0 box_short=1.0 box_aspect=2.000 skeleton_width=2.00 skeleton_range=2.00-2.00 skeleton_aspect=1.000 merge_ratio=0.500 circularity=0.698
[CLEAN C920] REJECT Scratch: area 2.0 < 20; long_side 2.0 < 10; skeleton_aspect 1.000 < 2.5
[CLEAN C920] REJECT Pit: area 2.0 < 32
[CLEAN C921] type=Rejected candidate=Scratch area=140.0 perimeter=75.9 bbox=(722,595,15,26) long=26.2 box_short=9.5 box_aspect=2.765 skeleton_width=4.00 skeleton_range=2.00-8.79 skeleton_aspect=6.546 merge_ratio=1.337 circularity=0.305
[CLEAN C921] REJECT Scratch: 尺寸 0.207144 mm < 0.25 mm
[MEASURE C921] Scratch width=0.207144 mm valid=False
[CLEAN C922] type=Rejected area=14.0 perimeter=18.5 bbox=(617,595,8,4) long=7.0 box_short=3.0 box_aspect=2.333 skeleton_width=2.80 skeleton_range=2.00-4.00 skeleton_aspect=2.500 merge_ratio=0.714 circularity=0.515
[CLEAN C922] REJECT Scratch: area 14.0 < 20; long_side 7.0 < 10
[CLEAN C922] REJECT Pit: area 14.0 < 32; circularity 0.515 < 0.55
[CLEAN C923] type=Rejected area=2.0 perimeter=6.0 bbox=(607,595,2,3) long=2.0 box_short=1.0 box_aspect=2.000 skeleton_width=2.00 skeleton_range=2.00-2.00 skeleton_aspect=1.000 merge_ratio=0.500 circularity=0.698
[CLEAN C923] REJECT Scratch: area 2.0 < 20; long_side 2.0 < 10; skeleton_aspect 1.000 < 2.5
[CLEAN C923] REJECT Pit: area 2.0 < 32
[CLEAN C924] type=Rejected area=1.0 perimeter=4.0 bbox=(586,595,2,2) long=1.0 box_short=1.0 box_aspect=1.000 skeleton_width=2.00 skeleton_range=2.00-2.00 skeleton_aspect=0.500 merge_ratio=0.500 circularity=0.785
[CLEAN C924] REJECT Scratch: area 1.0 < 20; long_side 1.0 < 10; skeleton_aspect 0.500 < 2.5; box_aspect 1.000 < 1.5
[CLEAN C924] REJECT Pit: area 1.0 < 32
[CLEAN C925] type=Rejected candidate=Scratch area=183.5 perimeter=125.5 bbox=(88,595,18,41) long=42.0 box_short=14.5 box_aspect=2.895 skeleton_width=4.00 skeleton_range=2.00-7.19 skeleton_aspect=10.504 merge_ratio=1.092 circularity=0.146
[CLEAN C925] REJECT Scratch: 不可测: 划痕最大宽度点超出中央有效测量区域
[MEASURE C925] Scratch 不可测: 划痕最大宽度点超出中央有效测量区域
[CLEAN C926] type=Rejected area=1.0 perimeter=4.0 bbox=(1056,594,2,2) long=1.0 box_short=1.0 box_aspect=1.000 skeleton_width=2.00 skeleton_range=2.00-2.00 skeleton_aspect=0.500 merge_ratio=0.500 circularity=0.785
[CLEAN C926] REJECT Scratch: area 1.0 < 20; long_side 1.0 < 10; skeleton_aspect 0.500 < 2.5; box_aspect 1.000 < 1.5
[CLEAN C926] REJECT Pit: area 1.0 < 32
[CLEAN C927] type=Rejected area=7.0 perimeter=10.8 bbox=(803,594,4,4) long=3.0 box_short=3.0 box_aspect=1.000 skeleton_width=2.40 skeleton_range=2.00-4.00 skeleton_aspect=1.250 merge_ratio=0.972 circularity=0.750
[CLEAN C927] REJECT Scratch: area 7.0 < 20; long_side 3.0 < 10; skeleton_aspect 1.250 < 2.5; box_aspect 1.000 < 1.5
[CLEAN C927] REJECT Pit: area 7.0 < 32
[CLEAN C928] type=Rejected area=8.5 perimeter=12.2 bbox=(345,593,5,4) long=4.0 box_short=3.0 box_aspect=1.333 skeleton_width=2.80 skeleton_range=2.00-4.00 skeleton_aspect=1.429 merge_ratio=0.759 circularity=0.713
[CLEAN C928] REJECT Scratch: area 8.5 < 20; long_side 4.0 < 10; skeleton_aspect 1.429 < 2.5; box_aspect 1.333 < 1.5
[CLEAN C928] REJECT Pit: area 8.5 < 32
[CLEAN C929] type=Rejected area=1.0 perimeter=4.0 bbox=(938,592,2,2) long=1.0 box_short=1.0 box_aspect=1.000 skeleton_width=2.00 skeleton_range=2.00-2.00 skeleton_aspect=0.500 merge_ratio=0.500 circularity=0.785
[CLEAN C929] REJECT Scratch: area 1.0 < 20; long_side 1.0 < 10; skeleton_aspect 0.500 < 2.5; box_aspect 1.000 < 1.5
[CLEAN C929] REJECT Pit: area 1.0 < 32
[CLEAN C930] type=Rejected area=1.0 perimeter=4.0 bbox=(765,592,2,2) long=1.0 box_short=1.0 box_aspect=1.000 skeleton_width=2.00 skeleton_range=2.00-2.00 skeleton_aspect=0.500 merge_ratio=0.500 circularity=0.785
[CLEAN C930] REJECT Scratch: area 1.0 < 20; long_side 1.0 < 10; skeleton_aspect 0.500 < 2.5; box_aspect 1.000 < 1.5
[CLEAN C930] REJECT Pit: area 1.0 < 32
[CLEAN C931] type=Rejected area=22.5 perimeter=23.1 bbox=(651,592,5,10) long=9.0 box_short=4.0 box_aspect=2.250 skeleton_width=4.00 skeleton_range=2.00-4.00 skeleton_aspect=2.250 merge_ratio=0.625 circularity=0.531
[CLEAN C931] REJECT Scratch: long_side 9.0 < 10; skeleton_aspect 2.250 < 2.5
[CLEAN C931] REJECT Pit: area 22.5 < 32; circularity 0.531 < 0.55
[CLEAN C932] type=Rejected area=22.5 perimeter=19.1 bbox=(1024,591,7,6) long=6.0 box_short=5.0 box_aspect=1.200 skeleton_width=4.00 skeleton_range=2.00-5.60 skeleton_aspect=1.500 merge_ratio=0.938 circularity=0.777
[CLEAN C932] REJECT Scratch: long_side 6.0 < 10; skeleton_aspect 1.500 < 2.5; box_aspect 1.200 < 1.5
[CLEAN C932] REJECT Pit: area 22.5 < 32
[CLEAN C933] type=Rejected area=4.5 perimeter=9.4 bbox=(1109,590,4,3) long=3.0 box_short=2.0 box_aspect=1.500 skeleton_width=2.00 skeleton_range=2.00-2.80 skeleton_aspect=1.500 merge_ratio=0.750 circularity=0.638
[CLEAN C933] REJECT Scratch: area 4.5 < 20; long_side 3.0 < 10; skeleton_aspect 1.500 < 2.5
[CLEAN C933] REJECT Pit: area 4.5 < 32
[CLEAN C934] type=Rejected area=1.0 perimeter=4.0 bbox=(1060,590,2,2) long=1.0 box_short=1.0 box_aspect=1.000 skeleton_width=2.00 skeleton_range=2.00-2.00 skeleton_aspect=0.500 merge_ratio=0.500 circularity=0.785
[CLEAN C934] REJECT Scratch: area 1.0 < 20; long_side 1.0 < 10; skeleton_aspect 0.500 < 2.5; box_aspect 1.000 < 1.5
[CLEAN C934] REJECT Pit: area 1.0 < 32
[CLEAN C935] type=Rejected area=1.0 perimeter=4.0 bbox=(772,590,2,2) long=1.0 box_short=1.0 box_aspect=1.000 skeleton_width=2.00 skeleton_range=2.00-2.00 skeleton_aspect=0.500 merge_ratio=0.500 circularity=0.785
[CLEAN C935] REJECT Scratch: area 1.0 < 20; long_side 1.0 < 10; skeleton_aspect 0.500 < 2.5; box_aspect 1.000 < 1.5
[CLEAN C935] REJECT Pit: area 1.0 < 32
[CLEAN C936] type=Rejected area=5.5 perimeter=9.4 bbox=(214,590,3,4) long=3.0 box_short=2.0 box_aspect=1.500 skeleton_width=2.00 skeleton_range=2.00-4.00 skeleton_aspect=1.500 merge_ratio=0.917 circularity=0.780
[CLEAN C936] REJECT Scratch: area 5.5 < 20; long_side 3.0 < 10; skeleton_aspect 1.500 < 2.5
[CLEAN C936] REJECT Pit: area 5.5 < 32
[CLEAN C937] type=Rejected area=47.0 perimeter=33.3 bbox=(865,588,9,12) long=9.7 box_short=8.9 box_aspect=1.083 skeleton_width=4.00 skeleton_range=2.00-6.39 skeleton_aspect=2.414 merge_ratio=1.217 circularity=0.532
[CLEAN C937] REJECT Scratch: long_side 9.7 < 10; skeleton_aspect 2.414 < 2.5; box_aspect 1.083 < 1.5
[CLEAN C937] REJECT Pit: circularity 0.532 < 0.55
[CLEAN C938] type=Rejected area=5.0 perimeter=12.8 bbox=(695,588,6,3) long=5.3 box_short=1.7 box_aspect=3.143 skeleton_width=2.00 skeleton_range=2.00-2.00 skeleton_aspect=2.668 merge_ratio=0.469 circularity=0.382
[CLEAN C938] REJECT Scratch: area 5.0 < 20; long_side 5.3 < 10
[CLEAN C938] REJECT Pit: area 5.0 < 32; circularity 0.382 < 0.55
[CLEAN C939] type=Rejected area=5.5 perimeter=9.4 bbox=(421,588,3,4) long=3.0 box_short=2.0 box_aspect=1.500 skeleton_width=2.00 skeleton_range=2.00-4.00 skeleton_aspect=1.500 merge_ratio=0.917 circularity=0.780
[CLEAN C939] REJECT Scratch: area 5.5 < 20; long_side 3.0 < 10; skeleton_aspect 1.500 < 2.5
[CLEAN C939] REJECT Pit: area 5.5 < 32
[CLEAN C940] type=Rejected area=3.0 perimeter=8.0 bbox=(396,588,2,4) long=3.0 box_short=1.0 box_aspect=3.000 skeleton_width=2.00 skeleton_range=2.00-2.00 skeleton_aspect=1.500 merge_ratio=0.500 circularity=0.589
[CLEAN C940] REJECT Scratch: area 3.0 < 20; long_side 3.0 < 10; skeleton_aspect 1.500 < 2.5
[CLEAN C940] REJECT Pit: area 3.0 < 32
[CLEAN C941] type=Rejected candidate=Scratch area=22.0 perimeter=37.3 bbox=(1190,587,7,16) long=16.1 box_short=2.8 box_aspect=5.667 skeleton_width=2.00 skeleton_range=2.00-4.00 skeleton_aspect=8.064 merge_ratio=0.682 circularity=0.199
[CLEAN C941] REJECT Scratch: 不可测: 划痕最大宽度点超出中央有效测量区域
[MEASURE C941] Scratch 不可测: 划痕最大宽度点超出中央有效测量区域
[CLEAN C942] type=Rejected area=17.0 perimeter=22.5 bbox=(1122,587,8,7) long=9.2 box_short=3.9 box_aspect=2.360 skeleton_width=2.80 skeleton_range=2.00-4.00 skeleton_aspect=3.291 merge_ratio=0.659 circularity=0.423
[CLEAN C942] REJECT Scratch: area 17.0 < 20; long_side 9.2 < 10
[CLEAN C942] REJECT Pit: area 17.0 < 32; circularity 0.423 < 0.55
[CLEAN C943] type=Rejected candidate=Scratch area=26.0 perimeter=34.5 bbox=(1037,587,16,4) long=15.0 box_short=3.0 box_aspect=5.000 skeleton_width=2.80 skeleton_range=2.00-4.00 skeleton_aspect=5.357 merge_ratio=0.619 circularity=0.275
[CLEAN C943] REJECT Scratch: 不可测: 划痕最大宽度点超出中央有效测量区域
[MEASURE C943] Scratch 不可测: 划痕最大宽度点超出中央有效测量区域
[CLEAN C944] type=Rejected candidate=Scratch area=39.5 perimeter=36.4 bbox=(953,586,13,11) long=13.4 box_short=5.7 box_aspect=2.375 skeleton_width=2.80 skeleton_range=2.00-5.60 skeleton_aspect=4.798 merge_ratio=1.050 circularity=0.375
[CLEAN C944] REJECT Scratch: 尺寸 0.172360 mm < 0.25 mm
[MEASURE C944] Scratch width=0.172360 mm valid=False
[CLEAN C945] type=Rejected area=1.0 perimeter=4.0 bbox=(885,586,2,2) long=1.0 box_short=1.0 box_aspect=1.000 skeleton_width=2.00 skeleton_range=2.00-2.00 skeleton_aspect=0.500 merge_ratio=0.500 circularity=0.785
[CLEAN C945] REJECT Scratch: area 1.0 < 20; long_side 1.0 < 10; skeleton_aspect 0.500 < 2.5; box_aspect 1.000 < 1.5
[CLEAN C945] REJECT Pit: area 1.0 < 32
[CLEAN C946] type=Rejected area=7.5 perimeter=12.2 bbox=(605,586,5,4) long=4.9 box_short=2.2 box_aspect=2.200 skeleton_width=2.40 skeleton_range=2.00-2.80 skeleton_aspect=2.050 merge_ratio=0.635 circularity=0.629
[CLEAN C946] REJECT Scratch: area 7.5 < 20; long_side 4.9 < 10; skeleton_aspect 2.050 < 2.5
[CLEAN C946] REJECT Pit: area 7.5 < 32
[CLEAN C947] type=Rejected area=16.0 perimeter=27.7 bbox=(455,586,4,12) long=11.0 box_short=3.0 box_aspect=3.667 skeleton_width=2.00 skeleton_range=2.00-4.00 skeleton_aspect=5.500 merge_ratio=0.727 circularity=0.263
[CLEAN C947] REJECT Scratch: area 16.0 < 20
[CLEAN C947] REJECT Pit: area 16.0 < 32; circularity 0.263 < 0.55
[CLEAN C948] type=Rejected area=1.0 perimeter=4.0 bbox=(1238,584,2,2) long=1.0 box_short=1.0 box_aspect=1.000 skeleton_width=2.00 skeleton_range=2.00-2.00 skeleton_aspect=0.500 merge_ratio=0.500 circularity=0.785
[CLEAN C948] REJECT Scratch: area 1.0 < 20; long_side 1.0 < 10; skeleton_aspect 0.500 < 2.5; box_aspect 1.000 < 1.5
[CLEAN C948] REJECT Pit: area 1.0 < 32
[CLEAN C949] type=Rejected candidate=Scratch area=91.5 perimeter=64.0 bbox=(1159,583,8,27) long=26.0 box_short=7.0 box_aspect=3.714 skeleton_width=4.00 skeleton_range=2.00-6.39 skeleton_aspect=6.500 merge_ratio=0.880 circularity=0.280
[CLEAN C949] REJECT Scratch: 不可测: 划痕最大宽度点超出中央有效测量区域
[MEASURE C949] Scratch 不可测: 划痕最大宽度点超出中央有效测量区域
[CLEAN C950] type=Rejected area=3.5 perimeter=7.4 bbox=(1028,583,3,3) long=2.0 box_short=2.0 box_aspect=1.000 skeleton_width=2.00 skeleton_range=2.00-2.80 skeleton_aspect=1.000 merge_ratio=0.875 circularity=0.800
[CLEAN C950] REJECT Scratch: area 3.5 < 20; long_side 2.0 < 10; skeleton_aspect 1.000 < 2.5; box_aspect 1.000 < 1.5
[CLEAN C950] REJECT Pit: area 3.5 < 32
[CLEAN C951] type=Rejected area=1.0 perimeter=4.0 bbox=(1005,583,2,2) long=1.0 box_short=1.0 box_aspect=1.000 skeleton_width=2.00 skeleton_range=2.00-2.00 skeleton_aspect=0.500 merge_ratio=0.500 circularity=0.785
[CLEAN C951] REJECT Scratch: area 1.0 < 20; long_side 1.0 < 10; skeleton_aspect 0.500 < 2.5; box_aspect 1.000 < 1.5
[CLEAN C951] REJECT Pit: area 1.0 < 32
[CLEAN C952] type=Rejected candidate=Scratch area=50.0 perimeter=43.7 bbox=(670,583,4,20) long=19.0 box_short=3.0 box_aspect=6.333 skeleton_width=4.00 skeleton_range=2.00-4.00 skeleton_aspect=4.750 merge_ratio=0.658 circularity=0.330
[CLEAN C952] REJECT Scratch: 尺寸 0.100063 mm < 0.25 mm
[MEASURE C952] Scratch width=0.100063 mm valid=False
[CLEAN C953] type=Rejected area=17.0 perimeter=16.5 bbox=(618,583,6,6) long=4.9 box_short=4.2 box_aspect=1.167 skeleton_width=3.60 skeleton_range=2.00-4.39 skeleton_aspect=1.376 merge_ratio=0.955 circularity=0.786
[CLEAN C953] REJECT Scratch: area 17.0 < 20; long_side 4.9 < 10; skeleton_aspect 1.376 < 2.5; box_aspect 1.167 < 1.5
[CLEAN C953] REJECT Pit: area 17.0 < 32
[CLEAN C954] type=Rejected candidate=Scratch area=47.0 perimeter=33.3 bbox=(385,583,6,15) long=14.0 box_short=5.0 box_aspect=2.800 skeleton_width=4.20 skeleton_range=2.00-6.00 skeleton_aspect=3.336 merge_ratio=0.800 circularity=0.532
[CLEAN C954] REJECT Scratch: 尺寸 0.134067 mm < 0.25 mm
[MEASURE C954] Scratch width=0.134067 mm valid=False
[CLEAN C955] type=Rejected area=4.0 perimeter=8.0 bbox=(1180,582,3,3) long=2.0 box_short=2.0 box_aspect=1.000 skeleton_width=2.00 skeleton_range=2.00-4.00 skeleton_aspect=1.000 merge_ratio=1.000 circularity=0.785
[CLEAN C955] REJECT Scratch: area 4.0 < 20; long_side 2.0 < 10; skeleton_aspect 1.000 < 2.5; box_aspect 1.000 < 1.5
[CLEAN C955] REJECT Pit: area 4.0 < 32
[CLEAN C956] type=Rejected area=11.5 perimeter=13.4 bbox=(644,581,4,5) long=4.0 box_short=3.0 box_aspect=1.333 skeleton_width=4.00 skeleton_range=2.00-4.00 skeleton_aspect=1.000 merge_ratio=0.719 circularity=0.803
[CLEAN C956] REJECT Scratch: area 11.5 < 20; long_side 4.0 < 10; skeleton_aspect 1.000 < 2.5; box_aspect 1.333 < 1.5
[CLEAN C956] REJECT Pit: area 11.5 < 32
[CLEAN C957] type=Rejected area=3.0 perimeter=6.8 bbox=(394,581,3,3) long=2.8 box_short=1.4 box_aspect=2.000 skeleton_width=2.00 skeleton_range=2.00-2.80 skeleton_aspect=1.414 merge_ratio=0.530 circularity=0.809
[CLEAN C957] REJECT Scratch: area 3.0 < 20; long_side 2.8 < 10; skeleton_aspect 1.414 < 2.5
[CLEAN C957] REJECT Pit: area 3.0 < 32
[CLEAN C958] type=Rejected area=5.5 perimeter=9.4 bbox=(52,581,3,4) long=3.0 box_short=2.0 box_aspect=1.500 skeleton_width=2.00 skeleton_range=2.00-4.00 skeleton_aspect=1.500 merge_ratio=0.917 circularity=0.780
[CLEAN C958] REJECT Scratch: area 5.5 < 20; long_side 3.0 < 10; skeleton_aspect 1.500 < 2.5
[CLEAN C958] REJECT Pit: area 5.5 < 32
[CLEAN C959] type=Rejected area=4.5 perimeter=9.4 bbox=(98,580,3,4) long=3.0 box_short=2.0 box_aspect=1.500 skeleton_width=2.00 skeleton_range=2.00-2.80 skeleton_aspect=1.500 merge_ratio=0.750 circularity=0.638
[CLEAN C959] REJECT Scratch: area 4.5 < 20; long_side 3.0 < 10; skeleton_aspect 1.500 < 2.5
[CLEAN C959] REJECT Pit: area 4.5 < 32
[CLEAN C960] type=Rejected area=2.0 perimeter=6.0 bbox=(1199,579,3,2) long=2.0 box_short=1.0 box_aspect=2.000 skeleton_width=2.00 skeleton_range=2.00-2.00 skeleton_aspect=1.000 merge_ratio=0.500 circularity=0.698
[CLEAN C960] REJECT Scratch: area 2.0 < 20; long_side 2.0 < 10; skeleton_aspect 1.000 < 2.5
[CLEAN C960] REJECT Pit: area 2.0 < 32
[CLEAN C961] type=Rejected area=1.0 perimeter=4.0 bbox=(1192,578,2,2) long=1.0 box_short=1.0 box_aspect=1.000 skeleton_width=2.00 skeleton_range=2.00-2.00 skeleton_aspect=0.500 merge_ratio=0.500 circularity=0.785
[CLEAN C961] REJECT Scratch: area 1.0 < 20; long_side 1.0 < 10; skeleton_aspect 0.500 < 2.5; box_aspect 1.000 < 1.5
[CLEAN C961] REJECT Pit: area 1.0 < 32
[CLEAN C962] type=Rejected area=5.0 perimeter=8.8 bbox=(1087,578,4,3) long=3.0 box_short=2.0 box_aspect=1.500 skeleton_width=2.40 skeleton_range=2.00-2.80 skeleton_aspect=1.250 merge_ratio=0.694 circularity=0.806
[CLEAN C962] REJECT Scratch: area 5.0 < 20; long_side 3.0 < 10; skeleton_aspect 1.250 < 2.5
[CLEAN C962] REJECT Pit: area 5.0 < 32
[CLEAN C963] type=Rejected area=1.0 perimeter=4.0 bbox=(651,578,2,2) long=1.0 box_short=1.0 box_aspect=1.000 skeleton_width=2.00 skeleton_range=2.00-2.00 skeleton_aspect=0.500 merge_ratio=0.500 circularity=0.785
[CLEAN C963] REJECT Scratch: area 1.0 < 20; long_side 1.0 < 10; skeleton_aspect 0.500 < 2.5; box_aspect 1.000 < 1.5
[CLEAN C963] REJECT Pit: area 1.0 < 32
[CLEAN C964] type=Rejected area=1.0 perimeter=4.0 bbox=(679,577,2,2) long=1.0 box_short=1.0 box_aspect=1.000 skeleton_width=2.00 skeleton_range=2.00-2.00 skeleton_aspect=0.500 merge_ratio=0.500 circularity=0.785
[CLEAN C964] REJECT Scratch: area 1.0 < 20; long_side 1.0 < 10; skeleton_aspect 0.500 < 2.5; box_aspect 1.000 < 1.5
[CLEAN C964] REJECT Pit: area 1.0 < 32
[CLEAN C965] type=Rejected area=66.5 perimeter=39.2 bbox=(30,577,12,12) long=13.6 box_short=8.3 box_aspect=1.633 skeleton_width=5.60 skeleton_range=2.00-6.39 skeleton_aspect=2.427 merge_ratio=0.874 circularity=0.543
[CLEAN C965] REJECT Scratch: skeleton_aspect 2.427 < 2.5
[CLEAN C965] REJECT Pit: circularity 0.543 < 0.55
[CLEAN C966] type=Rejected area=2.0 perimeter=6.0 bbox=(315,576,2,3) long=2.0 box_short=1.0 box_aspect=2.000 skeleton_width=2.00 skeleton_range=2.00-2.00 skeleton_aspect=1.000 merge_ratio=0.500 circularity=0.698
[CLEAN C966] REJECT Scratch: area 2.0 < 20; long_side 2.0 < 10; skeleton_aspect 1.000 < 2.5
[CLEAN C966] REJECT Pit: area 2.0 < 32
[CLEAN C967] type=Rejected area=8.5 perimeter=15.1 bbox=(1176,575,5,6) long=6.4 box_short=2.6 box_aspect=2.462 skeleton_width=2.00 skeleton_range=2.00-2.80 skeleton_aspect=3.200 merge_ratio=0.664 circularity=0.470
[CLEAN C967] REJECT Scratch: area 8.5 < 20; long_side 6.4 < 10
[CLEAN C967] REJECT Pit: area 8.5 < 32; circularity 0.470 < 0.55
[CLEAN C968] type=Rejected candidate=Scratch area=75.5 perimeter=39.9 bbox=(282,575,7,17) long=16.0 box_short=6.0 box_aspect=2.667 skeleton_width=6.00 skeleton_range=2.00-7.19 skeleton_aspect=2.667 merge_ratio=0.786 circularity=0.596
[CLEAN C968] REJECT Scratch: 尺寸 0.203804 mm < 0.25 mm
[MEASURE C968] Scratch width=0.203804 mm valid=False
[CLEAN C969] type=Rejected area=1.0 perimeter=4.0 bbox=(1091,574,2,2) long=1.0 box_short=1.0 box_aspect=1.000 skeleton_width=2.00 skeleton_range=2.00-2.00 skeleton_aspect=0.500 merge_ratio=0.500 circularity=0.785
[CLEAN C969] REJECT Scratch: area 1.0 < 20; long_side 1.0 < 10; skeleton_aspect 0.500 < 2.5; box_aspect 1.000 < 1.5
[CLEAN C969] REJECT Pit: area 1.0 < 32
[CLEAN C970] type=Rejected area=1.0 perimeter=4.0 bbox=(501,574,2,2) long=1.0 box_short=1.0 box_aspect=1.000 skeleton_width=2.00 skeleton_range=2.00-2.00 skeleton_aspect=0.500 merge_ratio=0.500 circularity=0.785
[CLEAN C970] REJECT Scratch: area 1.0 < 20; long_side 1.0 < 10; skeleton_aspect 0.500 < 2.5; box_aspect 1.000 < 1.5
[CLEAN C970] REJECT Pit: area 1.0 < 32
[CLEAN C971] type=Rejected area=4.0 perimeter=8.8 bbox=(333,574,4,3) long=3.0 box_short=2.0 box_aspect=1.500 skeleton_width=2.00 skeleton_range=2.00-2.80 skeleton_aspect=1.500 merge_ratio=0.667 circularity=0.645
[CLEAN C971] REJECT Scratch: area 4.0 < 20; long_side 3.0 < 10; skeleton_aspect 1.500 < 2.5
[CLEAN C971] REJECT Pit: area 4.0 < 32
[CLEAN C972] type=Rejected area=22.5 perimeter=23.9 bbox=(1121,573,6,9) long=8.2 box_short=4.8 box_aspect=1.706 skeleton_width=2.80 skeleton_range=2.00-4.39 skeleton_aspect=2.929 merge_ratio=0.980 circularity=0.495
[CLEAN C972] REJECT Scratch: long_side 8.2 < 10
[CLEAN C972] REJECT Pit: area 22.5 < 32; circularity 0.495 < 0.55
[CLEAN C973] type=Rejected candidate=Scratch area=21.5 perimeter=25.9 bbox=(1095,573,7,10) long=10.7 box_short=3.6 box_aspect=3.000 skeleton_width=2.80 skeleton_range=2.00-4.00 skeleton_aspect=3.833 merge_ratio=0.715 circularity=0.403
[CLEAN C973] REJECT Scratch: 不可测: 划痕最大宽度点超出中央有效测量区域
[MEASURE C973] Scratch 不可测: 划痕最大宽度点超出中央有效测量区域
[CLEAN C974] type=Rejected candidate=Scratch area=35.5 perimeter=27.9 bbox=(555,573,11,6) long=10.0 box_short=5.0 box_aspect=2.000 skeleton_width=4.00 skeleton_range=2.00-5.60 skeleton_aspect=2.500 merge_ratio=0.887 circularity=0.573
[CLEAN C974] REJECT Scratch: 尺寸 0.123443 mm < 0.25 mm
[MEASURE C974] Scratch width=0.123443 mm valid=False
[CLEAN C975] type=Rejected area=7.0 perimeter=10.8 bbox=(361,573,3,5) long=4.0 box_short=2.0 box_aspect=2.000 skeleton_width=2.80 skeleton_range=2.00-4.00 skeleton_aspect=1.429 merge_ratio=0.625 circularity=0.750
[CLEAN C975] REJECT Scratch: area 7.0 < 20; long_side 4.0 < 10; skeleton_aspect 1.429 < 2.5
[CLEAN C975] REJECT Pit: area 7.0 < 32
[CLEAN C976] type=Rejected area=1.0 perimeter=4.0 bbox=(85,573,2,2) long=1.0 box_short=1.0 box_aspect=1.000 skeleton_width=2.00 skeleton_range=2.00-2.00 skeleton_aspect=0.500 merge_ratio=0.500 circularity=0.785
[CLEAN C976] REJECT Scratch: area 1.0 < 20; long_side 1.0 < 10; skeleton_aspect 0.500 < 2.5; box_aspect 1.000 < 1.5
[CLEAN C976] REJECT Pit: area 1.0 < 32
[CLEAN C977] type=Rejected candidate=Scratch area=55.0 perimeter=50.1 bbox=(1145,572,7,23) long=22.8 box_short=4.6 box_aspect=4.914 skeleton_width=4.00 skeleton_range=2.00-4.39 skeleton_aspect=5.697 merge_ratio=0.603 circularity=0.275
[CLEAN C977] REJECT Scratch: 不可测: 划痕最大宽度点超出中央有效测量区域
[MEASURE C977] Scratch 不可测: 划痕最大宽度点超出中央有效测量区域
[CLEAN C978] type=Rejected area=12.0 perimeter=22.5 bbox=(1042,572,7,8) long=9.2 box_short=2.8 box_aspect=3.300 skeleton_width=2.00 skeleton_range=2.00-4.00 skeleton_aspect=4.576 merge_ratio=0.656 circularity=0.298
[CLEAN C978] REJECT Scratch: area 12.0 < 20; long_side 9.2 < 10
[CLEAN C978] REJECT Pit: area 12.0 < 32; circularity 0.298 < 0.55
[CLEAN C979] type=Rejected area=13.0 perimeter=15.7 bbox=(547,572,4,7) long=6.0 box_short=3.0 box_aspect=2.000 skeleton_width=2.80 skeleton_range=2.00-4.00 skeleton_aspect=2.143 merge_ratio=0.774 circularity=0.666
[CLEAN C979] REJECT Scratch: area 13.0 < 20; long_side 6.0 < 10; skeleton_aspect 2.143 < 2.5
[CLEAN C979] REJECT Pit: area 13.0 < 32
[CLEAN C980] type=Rejected area=1.0 perimeter=4.0 bbox=(416,571,2,2) long=1.0 box_short=1.0 box_aspect=1.000 skeleton_width=2.00 skeleton_range=2.00-2.00 skeleton_aspect=0.500 merge_ratio=0.500 circularity=0.785
[CLEAN C980] REJECT Scratch: area 1.0 < 20; long_side 1.0 < 10; skeleton_aspect 0.500 < 2.5; box_aspect 1.000 < 1.5
[CLEAN C980] REJECT Pit: area 1.0 < 32
[CLEAN C981] type=Rejected candidate=Scratch area=43.5 perimeter=34.7 bbox=(869,570,15,7) long=14.7 box_short=5.3 box_aspect=2.778 skeleton_width=4.00 skeleton_range=2.00-5.60 skeleton_aspect=3.677 merge_ratio=0.739 circularity=0.453
[CLEAN C981] REJECT Scratch: 尺寸 0.154764 mm < 0.25 mm
[MEASURE C981] Scratch width=0.154764 mm valid=False
[CLEAN C982] type=Rejected candidate=Scratch area=168.5 perimeter=93.7 bbox=(468,570,13,39) long=37.6 box_short=10.8 box_aspect=3.470 skeleton_width=4.39 skeleton_range=2.00-9.99 skeleton_aspect=8.553 merge_ratio=1.020 circularity=0.241
[CLEAN C982] REJECT Scratch: 尺寸 0.249148 mm < 0.25 mm
[MEASURE C982] Scratch width=0.249148 mm valid=False
[CLEAN C983] type=Rejected area=13.0 perimeter=15.7 bbox=(1172,569,6,5) long=5.0 box_short=4.0 box_aspect=1.250 skeleton_width=2.80 skeleton_range=2.00-4.00 skeleton_aspect=1.786 merge_ratio=0.929 circularity=0.666
[CLEAN C983] REJECT Scratch: area 13.0 < 20; long_side 5.0 < 10; skeleton_aspect 1.786 < 2.5; box_aspect 1.250 < 1.5
[CLEAN C983] REJECT Pit: area 13.0 < 32
[CLEAN C984] type=Rejected area=8.0 perimeter=12.8 bbox=(1134,569,5,4) long=4.0 box_short=3.0 box_aspect=1.333 skeleton_width=2.00 skeleton_range=2.00-4.00 skeleton_aspect=2.000 merge_ratio=1.000 circularity=0.611
[CLEAN C984] REJECT Scratch: area 8.0 < 20; long_side 4.0 < 10; skeleton_aspect 2.000 < 2.5; box_aspect 1.333 < 1.5
[CLEAN C984] REJECT Pit: area 8.0 < 32
[CLEAN C985] type=Rejected area=4.0 perimeter=10.0 bbox=(680,569,2,5) long=4.0 box_short=1.0 box_aspect=4.000 skeleton_width=2.00 skeleton_range=2.00-2.00 skeleton_aspect=2.000 merge_ratio=0.500 circularity=0.503
[CLEAN C985] REJECT Scratch: area 4.0 < 20; long_side 4.0 < 10; skeleton_aspect 2.000 < 2.5
[CLEAN C985] REJECT Pit: area 4.0 < 32; circularity 0.503 < 0.55
[CLEAN C986] type=Rejected candidate=Scratch area=152.0 perimeter=58.6 bbox=(245,569,16,20) long=21.0 box_short=12.3 box_aspect=1.708 skeleton_width=5.20 skeleton_range=2.00-11.59 skeleton_aspect=4.049 merge_ratio=1.390 circularity=0.556
[CLEAN C986] REJECT Scratch: 不可测: 划痕最大宽度点超出中央有效测量区域
[MEASURE C986] Scratch 不可测: 划痕最大宽度点超出中央有效测量区域
[CLEAN C987] type=Rejected area=2.0 perimeter=6.0 bbox=(1210,568,2,3) long=2.0 box_short=1.0 box_aspect=2.000 skeleton_width=2.00 skeleton_range=2.00-2.00 skeleton_aspect=1.000 merge_ratio=0.500 circularity=0.698
[CLEAN C987] REJECT Scratch: area 2.0 < 20; long_side 2.0 < 10; skeleton_aspect 1.000 < 2.5
[CLEAN C987] REJECT Pit: area 2.0 < 32
[CLEAN C988] type=Rejected area=1.0 perimeter=4.0 bbox=(1180,568,2,2) long=1.0 box_short=1.0 box_aspect=1.000 skeleton_width=2.00 skeleton_range=2.00-2.00 skeleton_aspect=0.500 merge_ratio=0.500 circularity=0.785
[CLEAN C988] REJECT Scratch: area 1.0 < 20; long_side 1.0 < 10; skeleton_aspect 0.500 < 2.5; box_aspect 1.000 < 1.5
[CLEAN C988] REJECT Pit: area 1.0 < 32
[CLEAN C989] type=Rejected area=1.0 perimeter=4.0 bbox=(95,568,2,2) long=1.0 box_short=1.0 box_aspect=1.000 skeleton_width=2.00 skeleton_range=2.00-2.00 skeleton_aspect=0.500 merge_ratio=0.500 circularity=0.785
[CLEAN C989] REJECT Scratch: area 1.0 < 20; long_side 1.0 < 10; skeleton_aspect 0.500 < 2.5; box_aspect 1.000 < 1.5
[CLEAN C989] REJECT Pit: area 1.0 < 32
[CLEAN C990] type=Rejected area=5.0 perimeter=8.8 bbox=(1221,567,4,3) long=3.0 box_short=2.0 box_aspect=1.500 skeleton_width=2.40 skeleton_range=2.00-2.80 skeleton_aspect=1.250 merge_ratio=0.694 circularity=0.806
[CLEAN C990] REJECT Scratch: area 5.0 < 20; long_side 3.0 < 10; skeleton_aspect 1.250 < 2.5
[CLEAN C990] REJECT Pit: area 5.0 < 32
[CLEAN C991] type=Rejected area=5.0 perimeter=10.8 bbox=(1204,566,3,5) long=4.0 box_short=2.0 box_aspect=2.000 skeleton_width=2.00 skeleton_range=2.00-2.80 skeleton_aspect=2.000 merge_ratio=0.625 circularity=0.536
[CLEAN C991] REJECT Scratch: area 5.0 < 20; long_side 4.0 < 10; skeleton_aspect 2.000 < 2.5
[CLEAN C991] REJECT Pit: area 5.0 < 32; circularity 0.536 < 0.55
[CLEAN C992] type=Rejected area=1.0 perimeter=4.0 bbox=(1113,566,2,2) long=1.0 box_short=1.0 box_aspect=1.000 skeleton_width=2.00 skeleton_range=2.00-2.00 skeleton_aspect=0.500 merge_ratio=0.500 circularity=0.785
[CLEAN C992] REJECT Scratch: area 1.0 < 20; long_side 1.0 < 10; skeleton_aspect 0.500 < 2.5; box_aspect 1.000 < 1.5
[CLEAN C992] REJECT Pit: area 1.0 < 32
[CLEAN C993] type=Rejected candidate=Scratch area=51.0 perimeter=43.0 bbox=(716,566,10,13) long=12.6 box_short=7.1 box_aspect=1.770 skeleton_width=4.00 skeleton_range=2.00-5.60 skeleton_aspect=3.160 merge_ratio=1.009 circularity=0.347
[CLEAN C993] REJECT Scratch: 尺寸 0.148072 mm < 0.25 mm
[MEASURE C993] Scratch width=0.148072 mm valid=False
[CLEAN C994] type=Rejected area=13.0 perimeter=14.8 bbox=(372,565,4,6) long=5.0 box_short=3.0 box_aspect=1.667 skeleton_width=3.40 skeleton_range=2.00-4.00 skeleton_aspect=1.471 merge_ratio=0.765 circularity=0.743
[CLEAN C994] REJECT Scratch: area 13.0 < 20; long_side 5.0 < 10; skeleton_aspect 1.471 < 2.5
[CLEAN C994] REJECT Pit: area 13.0 < 32
[CLEAN C995] type=Rejected area=2.0 perimeter=6.0 bbox=(341,565,2,3) long=2.0 box_short=1.0 box_aspect=2.000 skeleton_width=2.00 skeleton_range=2.00-2.00 skeleton_aspect=1.000 merge_ratio=0.500 circularity=0.698
[CLEAN C995] REJECT Scratch: area 2.0 < 20; long_side 2.0 < 10; skeleton_aspect 1.000 < 2.5
[CLEAN C995] REJECT Pit: area 2.0 < 32
[CLEAN C996] type=Rejected area=5.0 perimeter=8.8 bbox=(675,564,3,4) long=3.0 box_short=2.0 box_aspect=1.500 skeleton_width=2.40 skeleton_range=2.00-2.80 skeleton_aspect=1.250 merge_ratio=0.694 circularity=0.806
[CLEAN C996] REJECT Scratch: area 5.0 < 20; long_side 3.0 < 10; skeleton_aspect 1.250 < 2.5
[CLEAN C996] REJECT Pit: area 5.0 < 32
[CLEAN C997] type=Rejected area=3.0 perimeter=6.8 bbox=(1224,562,3,3) long=2.8 box_short=1.4 box_aspect=2.000 skeleton_width=2.00 skeleton_range=2.00-2.80 skeleton_aspect=1.414 merge_ratio=0.530 circularity=0.809
[CLEAN C997] REJECT Scratch: area 3.0 < 20; long_side 2.8 < 10; skeleton_aspect 1.414 < 2.5
[CLEAN C997] REJECT Pit: area 3.0 < 32
[CLEAN C998] type=Rejected area=3.0 perimeter=6.8 bbox=(1217,562,3,3) long=2.8 box_short=1.4 box_aspect=2.000 skeleton_width=2.00 skeleton_range=2.00-2.80 skeleton_aspect=1.414 merge_ratio=0.530 circularity=0.809
[CLEAN C998] REJECT Scratch: area 3.0 < 20; long_side 2.8 < 10; skeleton_aspect 1.414 < 2.5
[CLEAN C998] REJECT Pit: area 3.0 < 32
[CLEAN C999] type=Rejected area=3.0 perimeter=6.8 bbox=(1131,562,3,3) long=2.8 box_short=1.4 box_aspect=2.000 skeleton_width=2.00 skeleton_range=2.00-2.80 skeleton_aspect=1.414 merge_ratio=0.530 circularity=0.809
[CLEAN C999] REJECT Scratch: area 3.0 < 20; long_side 2.8 < 10; skeleton_aspect 1.414 < 2.5
[CLEAN C999] REJECT Pit: area 3.0 < 32
[CLEAN C1000] type=Rejected area=1.0 perimeter=4.0 bbox=(1026,562,2,2) long=1.0 box_short=1.0 box_aspect=1.000 skeleton_width=2.00 skeleton_range=2.00-2.00 skeleton_aspect=0.500 merge_ratio=0.500 circularity=0.785
[CLEAN C1000] REJECT Scratch: area 1.0 < 20; long_side 1.0 < 10; skeleton_aspect 0.500 < 2.5; box_aspect 1.000 < 1.5
[CLEAN C1000] REJECT Pit: area 1.0 < 32
[CLEAN C1001] type=Rejected area=30.0 perimeter=21.7 bbox=(211,562,6,8) long=7.0 box_short=5.0 box_aspect=1.400 skeleton_width=4.39 skeleton_range=2.00-6.00 skeleton_aspect=1.593 merge_ratio=0.975 circularity=0.804
[CLEAN C1001] REJECT Scratch: long_side 7.0 < 10; skeleton_aspect 1.593 < 2.5; box_aspect 1.400 < 1.5
[CLEAN C1001] REJECT Pit: area 30.0 < 32
[CLEAN C1002] type=Rejected candidate=Scratch area=36.5 perimeter=35.9 bbox=(1165,561,6,16) long=15.5 box_short=4.3 box_aspect=3.591 skeleton_width=4.00 skeleton_range=2.00-4.00 skeleton_aspect=3.873 merge_ratio=0.589 circularity=0.356
[CLEAN C1002] REJECT Scratch: 不可测: 划痕最大宽度点超出中央有效测量区域
[MEASURE C1002] Scratch 不可测: 划痕最大宽度点超出中央有效测量区域
[CLEAN C1003] type=Rejected area=1.0 perimeter=4.0 bbox=(1018,561,2,2) long=1.0 box_short=1.0 box_aspect=1.000 skeleton_width=2.00 skeleton_range=2.00-2.00 skeleton_aspect=0.500 merge_ratio=0.500 circularity=0.785
[CLEAN C1003] REJECT Scratch: area 1.0 < 20; long_side 1.0 < 10; skeleton_aspect 0.500 < 2.5; box_aspect 1.000 < 1.5
[CLEAN C1003] REJECT Pit: area 1.0 < 32
[CLEAN C1004] type=Rejected area=1.0 perimeter=4.0 bbox=(496,561,2,2) long=1.0 box_short=1.0 box_aspect=1.000 skeleton_width=2.00 skeleton_range=2.00-2.00 skeleton_aspect=0.500 merge_ratio=0.500 circularity=0.785
[CLEAN C1004] REJECT Scratch: area 1.0 < 20; long_side 1.0 < 10; skeleton_aspect 0.500 < 2.5; box_aspect 1.000 < 1.5
[CLEAN C1004] REJECT Pit: area 1.0 < 32
[CLEAN C1005] type=Rejected area=3.5 perimeter=7.4 bbox=(1093,560,3,3) long=2.0 box_short=2.0 box_aspect=1.000 skeleton_width=2.00 skeleton_range=2.00-2.80 skeleton_aspect=1.000 merge_ratio=0.875 circularity=0.800
[CLEAN C1005] REJECT Scratch: area 3.5 < 20; long_side 2.0 < 10; skeleton_aspect 1.000 < 2.5; box_aspect 1.000 < 1.5
[CLEAN C1005] REJECT Pit: area 3.5 < 32
[CLEAN C1006] type=Rejected area=17.0 perimeter=20.5 bbox=(879,560,9,5) long=8.9 box_short=2.7 box_aspect=3.333 skeleton_width=2.80 skeleton_range=2.00-4.00 skeleton_aspect=3.194 merge_ratio=0.679 circularity=0.509
[CLEAN C1006] REJECT Scratch: area 17.0 < 20; long_side 8.9 < 10
[CLEAN C1006] REJECT Pit: area 17.0 < 32; circularity 0.509 < 0.55
[CLEAN C1007] type=Rejected area=1.0 perimeter=4.0 bbox=(457,560,2,2) long=1.0 box_short=1.0 box_aspect=1.000 skeleton_width=2.00 skeleton_range=2.00-2.00 skeleton_aspect=0.500 merge_ratio=0.500 circularity=0.785
[CLEAN C1007] REJECT Scratch: area 1.0 < 20; long_side 1.0 < 10; skeleton_aspect 0.500 < 2.5; box_aspect 1.000 < 1.5
[CLEAN C1007] REJECT Pit: area 1.0 < 32
[CLEAN C1008] type=Rejected candidate=Scratch area=49.0 perimeter=33.3 bbox=(1230,559,9,12) long=11.7 box_short=7.1 box_aspect=1.644 skeleton_width=4.39 skeleton_range=2.00-6.39 skeleton_aspect=2.653 merge_ratio=0.957 circularity=0.555
[CLEAN C1008] REJECT Scratch: 不可测: 划痕最大宽度点超出中央有效测量区域
[MEASURE C1008] Scratch 不可测: 划痕最大宽度点超出中央有效测量区域
[CLEAN C1009] type=Rejected area=8.0 perimeter=12.8 bbox=(1148,559,3,6) long=5.0 box_short=2.0 box_aspect=2.500 skeleton_width=2.00 skeleton_range=2.00-4.00 skeleton_aspect=2.500 merge_ratio=0.800 circularity=0.611
[CLEAN C1009] REJECT Scratch: area 8.0 < 20; long_side 5.0 < 10
[CLEAN C1009] REJECT Pit: area 8.0 < 32
[CLEAN C1010] type=Rejected area=19.0 perimeter=18.5 bbox=(382,559,6,7) long=6.7 box_short=4.0 box_aspect=1.667 skeleton_width=3.40 skeleton_range=2.00-4.39 skeleton_aspect=1.973 merge_ratio=0.833 circularity=0.699
[CLEAN C1010] REJECT Scratch: area 19.0 < 20; long_side 6.7 < 10; skeleton_aspect 1.973 < 2.5
[CLEAN C1010] REJECT Pit: area 19.0 < 32
[CLEAN C1011] type=Rejected area=1.0 perimeter=4.0 bbox=(284,559,2,2) long=1.0 box_short=1.0 box_aspect=1.000 skeleton_width=2.00 skeleton_range=2.00-2.00 skeleton_aspect=0.500 merge_ratio=0.500 circularity=0.785
[CLEAN C1011] REJECT Scratch: area 1.0 < 20; long_side 1.0 < 10; skeleton_aspect 0.500 < 2.5; box_aspect 1.000 < 1.5
[CLEAN C1011] REJECT Pit: area 1.0 < 32
[CLEAN C1012] type=Rejected candidate=Pit area=42.0 perimeter=28.5 bbox=(1067,558,10,8) long=9.0 box_short=7.0 box_aspect=1.286 skeleton_width=4.00 skeleton_range=2.00-7.19 skeleton_aspect=2.250 merge_ratio=1.167 circularity=0.650
[CLEAN C1012] REJECT Pit: 不可测: 凹点中心超出中央有效测量区域
[MEASURE C1012] Pit 不可测: 凹点中心超出中央有效测量区域
[CLEAN C1013] type=Rejected area=1.0 perimeter=4.0 bbox=(357,558,2,2) long=1.0 box_short=1.0 box_aspect=1.000 skeleton_width=2.00 skeleton_range=2.00-2.00 skeleton_aspect=0.500 merge_ratio=0.500 circularity=0.785
[CLEAN C1013] REJECT Scratch: area 1.0 < 20; long_side 1.0 < 10; skeleton_aspect 0.500 < 2.5; box_aspect 1.000 < 1.5
[CLEAN C1013] REJECT Pit: area 1.0 < 32
[CLEAN C1014] type=Rejected area=12.0 perimeter=17.7 bbox=(520,557,5,7) long=6.3 box_short=3.3 box_aspect=1.882 skeleton_width=2.80 skeleton_range=2.00-4.00 skeleton_aspect=2.241 merge_ratio=0.683 circularity=0.484
[CLEAN C1014] REJECT Scratch: area 12.0 < 20; long_side 6.3 < 10; skeleton_aspect 2.241 < 2.5
[CLEAN C1014] REJECT Pit: area 12.0 < 32; circularity 0.484 < 0.55
[CLEAN C1015] type=Rejected area=1.0 perimeter=4.0 bbox=(984,556,2,2) long=1.0 box_short=1.0 box_aspect=1.000 skeleton_width=2.00 skeleton_range=2.00-2.00 skeleton_aspect=0.500 merge_ratio=0.500 circularity=0.785
[CLEAN C1015] REJECT Scratch: area 1.0 < 20; long_side 1.0 < 10; skeleton_aspect 0.500 < 2.5; box_aspect 1.000 < 1.5
[CLEAN C1015] REJECT Pit: area 1.0 < 32
[CLEAN C1016] type=Rejected area=3.5 perimeter=7.4 bbox=(1238,555,3,3) long=2.0 box_short=2.0 box_aspect=1.000 skeleton_width=2.00 skeleton_range=2.00-2.80 skeleton_aspect=1.000 merge_ratio=0.875 circularity=0.800
[CLEAN C1016] REJECT Scratch: area 3.5 < 20; long_side 2.0 < 10; skeleton_aspect 1.000 < 2.5; box_aspect 1.000 < 1.5
[CLEAN C1016] REJECT Pit: area 3.5 < 32
[CLEAN C1017] type=Rejected area=12.0 perimeter=14.8 bbox=(1219,555,4,6) long=5.0 box_short=3.0 box_aspect=1.667 skeleton_width=2.80 skeleton_range=2.00-4.00 skeleton_aspect=1.786 merge_ratio=0.857 circularity=0.686
[CLEAN C1017] REJECT Scratch: area 12.0 < 20; long_side 5.0 < 10; skeleton_aspect 1.786 < 2.5
[CLEAN C1017] REJECT Pit: area 12.0 < 32
[CLEAN C1018] type=Rejected area=1.0 perimeter=4.0 bbox=(1158,555,2,2) long=1.0 box_short=1.0 box_aspect=1.000 skeleton_width=2.00 skeleton_range=2.00-2.00 skeleton_aspect=0.500 merge_ratio=0.500 circularity=0.785
[CLEAN C1018] REJECT Scratch: area 1.0 < 20; long_side 1.0 < 10; skeleton_aspect 0.500 < 2.5; box_aspect 1.000 < 1.5
[CLEAN C1018] REJECT Pit: area 1.0 < 32
[CLEAN C1019] type=Rejected area=1.0 perimeter=4.0 bbox=(712,555,2,2) long=1.0 box_short=1.0 box_aspect=1.000 skeleton_width=2.00 skeleton_range=2.00-2.00 skeleton_aspect=0.500 merge_ratio=0.500 circularity=0.785
[CLEAN C1019] REJECT Scratch: area 1.0 < 20; long_side 1.0 < 10; skeleton_aspect 0.500 < 2.5; box_aspect 1.000 < 1.5
[CLEAN C1019] REJECT Pit: area 1.0 < 32
[CLEAN C1020] type=Rejected candidate=Scratch area=117.5 perimeter=52.4 bbox=(611,555,11,21) long=21.0 box_short=8.5 box_aspect=2.467 skeleton_width=6.00 skeleton_range=2.00-8.39 skeleton_aspect=3.504 merge_ratio=0.932 circularity=0.538
[CLEAN C1020] REJECT Scratch: 尺寸 0.194073 mm < 0.25 mm
[MEASURE C1020] Scratch width=0.194073 mm valid=False
[CLEAN C1021] type=Rejected candidate=Scratch area=405.5 perimeter=238.8 bbox=(405,555,12,97) long=96.0 box_short=11.0 box_aspect=8.727 skeleton_width=4.00 skeleton_range=2.00-8.00 skeleton_aspect=24.000 merge_ratio=1.056 circularity=0.089
[CLEAN C1021] REJECT Scratch: 尺寸 0.207176 mm < 0.25 mm
[MEASURE C1021] Scratch width=0.207176 mm valid=False
[CLEAN C1022] type=Rejected area=10.0 perimeter=14.8 bbox=(37,555,3,7) long=6.0 box_short=2.0 box_aspect=3.000 skeleton_width=2.40 skeleton_range=2.00-4.00 skeleton_aspect=2.500 merge_ratio=0.694 circularity=0.572
[CLEAN C1022] REJECT Scratch: area 10.0 < 20; long_side 6.0 < 10; skeleton_aspect 2.500 < 2.5
[CLEAN C1022] REJECT Pit: area 10.0 < 32
[CLEAN C1023] type=Rejected area=5.0 perimeter=12.0 bbox=(1191,554,2,6) long=5.0 box_short=1.0 box_aspect=5.000 skeleton_width=2.00 skeleton_range=2.00-2.00 skeleton_aspect=2.500 merge_ratio=0.500 circularity=0.436
[CLEAN C1023] REJECT Scratch: area 5.0 < 20; long_side 5.0 < 10
[CLEAN C1023] REJECT Pit: area 5.0 < 32; circularity 0.436 < 0.55
[CLEAN C1024] type=Rejected area=2.0 perimeter=6.0 bbox=(420,554,2,3) long=2.0 box_short=1.0 box_aspect=2.000 skeleton_width=2.00 skeleton_range=2.00-2.00 skeleton_aspect=1.000 merge_ratio=0.500 circularity=0.698
[CLEAN C1024] REJECT Scratch: area 2.0 < 20; long_side 2.0 < 10; skeleton_aspect 1.000 < 2.5
[CLEAN C1024] REJECT Pit: area 2.0 < 32
[CLEAN C1025] type=Rejected area=5.0 perimeter=9.7 bbox=(1173,553,4,4) long=4.2 box_short=1.4 box_aspect=3.000 skeleton_width=2.40 skeleton_range=2.00-2.80 skeleton_aspect=1.768 merge_ratio=0.491 circularity=0.674
[CLEAN C1025] REJECT Scratch: area 5.0 < 20; long_side 4.2 < 10; skeleton_aspect 1.768 < 2.5
[CLEAN C1025] REJECT Pit: area 5.0 < 32
[CLEAN C1026] type=Rejected area=11.0 perimeter=12.8 bbox=(627,553,4,5) long=4.0 box_short=3.0 box_aspect=1.333 skeleton_width=3.40 skeleton_range=2.00-4.00 skeleton_aspect=1.176 merge_ratio=0.809 circularity=0.840
[CLEAN C1026] REJECT Scratch: area 11.0 < 20; long_side 4.0 < 10; skeleton_aspect 1.176 < 2.5; box_aspect 1.333 < 1.5
[CLEAN C1026] REJECT Pit: area 11.0 < 32
[CLEAN C1027] type=Pit area=117.0 perimeter=50.1 bbox=(467,553,15,14) long=14.1 box_short=12.4 box_aspect=1.137 skeleton_width=6.39 skeleton_range=2.00-10.00 skeleton_aspect=2.210 merge_ratio=1.295 circularity=0.585
[MEASURE C1027] Pit diameter=0.390204 mm valid=True
Pit: area = 117.0 diameter_mm = 0.39020392298698425 circularity = 0.5847767206830019
[CLEAN C1028] type=Rejected area=7.0 perimeter=10.8 bbox=(879,552,5,3) long=4.0 box_short=2.0 box_aspect=2.000 skeleton_width=2.80 skeleton_range=2.00-4.00 skeleton_aspect=1.429 merge_ratio=0.625 circularity=0.750
[CLEAN C1028] REJECT Scratch: area 7.0 < 20; long_side 4.0 < 10; skeleton_aspect 1.429 < 2.5
[CLEAN C1028] REJECT Pit: area 7.0 < 32
[CLEAN C1029] type=Rejected area=3.5 perimeter=7.4 bbox=(399,551,3,3) long=2.0 box_short=2.0 box_aspect=1.000 skeleton_width=2.00 skeleton_range=2.00-2.80 skeleton_aspect=1.000 merge_ratio=0.875 circularity=0.800
[CLEAN C1029] REJECT Scratch: area 3.5 < 20; long_side 2.0 < 10; skeleton_aspect 1.000 < 2.5; box_aspect 1.000 < 1.5
[CLEAN C1029] REJECT Pit: area 3.5 < 32
[CLEAN C1030] type=Rejected area=11.5 perimeter=14.2 bbox=(1209,550,4,6) long=5.0 box_short=3.0 box_aspect=1.667 skeleton_width=2.80 skeleton_range=2.00-4.00 skeleton_aspect=1.786 merge_ratio=0.821 circularity=0.712
[CLEAN C1030] REJECT Scratch: area 11.5 < 20; long_side 5.0 < 10; skeleton_aspect 1.786 < 2.5
[CLEAN C1030] REJECT Pit: area 11.5 < 32
[CLEAN C1031] type=Rejected area=22.5 perimeter=19.1 bbox=(1183,550,5,8) long=7.0 box_short=4.0 box_aspect=1.750 skeleton_width=3.40 skeleton_range=2.00-5.60 skeleton_aspect=2.059 merge_ratio=0.945 circularity=0.777
[CLEAN C1031] REJECT Scratch: long_side 7.0 < 10; skeleton_aspect 2.059 < 2.5
[CLEAN C1031] REJECT Pit: area 22.5 < 32
[CLEAN C1032] type=Rejected candidate=Scratch area=114.5 perimeter=52.4 bbox=(632,550,11,21) long=20.3 box_short=9.0 box_aspect=2.255 skeleton_width=6.39 skeleton_range=2.00-8.00 skeleton_aspect=3.176 merge_ratio=0.882 circularity=0.524
[CLEAN C1032] REJECT Scratch: 尺寸 0.193967 mm < 0.25 mm
[MEASURE C1032] Scratch width=0.193967 mm valid=False
[CLEAN C1033] type=Rejected area=9.5 perimeter=16.2 bbox=(1100,549,4,7) long=6.5 box_short=2.4 box_aspect=2.700 skeleton_width=2.00 skeleton_range=2.00-4.00 skeleton_aspect=3.274 merge_ratio=0.725 circularity=0.453
[CLEAN C1033] REJECT Scratch: area 9.5 < 20; long_side 6.5 < 10
[CLEAN C1033] REJECT Pit: area 9.5 < 32; circularity 0.453 < 0.55
[CLEAN C1034] type=Rejected area=3.0 perimeter=6.8 bbox=(305,549,3,3) long=2.8 box_short=1.4 box_aspect=2.000 skeleton_width=2.00 skeleton_range=2.00-2.80 skeleton_aspect=1.414 merge_ratio=0.530 circularity=0.809
[CLEAN C1034] REJECT Scratch: area 3.0 < 20; long_side 2.8 < 10; skeleton_aspect 1.414 < 2.5
[CLEAN C1034] REJECT Pit: area 3.0 < 32
[CLEAN C1035] type=Rejected area=3.0 perimeter=8.8 bbox=(434,548,4,3) long=3.6 box_short=1.3 box_aspect=2.667 skeleton_width=2.00 skeleton_range=2.00-2.00 skeleton_aspect=1.789 merge_ratio=0.419 circularity=0.484
[CLEAN C1035] REJECT Scratch: area 3.0 < 20; long_side 3.6 < 10; skeleton_aspect 1.789 < 2.5
[CLEAN C1035] REJECT Pit: area 3.0 < 32; circularity 0.484 < 0.55
[CLEAN C1036] type=Rejected area=4.0 perimeter=8.0 bbox=(406,548,3,3) long=2.0 box_short=2.0 box_aspect=1.000 skeleton_width=2.00 skeleton_range=2.00-4.00 skeleton_aspect=1.000 merge_ratio=1.000 circularity=0.785
[CLEAN C1036] REJECT Scratch: area 4.0 < 20; long_side 2.0 < 10; skeleton_aspect 1.000 < 2.5; box_aspect 1.000 < 1.5
[CLEAN C1036] REJECT Pit: area 4.0 < 32
[CLEAN C1037] type=Rejected area=1.0 perimeter=4.0 bbox=(293,548,2,2) long=1.0 box_short=1.0 box_aspect=1.000 skeleton_width=2.00 skeleton_range=2.00-2.00 skeleton_aspect=0.500 merge_ratio=0.500 circularity=0.785
[CLEAN C1037] REJECT Scratch: area 1.0 < 20; long_side 1.0 < 10; skeleton_aspect 0.500 < 2.5; box_aspect 1.000 < 1.5
[CLEAN C1037] REJECT Pit: area 1.0 < 32
[CLEAN C1038] type=Rejected area=1.0 perimeter=4.0 bbox=(1193,547,2,2) long=1.0 box_short=1.0 box_aspect=1.000 skeleton_width=2.00 skeleton_range=2.00-2.00 skeleton_aspect=0.500 merge_ratio=0.500 circularity=0.785
[CLEAN C1038] REJECT Scratch: area 1.0 < 20; long_side 1.0 < 10; skeleton_aspect 0.500 < 2.5; box_aspect 1.000 < 1.5
[CLEAN C1038] REJECT Pit: area 1.0 < 32
[CLEAN C1039] type=Rejected area=2.0 perimeter=6.0 bbox=(446,547,3,2) long=2.0 box_short=1.0 box_aspect=2.000 skeleton_width=2.00 skeleton_range=2.00-2.00 skeleton_aspect=1.000 merge_ratio=0.500 circularity=0.698
[CLEAN C1039] REJECT Scratch: area 2.0 < 20; long_side 2.0 < 10; skeleton_aspect 1.000 < 2.5
[CLEAN C1039] REJECT Pit: area 2.0 < 32
[CLEAN C1040] type=Rejected area=2.0 perimeter=6.0 bbox=(1081,546,2,3) long=2.0 box_short=1.0 box_aspect=2.000 skeleton_width=2.00 skeleton_range=2.00-2.00 skeleton_aspect=1.000 merge_ratio=0.500 circularity=0.698
[CLEAN C1040] REJECT Scratch: area 2.0 < 20; long_side 2.0 < 10; skeleton_aspect 1.000 < 2.5
[CLEAN C1040] REJECT Pit: area 2.0 < 32
[CLEAN C1041] type=Rejected area=3.0 perimeter=6.8 bbox=(1156,545,3,3) long=2.8 box_short=1.4 box_aspect=2.000 skeleton_width=2.00 skeleton_range=2.00-2.80 skeleton_aspect=1.414 merge_ratio=0.530 circularity=0.809
[CLEAN C1041] REJECT Scratch: area 3.0 < 20; long_side 2.8 < 10; skeleton_aspect 1.414 < 2.5
[CLEAN C1041] REJECT Pit: area 3.0 < 32
[CLEAN C1042] type=Rejected area=27.5 perimeter=23.1 bbox=(1216,544,8,7) long=7.0 box_short=6.0 box_aspect=1.167 skeleton_width=4.00 skeleton_range=2.00-6.00 skeleton_aspect=1.750 merge_ratio=0.982 circularity=0.649
[CLEAN C1042] REJECT Scratch: long_side 7.0 < 10; skeleton_aspect 1.750 < 2.5; box_aspect 1.167 < 1.5
[CLEAN C1042] REJECT Pit: area 27.5 < 32
[CLEAN C1043] type=Rejected area=8.5 perimeter=14.2 bbox=(1199,544,4,6) long=5.0 box_short=3.0 box_aspect=1.667 skeleton_width=2.00 skeleton_range=2.00-2.80 skeleton_aspect=2.500 merge_ratio=0.850 circularity=0.527
[CLEAN C1043] REJECT Scratch: area 8.5 < 20; long_side 5.0 < 10
[CLEAN C1043] REJECT Pit: area 8.5 < 32; circularity 0.527 < 0.55
[CLEAN C1044] type=Rejected area=2.0 perimeter=6.0 bbox=(60,544,2,3) long=2.0 box_short=1.0 box_aspect=2.000 skeleton_width=2.00 skeleton_range=2.00-2.00 skeleton_aspect=1.000 merge_ratio=0.500 circularity=0.698
[CLEAN C1044] REJECT Scratch: area 2.0 < 20; long_side 2.0 < 10; skeleton_aspect 1.000 < 2.5
[CLEAN C1044] REJECT Pit: area 2.0 < 32
[CLEAN C1045] type=Rejected area=5.0 perimeter=8.8 bbox=(650,543,4,3) long=3.0 box_short=2.0 box_aspect=1.500 skeleton_width=2.40 skeleton_range=2.00-2.80 skeleton_aspect=1.250 merge_ratio=0.694 circularity=0.806
[CLEAN C1045] REJECT Scratch: area 5.0 < 20; long_side 3.0 < 10; skeleton_aspect 1.250 < 2.5
[CLEAN C1045] REJECT Pit: area 5.0 < 32
[CLEAN C1046] type=Rejected area=4.0 perimeter=10.0 bbox=(513,543,2,5) long=4.0 box_short=1.0 box_aspect=4.000 skeleton_width=2.00 skeleton_range=2.00-2.00 skeleton_aspect=2.000 merge_ratio=0.500 circularity=0.503
[CLEAN C1046] REJECT Scratch: area 4.0 < 20; long_side 4.0 < 10; skeleton_aspect 2.000 < 2.5
[CLEAN C1046] REJECT Pit: area 4.0 < 32; circularity 0.503 < 0.55
[CLEAN C1047] type=Rejected area=14.0 perimeter=15.7 bbox=(39,543,6,5) long=5.0 box_short=4.0 box_aspect=1.250 skeleton_width=2.80 skeleton_range=2.00-4.39 skeleton_aspect=1.786 merge_ratio=1.000 circularity=0.718
[CLEAN C1047] REJECT Scratch: area 14.0 < 20; long_side 5.0 < 10; skeleton_aspect 1.786 < 2.5; box_aspect 1.250 < 1.5
[CLEAN C1047] REJECT Pit: area 14.0 < 32
[CLEAN C1048] type=Rejected area=8.0 perimeter=12.8 bbox=(1142,542,4,5) long=4.0 box_short=3.0 box_aspect=1.333 skeleton_width=2.00 skeleton_range=2.00-4.00 skeleton_aspect=2.000 merge_ratio=1.000 circularity=0.611
[CLEAN C1048] REJECT Scratch: area 8.0 < 20; long_side 4.0 < 10; skeleton_aspect 2.000 < 2.5; box_aspect 1.333 < 1.5
[CLEAN C1048] REJECT Pit: area 8.0 < 32
[CLEAN C1049] type=Rejected area=8.5 perimeter=12.2 bbox=(1232,541,4,5) long=4.0 box_short=3.0 box_aspect=1.333 skeleton_width=2.80 skeleton_range=2.00-4.00 skeleton_aspect=1.429 merge_ratio=0.759 circularity=0.713
[CLEAN C1049] REJECT Scratch: area 8.5 < 20; long_side 4.0 < 10; skeleton_aspect 1.429 < 2.5; box_aspect 1.333 < 1.5
[CLEAN C1049] REJECT Pit: area 8.5 < 32
[CLEAN C1050] type=Rejected area=11.5 perimeter=14.2 bbox=(1238,540,4,6) long=5.0 box_short=3.0 box_aspect=1.667 skeleton_width=2.80 skeleton_range=2.00-4.00 skeleton_aspect=1.786 merge_ratio=0.821 circularity=0.712
[CLEAN C1050] REJECT Scratch: area 11.5 < 20; long_side 5.0 < 10; skeleton_aspect 1.786 < 2.5
[CLEAN C1050] REJECT Pit: area 11.5 < 32
[CLEAN C1051] type=Rejected area=4.5 perimeter=9.4 bbox=(1185,540,3,4) long=3.0 box_short=2.0 box_aspect=1.500 skeleton_width=2.00 skeleton_range=2.00-2.80 skeleton_aspect=1.500 merge_ratio=0.750 circularity=0.638
[CLEAN C1051] REJECT Scratch: area 4.5 < 20; long_side 3.0 < 10; skeleton_aspect 1.500 < 2.5
[CLEAN C1051] REJECT Pit: area 4.5 < 32
[CLEAN C1052] type=Rejected candidate=Scratch area=63.5 perimeter=49.2 bbox=(679,540,16,11) long=17.0 box_short=7.2 box_aspect=2.375 skeleton_width=4.00 skeleton_range=2.00-5.60 skeleton_aspect=4.249 merge_ratio=0.934 circularity=0.329
[CLEAN C1052] REJECT Scratch: 尺寸 0.176410 mm < 0.25 mm
[MEASURE C1052] Scratch width=0.176410 mm valid=False
[CLEAN C1053] type=Rejected area=1.0 perimeter=4.0 bbox=(211,540,2,2) long=1.0 box_short=1.0 box_aspect=1.000 skeleton_width=2.00 skeleton_range=2.00-2.00 skeleton_aspect=0.500 merge_ratio=0.500 circularity=0.785
[CLEAN C1053] REJECT Scratch: area 1.0 < 20; long_side 1.0 < 10; skeleton_aspect 0.500 < 2.5; box_aspect 1.000 < 1.5
[CLEAN C1053] REJECT Pit: area 1.0 < 32
[CLEAN C1054] type=Rejected area=1.0 perimeter=4.0 bbox=(1210,539,2,2) long=1.0 box_short=1.0 box_aspect=1.000 skeleton_width=2.00 skeleton_range=2.00-2.00 skeleton_aspect=0.500 merge_ratio=0.500 circularity=0.785
[CLEAN C1054] REJECT Scratch: area 1.0 < 20; long_side 1.0 < 10; skeleton_aspect 0.500 < 2.5; box_aspect 1.000 < 1.5
[CLEAN C1054] REJECT Pit: area 1.0 < 32
[CLEAN C1055] type=Rejected area=29.0 perimeter=22.5 bbox=(857,539,8,7) long=6.5 box_short=6.3 box_aspect=1.038 skeleton_width=4.20 skeleton_range=2.00-6.00 skeleton_aspect=1.560 merge_ratio=1.055 circularity=0.721
[CLEAN C1055] REJECT Scratch: long_side 6.5 < 10; skeleton_aspect 1.560 < 2.5; box_aspect 1.038 < 1.5
[CLEAN C1055] REJECT Pit: area 29.0 < 32
[CLEAN C1056] type=Rejected area=12.0 perimeter=15.7 bbox=(1166,538,5,6) long=5.0 box_short=4.0 box_aspect=1.250 skeleton_width=2.80 skeleton_range=2.00-4.00 skeleton_aspect=1.786 merge_ratio=0.857 circularity=0.615
[CLEAN C1056] REJECT Scratch: area 12.0 < 20; long_side 5.0 < 10; skeleton_aspect 1.786 < 2.5; box_aspect 1.250 < 1.5
[CLEAN C1056] REJECT Pit: area 12.0 < 32
[CLEAN C1057] type=Rejected area=2.0 perimeter=6.0 bbox=(1070,538,3,2) long=2.0 box_short=1.0 box_aspect=2.000 skeleton_width=2.00 skeleton_range=2.00-2.00 skeleton_aspect=1.000 merge_ratio=0.500 circularity=0.698
[CLEAN C1057] REJECT Scratch: area 2.0 < 20; long_side 2.0 < 10; skeleton_aspect 1.000 < 2.5
[CLEAN C1057] REJECT Pit: area 2.0 < 32
[CLEAN C1058] type=Pit area=58.0 perimeter=29.3 bbox=(396,538,11,8) long=10.0 box_short=7.0 box_aspect=1.429 skeleton_width=6.79 skeleton_range=2.00-8.00 skeleton_aspect=1.472 merge_ratio=0.854 circularity=0.848
[MEASURE C1058] Pit diameter=0.270253 mm valid=True
Pit: area = 58.0 diameter_mm = 0.27025306224823 circularity = 0.8481962218999632
[CLEAN C1059] type=Rejected candidate=Scratch area=508.0 perimeter=249.1 bbox=(69,538,23,81) long=80.7 box_short=20.5 box_aspect=3.931 skeleton_width=4.39 skeleton_range=2.00-12.00 skeleton_aspect=18.378 merge_ratio=1.432 circularity=0.103
[CLEAN C1059] REJECT Scratch: 不可测: 划痕最大宽度点超出中央有效测量区域
[MEASURE C1059] Scratch 不可测: 划痕最大宽度点超出中央有效测量区域
[CLEAN C1060] type=Rejected area=9.5 perimeter=12.2 bbox=(760,537,4,5) long=4.0 box_short=3.0 box_aspect=1.333 skeleton_width=2.80 skeleton_range=2.00-4.00 skeleton_aspect=1.429 merge_ratio=0.848 circularity=0.796
[CLEAN C1060] REJECT Scratch: area 9.5 < 20; long_side 4.0 < 10; skeleton_aspect 1.429 < 2.5; box_aspect 1.333 < 1.5
[CLEAN C1060] REJECT Pit: area 9.5 < 32
[CLEAN C1061] type=Rejected candidate=Scratch area=39.5 perimeter=34.2 bbox=(667,537,4,16) long=15.0 box_short=3.0 box_aspect=5.000 skeleton_width=4.00 skeleton_range=2.00-4.00 skeleton_aspect=3.750 merge_ratio=0.658 circularity=0.423
[CLEAN C1061] REJECT Scratch: 尺寸 0.100040 mm < 0.25 mm
[MEASURE C1061] Scratch width=0.100040 mm valid=False
[CLEAN C1062] type=Rejected area=27.5 perimeter=21.1 bbox=(612,537,7,7) long=6.0 box_short=6.0 box_aspect=1.000 skeleton_width=4.39 skeleton_range=2.00-5.60 skeleton_aspect=1.366 merge_ratio=1.043 circularity=0.778
[CLEAN C1062] REJECT Scratch: long_side 6.0 < 10; skeleton_aspect 1.366 < 2.5; box_aspect 1.000 < 1.5
[CLEAN C1062] REJECT Pit: area 27.5 < 32
[CLEAN C1063] type=Rejected candidate=Scratch area=42.0 perimeter=53.3 bbox=(533,537,5,24) long=23.2 box_short=3.7 box_aspect=6.239 skeleton_width=2.80 skeleton_range=2.00-4.00 skeleton_aspect=8.281 merge_ratio=0.647 circularity=0.186
[CLEAN C1063] REJECT Scratch: 尺寸 0.077396 mm < 0.25 mm
[MEASURE C1063] Scratch width=0.077396 mm valid=False
[CLEAN C1064] type=Rejected area=3.0 perimeter=8.0 bbox=(1263,536,2,4) long=3.0 box_short=1.0 box_aspect=3.000 skeleton_width=2.00 skeleton_range=2.00-2.00 skeleton_aspect=1.500 merge_ratio=0.500 circularity=0.589
[CLEAN C1064] REJECT Scratch: area 3.0 < 20; long_side 3.0 < 10; skeleton_aspect 1.500 < 2.5
[CLEAN C1064] REJECT Pit: area 3.0 < 32
[CLEAN C1065] type=Rejected area=6.0 perimeter=10.8 bbox=(1203,536,3,5) long=4.0 box_short=2.0 box_aspect=2.000 skeleton_width=2.00 skeleton_range=2.00-2.80 skeleton_aspect=2.000 merge_ratio=0.750 circularity=0.643
[CLEAN C1065] REJECT Scratch: area 6.0 < 20; long_side 4.0 < 10; skeleton_aspect 2.000 < 2.5
[CLEAN C1065] REJECT Pit: area 6.0 < 32
[CLEAN C1066] type=Rejected area=6.0 perimeter=12.8 bbox=(417,536,3,6) long=5.0 box_short=2.0 box_aspect=2.500 skeleton_width=2.00 skeleton_range=2.00-2.80 skeleton_aspect=2.500 merge_ratio=0.600 circularity=0.458
[CLEAN C1066] REJECT Scratch: area 6.0 < 20; long_side 5.0 < 10
[CLEAN C1066] REJECT Pit: area 6.0 < 32; circularity 0.458 < 0.55
[CLEAN C1067] type=Rejected candidate=Scratch area=27.0 perimeter=26.5 bbox=(1173,535,6,11) long=10.6 box_short=4.5 box_aspect=2.348 skeleton_width=2.80 skeleton_range=2.00-5.60 skeleton_aspect=3.782 merge_ratio=0.911 circularity=0.484
[CLEAN C1067] REJECT Scratch: 不可测: 划痕最大宽度点超出中央有效测量区域
[MEASURE C1067] Scratch 不可测: 划痕最大宽度点超出中央有效测量区域
[CLEAN C1068] type=Rejected area=1.0 perimeter=4.0 bbox=(1241,534,2,2) long=1.0 box_short=1.0 box_aspect=1.000 skeleton_width=2.00 skeleton_range=2.00-2.00 skeleton_aspect=0.500 merge_ratio=0.500 circularity=0.785
[CLEAN C1068] REJECT Scratch: area 1.0 < 20; long_side 1.0 < 10; skeleton_aspect 0.500 < 2.5; box_aspect 1.000 < 1.5
[CLEAN C1068] REJECT Pit: area 1.0 < 32
[CLEAN C1069] type=Rejected candidate=Scratch area=48.5 perimeter=30.7 bbox=(873,533,12,8) long=11.6 box_short=5.9 box_aspect=1.967 skeleton_width=4.39 skeleton_range=2.00-6.39 skeleton_aspect=2.633 merge_ratio=0.954 circularity=0.645
[CLEAN C1069] REJECT Scratch: 尺寸 0.124820 mm < 0.25 mm
[MEASURE C1069] Scratch width=0.124820 mm valid=False
[CLEAN C1070] type=Rejected candidate=Scratch area=28.5 perimeter=29.1 bbox=(1148,531,5,13) long=12.0 box_short=4.0 box_aspect=3.000 skeleton_width=2.00 skeleton_range=2.00-5.60 skeleton_aspect=6.000 merge_ratio=1.188 circularity=0.424
[CLEAN C1070] REJECT Scratch: 不可测: 划痕最大宽度点超出中央有效测量区域
[MEASURE C1070] Scratch 不可测: 划痕最大宽度点超出中央有效测量区域
[CLEAN C1071] type=Rejected area=3.5 perimeter=7.4 bbox=(34,531,3,3) long=2.0 box_short=2.0 box_aspect=1.000 skeleton_width=2.00 skeleton_range=2.00-2.80 skeleton_aspect=1.000 merge_ratio=0.875 circularity=0.800
[CLEAN C1071] REJECT Scratch: area 3.5 < 20; long_side 2.0 < 10; skeleton_aspect 1.000 < 2.5; box_aspect 1.000 < 1.5
[CLEAN C1071] REJECT Pit: area 3.5 < 32
[CLEAN C1072] type=Rejected area=9.5 perimeter=13.4 bbox=(1099,530,5,4) long=4.0 box_short=3.0 box_aspect=1.333 skeleton_width=2.40 skeleton_range=2.00-4.00 skeleton_aspect=1.667 merge_ratio=0.990 circularity=0.663
[CLEAN C1072] REJECT Scratch: area 9.5 < 20; long_side 4.0 < 10; skeleton_aspect 1.667 < 2.5; box_aspect 1.333 < 1.5
[CLEAN C1072] REJECT Pit: area 9.5 < 32
[CLEAN C1073] type=Rejected area=5.5 perimeter=9.4 bbox=(656,530,4,3) long=3.0 box_short=2.0 box_aspect=1.500 skeleton_width=2.00 skeleton_range=2.00-4.00 skeleton_aspect=1.500 merge_ratio=0.917 circularity=0.780
[CLEAN C1073] REJECT Scratch: area 5.5 < 20; long_side 3.0 < 10; skeleton_aspect 1.500 < 2.5
[CLEAN C1073] REJECT Pit: area 5.5 < 32
[CLEAN C1074] type=Rejected area=15.0 perimeter=26.5 bbox=(434,530,6,11) long=11.1 box_short=2.6 box_aspect=4.286 skeleton_width=2.00 skeleton_range=2.00-4.00 skeleton_aspect=5.571 merge_ratio=0.673 circularity=0.269
[CLEAN C1074] REJECT Scratch: area 15.0 < 20
[CLEAN C1074] REJECT Pit: area 15.0 < 32; circularity 0.269 < 0.55
[CLEAN C1075] type=Rejected candidate=Scratch area=55.0 perimeter=39.7 bbox=(0,530,6,17) long=16.0 box_short=5.0 box_aspect=3.200 skeleton_width=4.00 skeleton_range=2.00-6.00 skeleton_aspect=4.000 merge_ratio=0.859 circularity=0.439
[CLEAN C1075] REJECT Scratch: 不可测: 划痕最大宽度点超出中央有效测量区域
[MEASURE C1075] Scratch 不可测: 划痕最大宽度点超出中央有效测量区域
[CLEAN C1076] type=Rejected area=13.0 perimeter=15.7 bbox=(1159,529,7,4) long=6.0 box_short=3.0 box_aspect=2.000 skeleton_width=2.80 skeleton_range=2.00-4.00 skeleton_aspect=2.143 merge_ratio=0.774 circularity=0.666
[CLEAN C1076] REJECT Scratch: area 13.0 < 20; long_side 6.0 < 10; skeleton_aspect 2.143 < 2.5
[CLEAN C1076] REJECT Pit: area 13.0 < 32
[CLEAN C1077] type=Rejected area=1.0 perimeter=4.0 bbox=(1002,529,2,2) long=1.0 box_short=1.0 box_aspect=1.000 skeleton_width=2.00 skeleton_range=2.00-2.00 skeleton_aspect=0.500 merge_ratio=0.500 circularity=0.785
[CLEAN C1077] REJECT Scratch: area 1.0 < 20; long_side 1.0 < 10; skeleton_aspect 0.500 < 2.5; box_aspect 1.000 < 1.5
[CLEAN C1077] REJECT Pit: area 1.0 < 32
[CLEAN C1078] type=Rejected area=2.0 perimeter=6.0 bbox=(371,529,2,3) long=2.0 box_short=1.0 box_aspect=2.000 skeleton_width=2.00 skeleton_range=2.00-2.00 skeleton_aspect=1.000 merge_ratio=0.500 circularity=0.698
[CLEAN C1078] REJECT Scratch: area 2.0 < 20; long_side 2.0 < 10; skeleton_aspect 1.000 < 2.5
[CLEAN C1078] REJECT Pit: area 2.0 < 32
[CLEAN C1079] type=Rejected area=6.0 perimeter=10.8 bbox=(67,529,3,5) long=4.0 box_short=2.0 box_aspect=2.000 skeleton_width=2.00 skeleton_range=2.00-2.80 skeleton_aspect=2.000 merge_ratio=0.750 circularity=0.643
[CLEAN C1079] REJECT Scratch: area 6.0 < 20; long_side 4.0 < 10; skeleton_aspect 2.000 < 2.5
[CLEAN C1079] REJECT Pit: area 6.0 < 32
[CLEAN C1080] type=Rejected area=7.5 perimeter=18.2 bbox=(1188,528,4,8) long=7.2 box_short=2.5 box_aspect=2.933 skeleton_width=2.00 skeleton_range=2.00-4.00 skeleton_aspect=3.617 merge_ratio=0.518 circularity=0.283
[CLEAN C1080] REJECT Scratch: area 7.5 < 20; long_side 7.2 < 10
[CLEAN C1080] REJECT Pit: area 7.5 < 32; circularity 0.283 < 0.55
[CLEAN C1081] type=Rejected area=9.0 perimeter=14.5 bbox=(394,527,5,6) long=5.8 box_short=2.7 box_aspect=2.167 skeleton_width=2.80 skeleton_range=2.00-2.80 skeleton_aspect=2.076 merge_ratio=0.553 circularity=0.539
[CLEAN C1081] REJECT Scratch: area 9.0 < 20; long_side 5.8 < 10; skeleton_aspect 2.076 < 2.5
[CLEAN C1081] REJECT Pit: area 9.0 < 32; circularity 0.539 < 0.55
[CLEAN C1082] type=Rejected area=19.0 perimeter=19.3 bbox=(403,526,8,6) long=7.8 box_short=3.5 box_aspect=2.200 skeleton_width=2.80 skeleton_range=2.00-4.39 skeleton_aspect=2.778 merge_ratio=0.872 circularity=0.640
[CLEAN C1082] REJECT Scratch: area 19.0 < 20; long_side 7.8 < 10
[CLEAN C1082] REJECT Pit: area 19.0 < 32
[CLEAN C1083] type=Rejected area=3.0 perimeter=8.8 bbox=(226,526,4,3) long=3.6 box_short=1.3 box_aspect=2.667 skeleton_width=2.00 skeleton_range=2.00-2.00 skeleton_aspect=1.789 merge_ratio=0.419 circularity=0.484
[CLEAN C1083] REJECT Scratch: area 3.0 < 20; long_side 3.6 < 10; skeleton_aspect 1.789 < 2.5
[CLEAN C1083] REJECT Pit: area 3.0 < 32; circularity 0.484 < 0.55
[CLEAN C1084] type=Rejected area=18.0 perimeter=24.8 bbox=(512,525,3,12) long=11.0 box_short=2.0 box_aspect=5.500 skeleton_width=2.00 skeleton_range=2.00-4.00 skeleton_aspect=5.500 merge_ratio=0.818 circularity=0.367
[CLEAN C1084] REJECT Scratch: area 18.0 < 20
[CLEAN C1084] REJECT Pit: area 18.0 < 32; circularity 0.367 < 0.55; aspect_ratio 5.500 > 5.0
[CLEAN C1085] type=Rejected candidate=Scratch area=46.5 perimeter=31.9 bbox=(71,524,12,7) long=11.0 box_short=6.0 box_aspect=1.833 skeleton_width=4.00 skeleton_range=2.00-6.39 skeleton_aspect=2.750 merge_ratio=1.057 circularity=0.574
[CLEAN C1085] REJECT Scratch: 不可测: 划痕最大宽度点超出中央有效测量区域
[MEASURE C1085] Scratch 不可测: 划痕最大宽度点超出中央有效测量区域
[CLEAN C1086] type=Rejected area=7.0 perimeter=10.8 bbox=(57,524,5,3) long=4.0 box_short=2.0 box_aspect=2.000 skeleton_width=2.80 skeleton_range=2.00-4.00 skeleton_aspect=1.429 merge_ratio=0.625 circularity=0.750
[CLEAN C1086] REJECT Scratch: area 7.0 < 20; long_side 4.0 < 10; skeleton_aspect 1.429 < 2.5
[CLEAN C1086] REJECT Pit: area 7.0 < 32
[CLEAN C1087] type=Rejected area=1.0 perimeter=4.0 bbox=(1251,522,2,2) long=1.0 box_short=1.0 box_aspect=1.000 skeleton_width=2.00 skeleton_range=2.00-2.00 skeleton_aspect=0.500 merge_ratio=0.500 circularity=0.785
[CLEAN C1087] REJECT Scratch: area 1.0 < 20; long_side 1.0 < 10; skeleton_aspect 0.500 < 2.5; box_aspect 1.000 < 1.5
[CLEAN C1087] REJECT Pit: area 1.0 < 32
[CLEAN C1088] type=Rejected area=2.0 perimeter=6.0 bbox=(1044,522,2,3) long=2.0 box_short=1.0 box_aspect=2.000 skeleton_width=2.00 skeleton_range=2.00-2.00 skeleton_aspect=1.000 merge_ratio=0.500 circularity=0.698
[CLEAN C1088] REJECT Scratch: area 2.0 < 20; long_side 2.0 < 10; skeleton_aspect 1.000 < 2.5
[CLEAN C1088] REJECT Pit: area 2.0 < 32
[CLEAN C1089] type=Rejected candidate=Scratch area=40.0 perimeter=30.1 bbox=(583,522,12,8) long=12.2 box_short=5.1 box_aspect=2.375 skeleton_width=4.39 skeleton_range=2.00-5.60 skeleton_aspect=2.768 merge_ratio=0.748 circularity=0.553
[CLEAN C1089] REJECT Scratch: 尺寸 0.123544 mm < 0.25 mm
[MEASURE C1089] Scratch width=0.123544 mm valid=False
[CLEAN C1090] type=Pit area=61.0 perimeter=34.1 bbox=(959,521,12,10) long=11.0 box_short=8.6 box_aspect=1.279 skeleton_width=4.39 skeleton_range=2.00-8.00 skeleton_aspect=2.504 merge_ratio=1.262 circularity=0.658
[MEASURE C1090] Pit diameter=0.323528 mm valid=True
Pit: area = 61.0 diameter_mm = 0.32352766394615173 circularity = 0.6575947523555595
[CLEAN C1091] type=Rejected area=1.0 perimeter=4.0 bbox=(722,521,2,2) long=1.0 box_short=1.0 box_aspect=1.000 skeleton_width=2.00 skeleton_range=2.00-2.00 skeleton_aspect=0.500 merge_ratio=0.500 circularity=0.785
[CLEAN C1091] REJECT Scratch: area 1.0 < 20; long_side 1.0 < 10; skeleton_aspect 0.500 < 2.5; box_aspect 1.000 < 1.5
[CLEAN C1091] REJECT Pit: area 1.0 < 32
[CLEAN C1092] type=Rejected candidate=Scratch area=70.5 perimeter=44.4 bbox=(450,521,9,17) long=16.3 box_short=7.4 box_aspect=2.219 skeleton_width=4.00 skeleton_range=2.00-7.19 skeleton_aspect=4.084 merge_ratio=1.079 circularity=0.450
[CLEAN C1092] REJECT Scratch: 尺寸 0.177976 mm < 0.25 mm
[MEASURE C1092] Scratch width=0.177976 mm valid=False
[CLEAN C1093] type=Rejected area=3.0 perimeter=8.0 bbox=(1199,520,2,4) long=3.0 box_short=1.0 box_aspect=3.000 skeleton_width=2.00 skeleton_range=2.00-2.00 skeleton_aspect=1.500 merge_ratio=0.500 circularity=0.589
[CLEAN C1093] REJECT Scratch: area 3.0 < 20; long_side 3.0 < 10; skeleton_aspect 1.500 < 2.5
[CLEAN C1093] REJECT Pit: area 3.0 < 32
[CLEAN C1094] type=Rejected area=1.0 perimeter=4.0 bbox=(1167,520,2,2) long=1.0 box_short=1.0 box_aspect=1.000 skeleton_width=2.00 skeleton_range=2.00-2.00 skeleton_aspect=0.500 merge_ratio=0.500 circularity=0.785
[CLEAN C1094] REJECT Scratch: area 1.0 < 20; long_side 1.0 < 10; skeleton_aspect 0.500 < 2.5; box_aspect 1.000 < 1.5
[CLEAN C1094] REJECT Pit: area 1.0 < 32
[CLEAN C1095] type=Rejected area=1.0 perimeter=4.0 bbox=(1150,520,2,2) long=1.0 box_short=1.0 box_aspect=1.000 skeleton_width=2.00 skeleton_range=2.00-2.00 skeleton_aspect=0.500 merge_ratio=0.500 circularity=0.785
[CLEAN C1095] REJECT Scratch: area 1.0 < 20; long_side 1.0 < 10; skeleton_aspect 0.500 < 2.5; box_aspect 1.000 < 1.5
[CLEAN C1095] REJECT Pit: area 1.0 < 32
[CLEAN C1096] type=Rejected area=1.0 perimeter=4.0 bbox=(975,520,2,2) long=1.0 box_short=1.0 box_aspect=1.000 skeleton_width=2.00 skeleton_range=2.00-2.00 skeleton_aspect=0.500 merge_ratio=0.500 circularity=0.785
[CLEAN C1096] REJECT Scratch: area 1.0 < 20; long_side 1.0 < 10; skeleton_aspect 0.500 < 2.5; box_aspect 1.000 < 1.5
[CLEAN C1096] REJECT Pit: area 1.0 < 32
[CLEAN C1097] type=Rejected area=9.5 perimeter=16.2 bbox=(1204,519,4,7) long=6.5 box_short=2.2 box_aspect=3.000 skeleton_width=2.00 skeleton_range=2.00-2.80 skeleton_aspect=3.274 merge_ratio=0.725 circularity=0.453
[CLEAN C1097] REJECT Scratch: area 9.5 < 20; long_side 6.5 < 10
[CLEAN C1097] REJECT Pit: area 9.5 < 32; circularity 0.453 < 0.55
[CLEAN C1098] type=Rejected area=6.0 perimeter=10.0 bbox=(890,519,4,3) long=3.0 box_short=2.0 box_aspect=1.500 skeleton_width=2.00 skeleton_range=2.00-4.00 skeleton_aspect=1.500 merge_ratio=1.000 circularity=0.754
[CLEAN C1098] REJECT Scratch: area 6.0 < 20; long_side 3.0 < 10; skeleton_aspect 1.500 < 2.5
[CLEAN C1098] REJECT Pit: area 6.0 < 32
[CLEAN C1099] type=Rejected candidate=Scratch area=62.5 perimeter=52.7 bbox=(1221,518,7,22) long=21.0 box_short=6.0 box_aspect=3.500 skeleton_width=4.00 skeleton_range=2.00-6.00 skeleton_aspect=5.250 merge_ratio=0.744 circularity=0.282
[CLEAN C1099] REJECT Scratch: 不可测: 划痕最大宽度点超出中央有效测量区域
[MEASURE C1099] Scratch 不可测: 划痕最大宽度点超出中央有效测量区域
[CLEAN C1100] type=Pit area=41.0 perimeter=29.3 bbox=(942,518,9,9) long=8.0 box_short=8.0 box_aspect=1.000 skeleton_width=4.00 skeleton_range=2.00-6.39 skeleton_aspect=2.000 merge_ratio=1.281 circularity=0.600
[MEASURE C1100] Pit diameter=0.285772 mm valid=True
Pit: area = 41.0 diameter_mm = 0.2857719361782074 circularity = 0.5995869893231751
[CLEAN C1101] type=Rejected candidate=Scratch area=36.5 perimeter=29.9 bbox=(484,518,6,13) long=12.0 box_short=5.0 box_aspect=2.400 skeleton_width=4.00 skeleton_range=2.00-5.60 skeleton_aspect=3.000 merge_ratio=0.760 circularity=0.513
[CLEAN C1101] REJECT Scratch: 尺寸 0.151218 mm < 0.25 mm
[MEASURE C1101] Scratch width=0.151218 mm valid=False
[CLEAN C1102] type=Rejected area=1.0 perimeter=4.0 bbox=(526,517,2,2) long=1.0 box_short=1.0 box_aspect=1.000 skeleton_width=2.00 skeleton_range=2.00-2.00 skeleton_aspect=0.500 merge_ratio=0.500 circularity=0.785
[CLEAN C1102] REJECT Scratch: area 1.0 < 20; long_side 1.0 < 10; skeleton_aspect 0.500 < 2.5; box_aspect 1.000 < 1.5
[CLEAN C1102] REJECT Pit: area 1.0 < 32
[CLEAN C1103] type=Rejected area=1.0 perimeter=4.0 bbox=(472,517,2,2) long=1.0 box_short=1.0 box_aspect=1.000 skeleton_width=2.00 skeleton_range=2.00-2.00 skeleton_aspect=0.500 merge_ratio=0.500 circularity=0.785
[CLEAN C1103] REJECT Scratch: area 1.0 < 20; long_side 1.0 < 10; skeleton_aspect 0.500 < 2.5; box_aspect 1.000 < 1.5
[CLEAN C1103] REJECT Pit: area 1.0 < 32
[CLEAN C1104] type=Rejected candidate=Scratch area=108.0 perimeter=47.0 bbox=(373,517,20,9) long=19.3 box_short=7.7 box_aspect=2.516 skeleton_width=6.79 skeleton_range=2.00-8.00 skeleton_aspect=2.848 merge_ratio=0.822 circularity=0.615
[CLEAN C1104] REJECT Scratch: 尺寸 0.195056 mm < 0.25 mm
[MEASURE C1104] Scratch width=0.195056 mm valid=False
[CLEAN C1105] type=Rejected area=4.0 perimeter=8.8 bbox=(921,516,3,4) long=3.0 box_short=2.0 box_aspect=1.500 skeleton_width=2.00 skeleton_range=2.00-2.80 skeleton_aspect=1.500 merge_ratio=0.667 circularity=0.645
[CLEAN C1105] REJECT Scratch: area 4.0 < 20; long_side 3.0 < 10; skeleton_aspect 1.500 < 2.5
[CLEAN C1105] REJECT Pit: area 4.0 < 32
[CLEAN C1106] type=Rejected area=3.5 perimeter=7.4 bbox=(535,516,3,3) long=2.0 box_short=2.0 box_aspect=1.000 skeleton_width=2.00 skeleton_range=2.00-2.80 skeleton_aspect=1.000 merge_ratio=0.875 circularity=0.800
[CLEAN C1106] REJECT Scratch: area 3.5 < 20; long_side 2.0 < 10; skeleton_aspect 1.000 < 2.5; box_aspect 1.000 < 1.5
[CLEAN C1106] REJECT Pit: area 3.5 < 32
[CLEAN C1107] type=Rejected area=10.5 perimeter=14.2 bbox=(411,516,4,6) long=5.0 box_short=3.0 box_aspect=1.667 skeleton_width=2.80 skeleton_range=2.00-4.00 skeleton_aspect=1.786 merge_ratio=0.750 circularity=0.650
[CLEAN C1107] REJECT Scratch: area 10.5 < 20; long_side 5.0 < 10; skeleton_aspect 1.786 < 2.5
[CLEAN C1107] REJECT Pit: area 10.5 < 32
[CLEAN C1108] type=Rejected area=2.0 perimeter=6.0 bbox=(248,516,3,2) long=2.0 box_short=1.0 box_aspect=2.000 skeleton_width=2.00 skeleton_range=2.00-2.00 skeleton_aspect=1.000 merge_ratio=0.500 circularity=0.698
[CLEAN C1108] REJECT Scratch: area 2.0 < 20; long_side 2.0 < 10; skeleton_aspect 1.000 < 2.5
[CLEAN C1108] REJECT Pit: area 2.0 < 32
[CLEAN C1109] type=Rejected area=19.5 perimeter=25.9 bbox=(79,515,9,8) long=10.4 box_short=4.1 box_aspect=2.545 skeleton_width=2.80 skeleton_range=2.00-4.00 skeleton_aspect=3.721 merge_ratio=0.668 circularity=0.365
[CLEAN C1109] REJECT Scratch: area 19.5 < 20
[CLEAN C1109] REJECT Pit: area 19.5 < 32; circularity 0.365 < 0.55
[CLEAN C1110] type=Rejected candidate=Scratch area=33.0 perimeter=29.7 bbox=(0,515,7,11) long=10.0 box_short=6.0 box_aspect=1.667 skeleton_width=4.00 skeleton_range=2.00-6.00 skeleton_aspect=2.500 merge_ratio=0.825 circularity=0.471
[CLEAN C1110] REJECT Scratch: 不可测: 划痕最大宽度点超出中央有效测量区域
[MEASURE C1110] Scratch 不可测: 划痕最大宽度点超出中央有效测量区域
[CLEAN C1111] type=Rejected area=1.0 perimeter=4.0 bbox=(628,514,2,2) long=1.0 box_short=1.0 box_aspect=1.000 skeleton_width=2.00 skeleton_range=2.00-2.00 skeleton_aspect=0.500 merge_ratio=0.500 circularity=0.785
[CLEAN C1111] REJECT Scratch: area 1.0 < 20; long_side 1.0 < 10; skeleton_aspect 0.500 < 2.5; box_aspect 1.000 < 1.5
[CLEAN C1111] REJECT Pit: area 1.0 < 32
[CLEAN C1112] type=Rejected area=4.5 perimeter=9.4 bbox=(11,514,4,3) long=3.0 box_short=2.0 box_aspect=1.500 skeleton_width=2.00 skeleton_range=2.00-2.80 skeleton_aspect=1.500 merge_ratio=0.750 circularity=0.638
[CLEAN C1112] REJECT Scratch: area 4.5 < 20; long_side 3.0 < 10; skeleton_aspect 1.500 < 2.5
[CLEAN C1112] REJECT Pit: area 4.5 < 32
[CLEAN C1113] type=Rejected area=18.5 perimeter=18.2 bbox=(1194,512,4,8) long=7.0 box_short=3.0 box_aspect=2.333 skeleton_width=4.00 skeleton_range=2.00-4.00 skeleton_aspect=1.750 merge_ratio=0.661 circularity=0.699
[CLEAN C1113] REJECT Scratch: area 18.5 < 20; long_side 7.0 < 10; skeleton_aspect 1.750 < 2.5
[CLEAN C1113] REJECT Pit: area 18.5 < 32
[CLEAN C1114] type=Rejected area=5.0 perimeter=8.8 bbox=(405,512,4,3) long=3.0 box_short=2.0 box_aspect=1.500 skeleton_width=2.40 skeleton_range=2.00-2.80 skeleton_aspect=1.250 merge_ratio=0.694 circularity=0.806
[CLEAN C1114] REJECT Scratch: area 5.0 < 20; long_side 3.0 < 10; skeleton_aspect 1.250 < 2.5
[CLEAN C1114] REJECT Pit: area 5.0 < 32
[CLEAN C1115] type=Rejected area=5.5 perimeter=9.4 bbox=(1026,511,3,4) long=3.0 box_short=2.0 box_aspect=1.500 skeleton_width=2.00 skeleton_range=2.00-4.00 skeleton_aspect=1.500 merge_ratio=0.917 circularity=0.780
[CLEAN C1115] REJECT Scratch: area 5.5 < 20; long_side 3.0 < 10; skeleton_aspect 1.500 < 2.5
[CLEAN C1115] REJECT Pit: area 5.5 < 32
[CLEAN C1116] type=Rejected area=2.0 perimeter=6.0 bbox=(964,511,3,2) long=2.0 box_short=1.0 box_aspect=2.000 skeleton_width=2.00 skeleton_range=2.00-2.00 skeleton_aspect=1.000 merge_ratio=0.500 circularity=0.698
[CLEAN C1116] REJECT Scratch: area 2.0 < 20; long_side 2.0 < 10; skeleton_aspect 1.000 < 2.5
[CLEAN C1116] REJECT Pit: area 2.0 < 32
[CLEAN C1117] type=Rejected area=1.0 perimeter=4.0 bbox=(986,510,2,2) long=1.0 box_short=1.0 box_aspect=1.000 skeleton_width=2.00 skeleton_range=2.00-2.00 skeleton_aspect=0.500 merge_ratio=0.500 circularity=0.785
[CLEAN C1117] REJECT Scratch: area 1.0 < 20; long_side 1.0 < 10; skeleton_aspect 0.500 < 2.5; box_aspect 1.000 < 1.5
[CLEAN C1117] REJECT Pit: area 1.0 < 32
[CLEAN C1118] type=Rejected area=1.0 perimeter=4.0 bbox=(959,510,2,2) long=1.0 box_short=1.0 box_aspect=1.000 skeleton_width=2.00 skeleton_range=2.00-2.00 skeleton_aspect=0.500 merge_ratio=0.500 circularity=0.785
[CLEAN C1118] REJECT Scratch: area 1.0 < 20; long_side 1.0 < 10; skeleton_aspect 0.500 < 2.5; box_aspect 1.000 < 1.5
[CLEAN C1118] REJECT Pit: area 1.0 < 32
[CLEAN C1119] type=Rejected area=10.5 perimeter=13.4 bbox=(510,510,4,5) long=4.0 box_short=3.0 box_aspect=1.333 skeleton_width=2.80 skeleton_range=2.00-4.00 skeleton_aspect=1.429 merge_ratio=0.938 circularity=0.733
[CLEAN C1119] REJECT Scratch: area 10.5 < 20; long_side 4.0 < 10; skeleton_aspect 1.429 < 2.5; box_aspect 1.333 < 1.5
[CLEAN C1119] REJECT Pit: area 10.5 < 32
[CLEAN C1120] type=Rejected area=7.0 perimeter=15.7 bbox=(1233,508,5,6) long=6.4 box_short=2.4 box_aspect=2.667 skeleton_width=2.00 skeleton_range=2.00-2.80 skeleton_aspect=3.200 merge_ratio=0.547 circularity=0.359
[CLEAN C1120] REJECT Scratch: area 7.0 < 20; long_side 6.4 < 10
[CLEAN C1120] REJECT Pit: area 7.0 < 32; circularity 0.359 < 0.55
[CLEAN C1121] type=Rejected area=9.0 perimeter=15.7 bbox=(1202,508,5,6) long=6.4 box_short=2.8 box_aspect=2.250 skeleton_width=2.00 skeleton_range=2.00-2.80 skeleton_aspect=3.182 merge_ratio=0.707 circularity=0.461
[CLEAN C1121] REJECT Scratch: area 9.0 < 20; long_side 6.4 < 10
[CLEAN C1121] REJECT Pit: area 9.0 < 32; circularity 0.461 < 0.55
[CLEAN C1122] type=Rejected area=14.5 perimeter=14.2 bbox=(920,508,5,5) long=4.0 box_short=4.0 box_aspect=1.000 skeleton_width=2.80 skeleton_range=2.00-5.60 skeleton_aspect=1.429 merge_ratio=1.295 circularity=0.898
[CLEAN C1122] REJECT Scratch: area 14.5 < 20; long_side 4.0 < 10; skeleton_aspect 1.429 < 2.5; box_aspect 1.000 < 1.5
[CLEAN C1122] REJECT Pit: area 14.5 < 32
[CLEAN C1123] type=Rejected area=1.0 perimeter=4.0 bbox=(454,508,2,2) long=1.0 box_short=1.0 box_aspect=1.000 skeleton_width=2.00 skeleton_range=2.00-2.00 skeleton_aspect=0.500 merge_ratio=0.500 circularity=0.785
[CLEAN C1123] REJECT Scratch: area 1.0 < 20; long_side 1.0 < 10; skeleton_aspect 0.500 < 2.5; box_aspect 1.000 < 1.5
[CLEAN C1123] REJECT Pit: area 1.0 < 32
[CLEAN C1124] type=Rejected area=1.0 perimeter=4.0 bbox=(929,507,2,2) long=1.0 box_short=1.0 box_aspect=1.000 skeleton_width=2.00 skeleton_range=2.00-2.00 skeleton_aspect=0.500 merge_ratio=0.500 circularity=0.785
[CLEAN C1124] REJECT Scratch: area 1.0 < 20; long_side 1.0 < 10; skeleton_aspect 0.500 < 2.5; box_aspect 1.000 < 1.5
[CLEAN C1124] REJECT Pit: area 1.0 < 32
[CLEAN C1125] type=Rejected area=3.0 perimeter=6.8 bbox=(242,507,3,3) long=2.8 box_short=1.4 box_aspect=2.000 skeleton_width=2.00 skeleton_range=2.00-2.80 skeleton_aspect=1.414 merge_ratio=0.530 circularity=0.809
[CLEAN C1125] REJECT Scratch: area 3.0 < 20; long_side 2.8 < 10; skeleton_aspect 1.414 < 2.5
[CLEAN C1125] REJECT Pit: area 3.0 < 32
[CLEAN C1126] type=Rejected candidate=Scratch area=20.0 perimeter=27.7 bbox=(1214,506,4,13) long=12.0 box_short=3.0 box_aspect=4.000 skeleton_width=2.00 skeleton_range=2.00-4.00 skeleton_aspect=6.000 merge_ratio=0.833 circularity=0.329
[CLEAN C1126] REJECT Scratch: 不可测: 划痕最大宽度点超出中央有效测量区域
[MEASURE C1126] Scratch 不可测: 划痕最大宽度点超出中央有效测量区域
[CLEAN C1127] type=Rejected area=5.0 perimeter=8.8 bbox=(1152,505,3,4) long=3.0 box_short=2.0 box_aspect=1.500 skeleton_width=2.40 skeleton_range=2.00-2.80 skeleton_aspect=1.250 merge_ratio=0.694 circularity=0.806
[CLEAN C1127] REJECT Scratch: area 5.0 < 20; long_side 3.0 < 10; skeleton_aspect 1.250 < 2.5
[CLEAN C1127] REJECT Pit: area 5.0 < 32
[CLEAN C1128] type=Rejected area=26.0 perimeter=21.7 bbox=(895,505,8,6) long=7.0 box_short=5.0 box_aspect=1.400 skeleton_width=4.00 skeleton_range=2.00-5.60 skeleton_aspect=1.750 merge_ratio=0.929 circularity=0.697
[CLEAN C1128] REJECT Scratch: long_side 7.0 < 10; skeleton_aspect 1.750 < 2.5; box_aspect 1.400 < 1.5
[CLEAN C1128] REJECT Pit: area 26.0 < 32
[CLEAN C1129] type=Rejected candidate=Scratch area=34.0 perimeter=26.5 bbox=(856,505,6,11) long=10.0 box_short=4.9 box_aspect=2.029 skeleton_width=4.00 skeleton_range=2.00-6.00 skeleton_aspect=2.510 merge_ratio=0.847 circularity=0.609
[CLEAN C1129] REJECT Scratch: 尺寸 0.130929 mm < 0.25 mm
[MEASURE C1129] Scratch width=0.130929 mm valid=False
[CLEAN C1130] type=Rejected area=2.0 perimeter=6.0 bbox=(458,505,3,2) long=2.0 box_short=1.0 box_aspect=2.000 skeleton_width=2.00 skeleton_range=2.00-2.00 skeleton_aspect=1.000 merge_ratio=0.500 circularity=0.698
[CLEAN C1130] REJECT Scratch: area 2.0 < 20; long_side 2.0 < 10; skeleton_aspect 1.000 < 2.5
[CLEAN C1130] REJECT Pit: area 2.0 < 32
[CLEAN C1131] type=Rejected area=10.0 perimeter=14.8 bbox=(448,505,3,7) long=6.0 box_short=2.0 box_aspect=3.000 skeleton_width=2.40 skeleton_range=2.00-4.00 skeleton_aspect=2.500 merge_ratio=0.694 circularity=0.572
[CLEAN C1131] REJECT Scratch: area 10.0 < 20; long_side 6.0 < 10; skeleton_aspect 2.500 < 2.5
[CLEAN C1131] REJECT Pit: area 10.0 < 32
[CLEAN C1132] type=Pit area=76.5 perimeter=33.6 bbox=(273,505,9,13) long=12.0 box_short=8.0 box_aspect=1.500 skeleton_width=6.79 skeleton_range=2.80-9.99 skeleton_aspect=1.766 merge_ratio=0.938 circularity=0.854
[MEASURE C1132] Pit diameter=0.304487 mm valid=True
Pit: area = 76.5 diameter_mm = 0.30448704957962036 circularity = 0.8537326603137566
[CLEAN C1133] type=Rejected area=8.0 perimeter=11.7 bbox=(76,505,4,5) long=4.5 box_short=2.7 box_aspect=1.667 skeleton_width=2.80 skeleton_range=2.00-2.80 skeleton_aspect=1.597 merge_ratio=0.639 circularity=0.740
[CLEAN C1133] REJECT Scratch: area 8.0 < 20; long_side 4.5 < 10; skeleton_aspect 1.597 < 2.5
[CLEAN C1133] REJECT Pit: area 8.0 < 32
[CLEAN C1134] type=Rejected area=11.5 perimeter=14.2 bbox=(954,504,5,5) long=4.0 box_short=4.0 box_aspect=1.000 skeleton_width=2.80 skeleton_range=2.00-4.00 skeleton_aspect=1.429 merge_ratio=1.027 circularity=0.712
[CLEAN C1134] REJECT Scratch: area 11.5 < 20; long_side 4.0 < 10; skeleton_aspect 1.429 < 2.5; box_aspect 1.000 < 1.5
[CLEAN C1134] REJECT Pit: area 11.5 < 32
[CLEAN C1135] type=Rejected area=24.5 perimeter=20.2 bbox=(933,504,7,6) long=6.0 box_short=5.0 box_aspect=1.200 skeleton_width=4.00 skeleton_range=2.00-5.60 skeleton_aspect=1.500 merge_ratio=1.021 circularity=0.751
[CLEAN C1135] REJECT Scratch: long_side 6.0 < 10; skeleton_aspect 1.500 < 2.5; box_aspect 1.200 < 1.5
[CLEAN C1135] REJECT Pit: area 24.5 < 32
[CLEAN C1136] type=Rejected area=2.0 perimeter=6.0 bbox=(174,504,2,3) long=2.0 box_short=1.0 box_aspect=2.000 skeleton_width=2.00 skeleton_range=2.00-2.00 skeleton_aspect=1.000 merge_ratio=0.500 circularity=0.698
[CLEAN C1136] REJECT Scratch: area 2.0 < 20; long_side 2.0 < 10; skeleton_aspect 1.000 < 2.5
[CLEAN C1136] REJECT Pit: area 2.0 < 32
[CLEAN C1137] type=Rejected candidate=Scratch area=116.5 perimeter=54.4 bbox=(662,503,11,22) long=21.1 box_short=8.4 box_aspect=2.527 skeleton_width=6.39 skeleton_range=2.00-8.00 skeleton_aspect=3.305 merge_ratio=0.862 circularity=0.495
[CLEAN C1137] REJECT Scratch: 尺寸 0.194154 mm < 0.25 mm
[MEASURE C1137] Scratch width=0.194154 mm valid=False
[CLEAN C1138] type=Rejected candidate=Scratch area=48.0 perimeter=43.0 bbox=(619,503,9,18) long=18.7 box_short=4.1 box_aspect=4.538 skeleton_width=4.00 skeleton_range=2.00-4.39 skeleton_aspect=4.664 merge_ratio=0.643 circularity=0.327
[CLEAN C1138] REJECT Scratch: 尺寸 0.076429 mm < 0.25 mm
[MEASURE C1138] Scratch width=0.076429 mm valid=False
[CLEAN C1139] type=Rejected candidate=Scratch area=67.5 perimeter=68.4 bbox=(1175,502,9,22) long=21.0 box_short=8.0 box_aspect=2.625 skeleton_width=4.00 skeleton_range=2.00-6.00 skeleton_aspect=5.250 merge_ratio=0.804 circularity=0.181
[CLEAN C1139] REJECT Scratch: 不可测: 划痕最大宽度点超出中央有效测量区域
[MEASURE C1139] Scratch 不可测: 划痕最大宽度点超出中央有效测量区域
[CLEAN C1140] type=Rejected candidate=Scratch area=180.0 perimeter=76.6 bbox=(419,502,16,28) long=29.1 box_short=13.3 box_aspect=2.188 skeleton_width=6.00 skeleton_range=2.00-8.40 skeleton_aspect=4.852 merge_ratio=1.030 circularity=0.385
[CLEAN C1140] REJECT Scratch: 尺寸 0.201850 mm < 0.25 mm
[MEASURE C1140] Scratch width=0.201850 mm valid=False
[CLEAN C1141] type=Rejected area=5.5 perimeter=9.4 bbox=(204,502,4,3) long=3.0 box_short=2.0 box_aspect=1.500 skeleton_width=2.00 skeleton_range=2.00-4.00 skeleton_aspect=1.500 merge_ratio=0.917 circularity=0.780
[CLEAN C1141] REJECT Scratch: area 5.5 < 20; long_side 3.0 < 10; skeleton_aspect 1.500 < 2.5
[CLEAN C1141] REJECT Pit: area 5.5 < 32
[CLEAN C1142] type=Rejected area=2.0 perimeter=6.0 bbox=(1060,501,3,2) long=2.0 box_short=1.0 box_aspect=2.000 skeleton_width=2.00 skeleton_range=2.00-2.00 skeleton_aspect=1.000 merge_ratio=0.500 circularity=0.698
[CLEAN C1142] REJECT Scratch: area 2.0 < 20; long_side 2.0 < 10; skeleton_aspect 1.000 < 2.5
[CLEAN C1142] REJECT Pit: area 2.0 < 32
[CLEAN C1143] type=Rejected area=1.0 perimeter=4.0 bbox=(1235,500,2,2) long=1.0 box_short=1.0 box_aspect=1.000 skeleton_width=2.00 skeleton_range=2.00-2.00 skeleton_aspect=0.500 merge_ratio=0.500 circularity=0.785
[CLEAN C1143] REJECT Scratch: area 1.0 < 20; long_side 1.0 < 10; skeleton_aspect 0.500 < 2.5; box_aspect 1.000 < 1.5
[CLEAN C1143] REJECT Pit: area 1.0 < 32
[CLEAN C1144] type=Rejected area=2.0 perimeter=6.0 bbox=(655,500,2,3) long=2.0 box_short=1.0 box_aspect=2.000 skeleton_width=2.00 skeleton_range=2.00-2.00 skeleton_aspect=1.000 merge_ratio=0.500 circularity=0.698
[CLEAN C1144] REJECT Scratch: area 2.0 < 20; long_side 2.0 < 10; skeleton_aspect 1.000 < 2.5
[CLEAN C1144] REJECT Pit: area 2.0 < 32
[CLEAN C1145] type=Rejected candidate=Scratch area=72.0 perimeter=43.3 bbox=(638,499,6,19) long=18.0 box_short=5.0 box_aspect=3.600 skeleton_width=5.60 skeleton_range=2.00-6.00 skeleton_aspect=3.214 merge_ratio=0.714 circularity=0.482
[CLEAN C1145] REJECT Scratch: 尺寸 0.123434 mm < 0.25 mm
[MEASURE C1145] Scratch width=0.123434 mm valid=False
[CLEAN C1146] type=Rejected candidate=Pit area=32.5 perimeter=25.1 bbox=(323,499,6,10) long=9.0 box_short=5.0 box_aspect=1.800 skeleton_width=4.00 skeleton_range=2.00-5.60 skeleton_aspect=2.250 merge_ratio=0.903 circularity=0.650
[CLEAN C1146] REJECT Pit: 尺寸 0.219879 mm < 0.25 mm
[MEASURE C1146] Pit diameter=0.219879 mm valid=False
[CLEAN C1147] type=Rejected area=2.0 perimeter=6.0 bbox=(298,499,3,2) long=2.0 box_short=1.0 box_aspect=2.000 skeleton_width=2.00 skeleton_range=2.00-2.00 skeleton_aspect=1.000 merge_ratio=0.500 circularity=0.698
[CLEAN C1147] REJECT Scratch: area 2.0 < 20; long_side 2.0 < 10; skeleton_aspect 1.000 < 2.5
[CLEAN C1147] REJECT Pit: area 2.0 < 32
[CLEAN C1148] type=Rejected area=2.0 perimeter=6.0 bbox=(660,498,2,3) long=2.0 box_short=1.0 box_aspect=2.000 skeleton_width=2.00 skeleton_range=2.00-2.00 skeleton_aspect=1.000 merge_ratio=0.500 circularity=0.698
[CLEAN C1148] REJECT Scratch: area 2.0 < 20; long_side 2.0 < 10; skeleton_aspect 1.000 < 2.5
[CLEAN C1148] REJECT Pit: area 2.0 < 32
[CLEAN C1149] type=Rejected area=16.5 perimeter=17.1 bbox=(420,498,6,6) long=5.1 box_short=4.7 box_aspect=1.067 skeleton_width=2.80 skeleton_range=2.00-4.39 skeleton_aspect=1.807 merge_ratio=1.165 circularity=0.711
[CLEAN C1149] REJECT Scratch: area 16.5 < 20; long_side 5.1 < 10; skeleton_aspect 1.807 < 2.5; box_aspect 1.067 < 1.5
[CLEAN C1149] REJECT Pit: area 16.5 < 32
[CLEAN C1150] type=Rejected area=4.0 perimeter=8.0 bbox=(16,498,3,3) long=2.0 box_short=2.0 box_aspect=1.000 skeleton_width=2.00 skeleton_range=2.00-4.00 skeleton_aspect=1.000 merge_ratio=1.000 circularity=0.785
[CLEAN C1150] REJECT Scratch: area 4.0 < 20; long_side 2.0 < 10; skeleton_aspect 1.000 < 2.5; box_aspect 1.000 < 1.5
[CLEAN C1150] REJECT Pit: area 4.0 < 32
[CLEAN C1151] type=Rejected area=3.0 perimeter=8.8 bbox=(617,497,4,3) long=3.6 box_short=1.3 box_aspect=2.667 skeleton_width=2.00 skeleton_range=2.00-2.00 skeleton_aspect=1.789 merge_ratio=0.419 circularity=0.484
[CLEAN C1151] REJECT Scratch: area 3.0 < 20; long_side 3.6 < 10; skeleton_aspect 1.789 < 2.5
[CLEAN C1151] REJECT Pit: area 3.0 < 32; circularity 0.484 < 0.55
[CLEAN C1152] type=Rejected candidate=Scratch area=45.5 perimeter=30.7 bbox=(1000,496,9,11) long=12.1 box_short=6.3 box_aspect=1.929 skeleton_width=4.39 skeleton_range=2.00-6.39 skeleton_aspect=2.748 merge_ratio=0.858 circularity=0.606
[CLEAN C1152] REJECT Scratch: 尺寸 0.193625 mm < 0.25 mm
[MEASURE C1152] Scratch width=0.193625 mm valid=False
[CLEAN C1153] type=Rejected candidate=Scratch area=27.5 perimeter=42.7 bbox=(87,496,7,19) long=18.4 box_short=4.1 box_aspect=4.481 skeleton_width=2.00 skeleton_range=2.00-4.39 skeleton_aspect=9.199 merge_ratio=0.747 circularity=0.189
[CLEAN C1153] REJECT Scratch: 不可测: 划痕最大宽度点超出中央有效测量区域
[MEASURE C1153] Scratch 不可测: 划痕最大宽度点超出中央有效测量区域
[CLEAN C1154] type=Rejected area=6.0 perimeter=17.7 bbox=(870,495,8,4) long=7.6 box_short=1.6 box_aspect=4.800 skeleton_width=2.00 skeleton_range=2.00-2.00 skeleton_aspect=3.795 merge_ratio=0.395 circularity=0.242
[CLEAN C1154] REJECT Scratch: area 6.0 < 20; long_side 7.6 < 10
[CLEAN C1154] REJECT Pit: area 6.0 < 32; circularity 0.242 < 0.55
[CLEAN C1155] type=Pit area=83.0 perimeter=41.8 bbox=(359,495,15,11) long=14.0 box_short=9.7 box_aspect=1.454 skeleton_width=5.60 skeleton_range=2.00-8.39 skeleton_aspect=2.505 merge_ratio=1.056 circularity=0.597
[MEASURE C1155] Pit diameter=0.367189 mm valid=True
Pit: area = 83.0 diameter_mm = 0.36718931794166565 circularity = 0.5969753381503321
[CLEAN C1156] type=Rejected area=6.0 perimeter=11.7 bbox=(23,495,5,4) long=4.9 box_short=1.8 box_aspect=2.750 skeleton_width=2.40 skeleton_range=2.00-2.80 skeleton_aspect=2.050 merge_ratio=0.508 circularity=0.555
[CLEAN C1156] REJECT Scratch: area 6.0 < 20; long_side 4.9 < 10; skeleton_aspect 2.050 < 2.5
[CLEAN C1156] REJECT Pit: area 6.0 < 32
[CLEAN C1157] type=Rejected candidate=Scratch area=32.0 perimeter=30.5 bbox=(1035,494,6,11) long=10.0 box_short=5.0 box_aspect=2.000 skeleton_width=4.00 skeleton_range=2.00-4.39 skeleton_aspect=2.500 merge_ratio=0.800 circularity=0.433
[CLEAN C1157] REJECT Scratch: 不可测: 划痕最大宽度点超出中央有效测量区域
[MEASURE C1157] Scratch 不可测: 划痕最大宽度点超出中央有效测量区域
[CLEAN C1158] type=Rejected candidate=Scratch area=122.5 perimeter=72.9 bbox=(64,494,13,25) long=26.1 box_short=9.1 box_aspect=2.852 skeleton_width=4.39 skeleton_range=2.00-7.19 skeleton_aspect=5.936 merge_ratio=1.069 circularity=0.290
[CLEAN C1158] REJECT Scratch: 不可测: 划痕最大宽度点超出中央有效测量区域
[MEASURE C1158] Scratch 不可测: 划痕最大宽度点超出中央有效测量区域
[CLEAN C1159] type=Rejected area=20.0 perimeter=21.7 bbox=(54,494,4,10) long=9.0 box_short=3.0 box_aspect=3.000 skeleton_width=4.00 skeleton_range=2.00-4.00 skeleton_aspect=2.250 merge_ratio=0.556 circularity=0.536
[CLEAN C1159] REJECT Scratch: long_side 9.0 < 10; skeleton_aspect 2.250 < 2.5
[CLEAN C1159] REJECT Pit: area 20.0 < 32; circularity 0.536 < 0.55
[CLEAN C1160] type=Rejected area=4.5 perimeter=9.4 bbox=(1157,493,3,4) long=3.0 box_short=2.0 box_aspect=1.500 skeleton_width=2.00 skeleton_range=2.00-2.80 skeleton_aspect=1.500 merge_ratio=0.750 circularity=0.638
[CLEAN C1160] REJECT Scratch: area 4.5 < 20; long_side 3.0 < 10; skeleton_aspect 1.500 < 2.5
[CLEAN C1160] REJECT Pit: area 4.5 < 32
[CLEAN C1161] type=Rejected area=14.0 perimeter=14.8 bbox=(1096,493,6,4) long=5.0 box_short=3.0 box_aspect=1.667 skeleton_width=4.00 skeleton_range=2.00-4.00 skeleton_aspect=1.250 merge_ratio=0.700 circularity=0.800
[CLEAN C1161] REJECT Scratch: area 14.0 < 20; long_side 5.0 < 10; skeleton_aspect 1.250 < 2.5
[CLEAN C1161] REJECT Pit: area 14.0 < 32
[CLEAN C1162] type=Rejected area=1.0 perimeter=4.0 bbox=(1215,492,2,2) long=1.0 box_short=1.0 box_aspect=1.000 skeleton_width=2.00 skeleton_range=2.00-2.00 skeleton_aspect=0.500 merge_ratio=0.500 circularity=0.785
[CLEAN C1162] REJECT Scratch: area 1.0 < 20; long_side 1.0 < 10; skeleton_aspect 0.500 < 2.5; box_aspect 1.000 < 1.5
[CLEAN C1162] REJECT Pit: area 1.0 < 32
[CLEAN C1163] type=Rejected area=2.0 perimeter=6.0 bbox=(9,492,2,3) long=2.0 box_short=1.0 box_aspect=2.000 skeleton_width=2.00 skeleton_range=2.00-2.00 skeleton_aspect=1.000 merge_ratio=0.500 circularity=0.698
[CLEAN C1163] REJECT Scratch: area 2.0 < 20; long_side 2.0 < 10; skeleton_aspect 1.000 < 2.5
[CLEAN C1163] REJECT Pit: area 2.0 < 32
[CLEAN C1164] type=Rejected area=23.5 perimeter=20.2 bbox=(1135,490,6,7) long=6.0 box_short=5.0 box_aspect=1.200 skeleton_width=4.00 skeleton_range=2.00-5.60 skeleton_aspect=1.500 merge_ratio=0.979 circularity=0.721
[CLEAN C1164] REJECT Scratch: long_side 6.0 < 10; skeleton_aspect 1.500 < 2.5; box_aspect 1.200 < 1.5
[CLEAN C1164] REJECT Pit: area 23.5 < 32
[CLEAN C1165] type=Rejected candidate=Scratch area=119.5 perimeter=61.2 bbox=(483,490,16,20) long=20.0 box_short=13.2 box_aspect=1.518 skeleton_width=5.60 skeleton_range=2.00-8.00 skeleton_aspect=3.565 merge_ratio=1.069 circularity=0.401
[CLEAN C1165] REJECT Scratch: 尺寸 0.237547 mm < 0.25 mm
[MEASURE C1165] Scratch width=0.237547 mm valid=False
[CLEAN C1166] type=Rejected area=11.5 perimeter=18.2 bbox=(443,490,4,8) long=7.0 box_short=3.0 box_aspect=2.333 skeleton_width=2.00 skeleton_range=2.00-4.00 skeleton_aspect=3.500 merge_ratio=0.821 circularity=0.434
[CLEAN C1166] REJECT Scratch: area 11.5 < 20; long_side 7.0 < 10
[CLEAN C1166] REJECT Pit: area 11.5 < 32; circularity 0.434 < 0.55
[CLEAN C1167] type=Rejected area=18.0 perimeter=26.5 bbox=(1206,489,6,11) long=10.8 box_short=3.5 box_aspect=3.091 skeleton_width=2.80 skeleton_range=2.00-4.00 skeleton_aspect=3.840 merge_ratio=0.598 circularity=0.322
[CLEAN C1167] REJECT Scratch: area 18.0 < 20
[CLEAN C1167] REJECT Pit: area 18.0 < 32; circularity 0.322 < 0.55
[CLEAN C1168] type=Pit area=109.5 perimeter=42.9 bbox=(397,489,17,11) long=14.8 box_short=9.9 box_aspect=1.500 skeleton_width=8.39 skeleton_range=4.39-9.99 skeleton_aspect=1.769 merge_ratio=0.879 circularity=0.749
[MEASURE C1168] Pit diameter=0.420928 mm valid=True
Pit: area = 109.5 diameter_mm = 0.4209281802177429 circularity = 0.7487138365568782
[CLEAN C1169] type=Rejected area=23.0 perimeter=19.7 bbox=(344,489,8,5) long=7.0 box_short=4.0 box_aspect=1.750 skeleton_width=2.80 skeleton_range=2.00-6.00 skeleton_aspect=2.500 merge_ratio=1.173 circularity=0.748
[CLEAN C1169] REJECT Scratch: long_side 7.0 < 10
[CLEAN C1169] REJECT Pit: area 23.0 < 32
[CLEAN C1170] type=Rejected area=1.0 perimeter=4.0 bbox=(75,489,2,2) long=1.0 box_short=1.0 box_aspect=1.000 skeleton_width=2.00 skeleton_range=2.00-2.00 skeleton_aspect=0.500 merge_ratio=0.500 circularity=0.785
[CLEAN C1170] REJECT Scratch: area 1.0 < 20; long_side 1.0 < 10; skeleton_aspect 0.500 < 2.5; box_aspect 1.000 < 1.5
[CLEAN C1170] REJECT Pit: area 1.0 < 32
[CLEAN C1171] type=Rejected area=9.5 perimeter=13.4 bbox=(666,488,3,6) long=5.0 box_short=2.0 box_aspect=2.500 skeleton_width=2.80 skeleton_range=2.00-4.00 skeleton_aspect=1.786 merge_ratio=0.679 circularity=0.663
[CLEAN C1171] REJECT Scratch: area 9.5 < 20; long_side 5.0 < 10; skeleton_aspect 1.786 < 2.5
[CLEAN C1171] REJECT Pit: area 9.5 < 32
[CLEAN C1172] type=Rejected area=8.5 perimeter=11.4 bbox=(1035,487,4,4) long=3.0 box_short=3.0 box_aspect=1.000 skeleton_width=2.80 skeleton_range=2.00-4.00 skeleton_aspect=1.071 merge_ratio=1.012 circularity=0.820
[CLEAN C1172] REJECT Scratch: area 8.5 < 20; long_side 3.0 < 10; skeleton_aspect 1.071 < 2.5; box_aspect 1.000 < 1.5
[CLEAN C1172] REJECT Pit: area 8.5 < 32
[CLEAN C1173] type=Rejected area=3.0 perimeter=8.0 bbox=(944,487,4,2) long=3.0 box_short=1.0 box_aspect=3.000 skeleton_width=2.00 skeleton_range=2.00-2.00 skeleton_aspect=1.500 merge_ratio=0.500 circularity=0.589
[CLEAN C1173] REJECT Scratch: area 3.0 < 20; long_side 3.0 < 10; skeleton_aspect 1.500 < 2.5
[CLEAN C1173] REJECT Pit: area 3.0 < 32
[CLEAN C1174] type=Rejected area=3.5 perimeter=7.4 bbox=(262,487,3,3) long=2.0 box_short=2.0 box_aspect=1.000 skeleton_width=2.00 skeleton_range=2.00-2.80 skeleton_aspect=1.000 merge_ratio=0.875 circularity=0.800
[CLEAN C1174] REJECT Scratch: area 3.5 < 20; long_side 2.0 < 10; skeleton_aspect 1.000 < 2.5; box_aspect 1.000 < 1.5
[CLEAN C1174] REJECT Pit: area 3.5 < 32
[CLEAN C1175] type=Rejected area=9.0 perimeter=12.8 bbox=(636,486,4,5) long=4.0 box_short=3.0 box_aspect=1.333 skeleton_width=2.40 skeleton_range=2.00-4.00 skeleton_aspect=1.667 merge_ratio=0.937 circularity=0.687
[CLEAN C1175] REJECT Scratch: area 9.0 < 20; long_side 4.0 < 10; skeleton_aspect 1.667 < 2.5; box_aspect 1.333 < 1.5
[CLEAN C1175] REJECT Pit: area 9.0 < 32
[CLEAN C1176] type=Pit area=56.5 perimeter=31.9 bbox=(568,486,11,9) long=10.0 box_short=8.0 box_aspect=1.250 skeleton_width=4.80 skeleton_range=2.00-7.19 skeleton_aspect=2.083 merge_ratio=1.177 circularity=0.698
[MEASURE C1176] Pit diameter=0.288183 mm valid=True
Pit: area = 56.5 diameter_mm = 0.28818264603614807 circularity = 0.6977353113971826
[CLEAN C1177] type=Rejected area=3.5 perimeter=7.4 bbox=(284,486,3,3) long=2.0 box_short=2.0 box_aspect=1.000 skeleton_width=2.00 skeleton_range=2.00-2.80 skeleton_aspect=1.000 merge_ratio=0.875 circularity=0.800
[CLEAN C1177] REJECT Scratch: area 3.5 < 20; long_side 2.0 < 10; skeleton_aspect 1.000 < 2.5; box_aspect 1.000 < 1.5
[CLEAN C1177] REJECT Pit: area 3.5 < 32
[CLEAN C1178] type=Rejected area=5.5 perimeter=14.2 bbox=(1207,484,6,4) long=5.6 box_short=2.2 box_aspect=2.556 skeleton_width=2.00 skeleton_range=2.00-2.80 skeleton_aspect=2.789 merge_ratio=0.493 circularity=0.341
[CLEAN C1178] REJECT Scratch: area 5.5 < 20; long_side 5.6 < 10
[CLEAN C1178] REJECT Pit: area 5.5 < 32; circularity 0.341 < 0.55
[CLEAN C1179] type=Rejected area=13.0 perimeter=14.8 bbox=(931,484,6,4) long=5.0 box_short=3.0 box_aspect=1.667 skeleton_width=3.40 skeleton_range=2.00-4.00 skeleton_aspect=1.471 merge_ratio=0.765 circularity=0.743
[CLEAN C1179] REJECT Scratch: area 13.0 < 20; long_side 5.0 < 10; skeleton_aspect 1.471 < 2.5
[CLEAN C1179] REJECT Pit: area 13.0 < 32
[CLEAN C1180] type=Rejected area=20.5 perimeter=19.1 bbox=(891,484,5,8) long=7.0 box_short=4.0 box_aspect=1.750 skeleton_width=4.00 skeleton_range=2.00-4.39 skeleton_aspect=1.750 merge_ratio=0.732 circularity=0.708
[CLEAN C1180] REJECT Scratch: long_side 7.0 < 10; skeleton_aspect 1.750 < 2.5
[CLEAN C1180] REJECT Pit: area 20.5 < 32
[CLEAN C1181] type=Pit area=61.5 perimeter=34.7 bbox=(428,484,8,14) long=13.0 box_short=7.0 box_aspect=1.857 skeleton_width=5.60 skeleton_range=2.00-8.00 skeleton_aspect=2.321 merge_ratio=0.845 circularity=0.641
[MEASURE C1181] Pit diameter=0.314787 mm valid=True
Pit: area = 61.5 diameter_mm = 0.3147866427898407 circularity = 0.640807209094377
[CLEAN C1182] type=Pit area=90.0 perimeter=45.0 bbox=(508,482,14,14) long=13.0 box_short=11.7 box_aspect=1.108 skeleton_width=4.39 skeleton_range=2.00-9.99 skeleton_aspect=2.951 merge_ratio=1.580 circularity=0.559
[MEASURE C1182] Pit diameter=0.377018 mm valid=True
Pit: area = 90.0 diameter_mm = 0.3770180344581604 circularity = 0.5592367904982422
[CLEAN C1183] type=Rejected area=4.0 perimeter=8.0 bbox=(59,482,3,3) long=2.0 box_short=2.0 box_aspect=1.000 skeleton_width=2.00 skeleton_range=2.00-4.00 skeleton_aspect=1.000 merge_ratio=1.000 circularity=0.785
[CLEAN C1183] REJECT Scratch: area 4.0 < 20; long_side 2.0 < 10; skeleton_aspect 1.000 < 2.5; box_aspect 1.000 < 1.5
[CLEAN C1183] REJECT Pit: area 4.0 < 32
[CLEAN C1184] type=Rejected area=12.0 perimeter=16.8 bbox=(1190,481,4,7) long=6.0 box_short=3.0 box_aspect=2.000 skeleton_width=2.00 skeleton_range=2.00-4.00 skeleton_aspect=3.000 merge_ratio=1.000 circularity=0.532
[CLEAN C1184] REJECT Scratch: area 12.0 < 20; long_side 6.0 < 10
[CLEAN C1184] REJECT Pit: area 12.0 < 32; circularity 0.532 < 0.55
[CLEAN C1185] type=Rejected area=18.5 perimeter=19.9 bbox=(1131,481,6,8) long=8.1 box_short=3.3 box_aspect=2.474 skeleton_width=2.80 skeleton_range=2.00-4.00 skeleton_aspect=2.879 merge_ratio=0.820 circularity=0.587
[CLEAN C1185] REJECT Scratch: area 18.5 < 20; long_side 8.1 < 10
[CLEAN C1185] REJECT Pit: area 18.5 < 32
[CLEAN C1186] type=Rejected area=2.0 perimeter=6.0 bbox=(1117,481,2,3) long=2.0 box_short=1.0 box_aspect=2.000 skeleton_width=2.00 skeleton_range=2.00-2.00 skeleton_aspect=1.000 merge_ratio=0.500 circularity=0.698
[CLEAN C1186] REJECT Scratch: area 2.0 < 20; long_side 2.0 < 10; skeleton_aspect 1.000 < 2.5
[CLEAN C1186] REJECT Pit: area 2.0 < 32
[CLEAN C1187] type=Rejected area=15.0 perimeter=17.7 bbox=(8,481,4,8) long=7.0 box_short=3.0 box_aspect=2.333 skeleton_width=2.80 skeleton_range=2.00-4.00 skeleton_aspect=2.500 merge_ratio=0.765 circularity=0.605
[CLEAN C1187] REJECT Scratch: area 15.0 < 20; long_side 7.0 < 10
[CLEAN C1187] REJECT Pit: area 15.0 < 32
[CLEAN C1188] type=Rejected area=1.0 perimeter=4.0 bbox=(640,480,2,2) long=1.0 box_short=1.0 box_aspect=1.000 skeleton_width=2.00 skeleton_range=2.00-2.00 skeleton_aspect=0.500 merge_ratio=0.500 circularity=0.785
[CLEAN C1188] REJECT Scratch: area 1.0 < 20; long_side 1.0 < 10; skeleton_aspect 0.500 < 2.5; box_aspect 1.000 < 1.5
[CLEAN C1188] REJECT Pit: area 1.0 < 32
[CLEAN C1189] type=Rejected area=1.0 perimeter=4.0 bbox=(1205,479,2,2) long=1.0 box_short=1.0 box_aspect=1.000 skeleton_width=2.00 skeleton_range=2.00-2.00 skeleton_aspect=0.500 merge_ratio=0.500 circularity=0.785
[CLEAN C1189] REJECT Scratch: area 1.0 < 20; long_side 1.0 < 10; skeleton_aspect 0.500 < 2.5; box_aspect 1.000 < 1.5
[CLEAN C1189] REJECT Pit: area 1.0 < 32
[CLEAN C1190] type=Rejected area=14.5 perimeter=17.1 bbox=(998,478,5,7) long=6.0 box_short=4.0 box_aspect=1.500 skeleton_width=2.40 skeleton_range=2.00-4.39 skeleton_aspect=2.500 merge_ratio=1.007 circularity=0.625
[CLEAN C1190] REJECT Scratch: area 14.5 < 20; long_side 6.0 < 10; skeleton_aspect 2.500 < 2.5
[CLEAN C1190] REJECT Pit: area 14.5 < 32
[CLEAN C1191] type=Rejected area=4.0 perimeter=8.0 bbox=(1181,477,3,3) long=2.0 box_short=2.0 box_aspect=1.000 skeleton_width=2.00 skeleton_range=2.00-4.00 skeleton_aspect=1.000 merge_ratio=1.000 circularity=0.785
[CLEAN C1191] REJECT Scratch: area 4.0 < 20; long_side 2.0 < 10; skeleton_aspect 1.000 < 2.5; box_aspect 1.000 < 1.5
[CLEAN C1191] REJECT Pit: area 4.0 < 32
[CLEAN C1192] type=Rejected candidate=Scratch area=32.5 perimeter=27.9 bbox=(650,477,6,11) long=10.0 box_short=5.0 box_aspect=2.000 skeleton_width=4.00 skeleton_range=2.00-5.60 skeleton_aspect=2.500 merge_ratio=0.812 circularity=0.525
[CLEAN C1192] REJECT Scratch: 尺寸 0.123469 mm < 0.25 mm
[MEASURE C1192] Scratch width=0.123469 mm valid=False
[CLEAN C1193] type=Rejected candidate=Scratch area=38.5 perimeter=31.9 bbox=(50,477,6,14) long=13.0 box_short=5.0 box_aspect=2.600 skeleton_width=2.80 skeleton_range=2.00-6.00 skeleton_aspect=4.643 merge_ratio=1.058 circularity=0.475
[CLEAN C1193] REJECT Scratch: 不可测: 划痕最大宽度点超出中央有效测量区域
[MEASURE C1193] Scratch 不可测: 划痕最大宽度点超出中央有效测量区域
[CLEAN C1194] type=Rejected area=1.0 perimeter=4.0 bbox=(585,476,2,2) long=1.0 box_short=1.0 box_aspect=1.000 skeleton_width=2.00 skeleton_range=2.00-2.00 skeleton_aspect=0.500 merge_ratio=0.500 circularity=0.785
[CLEAN C1194] REJECT Scratch: area 1.0 < 20; long_side 1.0 < 10; skeleton_aspect 0.500 < 2.5; box_aspect 1.000 < 1.5
[CLEAN C1194] REJECT Pit: area 1.0 < 32
[CLEAN C1195] type=Rejected candidate=Scratch area=25.0 perimeter=35.3 bbox=(84,476,6,15) long=14.6 box_short=3.6 box_aspect=4.000 skeleton_width=2.00 skeleton_range=2.00-4.00 skeleton_aspect=7.276 merge_ratio=0.859 circularity=0.252
[CLEAN C1195] REJECT Scratch: 不可测: 划痕最大宽度点超出中央有效测量区域
[MEASURE C1195] Scratch 不可测: 划痕最大宽度点超出中央有效测量区域
[CLEAN C1196] type=Rejected area=1.0 perimeter=4.0 bbox=(1152,474,2,2) long=1.0 box_short=1.0 box_aspect=1.000 skeleton_width=2.00 skeleton_range=2.00-2.00 skeleton_aspect=0.500 merge_ratio=0.500 circularity=0.785
[CLEAN C1196] REJECT Scratch: area 1.0 < 20; long_side 1.0 < 10; skeleton_aspect 0.500 < 2.5; box_aspect 1.000 < 1.5
[CLEAN C1196] REJECT Pit: area 1.0 < 32
[CLEAN C1197] type=Rejected area=5.0 perimeter=8.8 bbox=(1010,474,3,4) long=3.0 box_short=2.0 box_aspect=1.500 skeleton_width=2.40 skeleton_range=2.00-2.80 skeleton_aspect=1.250 merge_ratio=0.694 circularity=0.806
[CLEAN C1197] REJECT Scratch: area 5.0 < 20; long_side 3.0 < 10; skeleton_aspect 1.250 < 2.5
[CLEAN C1197] REJECT Pit: area 5.0 < 32
[CLEAN C1198] type=Rejected area=12.0 perimeter=15.7 bbox=(863,474,7,4) long=6.0 box_short=3.0 box_aspect=2.000 skeleton_width=2.80 skeleton_range=2.00-4.00 skeleton_aspect=2.143 merge_ratio=0.714 circularity=0.615
[CLEAN C1198] REJECT Scratch: area 12.0 < 20; long_side 6.0 < 10; skeleton_aspect 2.143 < 2.5
[CLEAN C1198] REJECT Pit: area 12.0 < 32
[CLEAN C1199] type=Rejected area=8.0 perimeter=10.8 bbox=(719,474,4,4) long=3.0 box_short=3.0 box_aspect=1.000 skeleton_width=2.80 skeleton_range=2.00-4.00 skeleton_aspect=1.071 merge_ratio=0.952 circularity=0.857
[CLEAN C1199] REJECT Scratch: area 8.0 < 20; long_side 3.0 < 10; skeleton_aspect 1.071 < 2.5; box_aspect 1.000 < 1.5
[CLEAN C1199] REJECT Pit: area 8.0 < 32
[CLEAN C1200] type=Rejected candidate=Pit area=40.5 perimeter=28.2 bbox=(467,474,6,11) long=10.0 box_short=5.0 box_aspect=2.000 skeleton_width=4.39 skeleton_range=2.00-6.00 skeleton_aspect=2.276 merge_ratio=0.922 circularity=0.638
[CLEAN C1200] REJECT Pit: 尺寸 0.248881 mm < 0.25 mm
[MEASURE C1200] Pit diameter=0.248881 mm valid=False
[CLEAN C1201] type=Rejected area=8.0 perimeter=10.8 bbox=(505,473,4,4) long=3.0 box_short=3.0 box_aspect=1.000 skeleton_width=2.80 skeleton_range=2.00-4.00 skeleton_aspect=1.071 merge_ratio=0.952 circularity=0.857
[CLEAN C1201] REJECT Scratch: area 8.0 < 20; long_side 3.0 < 10; skeleton_aspect 1.071 < 2.5; box_aspect 1.000 < 1.5
[CLEAN C1201] REJECT Pit: area 8.0 < 32
[CLEAN C1202] type=Rejected area=1.0 perimeter=4.0 bbox=(1195,472,2,2) long=1.0 box_short=1.0 box_aspect=1.000 skeleton_width=2.00 skeleton_range=2.00-2.00 skeleton_aspect=0.500 merge_ratio=0.500 circularity=0.785
[CLEAN C1202] REJECT Scratch: area 1.0 < 20; long_side 1.0 < 10; skeleton_aspect 0.500 < 2.5; box_aspect 1.000 < 1.5
[CLEAN C1202] REJECT Pit: area 1.0 < 32
[CLEAN C1203] type=Rejected area=17.5 perimeter=16.2 bbox=(1138,472,5,6) long=5.0 box_short=4.0 box_aspect=1.250 skeleton_width=2.80 skeleton_range=2.00-5.60 skeleton_aspect=1.786 merge_ratio=1.250 circularity=0.834
[CLEAN C1203] REJECT Scratch: area 17.5 < 20; long_side 5.0 < 10; skeleton_aspect 1.786 < 2.5; box_aspect 1.250 < 1.5
[CLEAN C1203] REJECT Pit: area 17.5 < 32
[CLEAN C1204] type=Rejected area=1.0 perimeter=4.0 bbox=(999,472,2,2) long=1.0 box_short=1.0 box_aspect=1.000 skeleton_width=2.00 skeleton_range=2.00-2.00 skeleton_aspect=0.500 merge_ratio=0.500 circularity=0.785
[CLEAN C1204] REJECT Scratch: area 1.0 < 20; long_side 1.0 < 10; skeleton_aspect 0.500 < 2.5; box_aspect 1.000 < 1.5
[CLEAN C1204] REJECT Pit: area 1.0 < 32
[CLEAN C1205] type=Rejected area=7.0 perimeter=14.8 bbox=(889,471,7,3) long=6.0 box_short=2.0 box_aspect=3.000 skeleton_width=2.00 skeleton_range=2.00-2.80 skeleton_aspect=3.000 merge_ratio=0.583 circularity=0.400
[CLEAN C1205] REJECT Scratch: area 7.0 < 20; long_side 6.0 < 10
[CLEAN C1205] REJECT Pit: area 7.0 < 32; circularity 0.400 < 0.55
[CLEAN C1206] type=Rejected area=1.0 perimeter=4.0 bbox=(369,470,2,2) long=1.0 box_short=1.0 box_aspect=1.000 skeleton_width=2.00 skeleton_range=2.00-2.00 skeleton_aspect=0.500 merge_ratio=0.500 circularity=0.785
[CLEAN C1206] REJECT Scratch: area 1.0 < 20; long_side 1.0 < 10; skeleton_aspect 0.500 < 2.5; box_aspect 1.000 < 1.5
[CLEAN C1206] REJECT Pit: area 1.0 < 32
[CLEAN C1207] type=Rejected area=14.5 perimeter=17.1 bbox=(5,470,5,7) long=6.3 box_short=3.6 box_aspect=1.733 skeleton_width=2.80 skeleton_range=2.00-4.00 skeleton_aspect=2.252 merge_ratio=0.821 circularity=0.625
[CLEAN C1207] REJECT Scratch: area 14.5 < 20; long_side 6.3 < 10; skeleton_aspect 2.252 < 2.5
[CLEAN C1207] REJECT Pit: area 14.5 < 32
[CLEAN C1208] type=Rejected area=2.0 perimeter=6.0 bbox=(53,469,2,3) long=2.0 box_short=1.0 box_aspect=2.000 skeleton_width=2.00 skeleton_range=2.00-2.00 skeleton_aspect=1.000 merge_ratio=0.500 circularity=0.698
[CLEAN C1208] REJECT Scratch: area 2.0 < 20; long_side 2.0 < 10; skeleton_aspect 1.000 < 2.5
[CLEAN C1208] REJECT Pit: area 2.0 < 32
[CLEAN C1209] type=Rejected area=1.0 perimeter=4.0 bbox=(844,468,2,2) long=1.0 box_short=1.0 box_aspect=1.000 skeleton_width=2.00 skeleton_range=2.00-2.00 skeleton_aspect=0.500 merge_ratio=0.500 circularity=0.785
[CLEAN C1209] REJECT Scratch: area 1.0 < 20; long_side 1.0 < 10; skeleton_aspect 0.500 < 2.5; box_aspect 1.000 < 1.5
[CLEAN C1209] REJECT Pit: area 1.0 < 32
[CLEAN C1210] type=Rejected candidate=Scratch area=79.5 perimeter=46.4 bbox=(615,468,9,18) long=17.0 box_short=8.0 box_aspect=2.125 skeleton_width=4.39 skeleton_range=2.00-7.19 skeleton_aspect=3.869 merge_ratio=1.064 circularity=0.464
[CLEAN C1210] REJECT Scratch: 尺寸 0.170529 mm < 0.25 mm
[MEASURE C1210] Scratch width=0.170529 mm valid=False
[CLEAN C1211] type=Rejected area=17.5 perimeter=19.9 bbox=(427,468,6,8) long=8.1 box_short=3.3 box_aspect=2.474 skeleton_width=2.80 skeleton_range=2.00-4.00 skeleton_aspect=2.879 merge_ratio=0.775 circularity=0.555
[CLEAN C1211] REJECT Scratch: area 17.5 < 20; long_side 8.1 < 10
[CLEAN C1211] REJECT Pit: area 17.5 < 32
[CLEAN C1212] type=Rejected area=2.0 perimeter=6.0 bbox=(423,468,2,3) long=2.0 box_short=1.0 box_aspect=2.000 skeleton_width=2.00 skeleton_range=2.00-2.00 skeleton_aspect=1.000 merge_ratio=0.500 circularity=0.698
[CLEAN C1212] REJECT Scratch: area 2.0 < 20; long_side 2.0 < 10; skeleton_aspect 1.000 < 2.5
[CLEAN C1212] REJECT Pit: area 2.0 < 32
[CLEAN C1213] type=Rejected area=2.0 perimeter=6.0 bbox=(1215,467,3,2) long=2.0 box_short=1.0 box_aspect=2.000 skeleton_width=2.00 skeleton_range=2.00-2.00 skeleton_aspect=1.000 merge_ratio=0.500 circularity=0.698
[CLEAN C1213] REJECT Scratch: area 2.0 < 20; long_side 2.0 < 10; skeleton_aspect 1.000 < 2.5
[CLEAN C1213] REJECT Pit: area 2.0 < 32
[CLEAN C1214] type=Rejected area=28.5 perimeter=21.9 bbox=(411,467,6,9) long=8.0 box_short=5.0 box_aspect=1.600 skeleton_width=4.39 skeleton_range=2.00-5.60 skeleton_aspect=1.821 merge_ratio=0.811 circularity=0.747
[CLEAN C1214] REJECT Scratch: long_side 8.0 < 10; skeleton_aspect 1.821 < 2.5
[CLEAN C1214] REJECT Pit: area 28.5 < 32
[CLEAN C1215] type=Rejected area=21.5 perimeter=23.9 bbox=(1204,466,8,8) long=8.6 box_short=4.5 box_aspect=1.897 skeleton_width=2.80 skeleton_range=2.00-4.00 skeleton_aspect=3.068 merge_ratio=0.894 circularity=0.473
[CLEAN C1215] REJECT Scratch: long_side 8.6 < 10
[CLEAN C1215] REJECT Pit: area 21.5 < 32; circularity 0.473 < 0.55
[CLEAN C1216] type=Rejected area=7.5 perimeter=11.4 bbox=(1133,466,5,3) long=4.0 box_short=2.0 box_aspect=2.000 skeleton_width=2.40 skeleton_range=2.00-4.00 skeleton_aspect=1.667 merge_ratio=0.781 circularity=0.723
[CLEAN C1216] REJECT Scratch: area 7.5 < 20; long_side 4.0 < 10; skeleton_aspect 1.667 < 2.5
[CLEAN C1216] REJECT Pit: area 7.5 < 32
[CLEAN C1217] type=Rejected area=2.0 perimeter=6.0 bbox=(651,465,3,2) long=2.0 box_short=1.0 box_aspect=2.000 skeleton_width=2.00 skeleton_range=2.00-2.00 skeleton_aspect=1.000 merge_ratio=0.500 circularity=0.698
[CLEAN C1217] REJECT Scratch: area 2.0 < 20; long_side 2.0 < 10; skeleton_aspect 1.000 < 2.5
[CLEAN C1217] REJECT Pit: area 2.0 < 32
[CLEAN C1218] type=Rejected candidate=Scratch area=76.5 perimeter=38.7 bbox=(274,465,8,16) long=15.1 box_short=6.8 box_aspect=2.229 skeleton_width=6.00 skeleton_range=2.00-8.00 skeleton_aspect=2.522 merge_ratio=0.843 circularity=0.641
[CLEAN C1218] REJECT Scratch: 尺寸 0.205106 mm < 0.25 mm
[MEASURE C1218] Scratch width=0.205106 mm valid=False
[CLEAN C1219] type=Rejected area=2.0 perimeter=6.0 bbox=(1126,464,2,3) long=2.0 box_short=1.0 box_aspect=2.000 skeleton_width=2.00 skeleton_range=2.00-2.00 skeleton_aspect=1.000 merge_ratio=0.500 circularity=0.698
[CLEAN C1219] REJECT Scratch: area 2.0 < 20; long_side 2.0 < 10; skeleton_aspect 1.000 < 2.5
[CLEAN C1219] REJECT Pit: area 2.0 < 32
[CLEAN C1220] type=Pit area=69.0 perimeter=35.3 bbox=(952,464,10,12) long=11.0 box_short=9.0 box_aspect=1.222 skeleton_width=5.00 skeleton_range=2.00-8.39 skeleton_aspect=2.201 merge_ratio=1.255 circularity=0.695
[MEASURE C1220] Pit diameter=0.305798 mm valid=True
Pit: area = 69.0 diameter_mm = 0.3057979345321655 circularity = 0.6953001194577152
[CLEAN C1221] type=Rejected area=5.0 perimeter=11.7 bbox=(692,464,4,5) long=5.0 box_short=1.7 box_aspect=3.000 skeleton_width=2.00 skeleton_range=2.00-2.80 skeleton_aspect=2.496 merge_ratio=0.501 circularity=0.462
[CLEAN C1221] REJECT Scratch: area 5.0 < 20; long_side 5.0 < 10; skeleton_aspect 2.496 < 2.5
[CLEAN C1221] REJECT Pit: area 5.0 < 32; circularity 0.462 < 0.55
[CLEAN C1222] type=Rejected area=17.5 perimeter=17.1 bbox=(60,464,6,6) long=5.0 box_short=5.0 box_aspect=1.000 skeleton_width=4.00 skeleton_range=2.00-4.39 skeleton_aspect=1.250 merge_ratio=0.875 circularity=0.755
[CLEAN C1222] REJECT Scratch: area 17.5 < 20; long_side 5.0 < 10; skeleton_aspect 1.250 < 2.5; box_aspect 1.000 < 1.5
[CLEAN C1222] REJECT Pit: area 17.5 < 32
[CLEAN C1223] type=Rejected area=15.5 perimeter=21.1 bbox=(1141,462,8,6) long=8.0 box_short=3.6 box_aspect=2.250 skeleton_width=2.80 skeleton_range=2.00-4.00 skeleton_aspect=2.875 merge_ratio=0.688 circularity=0.439
[CLEAN C1223] REJECT Scratch: area 15.5 < 20; long_side 8.0 < 10
[CLEAN C1223] REJECT Pit: area 15.5 < 32; circularity 0.439 < 0.55
[CLEAN C1224] type=Rejected area=1.0 perimeter=4.0 bbox=(1034,462,2,2) long=1.0 box_short=1.0 box_aspect=1.000 skeleton_width=2.00 skeleton_range=2.00-2.00 skeleton_aspect=0.500 merge_ratio=0.500 circularity=0.785
[CLEAN C1224] REJECT Scratch: area 1.0 < 20; long_side 1.0 < 10; skeleton_aspect 0.500 < 2.5; box_aspect 1.000 < 1.5
[CLEAN C1224] REJECT Pit: area 1.0 < 32
[CLEAN C1225] type=Pit area=83.5 perimeter=38.4 bbox=(381,461,10,15) long=14.0 box_short=9.0 box_aspect=1.556 skeleton_width=6.39 skeleton_range=2.00-8.79 skeleton_aspect=2.190 merge_ratio=0.933 circularity=0.712
[MEASURE C1225] Pit diameter=0.353317 mm valid=True
Pit: area = 83.5 diameter_mm = 0.3533170521259308 circularity = 0.7121612159703206
[CLEAN C1226] type=Rejected area=10.0 perimeter=14.8 bbox=(1196,460,3,7) long=6.0 box_short=2.0 box_aspect=3.000 skeleton_width=2.40 skeleton_range=2.00-4.00 skeleton_aspect=2.500 merge_ratio=0.694 circularity=0.572
[CLEAN C1226] REJECT Scratch: area 10.0 < 20; long_side 6.0 < 10; skeleton_aspect 2.500 < 2.5
[CLEAN C1226] REJECT Pit: area 10.0 < 32
[CLEAN C1227] type=Rejected candidate=Scratch area=90.0 perimeter=54.1 bbox=(68,460,10,22) long=22.4 box_short=7.6 box_aspect=2.937 skeleton_width=4.00 skeleton_range=2.00-6.00 skeleton_aspect=5.608 merge_ratio=1.003 circularity=0.386
[CLEAN C1227] REJECT Scratch: 不可测: 划痕最大宽度点超出中央有效测量区域
[MEASURE C1227] Scratch 不可测: 划痕最大宽度点超出中央有效测量区域
[CLEAN C1228] type=Rejected area=9.0 perimeter=14.8 bbox=(29,460,3,7) long=6.0 box_short=2.0 box_aspect=3.000 skeleton_width=2.00 skeleton_range=2.00-4.00 skeleton_aspect=3.000 merge_ratio=0.750 circularity=0.514
[CLEAN C1228] REJECT Scratch: area 9.0 < 20; long_side 6.0 < 10
[CLEAN C1228] REJECT Pit: area 9.0 < 32; circularity 0.514 < 0.55
[CLEAN C1229] type=Rejected area=1.0 perimeter=4.0 bbox=(15,460,2,2) long=1.0 box_short=1.0 box_aspect=1.000 skeleton_width=2.00 skeleton_range=2.00-2.00 skeleton_aspect=0.500 merge_ratio=0.500 circularity=0.785
[CLEAN C1229] REJECT Scratch: area 1.0 < 20; long_side 1.0 < 10; skeleton_aspect 0.500 < 2.5; box_aspect 1.000 < 1.5
[CLEAN C1229] REJECT Pit: area 1.0 < 32
[CLEAN C1230] type=Rejected candidate=Scratch area=73.0 perimeter=45.0 bbox=(659,458,9,18) long=17.0 box_short=8.0 box_aspect=2.125 skeleton_width=4.39 skeleton_range=2.00-7.19 skeleton_aspect=3.869 merge_ratio=0.977 circularity=0.454
[CLEAN C1230] REJECT Scratch: 尺寸 0.194114 mm < 0.25 mm
[MEASURE C1230] Scratch width=0.194114 mm valid=False
[CLEAN C1231] type=Rejected candidate=Scratch area=93.5 perimeter=45.6 bbox=(593,458,10,17) long=16.5 box_short=8.0 box_aspect=2.075 skeleton_width=6.00 skeleton_range=2.00-8.00 skeleton_aspect=2.753 merge_ratio=0.943 circularity=0.566
[CLEAN C1231] REJECT Scratch: 尺寸 0.194332 mm < 0.25 mm
[MEASURE C1231] Scratch width=0.194332 mm valid=False
[CLEAN C1232] type=Rejected area=7.0 perimeter=10.8 bbox=(859,456,4,4) long=3.0 box_short=3.0 box_aspect=1.000 skeleton_width=2.40 skeleton_range=2.00-4.00 skeleton_aspect=1.250 merge_ratio=0.972 circularity=0.750
[CLEAN C1232] REJECT Scratch: area 7.0 < 20; long_side 3.0 < 10; skeleton_aspect 1.250 < 2.5; box_aspect 1.000 < 1.5
[CLEAN C1232] REJECT Pit: area 7.0 < 32
[CLEAN C1233] type=Rejected area=17.5 perimeter=17.9 bbox=(1184,455,6,7) long=6.4 box_short=4.2 box_aspect=1.500 skeleton_width=3.40 skeleton_range=2.00-4.39 skeleton_aspect=1.872 merge_ratio=0.809 circularity=0.686
[CLEAN C1233] REJECT Scratch: area 17.5 < 20; long_side 6.4 < 10; skeleton_aspect 1.872 < 2.5; box_aspect 1.500 < 1.5
[CLEAN C1233] REJECT Pit: area 17.5 < 32
[CLEAN C1234] type=Rejected area=8.0 perimeter=12.8 bbox=(871,455,6,3) long=5.0 box_short=2.0 box_aspect=2.500 skeleton_width=2.00 skeleton_range=2.00-4.00 skeleton_aspect=2.500 merge_ratio=0.800 circularity=0.611
[CLEAN C1234] REJECT Scratch: area 8.0 < 20; long_side 5.0 < 10
[CLEAN C1234] REJECT Pit: area 8.0 < 32
[CLEAN C1235] type=Rejected area=1.0 perimeter=4.0 bbox=(586,455,2,2) long=1.0 box_short=1.0 box_aspect=1.000 skeleton_width=2.00 skeleton_range=2.00-2.00 skeleton_aspect=0.500 merge_ratio=0.500 circularity=0.785
[CLEAN C1235] REJECT Scratch: area 1.0 < 20; long_side 1.0 < 10; skeleton_aspect 0.500 < 2.5; box_aspect 1.000 < 1.5
[CLEAN C1235] REJECT Pit: area 1.0 < 32
[CLEAN C1236] type=Rejected candidate=Scratch area=29.0 perimeter=25.3 bbox=(566,455,7,10) long=10.3 box_short=4.5 box_aspect=2.300 skeleton_width=3.40 skeleton_range=2.00-5.60 skeleton_aspect=3.025 merge_ratio=0.829 circularity=0.569
[CLEAN C1236] REJECT Scratch: 尺寸 0.124121 mm < 0.25 mm
[MEASURE C1236] Scratch width=0.124121 mm valid=False
[CLEAN C1237] type=Rejected area=16.0 perimeter=27.3 bbox=(614,454,6,12) long=12.1 box_short=2.9 box_aspect=4.182 skeleton_width=2.00 skeleton_range=2.00-2.80 skeleton_aspect=6.040 merge_ratio=0.662 circularity=0.270
[CLEAN C1237] REJECT Scratch: area 16.0 < 20
[CLEAN C1237] REJECT Pit: area 16.0 < 32; circularity 0.270 < 0.55
[CLEAN C1238] type=Rejected area=5.0 perimeter=8.8 bbox=(489,454,3,4) long=3.0 box_short=2.0 box_aspect=1.500 skeleton_width=2.40 skeleton_range=2.00-2.80 skeleton_aspect=1.250 merge_ratio=0.694 circularity=0.806
[CLEAN C1238] REJECT Scratch: area 5.0 < 20; long_side 3.0 < 10; skeleton_aspect 1.250 < 2.5
[CLEAN C1238] REJECT Pit: area 5.0 < 32
[CLEAN C1239] type=Rejected candidate=Pit area=36.5 perimeter=25.1 bbox=(76,454,8,8) long=7.0 box_short=7.0 box_aspect=1.000 skeleton_width=4.20 skeleton_range=2.00-6.39 skeleton_aspect=1.668 merge_ratio=1.242 circularity=0.730
[CLEAN C1239] REJECT Pit: 不可测: 凹点中心超出中央有效测量区域
[MEASURE C1239] Pit 不可测: 凹点中心超出中央有效测量区域
[CLEAN C1240] type=Rejected area=3.0 perimeter=8.8 bbox=(470,453,3,4) long=3.6 box_short=1.3 box_aspect=2.667 skeleton_width=2.00 skeleton_range=2.00-2.00 skeleton_aspect=1.789 merge_ratio=0.419 circularity=0.484
[CLEAN C1240] REJECT Scratch: area 3.0 < 20; long_side 3.6 < 10; skeleton_aspect 1.789 < 2.5
[CLEAN C1240] REJECT Pit: area 3.0 < 32; circularity 0.484 < 0.55
[CLEAN C1241] type=Rejected candidate=Pit area=40.5 perimeter=25.9 bbox=(419,453,7,10) long=9.0 box_short=6.0 box_aspect=1.500 skeleton_width=5.60 skeleton_range=2.00-6.00 skeleton_aspect=1.607 merge_ratio=0.804 circularity=0.759
[CLEAN C1241] REJECT Pit: 尺寸 0.245929 mm < 0.25 mm
[MEASURE C1241] Pit diameter=0.245929 mm valid=False
[CLEAN C1242] type=Rejected area=1.0 perimeter=4.0 bbox=(62,453,2,2) long=1.0 box_short=1.0 box_aspect=1.000 skeleton_width=2.00 skeleton_range=2.00-2.00 skeleton_aspect=0.500 merge_ratio=0.500 circularity=0.785
[CLEAN C1242] REJECT Scratch: area 1.0 < 20; long_side 1.0 < 10; skeleton_aspect 0.500 < 2.5; box_aspect 1.000 < 1.5
[CLEAN C1242] REJECT Pit: area 1.0 < 32
[CLEAN C1243] type=Rejected area=2.0 perimeter=6.0 bbox=(1172,452,2,3) long=2.0 box_short=1.0 box_aspect=2.000 skeleton_width=2.00 skeleton_range=2.00-2.00 skeleton_aspect=1.000 merge_ratio=0.500 circularity=0.698
[CLEAN C1243] REJECT Scratch: area 2.0 < 20; long_side 2.0 < 10; skeleton_aspect 1.000 < 2.5
[CLEAN C1243] REJECT Pit: area 2.0 < 32
[CLEAN C1244] type=Rejected area=1.0 perimeter=4.0 bbox=(1207,451,2,2) long=1.0 box_short=1.0 box_aspect=1.000 skeleton_width=2.00 skeleton_range=2.00-2.00 skeleton_aspect=0.500 merge_ratio=0.500 circularity=0.785
[CLEAN C1244] REJECT Scratch: area 1.0 < 20; long_side 1.0 < 10; skeleton_aspect 0.500 < 2.5; box_aspect 1.000 < 1.5
[CLEAN C1244] REJECT Pit: area 1.0 < 32
[CLEAN C1245] type=Rejected area=1.0 perimeter=4.0 bbox=(594,451,2,2) long=1.0 box_short=1.0 box_aspect=1.000 skeleton_width=2.00 skeleton_range=2.00-2.00 skeleton_aspect=0.500 merge_ratio=0.500 circularity=0.785
[CLEAN C1245] REJECT Scratch: area 1.0 < 20; long_side 1.0 < 10; skeleton_aspect 0.500 < 2.5; box_aspect 1.000 < 1.5
[CLEAN C1245] REJECT Pit: area 1.0 < 32
[CLEAN C1246] type=Rejected area=51.0 perimeter=49.3 bbox=(1129,450,16,12) long=15.0 box_short=10.5 box_aspect=1.431 skeleton_width=2.80 skeleton_range=2.00-4.39 skeleton_aspect=5.369 merge_ratio=1.212 circularity=0.264
[CLEAN C1246] REJECT Scratch: box_aspect 1.431 < 1.5
[CLEAN C1246] REJECT Pit: circularity 0.264 < 0.55
[CLEAN C1247] type=Rejected area=2.0 perimeter=6.0 bbox=(383,450,3,2) long=2.0 box_short=1.0 box_aspect=2.000 skeleton_width=2.00 skeleton_range=2.00-2.00 skeleton_aspect=1.000 merge_ratio=0.500 circularity=0.698
[CLEAN C1247] REJECT Scratch: area 2.0 < 20; long_side 2.0 < 10; skeleton_aspect 1.000 < 2.5
[CLEAN C1247] REJECT Pit: area 2.0 < 32
[CLEAN C1248] type=Rejected area=1.0 perimeter=4.0 bbox=(663,449,2,2) long=1.0 box_short=1.0 box_aspect=1.000 skeleton_width=2.00 skeleton_range=2.00-2.00 skeleton_aspect=0.500 merge_ratio=0.500 circularity=0.785
[CLEAN C1248] REJECT Scratch: area 1.0 < 20; long_side 1.0 < 10; skeleton_aspect 0.500 < 2.5; box_aspect 1.000 < 1.5
[CLEAN C1248] REJECT Pit: area 1.0 < 32
[CLEAN C1249] type=Rejected area=4.0 perimeter=8.8 bbox=(1038,448,4,3) long=3.0 box_short=2.0 box_aspect=1.500 skeleton_width=2.00 skeleton_range=2.00-2.80 skeleton_aspect=1.500 merge_ratio=0.667 circularity=0.645
[CLEAN C1249] REJECT Scratch: area 4.0 < 20; long_side 3.0 < 10; skeleton_aspect 1.500 < 2.5
[CLEAN C1249] REJECT Pit: area 4.0 < 32
[CLEAN C1250] type=Rejected area=4.0 perimeter=8.8 bbox=(1024,448,3,4) long=3.0 box_short=2.0 box_aspect=1.500 skeleton_width=2.00 skeleton_range=2.00-2.80 skeleton_aspect=1.500 merge_ratio=0.667 circularity=0.645
[CLEAN C1250] REJECT Scratch: area 4.0 < 20; long_side 3.0 < 10; skeleton_aspect 1.500 < 2.5
[CLEAN C1250] REJECT Pit: area 4.0 < 32
[CLEAN C1251] type=Rejected area=1.0 perimeter=4.0 bbox=(885,448,2,2) long=1.0 box_short=1.0 box_aspect=1.000 skeleton_width=2.00 skeleton_range=2.00-2.00 skeleton_aspect=0.500 merge_ratio=0.500 circularity=0.785
[CLEAN C1251] REJECT Scratch: area 1.0 < 20; long_side 1.0 < 10; skeleton_aspect 0.500 < 2.5; box_aspect 1.000 < 1.5
[CLEAN C1251] REJECT Pit: area 1.0 < 32
[CLEAN C1252] type=Rejected area=17.5 perimeter=17.1 bbox=(854,448,7,5) long=6.3 box_short=3.8 box_aspect=1.667 skeleton_width=3.40 skeleton_range=2.00-4.39 skeleton_aspect=1.860 merge_ratio=0.814 circularity=0.755
[CLEAN C1252] REJECT Scratch: area 17.5 < 20; long_side 6.3 < 10; skeleton_aspect 1.860 < 2.5
[CLEAN C1252] REJECT Pit: area 17.5 < 32
[CLEAN C1253] type=Rejected area=3.0 perimeter=8.0 bbox=(1060,447,4,2) long=3.0 box_short=1.0 box_aspect=3.000 skeleton_width=2.00 skeleton_range=2.00-2.00 skeleton_aspect=1.500 merge_ratio=0.500 circularity=0.589
[CLEAN C1253] REJECT Scratch: area 3.0 < 20; long_side 3.0 < 10; skeleton_aspect 1.500 < 2.5
[CLEAN C1253] REJECT Pit: area 3.0 < 32
[CLEAN C1254] type=Rejected area=2.0 perimeter=6.0 bbox=(1177,446,3,2) long=2.0 box_short=1.0 box_aspect=2.000 skeleton_width=2.00 skeleton_range=2.00-2.00 skeleton_aspect=1.000 merge_ratio=0.500 circularity=0.698
[CLEAN C1254] REJECT Scratch: area 2.0 < 20; long_side 2.0 < 10; skeleton_aspect 1.000 < 2.5
[CLEAN C1254] REJECT Pit: area 2.0 < 32
[CLEAN C1255] type=Rejected area=1.0 perimeter=4.0 bbox=(731,446,2,2) long=1.0 box_short=1.0 box_aspect=1.000 skeleton_width=2.00 skeleton_range=2.00-2.00 skeleton_aspect=0.500 merge_ratio=0.500 circularity=0.785
[CLEAN C1255] REJECT Scratch: area 1.0 < 20; long_side 1.0 < 10; skeleton_aspect 0.500 < 2.5; box_aspect 1.000 < 1.5
[CLEAN C1255] REJECT Pit: area 1.0 < 32
[CLEAN C1256] type=Rejected area=16.0 perimeter=15.7 bbox=(699,446,6,5) long=5.0 box_short=4.0 box_aspect=1.250 skeleton_width=2.80 skeleton_range=2.00-4.39 skeleton_aspect=1.786 merge_ratio=1.143 circularity=0.820
[CLEAN C1256] REJECT Scratch: area 16.0 < 20; long_side 5.0 < 10; skeleton_aspect 1.786 < 2.5; box_aspect 1.250 < 1.5
[CLEAN C1256] REJECT Pit: area 16.0 < 32
[CLEAN C1257] type=Rejected area=30.5 perimeter=24.7 bbox=(20,444,7,10) long=9.8 box_short=4.5 box_aspect=2.192 skeleton_width=3.60 skeleton_range=2.00-5.60 skeleton_aspect=2.718 merge_ratio=0.867 circularity=0.627
[CLEAN C1257] REJECT Scratch: long_side 9.8 < 10
[CLEAN C1257] REJECT Pit: area 30.5 < 32
[CLEAN C1258] type=Rejected area=1.0 perimeter=4.0 bbox=(1190,442,2,2) long=1.0 box_short=1.0 box_aspect=1.000 skeleton_width=2.00 skeleton_range=2.00-2.00 skeleton_aspect=0.500 merge_ratio=0.500 circularity=0.785
[CLEAN C1258] REJECT Scratch: area 1.0 < 20; long_side 1.0 < 10; skeleton_aspect 0.500 < 2.5; box_aspect 1.000 < 1.5
[CLEAN C1258] REJECT Pit: area 1.0 < 32
[CLEAN C1259] type=Rejected area=3.5 perimeter=7.4 bbox=(82,442,3,3) long=2.0 box_short=2.0 box_aspect=1.000 skeleton_width=2.00 skeleton_range=2.00-2.80 skeleton_aspect=1.000 merge_ratio=0.875 circularity=0.800
[CLEAN C1259] REJECT Scratch: area 3.5 < 20; long_side 2.0 < 10; skeleton_aspect 1.000 < 2.5; box_aspect 1.000 < 1.5
[CLEAN C1259] REJECT Pit: area 3.5 < 32
[CLEAN C1260] type=Rejected area=3.5 perimeter=7.4 bbox=(1037,438,3,3) long=2.0 box_short=2.0 box_aspect=1.000 skeleton_width=2.00 skeleton_range=2.00-2.80 skeleton_aspect=1.000 merge_ratio=0.875 circularity=0.800
[CLEAN C1260] REJECT Scratch: area 3.5 < 20; long_side 2.0 < 10; skeleton_aspect 1.000 < 2.5; box_aspect 1.000 < 1.5
[CLEAN C1260] REJECT Pit: area 3.5 < 32
[CLEAN C1261] type=Rejected area=4.5 perimeter=14.2 bbox=(1024,438,5,5) long=5.0 box_short=2.8 box_aspect=1.800 skeleton_width=2.00 skeleton_range=2.00-2.80 skeleton_aspect=2.496 merge_ratio=0.451 circularity=0.279
[CLEAN C1261] REJECT Scratch: area 4.5 < 20; long_side 5.0 < 10; skeleton_aspect 2.496 < 2.5
[CLEAN C1261] REJECT Pit: area 4.5 < 32; circularity 0.279 < 0.55
[CLEAN C1262] type=Rejected area=1.0 perimeter=4.0 bbox=(343,438,2,2) long=1.0 box_short=1.0 box_aspect=1.000 skeleton_width=2.00 skeleton_range=2.00-2.00 skeleton_aspect=0.500 merge_ratio=0.500 circularity=0.785
[CLEAN C1262] REJECT Scratch: area 1.0 < 20; long_side 1.0 < 10; skeleton_aspect 0.500 < 2.5; box_aspect 1.000 < 1.5
[CLEAN C1262] REJECT Pit: area 1.0 < 32
[CLEAN C1263] type=Rejected area=1.0 perimeter=4.0 bbox=(959,436,2,2) long=1.0 box_short=1.0 box_aspect=1.000 skeleton_width=2.00 skeleton_range=2.00-2.00 skeleton_aspect=0.500 merge_ratio=0.500 circularity=0.785
[CLEAN C1263] REJECT Scratch: area 1.0 < 20; long_side 1.0 < 10; skeleton_aspect 0.500 < 2.5; box_aspect 1.000 < 1.5
[CLEAN C1263] REJECT Pit: area 1.0 < 32
[CLEAN C1264] type=Rejected candidate=Scratch area=60.5 perimeter=35.6 bbox=(526,435,9,14) long=13.6 box_short=6.5 box_aspect=2.074 skeleton_width=5.00 skeleton_range=2.00-6.39 skeleton_aspect=2.718 merge_ratio=0.891 circularity=0.601
[CLEAN C1264] REJECT Scratch: 尺寸 0.172754 mm < 0.25 mm
[MEASURE C1264] Scratch width=0.172754 mm valid=False
[CLEAN C1265] type=Rejected area=18.5 perimeter=17.1 bbox=(29,435,5,7) long=6.0 box_short=4.0 box_aspect=1.500 skeleton_width=4.00 skeleton_range=2.00-4.39 skeleton_aspect=1.500 merge_ratio=0.771 circularity=0.798
[CLEAN C1265] REJECT Scratch: area 18.5 < 20; long_side 6.0 < 10; skeleton_aspect 1.500 < 2.5
[CLEAN C1265] REJECT Pit: area 18.5 < 32
[CLEAN C1266] type=Rejected area=1.0 perimeter=4.0 bbox=(1167,434,2,2) long=1.0 box_short=1.0 box_aspect=1.000 skeleton_width=2.00 skeleton_range=2.00-2.00 skeleton_aspect=0.500 merge_ratio=0.500 circularity=0.785
[CLEAN C1266] REJECT Scratch: area 1.0 < 20; long_side 1.0 < 10; skeleton_aspect 0.500 < 2.5; box_aspect 1.000 < 1.5
[CLEAN C1266] REJECT Pit: area 1.0 < 32
[CLEAN C1267] type=Rejected candidate=Pit area=41.0 perimeter=27.3 bbox=(415,434,9,9) long=8.7 box_short=7.0 box_aspect=1.241 skeleton_width=4.00 skeleton_range=2.00-6.39 skeleton_aspect=2.183 merge_ratio=1.174 circularity=0.691
[CLEAN C1267] REJECT Pit: 尺寸 0.241318 mm < 0.25 mm
[MEASURE C1267] Pit diameter=0.241318 mm valid=False
[CLEAN C1268] type=Rejected area=1.0 perimeter=4.0 bbox=(752,433,2,2) long=1.0 box_short=1.0 box_aspect=1.000 skeleton_width=2.00 skeleton_range=2.00-2.00 skeleton_aspect=0.500 merge_ratio=0.500 circularity=0.785
[CLEAN C1268] REJECT Scratch: area 1.0 < 20; long_side 1.0 < 10; skeleton_aspect 0.500 < 2.5; box_aspect 1.000 < 1.5
[CLEAN C1268] REJECT Pit: area 1.0 < 32
[CLEAN C1269] type=Rejected area=1.0 perimeter=4.0 bbox=(337,433,2,2) long=1.0 box_short=1.0 box_aspect=1.000 skeleton_width=2.00 skeleton_range=2.00-2.00 skeleton_aspect=0.500 merge_ratio=0.500 circularity=0.785
[CLEAN C1269] REJECT Scratch: area 1.0 < 20; long_side 1.0 < 10; skeleton_aspect 0.500 < 2.5; box_aspect 1.000 < 1.5
[CLEAN C1269] REJECT Pit: area 1.0 < 32
[CLEAN C1270] type=Rejected area=1.0 perimeter=4.0 bbox=(321,433,2,2) long=1.0 box_short=1.0 box_aspect=1.000 skeleton_width=2.00 skeleton_range=2.00-2.00 skeleton_aspect=0.500 merge_ratio=0.500 circularity=0.785
[CLEAN C1270] REJECT Scratch: area 1.0 < 20; long_side 1.0 < 10; skeleton_aspect 0.500 < 2.5; box_aspect 1.000 < 1.5
[CLEAN C1270] REJECT Pit: area 1.0 < 32
[CLEAN C1271] type=Rejected area=1.0 perimeter=4.0 bbox=(123,432,2,2) long=1.0 box_short=1.0 box_aspect=1.000 skeleton_width=2.00 skeleton_range=2.00-2.00 skeleton_aspect=0.500 merge_ratio=0.500 circularity=0.785
[CLEAN C1271] REJECT Scratch: area 1.0 < 20; long_side 1.0 < 10; skeleton_aspect 0.500 < 2.5; box_aspect 1.000 < 1.5
[CLEAN C1271] REJECT Pit: area 1.0 < 32
[CLEAN C1272] type=Rejected area=7.0 perimeter=10.8 bbox=(1255,431,5,3) long=4.0 box_short=2.0 box_aspect=2.000 skeleton_width=2.80 skeleton_range=2.00-4.00 skeleton_aspect=1.429 merge_ratio=0.625 circularity=0.750
[CLEAN C1272] REJECT Scratch: area 7.0 < 20; long_side 4.0 < 10; skeleton_aspect 1.429 < 2.5
[CLEAN C1272] REJECT Pit: area 7.0 < 32
[CLEAN C1273] type=Rejected area=9.5 perimeter=12.2 bbox=(853,430,4,5) long=4.0 box_short=3.0 box_aspect=1.333 skeleton_width=2.80 skeleton_range=2.00-4.00 skeleton_aspect=1.429 merge_ratio=0.848 circularity=0.796
[CLEAN C1273] REJECT Scratch: area 9.5 < 20; long_side 4.0 < 10; skeleton_aspect 1.429 < 2.5; box_aspect 1.333 < 1.5
[CLEAN C1273] REJECT Pit: area 9.5 < 32
[CLEAN C1274] type=Rejected candidate=Scratch area=183.0 perimeter=117.6 bbox=(478,430,11,50) long=49.1 box_short=9.0 box_aspect=5.439 skeleton_width=4.39 skeleton_range=2.00-6.39 skeleton_aspect=11.178 merge_ratio=0.848 circularity=0.166
[CLEAN C1274] REJECT Scratch: 尺寸 0.175733 mm < 0.25 mm
[MEASURE C1274] Scratch width=0.175733 mm valid=False
[CLEAN C1275] type=Rejected area=12.5 perimeter=15.1 bbox=(409,430,6,5) long=5.7 box_short=3.2 box_aspect=1.800 skeleton_width=2.80 skeleton_range=2.00-4.00 skeleton_aspect=2.033 merge_ratio=0.784 circularity=0.692
[CLEAN C1275] REJECT Scratch: area 12.5 < 20; long_side 5.7 < 10; skeleton_aspect 2.033 < 2.5
[CLEAN C1275] REJECT Pit: area 12.5 < 32
[CLEAN C1276] type=Rejected candidate=Scratch area=57.5 perimeter=39.2 bbox=(608,427,13,13) long=16.3 box_short=6.3 box_aspect=2.586 skeleton_width=3.40 skeleton_range=2.00-7.19 skeleton_aspect=4.785 merge_ratio=1.039 circularity=0.470
[CLEAN C1276] REJECT Scratch: 尺寸 0.158746 mm < 0.25 mm
[MEASURE C1276] Scratch width=0.158746 mm valid=False
[CLEAN C1277] type=Rejected area=1.0 perimeter=4.0 bbox=(525,426,2,2) long=1.0 box_short=1.0 box_aspect=1.000 skeleton_width=2.00 skeleton_range=2.00-2.00 skeleton_aspect=0.500 merge_ratio=0.500 circularity=0.785
[CLEAN C1277] REJECT Scratch: area 1.0 < 20; long_side 1.0 < 10; skeleton_aspect 0.500 < 2.5; box_aspect 1.000 < 1.5
[CLEAN C1277] REJECT Pit: area 1.0 < 32
[CLEAN C1278] type=Rejected area=19.5 perimeter=19.1 bbox=(80,426,5,8) long=7.0 box_short=4.0 box_aspect=1.750 skeleton_width=4.00 skeleton_range=2.00-4.39 skeleton_aspect=1.750 merge_ratio=0.696 circularity=0.674
[CLEAN C1278] REJECT Scratch: area 19.5 < 20; long_side 7.0 < 10; skeleton_aspect 1.750 < 2.5
[CLEAN C1278] REJECT Pit: area 19.5 < 32
[CLEAN C1279] type=Rejected area=7.5 perimeter=11.4 bbox=(31,426,5,3) long=4.0 box_short=2.0 box_aspect=2.000 skeleton_width=2.40 skeleton_range=2.00-4.00 skeleton_aspect=1.667 merge_ratio=0.781 circularity=0.723
[CLEAN C1279] REJECT Scratch: area 7.5 < 20; long_side 4.0 < 10; skeleton_aspect 1.667 < 2.5
[CLEAN C1279] REJECT Pit: area 7.5 < 32
[CLEAN C1280] type=Rejected area=1.0 perimeter=4.0 bbox=(1041,425,2,2) long=1.0 box_short=1.0 box_aspect=1.000 skeleton_width=2.00 skeleton_range=2.00-2.00 skeleton_aspect=0.500 merge_ratio=0.500 circularity=0.785
[CLEAN C1280] REJECT Scratch: area 1.0 < 20; long_side 1.0 < 10; skeleton_aspect 0.500 < 2.5; box_aspect 1.000 < 1.5
[CLEAN C1280] REJECT Pit: area 1.0 < 32
[CLEAN C1281] type=Rejected area=3.0 perimeter=6.8 bbox=(1210,423,3,3) long=2.8 box_short=1.4 box_aspect=2.000 skeleton_width=2.00 skeleton_range=2.00-2.80 skeleton_aspect=1.414 merge_ratio=0.530 circularity=0.809
[CLEAN C1281] REJECT Scratch: area 3.0 < 20; long_side 2.8 < 10; skeleton_aspect 1.414 < 2.5
[CLEAN C1281] REJECT Pit: area 3.0 < 32
[CLEAN C1282] type=Rejected area=1.0 perimeter=4.0 bbox=(1196,423,2,2) long=1.0 box_short=1.0 box_aspect=1.000 skeleton_width=2.00 skeleton_range=2.00-2.00 skeleton_aspect=0.500 merge_ratio=0.500 circularity=0.785
[CLEAN C1282] REJECT Scratch: area 1.0 < 20; long_side 1.0 < 10; skeleton_aspect 0.500 < 2.5; box_aspect 1.000 < 1.5
[CLEAN C1282] REJECT Pit: area 1.0 < 32
[CLEAN C1283] type=Rejected area=17.5 perimeter=23.1 bbox=(372,423,4,10) long=9.0 box_short=3.0 box_aspect=3.000 skeleton_width=2.80 skeleton_range=2.00-4.00 skeleton_aspect=3.214 merge_ratio=0.694 circularity=0.413
[CLEAN C1283] REJECT Scratch: area 17.5 < 20; long_side 9.0 < 10
[CLEAN C1283] REJECT Pit: area 17.5 < 32; circularity 0.413 < 0.55
[CLEAN C1284] type=Rejected area=3.0 perimeter=8.0 bbox=(926,422,4,2) long=3.0 box_short=1.0 box_aspect=3.000 skeleton_width=2.00 skeleton_range=2.00-2.00 skeleton_aspect=1.500 merge_ratio=0.500 circularity=0.589
[CLEAN C1284] REJECT Scratch: area 3.0 < 20; long_side 3.0 < 10; skeleton_aspect 1.500 < 2.5
[CLEAN C1284] REJECT Pit: area 3.0 < 32
[CLEAN C1285] type=Rejected area=1.0 perimeter=4.0 bbox=(378,421,2,2) long=1.0 box_short=1.0 box_aspect=1.000 skeleton_width=2.00 skeleton_range=2.00-2.00 skeleton_aspect=0.500 merge_ratio=0.500 circularity=0.785
[CLEAN C1285] REJECT Scratch: area 1.0 < 20; long_side 1.0 < 10; skeleton_aspect 0.500 < 2.5; box_aspect 1.000 < 1.5
[CLEAN C1285] REJECT Pit: area 1.0 < 32
[CLEAN C1286] type=Rejected area=2.0 perimeter=6.0 bbox=(131,421,2,3) long=2.0 box_short=1.0 box_aspect=2.000 skeleton_width=2.00 skeleton_range=2.00-2.00 skeleton_aspect=1.000 merge_ratio=0.500 circularity=0.698
[CLEAN C1286] REJECT Scratch: area 2.0 < 20; long_side 2.0 < 10; skeleton_aspect 1.000 < 2.5
[CLEAN C1286] REJECT Pit: area 2.0 < 32
[CLEAN C1287] type=Rejected area=21.0 perimeter=18.5 bbox=(200,419,7,6) long=6.0 box_short=5.0 box_aspect=1.200 skeleton_width=3.60 skeleton_range=2.00-5.60 skeleton_aspect=1.668 merge_ratio=0.973 circularity=0.772
[CLEAN C1287] REJECT Scratch: long_side 6.0 < 10; skeleton_aspect 1.668 < 2.5; box_aspect 1.200 < 1.5
[CLEAN C1287] REJECT Pit: area 21.0 < 32
[CLEAN C1288] type=Rejected area=2.0 perimeter=6.0 bbox=(1127,417,2,3) long=2.0 box_short=1.0 box_aspect=2.000 skeleton_width=2.00 skeleton_range=2.00-2.00 skeleton_aspect=1.000 merge_ratio=0.500 circularity=0.698
[CLEAN C1288] REJECT Scratch: area 2.0 < 20; long_side 2.0 < 10; skeleton_aspect 1.000 < 2.5
[CLEAN C1288] REJECT Pit: area 2.0 < 32
[CLEAN C1289] type=Rejected area=11.5 perimeter=15.1 bbox=(851,416,6,5) long=6.4 box_short=2.8 box_aspect=2.300 skeleton_width=2.80 skeleton_range=2.00-4.00 skeleton_aspect=2.278 merge_ratio=0.644 circularity=0.636
[CLEAN C1289] REJECT Scratch: area 11.5 < 20; long_side 6.4 < 10; skeleton_aspect 2.278 < 2.5
[CLEAN C1289] REJECT Pit: area 11.5 < 32
[CLEAN C1290] type=Rejected candidate=Scratch area=162.5 perimeter=75.2 bbox=(654,416,11,33) long=32.7 box_short=9.3 box_aspect=3.525 skeleton_width=5.60 skeleton_range=2.00-8.40 skeleton_aspect=5.838 merge_ratio=0.888 circularity=0.361
[CLEAN C1290] REJECT Scratch: 尺寸 0.194079 mm < 0.25 mm
[MEASURE C1290] Scratch width=0.194079 mm valid=False
[CLEAN C1291] type=Rejected area=10.5 perimeter=15.1 bbox=(409,414,5,6) long=5.7 box_short=2.8 box_aspect=2.000 skeleton_width=2.80 skeleton_range=2.00-2.80 skeleton_aspect=2.020 merge_ratio=0.663 circularity=0.581
[CLEAN C1291] REJECT Scratch: area 10.5 < 20; long_side 5.7 < 10; skeleton_aspect 2.020 < 2.5
[CLEAN C1291] REJECT Pit: area 10.5 < 32
[CLEAN C1292] type=Rejected area=1.0 perimeter=4.0 bbox=(859,412,2,2) long=1.0 box_short=1.0 box_aspect=1.000 skeleton_width=2.00 skeleton_range=2.00-2.00 skeleton_aspect=0.500 merge_ratio=0.500 circularity=0.785
[CLEAN C1292] REJECT Scratch: area 1.0 < 20; long_side 1.0 < 10; skeleton_aspect 0.500 < 2.5; box_aspect 1.000 < 1.5
[CLEAN C1292] REJECT Pit: area 1.0 < 32
[CLEAN C1293] type=Rejected area=15.5 perimeter=17.1 bbox=(41,412,7,5) long=7.2 box_short=3.1 box_aspect=2.286 skeleton_width=2.80 skeleton_range=2.00-4.00 skeleton_aspect=2.556 merge_ratio=0.774 circularity=0.668
[CLEAN C1293] REJECT Scratch: area 15.5 < 20; long_side 7.2 < 10
[CLEAN C1293] REJECT Pit: area 15.5 < 32
[CLEAN C1294] type=Rejected area=1.0 perimeter=4.0 bbox=(1044,411,2,2) long=1.0 box_short=1.0 box_aspect=1.000 skeleton_width=2.00 skeleton_range=2.00-2.00 skeleton_aspect=0.500 merge_ratio=0.500 circularity=0.785
[CLEAN C1294] REJECT Scratch: area 1.0 < 20; long_side 1.0 < 10; skeleton_aspect 0.500 < 2.5; box_aspect 1.000 < 1.5
[CLEAN C1294] REJECT Pit: area 1.0 < 32
[CLEAN C1295] type=Rejected area=8.5 perimeter=12.2 bbox=(394,410,4,5) long=4.0 box_short=3.0 box_aspect=1.333 skeleton_width=2.80 skeleton_range=2.00-4.00 skeleton_aspect=1.429 merge_ratio=0.759 circularity=0.713
[CLEAN C1295] REJECT Scratch: area 8.5 < 20; long_side 4.0 < 10; skeleton_aspect 1.429 < 2.5; box_aspect 1.333 < 1.5
[CLEAN C1295] REJECT Pit: area 8.5 < 32
[CLEAN C1296] type=Rejected area=9.0 perimeter=14.8 bbox=(8,410,3,7) long=6.0 box_short=2.0 box_aspect=3.000 skeleton_width=2.00 skeleton_range=2.00-4.00 skeleton_aspect=3.000 merge_ratio=0.750 circularity=0.514
[CLEAN C1296] REJECT Scratch: area 9.0 < 20; long_side 6.0 < 10
[CLEAN C1296] REJECT Pit: area 9.0 < 32; circularity 0.514 < 0.55
[CLEAN C1297] type=Rejected area=2.0 perimeter=6.0 bbox=(854,409,2,3) long=2.0 box_short=1.0 box_aspect=2.000 skeleton_width=2.00 skeleton_range=2.00-2.00 skeleton_aspect=1.000 merge_ratio=0.500 circularity=0.698
[CLEAN C1297] REJECT Scratch: area 2.0 < 20; long_side 2.0 < 10; skeleton_aspect 1.000 < 2.5
[CLEAN C1297] REJECT Pit: area 2.0 < 32
[CLEAN C1298] type=Rejected area=21.5 perimeter=19.9 bbox=(618,406,7,7) long=8.5 box_short=3.5 box_aspect=2.400 skeleton_width=4.00 skeleton_range=2.00-4.39 skeleton_aspect=2.121 merge_ratio=0.633 circularity=0.682
[CLEAN C1298] REJECT Scratch: long_side 8.5 < 10; skeleton_aspect 2.121 < 2.5
[CLEAN C1298] REJECT Pit: area 21.5 < 32
[CLEAN C1299] type=Rejected area=1.0 perimeter=4.0 bbox=(1040,405,2,2) long=1.0 box_short=1.0 box_aspect=1.000 skeleton_width=2.00 skeleton_range=2.00-2.00 skeleton_aspect=0.500 merge_ratio=0.500 circularity=0.785
[CLEAN C1299] REJECT Scratch: area 1.0 < 20; long_side 1.0 < 10; skeleton_aspect 0.500 < 2.5; box_aspect 1.000 < 1.5
[CLEAN C1299] REJECT Pit: area 1.0 < 32
[CLEAN C1300] type=Rejected area=9.0 perimeter=14.8 bbox=(374,405,3,7) long=6.0 box_short=2.0 box_aspect=3.000 skeleton_width=2.00 skeleton_range=2.00-4.00 skeleton_aspect=3.000 merge_ratio=0.750 circularity=0.514
[CLEAN C1300] REJECT Scratch: area 9.0 < 20; long_side 6.0 < 10
[CLEAN C1300] REJECT Pit: area 9.0 < 32; circularity 0.514 < 0.55
[CLEAN C1301] type=Rejected area=20.0 perimeter=19.7 bbox=(659,404,5,8) long=7.0 box_short=4.0 box_aspect=1.750 skeleton_width=2.80 skeleton_range=2.00-5.60 skeleton_aspect=2.500 merge_ratio=1.020 circularity=0.650
[CLEAN C1301] REJECT Scratch: long_side 7.0 < 10
[CLEAN C1301] REJECT Pit: area 20.0 < 32
[CLEAN C1302] type=Rejected candidate=Scratch area=145.5 perimeter=67.2 bbox=(355,404,9,28) long=27.3 box_short=7.9 box_aspect=3.476 skeleton_width=6.00 skeleton_range=2.80-8.00 skeleton_aspect=4.554 merge_ratio=0.888 circularity=0.405
[CLEAN C1302] REJECT Scratch: 尺寸 0.189460 mm < 0.25 mm
[MEASURE C1302] Scratch width=0.189460 mm valid=False
[CLEAN C1303] type=Rejected area=1.0 perimeter=4.0 bbox=(985,401,2,2) long=1.0 box_short=1.0 box_aspect=1.000 skeleton_width=2.00 skeleton_range=2.00-2.00 skeleton_aspect=0.500 merge_ratio=0.500 circularity=0.785
[CLEAN C1303] REJECT Scratch: area 1.0 < 20; long_side 1.0 < 10; skeleton_aspect 0.500 < 2.5; box_aspect 1.000 < 1.5
[CLEAN C1303] REJECT Pit: area 1.0 < 32
[CLEAN C1304] type=Rejected area=1.0 perimeter=4.0 bbox=(980,401,2,2) long=1.0 box_short=1.0 box_aspect=1.000 skeleton_width=2.00 skeleton_range=2.00-2.00 skeleton_aspect=0.500 merge_ratio=0.500 circularity=0.785
[CLEAN C1304] REJECT Scratch: area 1.0 < 20; long_side 1.0 < 10; skeleton_aspect 0.500 < 2.5; box_aspect 1.000 < 1.5
[CLEAN C1304] REJECT Pit: area 1.0 < 32
[CLEAN C1305] type=Rejected area=16.0 perimeter=17.7 bbox=(566,401,4,8) long=7.0 box_short=3.0 box_aspect=2.333 skeleton_width=2.80 skeleton_range=2.00-4.00 skeleton_aspect=2.500 merge_ratio=0.816 circularity=0.645
[CLEAN C1305] REJECT Scratch: area 16.0 < 20; long_side 7.0 < 10
[CLEAN C1305] REJECT Pit: area 16.0 < 32
[CLEAN C1306] type=Rejected area=5.5 perimeter=9.4 bbox=(0,400,4,3) long=3.0 box_short=2.0 box_aspect=1.500 skeleton_width=2.00 skeleton_range=2.00-4.00 skeleton_aspect=1.500 merge_ratio=0.917 circularity=0.780
[CLEAN C1306] REJECT Scratch: area 5.5 < 20; long_side 3.0 < 10; skeleton_aspect 1.500 < 2.5
[CLEAN C1306] REJECT Pit: area 5.5 < 32
[CLEAN C1307] type=Rejected candidate=Scratch area=62.5 perimeter=35.6 bbox=(385,399,10,13) long=14.9 box_short=6.9 box_aspect=2.175 skeleton_width=5.60 skeleton_range=2.00-7.19 skeleton_aspect=2.664 merge_ratio=0.748 circularity=0.621
[CLEAN C1307] REJECT Scratch: 尺寸 0.169449 mm < 0.25 mm
[MEASURE C1307] Scratch width=0.169449 mm valid=False
[CLEAN C1308] type=Rejected area=1.0 perimeter=4.0 bbox=(1205,398,2,2) long=1.0 box_short=1.0 box_aspect=1.000 skeleton_width=2.00 skeleton_range=2.00-2.00 skeleton_aspect=0.500 merge_ratio=0.500 circularity=0.785
[CLEAN C1308] REJECT Scratch: area 1.0 < 20; long_side 1.0 < 10; skeleton_aspect 0.500 < 2.5; box_aspect 1.000 < 1.5
[CLEAN C1308] REJECT Pit: area 1.0 < 32
[CLEAN C1309] type=Rejected area=3.5 perimeter=7.4 bbox=(1192,397,3,3) long=2.0 box_short=2.0 box_aspect=1.000 skeleton_width=2.00 skeleton_range=2.00-2.80 skeleton_aspect=1.000 merge_ratio=0.875 circularity=0.800
[CLEAN C1309] REJECT Scratch: area 3.5 < 20; long_side 2.0 < 10; skeleton_aspect 1.000 < 2.5; box_aspect 1.000 < 1.5
[CLEAN C1309] REJECT Pit: area 3.5 < 32
[CLEAN C1310] type=Rejected area=3.5 perimeter=7.4 bbox=(1127,397,3,3) long=2.0 box_short=2.0 box_aspect=1.000 skeleton_width=2.00 skeleton_range=2.00-2.80 skeleton_aspect=1.000 merge_ratio=0.875 circularity=0.800
[CLEAN C1310] REJECT Scratch: area 3.5 < 20; long_side 2.0 < 10; skeleton_aspect 1.000 < 2.5; box_aspect 1.000 < 1.5
[CLEAN C1310] REJECT Pit: area 3.5 < 32
[CLEAN C1311] type=Rejected area=2.0 perimeter=6.0 bbox=(160,397,2,3) long=2.0 box_short=1.0 box_aspect=2.000 skeleton_width=2.00 skeleton_range=2.00-2.00 skeleton_aspect=1.000 merge_ratio=0.500 circularity=0.698
[CLEAN C1311] REJECT Scratch: area 2.0 < 20; long_side 2.0 < 10; skeleton_aspect 1.000 < 2.5
[CLEAN C1311] REJECT Pit: area 2.0 < 32
[CLEAN C1312] type=Rejected area=1.0 perimeter=4.0 bbox=(373,396,2,2) long=1.0 box_short=1.0 box_aspect=1.000 skeleton_width=2.00 skeleton_range=2.00-2.00 skeleton_aspect=0.500 merge_ratio=0.500 circularity=0.785
[CLEAN C1312] REJECT Scratch: area 1.0 < 20; long_side 1.0 < 10; skeleton_aspect 0.500 < 2.5; box_aspect 1.000 < 1.5
[CLEAN C1312] REJECT Pit: area 1.0 < 32
[CLEAN C1313] type=Rejected area=1.0 perimeter=4.0 bbox=(1155,394,2,2) long=1.0 box_short=1.0 box_aspect=1.000 skeleton_width=2.00 skeleton_range=2.00-2.00 skeleton_aspect=0.500 merge_ratio=0.500 circularity=0.785
[CLEAN C1313] REJECT Scratch: area 1.0 < 20; long_side 1.0 < 10; skeleton_aspect 0.500 < 2.5; box_aspect 1.000 < 1.5
[CLEAN C1313] REJECT Pit: area 1.0 < 32
[CLEAN C1314] type=Rejected area=2.0 perimeter=6.0 bbox=(726,394,2,3) long=2.0 box_short=1.0 box_aspect=2.000 skeleton_width=2.00 skeleton_range=2.00-2.00 skeleton_aspect=1.000 merge_ratio=0.500 circularity=0.698
[CLEAN C1314] REJECT Scratch: area 2.0 < 20; long_side 2.0 < 10; skeleton_aspect 1.000 < 2.5
[CLEAN C1314] REJECT Pit: area 2.0 < 32
[CLEAN C1315] type=Rejected area=7.5 perimeter=13.1 bbox=(1036,393,5,5) long=5.7 box_short=2.1 box_aspect=2.667 skeleton_width=2.40 skeleton_range=2.00-2.80 skeleton_aspect=2.357 merge_ratio=0.552 circularity=0.552
[CLEAN C1315] REJECT Scratch: area 7.5 < 20; long_side 5.7 < 10; skeleton_aspect 2.357 < 2.5
[CLEAN C1315] REJECT Pit: area 7.5 < 32
[CLEAN C1316] type=Rejected area=20.0 perimeter=24.5 bbox=(1000,393,6,10) long=9.2 box_short=4.1 box_aspect=2.231 skeleton_width=2.80 skeleton_range=2.00-4.00 skeleton_aspect=3.275 merge_ratio=0.779 circularity=0.419
[CLEAN C1316] REJECT Scratch: long_side 9.2 < 10
[CLEAN C1316] REJECT Pit: area 20.0 < 32; circularity 0.419 < 0.55
[CLEAN C1317] type=Rejected area=1.0 perimeter=4.0 bbox=(358,393,2,2) long=1.0 box_short=1.0 box_aspect=1.000 skeleton_width=2.00 skeleton_range=2.00-2.00 skeleton_aspect=0.500 merge_ratio=0.500 circularity=0.785
[CLEAN C1317] REJECT Scratch: area 1.0 < 20; long_side 1.0 < 10; skeleton_aspect 0.500 < 2.5; box_aspect 1.000 < 1.5
[CLEAN C1317] REJECT Pit: area 1.0 < 32
[CLEAN C1318] type=Rejected area=18.5 perimeter=19.1 bbox=(607,391,7,6) long=6.0 box_short=5.0 box_aspect=1.200 skeleton_width=2.80 skeleton_range=2.00-4.39 skeleton_aspect=2.143 merge_ratio=1.101 circularity=0.639
[CLEAN C1318] REJECT Scratch: area 18.5 < 20; long_side 6.0 < 10; skeleton_aspect 2.143 < 2.5; box_aspect 1.200 < 1.5
[CLEAN C1318] REJECT Pit: area 18.5 < 32
[CLEAN C1319] type=Rejected candidate=Scratch area=35.5 perimeter=28.7 bbox=(19,391,7,12) long=11.3 box_short=4.7 box_aspect=2.389 skeleton_width=4.00 skeleton_range=2.00-5.60 skeleton_aspect=2.823 merge_ratio=0.786 circularity=0.541
[CLEAN C1319] REJECT Scratch: 不可测: 划痕最大宽度点超出中央有效测量区域
[MEASURE C1319] Scratch 不可测: 划痕最大宽度点超出中央有效测量区域
[CLEAN C1320] type=Rejected area=5.5 perimeter=11.4 bbox=(5,389,3,5) long=4.0 box_short=2.0 box_aspect=2.000 skeleton_width=2.00 skeleton_range=2.00-2.80 skeleton_aspect=2.000 merge_ratio=0.688 circularity=0.530
[CLEAN C1320] REJECT Scratch: area 5.5 < 20; long_side 4.0 < 10; skeleton_aspect 2.000 < 2.5
[CLEAN C1320] REJECT Pit: area 5.5 < 32; circularity 0.530 < 0.55
[CLEAN C1321] type=Pit area=63.0 perimeter=33.3 bbox=(643,386,9,12) long=11.0 box_short=8.0 box_aspect=1.375 skeleton_width=5.60 skeleton_range=2.00-8.00 skeleton_aspect=1.964 merge_ratio=1.023 circularity=0.713
[MEASURE C1321] Pit diameter=0.306754 mm valid=True
Pit: area = 63.0 diameter_mm = 0.3067544400691986 circularity = 0.713352945956878
[CLEAN C1322] type=Scratch area=171.5 perimeter=71.2 bbox=(442,384,12,30) long=29.3 box_short=10.5 box_aspect=2.802 skeleton_width=6.00 skeleton_range=2.00-9.99 skeleton_aspect=4.886 merge_ratio=0.975 circularity=0.425
[MEASURE C1322] Scratch width=0.276970 mm valid=True
Scratch: area = 171.5 width_px = 6.0 width_mm = 0.2769700730134952 ratio = 4.885842641194661
[CLEAN C1323] type=Rejected area=6.0 perimeter=14.0 bbox=(377,384,2,7) long=6.0 box_short=1.0 box_aspect=6.000 skeleton_width=2.00 skeleton_range=2.00-2.00 skeleton_aspect=3.000 merge_ratio=0.500 circularity=0.385
[CLEAN C1323] REJECT Scratch: area 6.0 < 20; long_side 6.0 < 10
[CLEAN C1323] REJECT Pit: area 6.0 < 32; circularity 0.385 < 0.55; aspect_ratio 6.000 > 5.0
[CLEAN C1324] type=Rejected area=7.0 perimeter=10.8 bbox=(338,384,4,4) long=3.0 box_short=3.0 box_aspect=1.000 skeleton_width=2.40 skeleton_range=2.00-4.00 skeleton_aspect=1.250 merge_ratio=0.972 circularity=0.750
[CLEAN C1324] REJECT Scratch: area 7.0 < 20; long_side 3.0 < 10; skeleton_aspect 1.250 < 2.5; box_aspect 1.000 < 1.5
[CLEAN C1324] REJECT Pit: area 7.0 < 32
[CLEAN C1325] type=Rejected area=1.0 perimeter=4.0 bbox=(16,384,2,2) long=1.0 box_short=1.0 box_aspect=1.000 skeleton_width=2.00 skeleton_range=2.00-2.00 skeleton_aspect=0.500 merge_ratio=0.500 circularity=0.785
[CLEAN C1325] REJECT Scratch: area 1.0 < 20; long_side 1.0 < 10; skeleton_aspect 0.500 < 2.5; box_aspect 1.000 < 1.5
[CLEAN C1325] REJECT Pit: area 1.0 < 32
[CLEAN C1326] type=Rejected area=3.0 perimeter=8.8 bbox=(316,383,3,4) long=3.6 box_short=1.3 box_aspect=2.667 skeleton_width=2.00 skeleton_range=2.00-2.00 skeleton_aspect=1.789 merge_ratio=0.419 circularity=0.484
[CLEAN C1326] REJECT Scratch: area 3.0 < 20; long_side 3.6 < 10; skeleton_aspect 1.789 < 2.5
[CLEAN C1326] REJECT Pit: area 3.0 < 32; circularity 0.484 < 0.55
[CLEAN C1327] type=Rejected area=1.0 perimeter=4.0 bbox=(603,380,2,2) long=1.0 box_short=1.0 box_aspect=1.000 skeleton_width=2.00 skeleton_range=2.00-2.00 skeleton_aspect=0.500 merge_ratio=0.500 circularity=0.785
[CLEAN C1327] REJECT Scratch: area 1.0 < 20; long_side 1.0 < 10; skeleton_aspect 0.500 < 2.5; box_aspect 1.000 < 1.5
[CLEAN C1327] REJECT Pit: area 1.0 < 32
[CLEAN C1328] type=Rejected area=5.5 perimeter=9.4 bbox=(1224,378,3,4) long=3.0 box_short=2.0 box_aspect=1.500 skeleton_width=2.00 skeleton_range=2.00-4.00 skeleton_aspect=1.500 merge_ratio=0.917 circularity=0.780
[CLEAN C1328] REJECT Scratch: area 5.5 < 20; long_side 3.0 < 10; skeleton_aspect 1.500 < 2.5
[CLEAN C1328] REJECT Pit: area 5.5 < 32
[CLEAN C1329] type=Rejected area=11.0 perimeter=13.7 bbox=(1181,378,5,5) long=5.7 box_short=2.8 box_aspect=2.000 skeleton_width=2.80 skeleton_range=2.00-4.00 skeleton_aspect=2.020 merge_ratio=0.694 circularity=0.741
[CLEAN C1329] REJECT Scratch: area 11.0 < 20; long_side 5.7 < 10; skeleton_aspect 2.020 < 2.5
[CLEAN C1329] REJECT Pit: area 11.0 < 32
[CLEAN C1330] type=Rejected area=16.5 perimeter=17.4 bbox=(0,377,4,7) long=6.0 box_short=3.0 box_aspect=2.000 skeleton_width=4.00 skeleton_range=2.00-4.00 skeleton_aspect=1.500 merge_ratio=0.688 circularity=0.684
[CLEAN C1330] REJECT Scratch: area 16.5 < 20; long_side 6.0 < 10; skeleton_aspect 1.500 < 2.5
[CLEAN C1330] REJECT Pit: area 16.5 < 32
[CLEAN C1331] type=Rejected area=1.0 perimeter=4.0 bbox=(1257,376,2,2) long=1.0 box_short=1.0 box_aspect=1.000 skeleton_width=2.00 skeleton_range=2.00-2.00 skeleton_aspect=0.500 merge_ratio=0.500 circularity=0.785
[CLEAN C1331] REJECT Scratch: area 1.0 < 20; long_side 1.0 < 10; skeleton_aspect 0.500 < 2.5; box_aspect 1.000 < 1.5
[CLEAN C1331] REJECT Pit: area 1.0 < 32
[CLEAN C1332] type=Rejected area=4.5 perimeter=9.4 bbox=(618,376,3,4) long=3.0 box_short=2.0 box_aspect=1.500 skeleton_width=2.00 skeleton_range=2.00-2.80 skeleton_aspect=1.500 merge_ratio=0.750 circularity=0.638
[CLEAN C1332] REJECT Scratch: area 4.5 < 20; long_side 3.0 < 10; skeleton_aspect 1.500 < 2.5
[CLEAN C1332] REJECT Pit: area 4.5 < 32
[CLEAN C1333] type=Rejected area=1.0 perimeter=4.0 bbox=(303,376,2,2) long=1.0 box_short=1.0 box_aspect=1.000 skeleton_width=2.00 skeleton_range=2.00-2.00 skeleton_aspect=0.500 merge_ratio=0.500 circularity=0.785
[CLEAN C1333] REJECT Scratch: area 1.0 < 20; long_side 1.0 < 10; skeleton_aspect 0.500 < 2.5; box_aspect 1.000 < 1.5
[CLEAN C1333] REJECT Pit: area 1.0 < 32
[CLEAN C1334] type=Rejected area=2.0 perimeter=6.0 bbox=(59,376,2,3) long=2.0 box_short=1.0 box_aspect=2.000 skeleton_width=2.00 skeleton_range=2.00-2.00 skeleton_aspect=1.000 merge_ratio=0.500 circularity=0.698
[CLEAN C1334] REJECT Scratch: area 2.0 < 20; long_side 2.0 < 10; skeleton_aspect 1.000 < 2.5
[CLEAN C1334] REJECT Pit: area 2.0 < 32
[CLEAN C1335] type=Rejected area=1.0 perimeter=4.0 bbox=(1171,373,2,2) long=1.0 box_short=1.0 box_aspect=1.000 skeleton_width=2.00 skeleton_range=2.00-2.00 skeleton_aspect=0.500 merge_ratio=0.500 circularity=0.785
[CLEAN C1335] REJECT Scratch: area 1.0 < 20; long_side 1.0 < 10; skeleton_aspect 0.500 < 2.5; box_aspect 1.000 < 1.5
[CLEAN C1335] REJECT Pit: area 1.0 < 32
[CLEAN C1336] type=Rejected area=4.0 perimeter=8.0 bbox=(664,373,3,3) long=2.0 box_short=2.0 box_aspect=1.000 skeleton_width=2.00 skeleton_range=2.00-4.00 skeleton_aspect=1.000 merge_ratio=1.000 circularity=0.785
[CLEAN C1336] REJECT Scratch: area 4.0 < 20; long_side 2.0 < 10; skeleton_aspect 1.000 < 2.5; box_aspect 1.000 < 1.5
[CLEAN C1336] REJECT Pit: area 4.0 < 32
[CLEAN C1337] type=Rejected area=17.5 perimeter=23.9 bbox=(1201,371,10,6) long=10.3 box_short=3.1 box_aspect=3.286 skeleton_width=2.80 skeleton_range=2.00-4.00 skeleton_aspect=3.674 merge_ratio=0.608 circularity=0.385
[CLEAN C1337] REJECT Scratch: area 17.5 < 20
[CLEAN C1337] REJECT Pit: area 17.5 < 32; circularity 0.385 < 0.55
[CLEAN C1338] type=Rejected area=2.0 perimeter=6.0 bbox=(357,370,2,3) long=2.0 box_short=1.0 box_aspect=2.000 skeleton_width=2.00 skeleton_range=2.00-2.00 skeleton_aspect=1.000 merge_ratio=0.500 circularity=0.698
[CLEAN C1338] REJECT Scratch: area 2.0 < 20; long_side 2.0 < 10; skeleton_aspect 1.000 < 2.5
[CLEAN C1338] REJECT Pit: area 2.0 < 32
[CLEAN C1339] type=Rejected area=61.5 perimeter=50.0 bbox=(13,369,16,12) long=13.8 box_short=11.5 box_aspect=1.200 skeleton_width=4.00 skeleton_range=2.00-6.00 skeleton_aspect=3.452 merge_ratio=1.113 circularity=0.309
[CLEAN C1339] REJECT Scratch: box_aspect 1.200 < 1.5
[CLEAN C1339] REJECT Pit: circularity 0.309 < 0.55
[CLEAN C1340] type=Rejected area=9.5 perimeter=13.4 bbox=(1189,366,5,4) long=4.0 box_short=3.0 box_aspect=1.333 skeleton_width=2.40 skeleton_range=2.00-4.00 skeleton_aspect=1.667 merge_ratio=0.990 circularity=0.663
[CLEAN C1340] REJECT Scratch: area 9.5 < 20; long_side 4.0 < 10; skeleton_aspect 1.667 < 2.5; box_aspect 1.333 < 1.5
[CLEAN C1340] REJECT Pit: area 9.5 < 32
[CLEAN C1341] type=Rejected area=3.0 perimeter=6.8 bbox=(313,365,3,3) long=2.8 box_short=1.4 box_aspect=2.000 skeleton_width=2.00 skeleton_range=2.00-2.80 skeleton_aspect=1.414 merge_ratio=0.530 circularity=0.809
[CLEAN C1341] REJECT Scratch: area 3.0 < 20; long_side 2.8 < 10; skeleton_aspect 1.414 < 2.5
[CLEAN C1341] REJECT Pit: area 3.0 < 32
[CLEAN C1342] type=Rejected candidate=Scratch area=55.0 perimeter=37.8 bbox=(611,363,11,14) long=15.8 box_short=6.0 box_aspect=2.633 skeleton_width=3.40 skeleton_range=2.00-6.39 skeleton_aspect=4.647 merge_ratio=1.024 circularity=0.484
[CLEAN C1342] REJECT Scratch: 尺寸 0.146999 mm < 0.25 mm
[MEASURE C1342] Scratch width=0.146999 mm valid=False
[CLEAN C1343] type=Rejected area=7.0 perimeter=12.8 bbox=(0,363,6,3) long=5.0 box_short=2.0 box_aspect=2.500 skeleton_width=2.00 skeleton_range=2.00-2.80 skeleton_aspect=2.500 merge_ratio=0.700 circularity=0.535
[CLEAN C1343] REJECT Scratch: area 7.0 < 20; long_side 5.0 < 10
[CLEAN C1343] REJECT Pit: area 7.0 < 32; circularity 0.535 < 0.55
[CLEAN C1344] type=Rejected area=14.5 perimeter=17.1 bbox=(605,362,6,6) long=5.0 box_short=5.0 box_aspect=1.000 skeleton_width=2.80 skeleton_range=2.00-4.00 skeleton_aspect=1.786 merge_ratio=1.036 circularity=0.625
[CLEAN C1344] REJECT Scratch: area 14.5 < 20; long_side 5.0 < 10; skeleton_aspect 1.786 < 2.5; box_aspect 1.000 < 1.5
[CLEAN C1344] REJECT Pit: area 14.5 < 32
[CLEAN C1345] type=Rejected area=1.0 perimeter=4.0 bbox=(853,361,2,2) long=1.0 box_short=1.0 box_aspect=1.000 skeleton_width=2.00 skeleton_range=2.00-2.00 skeleton_aspect=0.500 merge_ratio=0.500 circularity=0.785
[CLEAN C1345] REJECT Scratch: area 1.0 < 20; long_side 1.0 < 10; skeleton_aspect 0.500 < 2.5; box_aspect 1.000 < 1.5
[CLEAN C1345] REJECT Pit: area 1.0 < 32
[CLEAN C1346] type=Rejected area=2.0 perimeter=6.0 bbox=(1261,360,3,2) long=2.0 box_short=1.0 box_aspect=2.000 skeleton_width=2.00 skeleton_range=2.00-2.00 skeleton_aspect=1.000 merge_ratio=0.500 circularity=0.698
[CLEAN C1346] REJECT Scratch: area 2.0 < 20; long_side 2.0 < 10; skeleton_aspect 1.000 < 2.5
[CLEAN C1346] REJECT Pit: area 2.0 < 32
[CLEAN C1347] type=Rejected area=1.0 perimeter=4.0 bbox=(614,360,2,2) long=1.0 box_short=1.0 box_aspect=1.000 skeleton_width=2.00 skeleton_range=2.00-2.00 skeleton_aspect=0.500 merge_ratio=0.500 circularity=0.785
[CLEAN C1347] REJECT Scratch: area 1.0 < 20; long_side 1.0 < 10; skeleton_aspect 0.500 < 2.5; box_aspect 1.000 < 1.5
[CLEAN C1347] REJECT Pit: area 1.0 < 32
[CLEAN C1348] type=Rejected area=1.0 perimeter=4.0 bbox=(1207,359,2,2) long=1.0 box_short=1.0 box_aspect=1.000 skeleton_width=2.00 skeleton_range=2.00-2.00 skeleton_aspect=0.500 merge_ratio=0.500 circularity=0.785
[CLEAN C1348] REJECT Scratch: area 1.0 < 20; long_side 1.0 < 10; skeleton_aspect 0.500 < 2.5; box_aspect 1.000 < 1.5
[CLEAN C1348] REJECT Pit: area 1.0 < 32
[CLEAN C1349] type=Rejected area=1.0 perimeter=4.0 bbox=(1149,359,2,2) long=1.0 box_short=1.0 box_aspect=1.000 skeleton_width=2.00 skeleton_range=2.00-2.00 skeleton_aspect=0.500 merge_ratio=0.500 circularity=0.785
[CLEAN C1349] REJECT Scratch: area 1.0 < 20; long_side 1.0 < 10; skeleton_aspect 0.500 < 2.5; box_aspect 1.000 < 1.5
[CLEAN C1349] REJECT Pit: area 1.0 < 32
[CLEAN C1350] type=Rejected area=5.0 perimeter=9.7 bbox=(522,359,4,4) long=4.2 box_short=1.4 box_aspect=3.000 skeleton_width=2.40 skeleton_range=2.00-2.80 skeleton_aspect=1.768 merge_ratio=0.491 circularity=0.674
[CLEAN C1350] REJECT Scratch: area 5.0 < 20; long_side 4.2 < 10; skeleton_aspect 1.768 < 2.5
[CLEAN C1350] REJECT Pit: area 5.0 < 32
[CLEAN C1351] type=Rejected area=13.5 perimeter=19.1 bbox=(342,358,5,8) long=7.1 box_short=3.5 box_aspect=2.000 skeleton_width=2.80 skeleton_range=2.00-4.00 skeleton_aspect=2.521 merge_ratio=0.683 circularity=0.466
[CLEAN C1351] REJECT Scratch: area 13.5 < 20; long_side 7.1 < 10
[CLEAN C1351] REJECT Pit: area 13.5 < 32; circularity 0.466 < 0.55
[CLEAN C1352] type=Rejected area=1.0 perimeter=4.0 bbox=(1088,356,2,2) long=1.0 box_short=1.0 box_aspect=1.000 skeleton_width=2.00 skeleton_range=2.00-2.00 skeleton_aspect=0.500 merge_ratio=0.500 circularity=0.785
[CLEAN C1352] REJECT Scratch: area 1.0 < 20; long_side 1.0 < 10; skeleton_aspect 0.500 < 2.5; box_aspect 1.000 < 1.5
[CLEAN C1352] REJECT Pit: area 1.0 < 32
[CLEAN C1353] type=Rejected candidate=Scratch area=159.0 perimeter=81.0 bbox=(366,355,8,36) long=35.1 box_short=6.9 box_aspect=5.079 skeleton_width=5.60 skeleton_range=2.00-7.19 skeleton_aspect=6.260 merge_ratio=0.810 circularity=0.305
[CLEAN C1353] REJECT Scratch: 尺寸 0.187701 mm < 0.25 mm
[MEASURE C1353] Scratch width=0.187701 mm valid=False
[CLEAN C1354] type=Rejected area=12.0 perimeter=20.5 bbox=(13,355,4,9) long=8.0 box_short=3.0 box_aspect=2.667 skeleton_width=2.40 skeleton_range=2.00-4.00 skeleton_aspect=3.333 merge_ratio=0.625 circularity=0.359
[CLEAN C1354] REJECT Scratch: area 12.0 < 20; long_side 8.0 < 10
[CLEAN C1354] REJECT Pit: area 12.0 < 32; circularity 0.359 < 0.55
[CLEAN C1355] type=Rejected area=4.0 perimeter=8.8 bbox=(637,353,4,3) long=3.0 box_short=2.0 box_aspect=1.500 skeleton_width=2.00 skeleton_range=2.00-2.80 skeleton_aspect=1.500 merge_ratio=0.667 circularity=0.645
[CLEAN C1355] REJECT Scratch: area 4.0 < 20; long_side 3.0 < 10; skeleton_aspect 1.500 < 2.5
[CLEAN C1355] REJECT Pit: area 4.0 < 32
[CLEAN C1356] type=Rejected candidate=Scratch area=46.5 perimeter=31.9 bbox=(415,353,7,13) long=12.0 box_short=6.0 box_aspect=2.000 skeleton_width=4.00 skeleton_range=2.00-6.39 skeleton_aspect=3.000 merge_ratio=0.969 circularity=0.574
[CLEAN C1356] REJECT Scratch: 尺寸 0.169018 mm < 0.25 mm
[MEASURE C1356] Scratch width=0.169018 mm valid=False
[CLEAN C1357] type=Rejected area=2.0 perimeter=6.0 bbox=(340,353,2,3) long=2.0 box_short=1.0 box_aspect=2.000 skeleton_width=2.00 skeleton_range=2.00-2.00 skeleton_aspect=1.000 merge_ratio=0.500 circularity=0.698
[CLEAN C1357] REJECT Scratch: area 2.0 < 20; long_side 2.0 < 10; skeleton_aspect 1.000 < 2.5
[CLEAN C1357] REJECT Pit: area 2.0 < 32
[CLEAN C1358] type=Rejected area=4.5 perimeter=9.4 bbox=(1224,352,3,4) long=3.0 box_short=2.0 box_aspect=1.500 skeleton_width=2.00 skeleton_range=2.00-2.80 skeleton_aspect=1.500 merge_ratio=0.750 circularity=0.638
[CLEAN C1358] REJECT Scratch: area 4.5 < 20; long_side 3.0 < 10; skeleton_aspect 1.500 < 2.5
[CLEAN C1358] REJECT Pit: area 4.5 < 32
[CLEAN C1359] type=Rejected area=1.0 perimeter=4.0 bbox=(1121,352,2,2) long=1.0 box_short=1.0 box_aspect=1.000 skeleton_width=2.00 skeleton_range=2.00-2.00 skeleton_aspect=0.500 merge_ratio=0.500 circularity=0.785
[CLEAN C1359] REJECT Scratch: area 1.0 < 20; long_side 1.0 < 10; skeleton_aspect 0.500 < 2.5; box_aspect 1.000 < 1.5
[CLEAN C1359] REJECT Pit: area 1.0 < 32
[CLEAN C1360] type=Rejected area=8.5 perimeter=11.4 bbox=(0,352,4,4) long=3.0 box_short=3.0 box_aspect=1.000 skeleton_width=2.80 skeleton_range=2.00-4.00 skeleton_aspect=1.071 merge_ratio=1.012 circularity=0.820
[CLEAN C1360] REJECT Scratch: area 8.5 < 20; long_side 3.0 < 10; skeleton_aspect 1.071 < 2.5; box_aspect 1.000 < 1.5
[CLEAN C1360] REJECT Pit: area 8.5 < 32
[CLEAN C1361] type=Rejected area=1.0 perimeter=4.0 bbox=(1247,351,2,2) long=1.0 box_short=1.0 box_aspect=1.000 skeleton_width=2.00 skeleton_range=2.00-2.00 skeleton_aspect=0.500 merge_ratio=0.500 circularity=0.785
[CLEAN C1361] REJECT Scratch: area 1.0 < 20; long_side 1.0 < 10; skeleton_aspect 0.500 < 2.5; box_aspect 1.000 < 1.5
[CLEAN C1361] REJECT Pit: area 1.0 < 32
[CLEAN C1362] type=Rejected area=3.0 perimeter=6.8 bbox=(184,350,3,3) long=2.8 box_short=1.4 box_aspect=2.000 skeleton_width=2.00 skeleton_range=2.00-2.80 skeleton_aspect=1.414 merge_ratio=0.530 circularity=0.809
[CLEAN C1362] REJECT Scratch: area 3.0 < 20; long_side 2.8 < 10; skeleton_aspect 1.414 < 2.5
[CLEAN C1362] REJECT Pit: area 3.0 < 32
[CLEAN C1363] type=Rejected area=4.0 perimeter=10.0 bbox=(334,348,2,5) long=4.0 box_short=1.0 box_aspect=4.000 skeleton_width=2.00 skeleton_range=2.00-2.00 skeleton_aspect=2.000 merge_ratio=0.500 circularity=0.503
[CLEAN C1363] REJECT Scratch: area 4.0 < 20; long_side 4.0 < 10; skeleton_aspect 2.000 < 2.5
[CLEAN C1363] REJECT Pit: area 4.0 < 32; circularity 0.503 < 0.55
[CLEAN C1364] type=Rejected area=8.0 perimeter=11.7 bbox=(13,348,5,4) long=4.9 box_short=2.1 box_aspect=2.333 skeleton_width=2.80 skeleton_range=2.00-2.80 skeleton_aspect=1.768 merge_ratio=0.577 circularity=0.740
[CLEAN C1364] REJECT Scratch: area 8.0 < 20; long_side 4.9 < 10; skeleton_aspect 1.768 < 2.5
[CLEAN C1364] REJECT Pit: area 8.0 < 32
[CLEAN C1365] type=Rejected area=1.0 perimeter=4.0 bbox=(884,347,2,2) long=1.0 box_short=1.0 box_aspect=1.000 skeleton_width=2.00 skeleton_range=2.00-2.00 skeleton_aspect=0.500 merge_ratio=0.500 circularity=0.785
[CLEAN C1365] REJECT Scratch: area 1.0 < 20; long_side 1.0 < 10; skeleton_aspect 0.500 < 2.5; box_aspect 1.000 < 1.5
[CLEAN C1365] REJECT Pit: area 1.0 < 32
[CLEAN C1366] type=Rejected candidate=Pit area=39.0 perimeter=25.7 bbox=(353,346,6,10) long=9.0 box_short=5.0 box_aspect=1.800 skeleton_width=5.60 skeleton_range=2.00-6.00 skeleton_aspect=1.607 merge_ratio=0.774 circularity=0.745
[CLEAN C1366] REJECT Pit: 尺寸 0.238139 mm < 0.25 mm
[MEASURE C1366] Pit diameter=0.238139 mm valid=False
[CLEAN C1367] type=Rejected area=1.0 perimeter=4.0 bbox=(1269,345,2,2) long=1.0 box_short=1.0 box_aspect=1.000 skeleton_width=2.00 skeleton_range=2.00-2.00 skeleton_aspect=0.500 merge_ratio=0.500 circularity=0.785
[CLEAN C1367] REJECT Scratch: area 1.0 < 20; long_side 1.0 < 10; skeleton_aspect 0.500 < 2.5; box_aspect 1.000 < 1.5
[CLEAN C1367] REJECT Pit: area 1.0 < 32
[CLEAN C1368] type=Rejected area=1.0 perimeter=4.0 bbox=(1103,345,2,2) long=1.0 box_short=1.0 box_aspect=1.000 skeleton_width=2.00 skeleton_range=2.00-2.00 skeleton_aspect=0.500 merge_ratio=0.500 circularity=0.785
[CLEAN C1368] REJECT Scratch: area 1.0 < 20; long_side 1.0 < 10; skeleton_aspect 0.500 < 2.5; box_aspect 1.000 < 1.5
[CLEAN C1368] REJECT Pit: area 1.0 < 32
[CLEAN C1369] type=Rejected area=7.5 perimeter=10.2 bbox=(1187,344,4,4) long=3.0 box_short=3.0 box_aspect=1.000 skeleton_width=2.80 skeleton_range=2.00-4.00 skeleton_aspect=1.071 merge_ratio=0.893 circularity=0.898
[CLEAN C1369] REJECT Scratch: area 7.5 < 20; long_side 3.0 < 10; skeleton_aspect 1.071 < 2.5; box_aspect 1.000 < 1.5
[CLEAN C1369] REJECT Pit: area 7.5 < 32
[CLEAN C1370] type=Rejected area=10.5 perimeter=20.2 bbox=(938,342,7,6) long=7.4 box_short=3.5 box_aspect=2.105 skeleton_width=2.00 skeleton_range=2.00-4.00 skeleton_aspect=3.714 merge_ratio=0.707 circularity=0.322
[CLEAN C1370] REJECT Scratch: area 10.5 < 20; long_side 7.4 < 10
[CLEAN C1370] REJECT Pit: area 10.5 < 32; circularity 0.322 < 0.55
[CLEAN C1371] type=Rejected area=8.0 perimeter=14.8 bbox=(371,342,3,7) long=6.0 box_short=2.0 box_aspect=3.000 skeleton_width=2.00 skeleton_range=2.00-2.80 skeleton_aspect=3.000 merge_ratio=0.667 circularity=0.457
[CLEAN C1371] REJECT Scratch: area 8.0 < 20; long_side 6.0 < 10
[CLEAN C1371] REJECT Pit: area 8.0 < 32; circularity 0.457 < 0.55
[CLEAN C1372] type=Rejected area=3.0 perimeter=8.0 bbox=(347,342,2,4) long=3.0 box_short=1.0 box_aspect=3.000 skeleton_width=2.00 skeleton_range=2.00-2.00 skeleton_aspect=1.500 merge_ratio=0.500 circularity=0.589
[CLEAN C1372] REJECT Scratch: area 3.0 < 20; long_side 3.0 < 10; skeleton_aspect 1.500 < 2.5
[CLEAN C1372] REJECT Pit: area 3.0 < 32
[CLEAN C1373] type=Rejected area=1.0 perimeter=4.0 bbox=(328,341,2,2) long=1.0 box_short=1.0 box_aspect=1.000 skeleton_width=2.00 skeleton_range=2.00-2.00 skeleton_aspect=0.500 merge_ratio=0.500 circularity=0.785
[CLEAN C1373] REJECT Scratch: area 1.0 < 20; long_side 1.0 < 10; skeleton_aspect 0.500 < 2.5; box_aspect 1.000 < 1.5
[CLEAN C1373] REJECT Pit: area 1.0 < 32
[CLEAN C1374] type=Rejected area=1.0 perimeter=4.0 bbox=(1054,339,2,2) long=1.0 box_short=1.0 box_aspect=1.000 skeleton_width=2.00 skeleton_range=2.00-2.00 skeleton_aspect=0.500 merge_ratio=0.500 circularity=0.785
[CLEAN C1374] REJECT Scratch: area 1.0 < 20; long_side 1.0 < 10; skeleton_aspect 0.500 < 2.5; box_aspect 1.000 < 1.5
[CLEAN C1374] REJECT Pit: area 1.0 < 32
[CLEAN C1375] type=Rejected area=2.0 perimeter=6.0 bbox=(1268,338,2,3) long=2.0 box_short=1.0 box_aspect=2.000 skeleton_width=2.00 skeleton_range=2.00-2.00 skeleton_aspect=1.000 merge_ratio=0.500 circularity=0.698
[CLEAN C1375] REJECT Scratch: area 2.0 < 20; long_side 2.0 < 10; skeleton_aspect 1.000 < 2.5
[CLEAN C1375] REJECT Pit: area 2.0 < 32
[CLEAN C1376] type=Rejected area=2.0 perimeter=6.0 bbox=(1188,338,2,3) long=2.0 box_short=1.0 box_aspect=2.000 skeleton_width=2.00 skeleton_range=2.00-2.00 skeleton_aspect=1.000 merge_ratio=0.500 circularity=0.698
[CLEAN C1376] REJECT Scratch: area 2.0 < 20; long_side 2.0 < 10; skeleton_aspect 1.000 < 2.5
[CLEAN C1376] REJECT Pit: area 2.0 < 32
[CLEAN C1377] type=Rejected area=13.0 perimeter=16.5 bbox=(560,338,5,7) long=6.7 box_short=3.1 box_aspect=2.182 skeleton_width=2.80 skeleton_range=2.00-4.00 skeleton_aspect=2.377 merge_ratio=0.698 circularity=0.601
[CLEAN C1377] REJECT Scratch: area 13.0 < 20; long_side 6.7 < 10; skeleton_aspect 2.377 < 2.5
[CLEAN C1377] REJECT Pit: area 13.0 < 32
[CLEAN C1378] type=Rejected area=1.0 perimeter=4.0 bbox=(1172,334,2,2) long=1.0 box_short=1.0 box_aspect=1.000 skeleton_width=2.00 skeleton_range=2.00-2.00 skeleton_aspect=0.500 merge_ratio=0.500 circularity=0.785
[CLEAN C1378] REJECT Scratch: area 1.0 < 20; long_side 1.0 < 10; skeleton_aspect 0.500 < 2.5; box_aspect 1.000 < 1.5
[CLEAN C1378] REJECT Pit: area 1.0 < 32
[CLEAN C1379] type=Rejected area=5.0 perimeter=8.8 bbox=(347,333,3,4) long=3.0 box_short=2.0 box_aspect=1.500 skeleton_width=2.40 skeleton_range=2.00-2.80 skeleton_aspect=1.250 merge_ratio=0.694 circularity=0.806
[CLEAN C1379] REJECT Scratch: area 5.0 < 20; long_side 3.0 < 10; skeleton_aspect 1.250 < 2.5
[CLEAN C1379] REJECT Pit: area 5.0 < 32
[CLEAN C1380] type=Rejected area=15.0 perimeter=24.8 bbox=(359,332,3,12) long=11.0 box_short=2.0 box_aspect=5.500 skeleton_width=2.00 skeleton_range=2.00-4.00 skeleton_aspect=5.500 merge_ratio=0.682 circularity=0.306
[CLEAN C1380] REJECT Scratch: area 15.0 < 20
[CLEAN C1380] REJECT Pit: area 15.0 < 32; circularity 0.306 < 0.55; aspect_ratio 5.500 > 5.0
[CLEAN C1381] type=Rejected area=1.0 perimeter=4.0 bbox=(1269,331,2,2) long=1.0 box_short=1.0 box_aspect=1.000 skeleton_width=2.00 skeleton_range=2.00-2.00 skeleton_aspect=0.500 merge_ratio=0.500 circularity=0.785
[CLEAN C1381] REJECT Scratch: area 1.0 < 20; long_side 1.0 < 10; skeleton_aspect 0.500 < 2.5; box_aspect 1.000 < 1.5
[CLEAN C1381] REJECT Pit: area 1.0 < 32
[CLEAN C1382] type=Rejected area=5.5 perimeter=14.2 bbox=(371,331,4,6) long=5.3 box_short=2.4 box_aspect=2.200 skeleton_width=2.00 skeleton_range=2.00-2.80 skeleton_aspect=2.668 merge_ratio=0.515 circularity=0.341
[CLEAN C1382] REJECT Scratch: area 5.5 < 20; long_side 5.3 < 10
[CLEAN C1382] REJECT Pit: area 5.5 < 32; circularity 0.341 < 0.55
[CLEAN C1383] type=Rejected area=3.0 perimeter=6.8 bbox=(1247,330,3,3) long=2.8 box_short=1.4 box_aspect=2.000 skeleton_width=2.00 skeleton_range=2.00-2.80 skeleton_aspect=1.414 merge_ratio=0.530 circularity=0.809
[CLEAN C1383] REJECT Scratch: area 3.0 < 20; long_side 2.8 < 10; skeleton_aspect 1.414 < 2.5
[CLEAN C1383] REJECT Pit: area 3.0 < 32
[CLEAN C1384] type=Rejected candidate=Scratch area=133.0 perimeter=64.6 bbox=(653,330,10,27) long=26.0 box_short=9.0 box_aspect=2.889 skeleton_width=5.60 skeleton_range=2.00-8.00 skeleton_aspect=4.643 merge_ratio=0.913 circularity=0.400
[CLEAN C1384] REJECT Scratch: 尺寸 0.194053 mm < 0.25 mm
[MEASURE C1384] Scratch width=0.194053 mm valid=False
[CLEAN C1385] type=Rejected area=1.0 perimeter=4.0 bbox=(50,328,2,2) long=1.0 box_short=1.0 box_aspect=1.000 skeleton_width=2.00 skeleton_range=2.00-2.00 skeleton_aspect=0.500 merge_ratio=0.500 circularity=0.785
[CLEAN C1385] REJECT Scratch: area 1.0 < 20; long_side 1.0 < 10; skeleton_aspect 0.500 < 2.5; box_aspect 1.000 < 1.5
[CLEAN C1385] REJECT Pit: area 1.0 < 32
[CLEAN C1386] type=Rejected area=4.0 perimeter=10.0 bbox=(1151,327,2,5) long=4.0 box_short=1.0 box_aspect=4.000 skeleton_width=2.00 skeleton_range=2.00-2.00 skeleton_aspect=2.000 merge_ratio=0.500 circularity=0.503
[CLEAN C1386] REJECT Scratch: area 4.0 < 20; long_side 4.0 < 10; skeleton_aspect 2.000 < 2.5
[CLEAN C1386] REJECT Pit: area 4.0 < 32; circularity 0.503 < 0.55
[CLEAN C1387] type=Rejected area=2.0 perimeter=6.0 bbox=(348,326,2,3) long=2.0 box_short=1.0 box_aspect=2.000 skeleton_width=2.00 skeleton_range=2.00-2.00 skeleton_aspect=1.000 merge_ratio=0.500 circularity=0.698
[CLEAN C1387] REJECT Scratch: area 2.0 < 20; long_side 2.0 < 10; skeleton_aspect 1.000 < 2.5
[CLEAN C1387] REJECT Pit: area 2.0 < 32
[CLEAN C1388] type=Rejected area=1.0 perimeter=4.0 bbox=(1064,324,2,2) long=1.0 box_short=1.0 box_aspect=1.000 skeleton_width=2.00 skeleton_range=2.00-2.00 skeleton_aspect=0.500 merge_ratio=0.500 circularity=0.785
[CLEAN C1388] REJECT Scratch: area 1.0 < 20; long_side 1.0 < 10; skeleton_aspect 0.500 < 2.5; box_aspect 1.000 < 1.5
[CLEAN C1388] REJECT Pit: area 1.0 < 32
[CLEAN C1389] type=Rejected candidate=Scratch area=21.0 perimeter=23.7 bbox=(1223,322,4,11) long=10.0 box_short=3.0 box_aspect=3.333 skeleton_width=4.00 skeleton_range=2.00-4.00 skeleton_aspect=2.500 merge_ratio=0.525 circularity=0.472
[CLEAN C1389] REJECT Scratch: 不可测: 划痕最大宽度点超出中央有效测量区域
[MEASURE C1389] Scratch 不可测: 划痕最大宽度点超出中央有效测量区域
[CLEAN C1390] type=Rejected area=1.0 perimeter=4.0 bbox=(694,322,2,2) long=1.0 box_short=1.0 box_aspect=1.000 skeleton_width=2.00 skeleton_range=2.00-2.00 skeleton_aspect=0.500 merge_ratio=0.500 circularity=0.785
[CLEAN C1390] REJECT Scratch: area 1.0 < 20; long_side 1.0 < 10; skeleton_aspect 0.500 < 2.5; box_aspect 1.000 < 1.5
[CLEAN C1390] REJECT Pit: area 1.0 < 32
[CLEAN C1391] type=Rejected area=16.0 perimeter=17.7 bbox=(597,321,6,6) long=5.0 box_short=5.0 box_aspect=1.000 skeleton_width=2.80 skeleton_range=2.00-4.00 skeleton_aspect=1.786 merge_ratio=1.143 circularity=0.645
[CLEAN C1391] REJECT Scratch: area 16.0 < 20; long_side 5.0 < 10; skeleton_aspect 1.786 < 2.5; box_aspect 1.000 < 1.5
[CLEAN C1391] REJECT Pit: area 16.0 < 32
[CLEAN C1392] type=Rejected candidate=Scratch area=29.0 perimeter=30.5 bbox=(329,321,7,12) long=12.3 box_short=3.9 box_aspect=3.122 skeleton_width=2.80 skeleton_range=2.00-4.00 skeleton_aspect=4.379 merge_ratio=0.845 circularity=0.392
[CLEAN C1392] REJECT Scratch: 尺寸 0.112149 mm < 0.25 mm
[MEASURE C1392] Scratch width=0.112149 mm valid=False
[CLEAN C1393] type=Rejected area=4.0 perimeter=8.8 bbox=(1249,319,3,4) long=3.0 box_short=2.0 box_aspect=1.500 skeleton_width=2.00 skeleton_range=2.00-2.80 skeleton_aspect=1.500 merge_ratio=0.667 circularity=0.645
[CLEAN C1393] REJECT Scratch: area 4.0 < 20; long_side 3.0 < 10; skeleton_aspect 1.500 < 2.5
[CLEAN C1393] REJECT Pit: area 4.0 < 32
[CLEAN C1394] type=Rejected area=3.5 perimeter=7.4 bbox=(346,319,3,3) long=2.0 box_short=2.0 box_aspect=1.000 skeleton_width=2.00 skeleton_range=2.00-2.80 skeleton_aspect=1.000 merge_ratio=0.875 circularity=0.800
[CLEAN C1394] REJECT Scratch: area 3.5 < 20; long_side 2.0 < 10; skeleton_aspect 1.000 < 2.5; box_aspect 1.000 < 1.5
[CLEAN C1394] REJECT Pit: area 3.5 < 32
[CLEAN C1395] type=Rejected area=1.0 perimeter=4.0 bbox=(1189,318,2,2) long=1.0 box_short=1.0 box_aspect=1.000 skeleton_width=2.00 skeleton_range=2.00-2.00 skeleton_aspect=0.500 merge_ratio=0.500 circularity=0.785
[CLEAN C1395] REJECT Scratch: area 1.0 < 20; long_side 1.0 < 10; skeleton_aspect 0.500 < 2.5; box_aspect 1.000 < 1.5
[CLEAN C1395] REJECT Pit: area 1.0 < 32
[CLEAN C1396] type=Rejected area=5.5 perimeter=9.4 bbox=(387,318,3,4) long=3.0 box_short=2.0 box_aspect=1.500 skeleton_width=2.00 skeleton_range=2.00-4.00 skeleton_aspect=1.500 merge_ratio=0.917 circularity=0.780
[CLEAN C1396] REJECT Scratch: area 5.5 < 20; long_side 3.0 < 10; skeleton_aspect 1.500 < 2.5
[CLEAN C1396] REJECT Pit: area 5.5 < 32
[CLEAN C1397] type=Rejected area=4.0 perimeter=8.8 bbox=(338,318,4,3) long=3.0 box_short=2.0 box_aspect=1.500 skeleton_width=2.00 skeleton_range=2.00-2.80 skeleton_aspect=1.500 merge_ratio=0.667 circularity=0.645
[CLEAN C1397] REJECT Scratch: area 4.0 < 20; long_side 3.0 < 10; skeleton_aspect 1.500 < 2.5
[CLEAN C1397] REJECT Pit: area 4.0 < 32
[CLEAN C1398] type=Rejected area=19.0 perimeter=17.7 bbox=(1148,317,5,7) long=6.0 box_short=4.0 box_aspect=1.500 skeleton_width=2.80 skeleton_range=2.00-5.60 skeleton_aspect=2.143 merge_ratio=1.131 circularity=0.766
[CLEAN C1398] REJECT Scratch: area 19.0 < 20; long_side 6.0 < 10; skeleton_aspect 2.143 < 2.5
[CLEAN C1398] REJECT Pit: area 19.0 < 32
[CLEAN C1399] type=Rejected area=15.5 perimeter=17.1 bbox=(406,317,6,6) long=5.3 box_short=4.6 box_aspect=1.158 skeleton_width=2.80 skeleton_range=2.00-4.39 skeleton_aspect=1.906 merge_ratio=1.037 circularity=0.668
[CLEAN C1399] REJECT Scratch: area 15.5 < 20; long_side 5.3 < 10; skeleton_aspect 1.906 < 2.5; box_aspect 1.158 < 1.5
[CLEAN C1399] REJECT Pit: area 15.5 < 32
[CLEAN C1400] type=Rejected area=21.0 perimeter=21.7 bbox=(474,314,9,5) long=8.0 box_short=4.0 box_aspect=2.000 skeleton_width=2.80 skeleton_range=2.00-4.39 skeleton_aspect=2.857 merge_ratio=0.938 circularity=0.563
[CLEAN C1400] REJECT Scratch: long_side 8.0 < 10
[CLEAN C1400] REJECT Pit: area 21.0 < 32
[CLEAN C1401] type=Rejected area=1.0 perimeter=4.0 bbox=(1205,313,2,2) long=1.0 box_short=1.0 box_aspect=1.000 skeleton_width=2.00 skeleton_range=2.00-2.00 skeleton_aspect=0.500 merge_ratio=0.500 circularity=0.785
[CLEAN C1401] REJECT Scratch: area 1.0 < 20; long_side 1.0 < 10; skeleton_aspect 0.500 < 2.5; box_aspect 1.000 < 1.5
[CLEAN C1401] REJECT Pit: area 1.0 < 32
[CLEAN C1402] type=Rejected area=1.0 perimeter=4.0 bbox=(938,313,2,2) long=1.0 box_short=1.0 box_aspect=1.000 skeleton_width=2.00 skeleton_range=2.00-2.00 skeleton_aspect=0.500 merge_ratio=0.500 circularity=0.785
[CLEAN C1402] REJECT Scratch: area 1.0 < 20; long_side 1.0 < 10; skeleton_aspect 0.500 < 2.5; box_aspect 1.000 < 1.5
[CLEAN C1402] REJECT Pit: area 1.0 < 32
[CLEAN C1403] type=Rejected area=2.0 perimeter=6.0 bbox=(315,313,2,3) long=2.0 box_short=1.0 box_aspect=2.000 skeleton_width=2.00 skeleton_range=2.00-2.00 skeleton_aspect=1.000 merge_ratio=0.500 circularity=0.698
[CLEAN C1403] REJECT Scratch: area 2.0 < 20; long_side 2.0 < 10; skeleton_aspect 1.000 < 2.5
[CLEAN C1403] REJECT Pit: area 2.0 < 32
[CLEAN C1404] type=Rejected area=2.0 perimeter=6.0 bbox=(1262,311,2,3) long=2.0 box_short=1.0 box_aspect=2.000 skeleton_width=2.00 skeleton_range=2.00-2.00 skeleton_aspect=1.000 merge_ratio=0.500 circularity=0.698
[CLEAN C1404] REJECT Scratch: area 2.0 < 20; long_side 2.0 < 10; skeleton_aspect 1.000 < 2.5
[CLEAN C1404] REJECT Pit: area 2.0 < 32
[CLEAN C1405] type=Rejected area=2.0 perimeter=6.0 bbox=(1189,311,2,3) long=2.0 box_short=1.0 box_aspect=2.000 skeleton_width=2.00 skeleton_range=2.00-2.00 skeleton_aspect=1.000 merge_ratio=0.500 circularity=0.698
[CLEAN C1405] REJECT Scratch: area 2.0 < 20; long_side 2.0 < 10; skeleton_aspect 1.000 < 2.5
[CLEAN C1405] REJECT Pit: area 2.0 < 32
[CLEAN C1406] type=Rejected area=2.0 perimeter=6.0 bbox=(378,307,2,3) long=2.0 box_short=1.0 box_aspect=2.000 skeleton_width=2.00 skeleton_range=2.00-2.00 skeleton_aspect=1.000 merge_ratio=0.500 circularity=0.698
[CLEAN C1406] REJECT Scratch: area 2.0 < 20; long_side 2.0 < 10; skeleton_aspect 1.000 < 2.5
[CLEAN C1406] REJECT Pit: area 2.0 < 32
[CLEAN C1407] type=Rejected area=5.5 perimeter=9.4 bbox=(1170,306,4,3) long=3.0 box_short=2.0 box_aspect=1.500 skeleton_width=2.00 skeleton_range=2.00-4.00 skeleton_aspect=1.500 merge_ratio=0.917 circularity=0.780
[CLEAN C1407] REJECT Scratch: area 5.5 < 20; long_side 3.0 < 10; skeleton_aspect 1.500 < 2.5
[CLEAN C1407] REJECT Pit: area 5.5 < 32
[CLEAN C1408] type=Rejected candidate=Scratch area=121.0 perimeter=61.5 bbox=(362,304,15,21) long=23.2 box_short=10.4 box_aspect=2.224 skeleton_width=6.00 skeleton_range=2.00-8.00 skeleton_aspect=3.868 merge_ratio=0.869 circularity=0.403
[CLEAN C1408] REJECT Scratch: 尺寸 0.198059 mm < 0.25 mm
[MEASURE C1408] Scratch width=0.198059 mm valid=False
[CLEAN C1409] type=Rejected area=55.0 perimeter=43.8 bbox=(656,303,11,12) long=11.0 box_short=10.0 box_aspect=1.100 skeleton_width=4.20 skeleton_range=2.00-6.00 skeleton_aspect=2.621 merge_ratio=1.191 circularity=0.360
[CLEAN C1409] REJECT Scratch: box_aspect 1.100 < 1.5
[CLEAN C1409] REJECT Pit: circularity 0.360 < 0.55
[CLEAN C1410] type=Rejected area=14.5 perimeter=19.4 bbox=(1224,302,3,9) long=8.0 box_short=2.0 box_aspect=4.000 skeleton_width=2.80 skeleton_range=2.00-4.00 skeleton_aspect=2.857 merge_ratio=0.647 circularity=0.483
[CLEAN C1410] REJECT Scratch: area 14.5 < 20; long_side 8.0 < 10
[CLEAN C1410] REJECT Pit: area 14.5 < 32; circularity 0.483 < 0.55
[CLEAN C1411] type=Rejected area=5.0 perimeter=14.8 bbox=(343,301,3,7) long=6.3 box_short=1.5 box_aspect=4.333 skeleton_width=2.00 skeleton_range=2.00-2.00 skeleton_aspect=3.153 merge_ratio=0.396 circularity=0.286
[CLEAN C1411] REJECT Scratch: area 5.0 < 20; long_side 6.3 < 10
[CLEAN C1411] REJECT Pit: area 5.0 < 32; circularity 0.286 < 0.55
[CLEAN C1412] type=Rejected area=2.0 perimeter=6.0 bbox=(912,300,3,2) long=2.0 box_short=1.0 box_aspect=2.000 skeleton_width=2.00 skeleton_range=2.00-2.00 skeleton_aspect=1.000 merge_ratio=0.500 circularity=0.698
[CLEAN C1412] REJECT Scratch: area 2.0 < 20; long_side 2.0 < 10; skeleton_aspect 1.000 < 2.5
[CLEAN C1412] REJECT Pit: area 2.0 < 32
[CLEAN C1413] type=Rejected area=27.5 perimeter=21.1 bbox=(622,300,7,7) long=6.0 box_short=6.0 box_aspect=1.000 skeleton_width=4.00 skeleton_range=2.00-5.60 skeleton_aspect=1.500 merge_ratio=1.146 circularity=0.778
[CLEAN C1413] REJECT Scratch: long_side 6.0 < 10; skeleton_aspect 1.500 < 2.5; box_aspect 1.000 < 1.5
[CLEAN C1413] REJECT Pit: area 27.5 < 32
[CLEAN C1414] type=Rejected area=15.5 perimeter=25.9 bbox=(1151,299,5,11) long=10.0 box_short=3.5 box_aspect=2.833 skeleton_width=2.00 skeleton_range=2.00-4.00 skeleton_aspect=5.001 merge_ratio=0.775 circularity=0.290
[CLEAN C1414] REJECT Scratch: area 15.5 < 20
[CLEAN C1414] REJECT Pit: area 15.5 < 32; circularity 0.290 < 0.55
[CLEAN C1415] type=Rejected area=1.0 perimeter=4.0 bbox=(645,294,2,2) long=1.0 box_short=1.0 box_aspect=1.000 skeleton_width=2.00 skeleton_range=2.00-2.00 skeleton_aspect=0.500 merge_ratio=0.500 circularity=0.785
[CLEAN C1415] REJECT Scratch: area 1.0 < 20; long_side 1.0 < 10; skeleton_aspect 0.500 < 2.5; box_aspect 1.000 < 1.5
[CLEAN C1415] REJECT Pit: area 1.0 < 32
[CLEAN C1416] type=Rejected area=2.0 perimeter=6.0 bbox=(359,294,3,2) long=2.0 box_short=1.0 box_aspect=2.000 skeleton_width=2.00 skeleton_range=2.00-2.00 skeleton_aspect=1.000 merge_ratio=0.500 circularity=0.698
[CLEAN C1416] REJECT Scratch: area 2.0 < 20; long_side 2.0 < 10; skeleton_aspect 1.000 < 2.5
[CLEAN C1416] REJECT Pit: area 2.0 < 32
[CLEAN C1417] type=Rejected area=20.5 perimeter=21.1 bbox=(455,289,5,9) long=8.4 box_short=3.6 box_aspect=2.318 skeleton_width=3.40 skeleton_range=2.00-4.00 skeleton_aspect=2.466 merge_ratio=0.719 circularity=0.580
[CLEAN C1417] REJECT Scratch: long_side 8.4 < 10; skeleton_aspect 2.466 < 2.5
[CLEAN C1417] REJECT Pit: area 20.5 < 32
[CLEAN C1418] type=Rejected area=1.0 perimeter=4.0 bbox=(365,289,2,2) long=1.0 box_short=1.0 box_aspect=1.000 skeleton_width=2.00 skeleton_range=2.00-2.00 skeleton_aspect=0.500 merge_ratio=0.500 circularity=0.785
[CLEAN C1418] REJECT Scratch: area 1.0 < 20; long_side 1.0 < 10; skeleton_aspect 0.500 < 2.5; box_aspect 1.000 < 1.5
[CLEAN C1418] REJECT Pit: area 1.0 < 32
[CLEAN C1419] type=Rejected area=5.0 perimeter=8.8 bbox=(648,288,4,3) long=3.0 box_short=2.0 box_aspect=1.500 skeleton_width=2.40 skeleton_range=2.00-2.80 skeleton_aspect=1.250 merge_ratio=0.694 circularity=0.806
[CLEAN C1419] REJECT Scratch: area 5.0 < 20; long_side 3.0 < 10; skeleton_aspect 1.250 < 2.5
[CLEAN C1419] REJECT Pit: area 5.0 < 32
[CLEAN C1420] type=Rejected area=2.0 perimeter=6.0 bbox=(1204,287,2,3) long=2.0 box_short=1.0 box_aspect=2.000 skeleton_width=2.00 skeleton_range=2.00-2.00 skeleton_aspect=1.000 merge_ratio=0.500 circularity=0.698
[CLEAN C1420] REJECT Scratch: area 2.0 < 20; long_side 2.0 < 10; skeleton_aspect 1.000 < 2.5
[CLEAN C1420] REJECT Pit: area 2.0 < 32
[CLEAN C1421] type=Rejected area=1.0 perimeter=4.0 bbox=(334,287,2,2) long=1.0 box_short=1.0 box_aspect=1.000 skeleton_width=2.00 skeleton_range=2.00-2.00 skeleton_aspect=0.500 merge_ratio=0.500 circularity=0.785
[CLEAN C1421] REJECT Scratch: area 1.0 < 20; long_side 1.0 < 10; skeleton_aspect 0.500 < 2.5; box_aspect 1.000 < 1.5
[CLEAN C1421] REJECT Pit: area 1.0 < 32
[CLEAN C1422] type=Rejected area=15.0 perimeter=33.7 bbox=(341,285,4,15) long=14.3 box_short=2.8 box_aspect=5.081 skeleton_width=2.00 skeleton_range=2.00-2.80 skeleton_aspect=7.147 merge_ratio=0.525 circularity=0.166
[CLEAN C1422] REJECT Scratch: area 15.0 < 20
[CLEAN C1422] REJECT Pit: area 15.0 < 32; circularity 0.166 < 0.55; aspect_ratio 5.081 > 5.0
[CLEAN C1423] type=Rejected area=6.0 perimeter=10.8 bbox=(1188,284,3,5) long=4.0 box_short=2.0 box_aspect=2.000 skeleton_width=2.00 skeleton_range=2.00-2.80 skeleton_aspect=2.000 merge_ratio=0.750 circularity=0.643
[CLEAN C1423] REJECT Scratch: area 6.0 < 20; long_side 4.0 < 10; skeleton_aspect 2.000 < 2.5
[CLEAN C1423] REJECT Pit: area 6.0 < 32
[CLEAN C1424] type=Rejected area=11.0 perimeter=14.8 bbox=(1151,284,3,7) long=6.0 box_short=2.0 box_aspect=3.000 skeleton_width=2.80 skeleton_range=2.00-4.00 skeleton_aspect=2.143 merge_ratio=0.655 circularity=0.629
[CLEAN C1424] REJECT Scratch: area 11.0 < 20; long_side 6.0 < 10; skeleton_aspect 2.143 < 2.5
[CLEAN C1424] REJECT Pit: area 11.0 < 32
[CLEAN C1425] type=Rejected area=16.0 perimeter=17.7 bbox=(1223,282,4,8) long=7.0 box_short=3.0 box_aspect=2.333 skeleton_width=2.80 skeleton_range=2.00-4.00 skeleton_aspect=2.500 merge_ratio=0.816 circularity=0.645
[CLEAN C1425] REJECT Scratch: area 16.0 < 20; long_side 7.0 < 10
[CLEAN C1425] REJECT Pit: area 16.0 < 32
[CLEAN C1426] type=Rejected candidate=Pit area=43.5 perimeter=27.9 bbox=(429,282,8,10) long=9.0 box_short=7.0 box_aspect=1.286 skeleton_width=4.20 skeleton_range=2.00-7.19 skeleton_aspect=2.144 merge_ratio=1.152 circularity=0.702
[CLEAN C1426] REJECT Pit: 尺寸 0.245593 mm < 0.25 mm
[MEASURE C1426] Pit diameter=0.245593 mm valid=False
[CLEAN C1427] type=Rejected area=16.5 perimeter=16.2 bbox=(1262,279,5,6) long=5.0 box_short=4.0 box_aspect=1.250 skeleton_width=3.40 skeleton_range=2.00-4.39 skeleton_aspect=1.471 merge_ratio=0.971 circularity=0.786
[CLEAN C1427] REJECT Scratch: area 16.5 < 20; long_side 5.0 < 10; skeleton_aspect 1.471 < 2.5; box_aspect 1.250 < 1.5
[CLEAN C1427] REJECT Pit: area 16.5 < 32
[CLEAN C1428] type=Rejected area=1.0 perimeter=4.0 bbox=(861,279,2,2) long=1.0 box_short=1.0 box_aspect=1.000 skeleton_width=2.00 skeleton_range=2.00-2.00 skeleton_aspect=0.500 merge_ratio=0.500 circularity=0.785
[CLEAN C1428] REJECT Scratch: area 1.0 < 20; long_side 1.0 < 10; skeleton_aspect 0.500 < 2.5; box_aspect 1.000 < 1.5
[CLEAN C1428] REJECT Pit: area 1.0 < 32
[CLEAN C1429] type=Rejected candidate=Scratch area=65.5 perimeter=41.6 bbox=(672,274,10,16) long=17.1 box_short=6.3 box_aspect=2.700 skeleton_width=4.39 skeleton_range=2.00-7.19 skeleton_aspect=3.886 merge_ratio=0.873 circularity=0.477
[CLEAN C1429] REJECT Scratch: 尺寸 0.182516 mm < 0.25 mm
[MEASURE C1429] Scratch width=0.182516 mm valid=False
[CLEAN C1430] type=Rejected candidate=Pit area=34.0 perimeter=24.5 bbox=(358,274,7,9) long=8.0 box_short=6.0 box_aspect=1.333 skeleton_width=4.39 skeleton_range=2.00-6.00 skeleton_aspect=1.821 merge_ratio=0.967 circularity=0.713
[CLEAN C1430] REJECT Pit: 尺寸 0.229125 mm < 0.25 mm
[MEASURE C1430] Pit diameter=0.229125 mm valid=False
[CLEAN C1431] type=Rejected area=1.0 perimeter=4.0 bbox=(935,272,2,2) long=1.0 box_short=1.0 box_aspect=1.000 skeleton_width=2.00 skeleton_range=2.00-2.00 skeleton_aspect=0.500 merge_ratio=0.500 circularity=0.785
[CLEAN C1431] REJECT Scratch: area 1.0 < 20; long_side 1.0 < 10; skeleton_aspect 0.500 < 2.5; box_aspect 1.000 < 1.5
[CLEAN C1431] REJECT Pit: area 1.0 < 32
[CLEAN C1432] type=Rejected area=3.0 perimeter=6.8 bbox=(436,272,3,3) long=2.8 box_short=1.4 box_aspect=2.000 skeleton_width=2.00 skeleton_range=2.00-2.80 skeleton_aspect=1.414 merge_ratio=0.530 circularity=0.809
[CLEAN C1432] REJECT Scratch: area 3.0 < 20; long_side 2.8 < 10; skeleton_aspect 1.414 < 2.5
[CLEAN C1432] REJECT Pit: area 3.0 < 32
[CLEAN C1433] type=Rejected area=9.5 perimeter=12.2 bbox=(413,272,4,5) long=4.0 box_short=3.0 box_aspect=1.333 skeleton_width=2.80 skeleton_range=2.00-4.00 skeleton_aspect=1.429 merge_ratio=0.848 circularity=0.796
[CLEAN C1433] REJECT Scratch: area 9.5 < 20; long_side 4.0 < 10; skeleton_aspect 1.429 < 2.5; box_aspect 1.333 < 1.5
[CLEAN C1433] REJECT Pit: area 9.5 < 32
[CLEAN C1434] type=Rejected area=3.5 perimeter=7.4 bbox=(341,272,3,3) long=2.0 box_short=2.0 box_aspect=1.000 skeleton_width=2.00 skeleton_range=2.00-2.80 skeleton_aspect=1.000 merge_ratio=0.875 circularity=0.800
[CLEAN C1434] REJECT Scratch: area 3.5 < 20; long_side 2.0 < 10; skeleton_aspect 1.000 < 2.5; box_aspect 1.000 < 1.5
[CLEAN C1434] REJECT Pit: area 3.5 < 32
[CLEAN C1435] type=Rejected candidate=Scratch area=59.5 perimeter=106.4 bbox=(1270,271,6,50) long=49.3 box_short=4.8 box_aspect=10.264 skeleton_width=2.00 skeleton_range=2.00-4.39 skeleton_aspect=24.626 merge_ratio=0.604 circularity=0.066
[CLEAN C1435] REJECT Scratch: 不可测: 划痕最大宽度点超出中央有效测量区域
[MEASURE C1435] Scratch 不可测: 划痕最大宽度点超出中央有效测量区域
[CLEAN C1436] type=Rejected area=5.0 perimeter=10.8 bbox=(1123,271,5,3) long=4.0 box_short=2.0 box_aspect=2.000 skeleton_width=2.00 skeleton_range=2.00-2.80 skeleton_aspect=2.000 merge_ratio=0.625 circularity=0.536
[CLEAN C1436] REJECT Scratch: area 5.0 < 20; long_side 4.0 < 10; skeleton_aspect 2.000 < 2.5
[CLEAN C1436] REJECT Pit: area 5.0 < 32; circularity 0.536 < 0.55
[CLEAN C1437] type=Rejected area=1.0 perimeter=4.0 bbox=(372,266,2,2) long=1.0 box_short=1.0 box_aspect=1.000 skeleton_width=2.00 skeleton_range=2.00-2.00 skeleton_aspect=0.500 merge_ratio=0.500 circularity=0.785
[CLEAN C1437] REJECT Scratch: area 1.0 < 20; long_side 1.0 < 10; skeleton_aspect 0.500 < 2.5; box_aspect 1.000 < 1.5
[CLEAN C1437] REJECT Pit: area 1.0 < 32
[CLEAN C1438] type=Rejected candidate=Scratch area=20.0 perimeter=24.5 bbox=(1264,264,5,11) long=10.5 box_short=3.3 box_aspect=3.217 skeleton_width=2.80 skeleton_range=2.00-4.00 skeleton_aspect=3.738 merge_ratio=0.683 circularity=0.419
[CLEAN C1438] REJECT Scratch: 不可测: 划痕最大宽度点超出中央有效测量区域
[MEASURE C1438] Scratch 不可测: 划痕最大宽度点超出中央有效测量区域
[CLEAN C1439] type=Rejected area=9.0 perimeter=14.8 bbox=(1224,264,3,7) long=6.0 box_short=2.0 box_aspect=3.000 skeleton_width=2.00 skeleton_range=2.00-4.00 skeleton_aspect=3.000 merge_ratio=0.750 circularity=0.514
[CLEAN C1439] REJECT Scratch: area 9.0 < 20; long_side 6.0 < 10
[CLEAN C1439] REJECT Pit: area 9.0 < 32; circularity 0.514 < 0.55
[CLEAN C1440] type=Rejected area=1.0 perimeter=4.0 bbox=(331,261,2,2) long=1.0 box_short=1.0 box_aspect=1.000 skeleton_width=2.00 skeleton_range=2.00-2.00 skeleton_aspect=0.500 merge_ratio=0.500 circularity=0.785
[CLEAN C1440] REJECT Scratch: area 1.0 < 20; long_side 1.0 < 10; skeleton_aspect 0.500 < 2.5; box_aspect 1.000 < 1.5
[CLEAN C1440] REJECT Pit: area 1.0 < 32
[CLEAN C1441] type=Rejected area=1.0 perimeter=4.0 bbox=(312,261,2,2) long=1.0 box_short=1.0 box_aspect=1.000 skeleton_width=2.00 skeleton_range=2.00-2.00 skeleton_aspect=0.500 merge_ratio=0.500 circularity=0.785
[CLEAN C1441] REJECT Scratch: area 1.0 < 20; long_side 1.0 < 10; skeleton_aspect 0.500 < 2.5; box_aspect 1.000 < 1.5
[CLEAN C1441] REJECT Pit: area 1.0 < 32
[CLEAN C1442] type=Rejected area=1.0 perimeter=4.0 bbox=(308,261,2,2) long=1.0 box_short=1.0 box_aspect=1.000 skeleton_width=2.00 skeleton_range=2.00-2.00 skeleton_aspect=0.500 merge_ratio=0.500 circularity=0.785
[CLEAN C1442] REJECT Scratch: area 1.0 < 20; long_side 1.0 < 10; skeleton_aspect 0.500 < 2.5; box_aspect 1.000 < 1.5
[CLEAN C1442] REJECT Pit: area 1.0 < 32
[CLEAN C1443] type=Rejected area=15.0 perimeter=18.5 bbox=(428,257,7,6) long=7.2 box_short=3.8 box_aspect=1.909 skeleton_width=2.80 skeleton_range=2.00-4.00 skeleton_aspect=2.572 merge_ratio=0.744 circularity=0.552
[CLEAN C1443] REJECT Scratch: area 15.0 < 20; long_side 7.2 < 10
[CLEAN C1443] REJECT Pit: area 15.0 < 32
[CLEAN C1444] type=Rejected area=2.0 perimeter=6.0 bbox=(1267,256,2,3) long=2.0 box_short=1.0 box_aspect=2.000 skeleton_width=2.00 skeleton_range=2.00-2.00 skeleton_aspect=1.000 merge_ratio=0.500 circularity=0.698
[CLEAN C1444] REJECT Scratch: area 2.0 < 20; long_side 2.0 < 10; skeleton_aspect 1.000 < 2.5
[CLEAN C1444] REJECT Pit: area 2.0 < 32
[CLEAN C1445] type=Rejected area=3.5 perimeter=7.4 bbox=(673,256,3,3) long=2.0 box_short=2.0 box_aspect=1.000 skeleton_width=2.00 skeleton_range=2.00-2.80 skeleton_aspect=1.000 merge_ratio=0.875 circularity=0.800
[CLEAN C1445] REJECT Scratch: area 3.5 < 20; long_side 2.0 < 10; skeleton_aspect 1.000 < 2.5; box_aspect 1.000 < 1.5
[CLEAN C1445] REJECT Pit: area 3.5 < 32
[CLEAN C1446] type=Rejected area=10.5 perimeter=14.2 bbox=(340,255,4,6) long=5.0 box_short=3.0 box_aspect=1.667 skeleton_width=2.80 skeleton_range=2.00-4.00 skeleton_aspect=1.786 merge_ratio=0.750 circularity=0.650
[CLEAN C1446] REJECT Scratch: area 10.5 < 20; long_side 5.0 < 10; skeleton_aspect 1.786 < 2.5
[CLEAN C1446] REJECT Pit: area 10.5 < 32
[CLEAN C1447] type=Rejected area=1.0 perimeter=4.0 bbox=(311,255,2,2) long=1.0 box_short=1.0 box_aspect=1.000 skeleton_width=2.00 skeleton_range=2.00-2.00 skeleton_aspect=0.500 merge_ratio=0.500 circularity=0.785
[CLEAN C1447] REJECT Scratch: area 1.0 < 20; long_side 1.0 < 10; skeleton_aspect 0.500 < 2.5; box_aspect 1.000 < 1.5
[CLEAN C1447] REJECT Pit: area 1.0 < 32
[CLEAN C1448] type=Rejected area=3.0 perimeter=8.8 bbox=(328,254,3,4) long=3.6 box_short=1.3 box_aspect=2.667 skeleton_width=2.00 skeleton_range=2.00-2.00 skeleton_aspect=1.789 merge_ratio=0.419 circularity=0.484
[CLEAN C1448] REJECT Scratch: area 3.0 < 20; long_side 3.6 < 10; skeleton_aspect 1.789 < 2.5
[CLEAN C1448] REJECT Pit: area 3.0 < 32; circularity 0.484 < 0.55
[CLEAN C1449] type=Rejected area=26.5 perimeter=21.1 bbox=(650,252,7,7) long=6.0 box_short=6.0 box_aspect=1.000 skeleton_width=4.39 skeleton_range=2.00-6.00 skeleton_aspect=1.366 merge_ratio=1.005 circularity=0.750
[CLEAN C1449] REJECT Scratch: long_side 6.0 < 10; skeleton_aspect 1.366 < 2.5; box_aspect 1.000 < 1.5
[CLEAN C1449] REJECT Pit: area 26.5 < 32
[CLEAN C1450] type=Rejected area=2.0 perimeter=6.0 bbox=(937,250,3,2) long=2.0 box_short=1.0 box_aspect=2.000 skeleton_width=2.00 skeleton_range=2.00-2.00 skeleton_aspect=1.000 merge_ratio=0.500 circularity=0.698
[CLEAN C1450] REJECT Scratch: area 2.0 < 20; long_side 2.0 < 10; skeleton_aspect 1.000 < 2.5
[CLEAN C1450] REJECT Pit: area 2.0 < 32
[CLEAN C1451] type=Rejected area=20.5 perimeter=19.1 bbox=(397,250,6,7) long=6.0 box_short=5.0 box_aspect=1.200 skeleton_width=4.00 skeleton_range=2.00-4.39 skeleton_aspect=1.500 merge_ratio=0.854 circularity=0.708
[CLEAN C1451] REJECT Scratch: long_side 6.0 < 10; skeleton_aspect 1.500 < 2.5; box_aspect 1.200 < 1.5
[CLEAN C1451] REJECT Pit: area 20.5 < 32
[CLEAN C1452] type=Rejected candidate=Scratch area=110.5 perimeter=49.6 bbox=(357,247,8,22) long=21.0 box_short=7.0 box_aspect=3.000 skeleton_width=6.79 skeleton_range=2.00-8.00 skeleton_aspect=3.091 merge_ratio=0.775 circularity=0.565
[CLEAN C1452] REJECT Scratch: 尺寸 0.189182 mm < 0.25 mm
[MEASURE C1452] Scratch width=0.189182 mm valid=False
[CLEAN C1453] type=Rejected area=6.0 perimeter=10.8 bbox=(343,245,4,4) long=3.0 box_short=3.0 box_aspect=1.000 skeleton_width=2.00 skeleton_range=2.00-2.80 skeleton_aspect=1.500 merge_ratio=1.000 circularity=0.643
[CLEAN C1453] REJECT Scratch: area 6.0 < 20; long_side 3.0 < 10; skeleton_aspect 1.500 < 2.5; box_aspect 1.000 < 1.5
[CLEAN C1453] REJECT Pit: area 6.0 < 32
[CLEAN C1454] type=Rejected candidate=Scratch area=28.0 perimeter=43.7 bbox=(1224,240,3,21) long=20.0 box_short=2.0 box_aspect=10.000 skeleton_width=2.00 skeleton_range=2.00-4.00 skeleton_aspect=10.000 merge_ratio=0.700 circularity=0.185
[CLEAN C1454] REJECT Scratch: 不可测: 划痕最大宽度点超出中央有效测量区域
[MEASURE C1454] Scratch 不可测: 划痕最大宽度点超出中央有效测量区域
[CLEAN C1455] type=Pit area=38.0 perimeter=28.1 bbox=(468,238,10,9) long=10.3 box_short=6.0 box_aspect=1.729 skeleton_width=4.39 skeleton_range=2.00-5.60 skeleton_aspect=2.343 merge_ratio=0.840 circularity=0.603
[MEASURE C1455] Pit diameter=0.255538 mm valid=True
Pit: area = 38.0 diameter_mm = 0.2555384337902069 circularity = 0.6029473139190672
[CLEAN C1456] type=Rejected area=6.0 perimeter=10.0 bbox=(416,238,3,4) long=3.0 box_short=2.0 box_aspect=1.500 skeleton_width=2.00 skeleton_range=2.00-4.00 skeleton_aspect=1.500 merge_ratio=1.000 circularity=0.754
[CLEAN C1456] REJECT Scratch: area 6.0 < 20; long_side 3.0 < 10; skeleton_aspect 1.500 < 2.5
[CLEAN C1456] REJECT Pit: area 6.0 < 32
[CLEAN C1457] type=Rejected area=1.0 perimeter=4.0 bbox=(335,238,2,2) long=1.0 box_short=1.0 box_aspect=1.000 skeleton_width=2.00 skeleton_range=2.00-2.00 skeleton_aspect=0.500 merge_ratio=0.500 circularity=0.785
[CLEAN C1457] REJECT Scratch: area 1.0 < 20; long_side 1.0 < 10; skeleton_aspect 0.500 < 2.5; box_aspect 1.000 < 1.5
[CLEAN C1457] REJECT Pit: area 1.0 < 32
[CLEAN C1458] type=Rejected area=4.0 perimeter=14.8 bbox=(328,237,5,5) long=5.7 box_short=2.1 box_aspect=2.667 skeleton_width=2.00 skeleton_range=2.00-2.00 skeleton_aspect=2.828 merge_ratio=0.354 circularity=0.229
[CLEAN C1458] REJECT Scratch: area 4.0 < 20; long_side 5.7 < 10
[CLEAN C1458] REJECT Pit: area 4.0 < 32; circularity 0.229 < 0.55
[CLEAN C1459] type=Rejected area=6.0 perimeter=14.0 bbox=(408,233,2,7) long=6.0 box_short=1.0 box_aspect=6.000 skeleton_width=2.00 skeleton_range=2.00-2.00 skeleton_aspect=3.000 merge_ratio=0.500 circularity=0.385
[CLEAN C1459] REJECT Scratch: area 6.0 < 20; long_side 6.0 < 10
[CLEAN C1459] REJECT Pit: area 6.0 < 32; circularity 0.385 < 0.55; aspect_ratio 6.000 > 5.0
[CLEAN C1460] type=Rejected area=5.5 perimeter=14.2 bbox=(339,233,4,6) long=5.3 box_short=2.4 box_aspect=2.200 skeleton_width=2.00 skeleton_range=2.00-2.80 skeleton_aspect=2.668 merge_ratio=0.515 circularity=0.341
[CLEAN C1460] REJECT Scratch: area 5.5 < 20; long_side 5.3 < 10
[CLEAN C1460] REJECT Pit: area 5.5 < 32; circularity 0.341 < 0.55
[CLEAN C1461] type=Rejected area=2.0 perimeter=6.0 bbox=(933,231,3,2) long=2.0 box_short=1.0 box_aspect=2.000 skeleton_width=2.00 skeleton_range=2.00-2.00 skeleton_aspect=1.000 merge_ratio=0.500 circularity=0.698
[CLEAN C1461] REJECT Scratch: area 2.0 < 20; long_side 2.0 < 10; skeleton_aspect 1.000 < 2.5
[CLEAN C1461] REJECT Pit: area 2.0 < 32
[CLEAN C1462] type=Rejected area=11.0 perimeter=19.7 bbox=(1267,229,4,9) long=8.2 box_short=2.4 box_aspect=3.400 skeleton_width=2.00 skeleton_range=2.00-2.80 skeleton_aspect=4.123 merge_ratio=0.667 circularity=0.358
[CLEAN C1462] REJECT Scratch: area 11.0 < 20; long_side 8.2 < 10
[CLEAN C1462] REJECT Pit: area 11.0 < 32; circularity 0.358 < 0.55
[CLEAN C1463] type=Rejected candidate=Pit area=51.0 perimeter=28.1 bbox=(661,228,10,9) long=9.2 box_short=7.8 box_aspect=1.182 skeleton_width=5.60 skeleton_range=2.00-8.39 skeleton_aspect=1.641 merge_ratio=0.991 circularity=0.809
[CLEAN C1463] REJECT Pit: 尺寸 0.226557 mm < 0.25 mm
[MEASURE C1463] Pit diameter=0.226557 mm valid=False
[CLEAN C1464] type=Rejected area=13.0 perimeter=15.7 bbox=(453,227,6,5) long=5.0 box_short=4.0 box_aspect=1.250 skeleton_width=2.80 skeleton_range=2.00-4.00 skeleton_aspect=1.786 merge_ratio=0.929 circularity=0.666
[CLEAN C1464] REJECT Scratch: area 13.0 < 20; long_side 5.0 < 10; skeleton_aspect 1.786 < 2.5; box_aspect 1.250 < 1.5
[CLEAN C1464] REJECT Pit: area 13.0 < 32
[CLEAN C1465] type=Rejected candidate=Scratch area=25.5 perimeter=25.9 bbox=(1149,226,6,11) long=10.4 box_short=4.4 box_aspect=2.389 skeleton_width=2.80 skeleton_range=2.00-4.39 skeleton_aspect=3.725 merge_ratio=0.873 circularity=0.478
[CLEAN C1465] REJECT Scratch: 不可测: 划痕最大宽度点超出中央有效测量区域
[MEASURE C1465] Scratch 不可测: 划痕最大宽度点超出中央有效测量区域
[CLEAN C1466] type=Rejected area=18.0 perimeter=20.8 bbox=(322,225,4,9) long=8.0 box_short=3.0 box_aspect=2.667 skeleton_width=4.00 skeleton_range=2.00-4.00 skeleton_aspect=2.000 merge_ratio=0.562 circularity=0.521
[CLEAN C1466] REJECT Scratch: area 18.0 < 20; long_side 8.0 < 10; skeleton_aspect 2.000 < 2.5
[CLEAN C1466] REJECT Pit: area 18.0 < 32; circularity 0.521 < 0.55
[CLEAN C1467] type=Rejected area=1.0 perimeter=4.0 bbox=(386,222,2,2) long=1.0 box_short=1.0 box_aspect=1.000 skeleton_width=2.00 skeleton_range=2.00-2.00 skeleton_aspect=0.500 merge_ratio=0.500 circularity=0.785
[CLEAN C1467] REJECT Scratch: area 1.0 < 20; long_side 1.0 < 10; skeleton_aspect 0.500 < 2.5; box_aspect 1.000 < 1.5
[CLEAN C1467] REJECT Pit: area 1.0 < 32
[CLEAN C1468] type=Rejected area=3.0 perimeter=6.8 bbox=(344,220,3,3) long=2.8 box_short=1.4 box_aspect=2.000 skeleton_width=2.00 skeleton_range=2.00-2.80 skeleton_aspect=1.414 merge_ratio=0.530 circularity=0.809
[CLEAN C1468] REJECT Scratch: area 3.0 < 20; long_side 2.8 < 10; skeleton_aspect 1.414 < 2.5
[CLEAN C1468] REJECT Pit: area 3.0 < 32
[CLEAN C1469] type=Rejected area=2.0 perimeter=6.0 bbox=(320,219,2,3) long=2.0 box_short=1.0 box_aspect=2.000 skeleton_width=2.00 skeleton_range=2.00-2.00 skeleton_aspect=1.000 merge_ratio=0.500 circularity=0.698
[CLEAN C1469] REJECT Scratch: area 2.0 < 20; long_side 2.0 < 10; skeleton_aspect 1.000 < 2.5
[CLEAN C1469] REJECT Pit: area 2.0 < 32
[CLEAN C1470] type=Pit area=93.5 perimeter=41.6 bbox=(585,216,14,12) long=12.6 box_short=10.9 box_aspect=1.165 skeleton_width=6.79 skeleton_range=2.00-9.99 skeleton_aspect=1.860 merge_ratio=1.089 circularity=0.680
[MEASURE C1470] Pit diameter=0.329061 mm valid=True
Pit: area = 93.5 diameter_mm = 0.3290606737136841 circularity = 0.6803724298137155
[CLEAN C1471] type=Rejected area=1.0 perimeter=4.0 bbox=(325,216,2,2) long=1.0 box_short=1.0 box_aspect=1.000 skeleton_width=2.00 skeleton_range=2.00-2.00 skeleton_aspect=0.500 merge_ratio=0.500 circularity=0.785
[CLEAN C1471] REJECT Scratch: area 1.0 < 20; long_side 1.0 < 10; skeleton_aspect 0.500 < 2.5; box_aspect 1.000 < 1.5
[CLEAN C1471] REJECT Pit: area 1.0 < 32
[CLEAN C1472] type=Rejected area=2.0 perimeter=6.0 bbox=(1260,213,2,3) long=2.0 box_short=1.0 box_aspect=2.000 skeleton_width=2.00 skeleton_range=2.00-2.00 skeleton_aspect=1.000 merge_ratio=0.500 circularity=0.698
[CLEAN C1472] REJECT Scratch: area 2.0 < 20; long_side 2.0 < 10; skeleton_aspect 1.000 < 2.5
[CLEAN C1472] REJECT Pit: area 2.0 < 32
[CLEAN C1473] type=Rejected candidate=Scratch area=39.5 perimeter=28.7 bbox=(612,213,9,10) long=10.6 box_short=6.2 box_aspect=1.719 skeleton_width=4.00 skeleton_range=2.00-5.60 skeleton_aspect=2.657 merge_ratio=0.929 circularity=0.601
[CLEAN C1473] REJECT Scratch: 尺寸 0.141118 mm < 0.25 mm
[MEASURE C1473] Scratch width=0.141118 mm valid=False
[CLEAN C1474] type=Rejected candidate=Scratch area=31.0 perimeter=44.5 bbox=(1222,212,5,21) long=20.1 box_short=3.0 box_aspect=6.756 skeleton_width=2.00 skeleton_range=2.00-4.00 skeleton_aspect=10.044 merge_ratio=0.772 circularity=0.197
[CLEAN C1474] REJECT Scratch: 不可测: 划痕最大宽度点超出中央有效测量区域
[MEASURE C1474] Scratch 不可测: 划痕最大宽度点超出中央有效测量区域
[CLEAN C1475] type=Rejected area=1.0 perimeter=4.0 bbox=(1043,212,2,2) long=1.0 box_short=1.0 box_aspect=1.000 skeleton_width=2.00 skeleton_range=2.00-2.00 skeleton_aspect=0.500 merge_ratio=0.500 circularity=0.785
[CLEAN C1475] REJECT Scratch: area 1.0 < 20; long_side 1.0 < 10; skeleton_aspect 0.500 < 2.5; box_aspect 1.000 < 1.5
[CLEAN C1475] REJECT Pit: area 1.0 < 32
[CLEAN C1476] type=Rejected candidate=Scratch area=76.0 perimeter=49.3 bbox=(374,212,11,15) long=14.8 box_short=9.2 box_aspect=1.605 skeleton_width=4.00 skeleton_range=2.00-8.00 skeleton_aspect=3.699 merge_ratio=1.284 circularity=0.393
[CLEAN C1476] REJECT Scratch: 尺寸 0.249315 mm < 0.25 mm
[MEASURE C1476] Scratch width=0.249315 mm valid=False
[CLEAN C1477] type=Rejected area=26.0 perimeter=21.3 bbox=(353,211,7,8) long=7.8 box_short=4.9 box_aspect=1.571 skeleton_width=4.39 skeleton_range=2.00-5.60 skeleton_aspect=1.770 merge_ratio=0.761 circularity=0.719
[CLEAN C1477] REJECT Scratch: long_side 7.8 < 10; skeleton_aspect 1.770 < 2.5
[CLEAN C1477] REJECT Pit: area 26.0 < 32
[CLEAN C1478] type=Rejected area=15.5 perimeter=23.1 bbox=(466,208,8,7) long=8.6 box_short=3.8 box_aspect=2.263 skeleton_width=2.40 skeleton_range=2.00-4.00 skeleton_aspect=3.583 merge_ratio=0.751 circularity=0.366
[CLEAN C1478] REJECT Scratch: area 15.5 < 20; long_side 8.6 < 10
[CLEAN C1478] REJECT Pit: area 15.5 < 32; circularity 0.366 < 0.55
[CLEAN C1479] type=Rejected area=2.0 perimeter=6.0 bbox=(341,208,2,3) long=2.0 box_short=1.0 box_aspect=2.000 skeleton_width=2.00 skeleton_range=2.00-2.00 skeleton_aspect=1.000 merge_ratio=0.500 circularity=0.698
[CLEAN C1479] REJECT Scratch: area 2.0 < 20; long_side 2.0 < 10; skeleton_aspect 1.000 < 2.5
[CLEAN C1479] REJECT Pit: area 2.0 < 32
[CLEAN C1480] type=Rejected area=2.0 perimeter=6.0 bbox=(1151,204,2,3) long=2.0 box_short=1.0 box_aspect=2.000 skeleton_width=2.00 skeleton_range=2.00-2.00 skeleton_aspect=1.000 merge_ratio=0.500 circularity=0.698
[CLEAN C1480] REJECT Scratch: area 2.0 < 20; long_side 2.0 < 10; skeleton_aspect 1.000 < 2.5
[CLEAN C1480] REJECT Pit: area 2.0 < 32
[CLEAN C1481] type=Rejected area=22.0 perimeter=22.5 bbox=(400,197,9,5) long=8.0 box_short=4.0 box_aspect=2.000 skeleton_width=2.80 skeleton_range=2.00-5.60 skeleton_aspect=2.857 merge_ratio=0.982 circularity=0.547
[CLEAN C1481] REJECT Scratch: long_side 8.0 < 10
[CLEAN C1481] REJECT Pit: area 22.0 < 32; circularity 0.547 < 0.55
[CLEAN C1482] type=Rejected area=2.0 perimeter=6.0 bbox=(356,197,2,3) long=2.0 box_short=1.0 box_aspect=2.000 skeleton_width=2.00 skeleton_range=2.00-2.00 skeleton_aspect=1.000 merge_ratio=0.500 circularity=0.698
[CLEAN C1482] REJECT Scratch: area 2.0 < 20; long_side 2.0 < 10; skeleton_aspect 1.000 < 2.5
[CLEAN C1482] REJECT Pit: area 2.0 < 32
[CLEAN C1483] type=Rejected area=5.0 perimeter=10.8 bbox=(1150,194,3,5) long=4.0 box_short=2.0 box_aspect=2.000 skeleton_width=2.00 skeleton_range=2.00-2.80 skeleton_aspect=2.000 merge_ratio=0.625 circularity=0.536
[CLEAN C1483] REJECT Scratch: area 5.0 < 20; long_side 4.0 < 10; skeleton_aspect 2.000 < 2.5
[CLEAN C1483] REJECT Pit: area 5.0 < 32; circularity 0.536 < 0.55
[CLEAN C1484] type=Rejected area=1.0 perimeter=4.0 bbox=(702,192,2,2) long=1.0 box_short=1.0 box_aspect=1.000 skeleton_width=2.00 skeleton_range=2.00-2.00 skeleton_aspect=0.500 merge_ratio=0.500 circularity=0.785
[CLEAN C1484] REJECT Scratch: area 1.0 < 20; long_side 1.0 < 10; skeleton_aspect 0.500 < 2.5; box_aspect 1.000 < 1.5
[CLEAN C1484] REJECT Pit: area 1.0 < 32
[CLEAN C1485] type=Rejected area=1.0 perimeter=4.0 bbox=(356,190,2,2) long=1.0 box_short=1.0 box_aspect=1.000 skeleton_width=2.00 skeleton_range=2.00-2.00 skeleton_aspect=0.500 merge_ratio=0.500 circularity=0.785
[CLEAN C1485] REJECT Scratch: area 1.0 < 20; long_side 1.0 < 10; skeleton_aspect 0.500 < 2.5; box_aspect 1.000 < 1.5
[CLEAN C1485] REJECT Pit: area 1.0 < 32
[CLEAN C1486] type=Rejected area=2.0 perimeter=6.0 bbox=(1026,189,3,2) long=2.0 box_short=1.0 box_aspect=2.000 skeleton_width=2.00 skeleton_range=2.00-2.00 skeleton_aspect=1.000 merge_ratio=0.500 circularity=0.698
[CLEAN C1486] REJECT Scratch: area 2.0 < 20; long_side 2.0 < 10; skeleton_aspect 1.000 < 2.5
[CLEAN C1486] REJECT Pit: area 2.0 < 32
[CLEAN C1487] type=Rejected area=1.0 perimeter=4.0 bbox=(658,189,2,2) long=1.0 box_short=1.0 box_aspect=1.000 skeleton_width=2.00 skeleton_range=2.00-2.00 skeleton_aspect=0.500 merge_ratio=0.500 circularity=0.785
[CLEAN C1487] REJECT Scratch: area 1.0 < 20; long_side 1.0 < 10; skeleton_aspect 0.500 < 2.5; box_aspect 1.000 < 1.5
[CLEAN C1487] REJECT Pit: area 1.0 < 32
[CLEAN C1488] type=Rejected area=1.0 perimeter=4.0 bbox=(812,186,2,2) long=1.0 box_short=1.0 box_aspect=1.000 skeleton_width=2.00 skeleton_range=2.00-2.00 skeleton_aspect=0.500 merge_ratio=0.500 circularity=0.785
[CLEAN C1488] REJECT Scratch: area 1.0 < 20; long_side 1.0 < 10; skeleton_aspect 0.500 < 2.5; box_aspect 1.000 < 1.5
[CLEAN C1488] REJECT Pit: area 1.0 < 32
[CLEAN C1489] type=Rejected candidate=Scratch area=34.0 perimeter=45.7 bbox=(1224,183,3,22) long=21.0 box_short=2.0 box_aspect=10.500 skeleton_width=2.00 skeleton_range=2.00-4.00 skeleton_aspect=10.500 merge_ratio=0.810 circularity=0.205
[CLEAN C1489] REJECT Scratch: 不可测: 划痕最大宽度点超出中央有效测量区域
[MEASURE C1489] Scratch 不可测: 划痕最大宽度点超出中央有效测量区域
[CLEAN C1490] type=Rejected area=2.0 perimeter=6.0 bbox=(464,183,2,3) long=2.0 box_short=1.0 box_aspect=2.000 skeleton_width=2.00 skeleton_range=2.00-2.00 skeleton_aspect=1.000 merge_ratio=0.500 circularity=0.698
[CLEAN C1490] REJECT Scratch: area 2.0 < 20; long_side 2.0 < 10; skeleton_aspect 1.000 < 2.5
[CLEAN C1490] REJECT Pit: area 2.0 < 32
[CLEAN C1491] type=Rejected area=13.0 perimeter=16.5 bbox=(584,181,6,6) long=7.1 box_short=2.8 box_aspect=2.500 skeleton_width=2.80 skeleton_range=2.00-4.00 skeleton_aspect=2.525 merge_ratio=0.657 circularity=0.601
[CLEAN C1491] REJECT Scratch: area 13.0 < 20; long_side 7.1 < 10
[CLEAN C1491] REJECT Pit: area 13.0 < 32
[CLEAN C1492] type=Rejected area=2.0 perimeter=6.0 bbox=(333,181,2,3) long=2.0 box_short=1.0 box_aspect=2.000 skeleton_width=2.00 skeleton_range=2.00-2.00 skeleton_aspect=1.000 merge_ratio=0.500 circularity=0.698
[CLEAN C1492] REJECT Scratch: area 2.0 < 20; long_side 2.0 < 10; skeleton_aspect 1.000 < 2.5
[CLEAN C1492] REJECT Pit: area 2.0 < 32
[CLEAN C1493] type=Rejected area=1.0 perimeter=4.0 bbox=(933,179,2,2) long=1.0 box_short=1.0 box_aspect=1.000 skeleton_width=2.00 skeleton_range=2.00-2.00 skeleton_aspect=0.500 merge_ratio=0.500 circularity=0.785
[CLEAN C1493] REJECT Scratch: area 1.0 < 20; long_side 1.0 < 10; skeleton_aspect 0.500 < 2.5; box_aspect 1.000 < 1.5
[CLEAN C1493] REJECT Pit: area 1.0 < 32
[CLEAN C1494] type=Rejected candidate=Scratch area=38.0 perimeter=29.3 bbox=(597,178,7,12) long=11.0 box_short=5.4 box_aspect=2.043 skeleton_width=4.00 skeleton_range=2.00-5.60 skeleton_aspect=2.750 merge_ratio=0.863 circularity=0.556
[CLEAN C1494] REJECT Scratch: 尺寸 0.129529 mm < 0.25 mm
[MEASURE C1494] Scratch width=0.129529 mm valid=False
[CLEAN C1495] type=Rejected area=1.0 perimeter=4.0 bbox=(320,169,2,2) long=1.0 box_short=1.0 box_aspect=1.000 skeleton_width=2.00 skeleton_range=2.00-2.00 skeleton_aspect=0.500 merge_ratio=0.500 circularity=0.785
[CLEAN C1495] REJECT Scratch: area 1.0 < 20; long_side 1.0 < 10; skeleton_aspect 0.500 < 2.5; box_aspect 1.000 < 1.5
[CLEAN C1495] REJECT Pit: area 1.0 < 32
[CLEAN C1496] type=Pit area=51.0 perimeter=33.3 bbox=(363,167,11,10) long=10.7 box_short=8.2 box_aspect=1.300 skeleton_width=4.20 skeleton_range=2.00-7.19 skeleton_aspect=2.546 merge_ratio=1.137 circularity=0.577
[MEASURE C1496] Pit diameter=0.298860 mm valid=True
Pit: area = 51.0 diameter_mm = 0.2988603413105011 circularity = 0.577476194346044
[CLEAN C1497] type=Rejected area=1.0 perimeter=4.0 bbox=(1151,164,2,2) long=1.0 box_short=1.0 box_aspect=1.000 skeleton_width=2.00 skeleton_range=2.00-2.00 skeleton_aspect=0.500 merge_ratio=0.500 circularity=0.785
[CLEAN C1497] REJECT Scratch: area 1.0 < 20; long_side 1.0 < 10; skeleton_aspect 0.500 < 2.5; box_aspect 1.000 < 1.5
[CLEAN C1497] REJECT Pit: area 1.0 < 32
[CLEAN C1498] type=Rejected area=15.0 perimeter=24.8 bbox=(354,164,3,12) long=11.0 box_short=2.0 box_aspect=5.500 skeleton_width=2.00 skeleton_range=2.00-4.00 skeleton_aspect=5.500 merge_ratio=0.682 circularity=0.306
[CLEAN C1498] REJECT Scratch: area 15.0 < 20
[CLEAN C1498] REJECT Pit: area 15.0 < 32; circularity 0.306 < 0.55; aspect_ratio 5.500 > 5.0
[CLEAN C1499] type=Rejected area=10.0 perimeter=21.7 bbox=(691,163,6,8) long=8.6 box_short=3.3 box_aspect=2.619 skeleton_width=2.00 skeleton_range=2.00-4.00 skeleton_aspect=4.295 merge_ratio=0.582 circularity=0.268
[CLEAN C1499] REJECT Scratch: area 10.0 < 20; long_side 8.6 < 10
[CLEAN C1499] REJECT Pit: area 10.0 < 32; circularity 0.268 < 0.55
[CLEAN C1500] type=Rejected area=1.0 perimeter=4.0 bbox=(321,161,2,2) long=1.0 box_short=1.0 box_aspect=1.000 skeleton_width=2.00 skeleton_range=2.00-2.00 skeleton_aspect=0.500 merge_ratio=0.500 circularity=0.785
[CLEAN C1500] REJECT Scratch: area 1.0 < 20; long_side 1.0 < 10; skeleton_aspect 0.500 < 2.5; box_aspect 1.000 < 1.5
[CLEAN C1500] REJECT Pit: area 1.0 < 32
[CLEAN C1501] type=Rejected candidate=Scratch area=22.0 perimeter=35.7 bbox=(1223,160,4,16) long=15.0 box_short=3.0 box_aspect=5.000 skeleton_width=2.00 skeleton_range=2.00-4.00 skeleton_aspect=7.500 merge_ratio=0.733 circularity=0.217
[CLEAN C1501] REJECT Scratch: 不可测: 划痕最大宽度点超出中央有效测量区域
[MEASURE C1501] Scratch 不可测: 划痕最大宽度点超出中央有效测量区域
[CLEAN C1502] type=Rejected area=24.5 perimeter=21.9 bbox=(594,160,9,6) long=9.4 box_short=3.9 box_aspect=2.429 skeleton_width=4.00 skeleton_range=2.00-4.39 skeleton_aspect=2.357 merge_ratio=0.650 circularity=0.642
[CLEAN C1502] REJECT Scratch: long_side 9.4 < 10; skeleton_aspect 2.357 < 2.5
[CLEAN C1502] REJECT Pit: area 24.5 < 32
[CLEAN C1503] type=Rejected area=1.0 perimeter=4.0 bbox=(914,156,2,2) long=1.0 box_short=1.0 box_aspect=1.000 skeleton_width=2.00 skeleton_range=2.00-2.00 skeleton_aspect=0.500 merge_ratio=0.500 circularity=0.785
[CLEAN C1503] REJECT Scratch: area 1.0 < 20; long_side 1.0 < 10; skeleton_aspect 0.500 < 2.5; box_aspect 1.000 < 1.5
[CLEAN C1503] REJECT Pit: area 1.0 < 32
[CLEAN C1504] type=Rejected area=1.0 perimeter=4.0 bbox=(1019,155,2,2) long=1.0 box_short=1.0 box_aspect=1.000 skeleton_width=2.00 skeleton_range=2.00-2.00 skeleton_aspect=0.500 merge_ratio=0.500 circularity=0.785
[CLEAN C1504] REJECT Scratch: area 1.0 < 20; long_side 1.0 < 10; skeleton_aspect 0.500 < 2.5; box_aspect 1.000 < 1.5
[CLEAN C1504] REJECT Pit: area 1.0 < 32
[CLEAN C1505] type=Rejected area=0.0 perimeter=6.0 bbox=(1275,154,1,4) long=3.0 box_short=0.0 box_aspect=inf skeleton_width=2.00 skeleton_range=2.00-2.00 skeleton_aspect=1.500 merge_ratio=0.000 circularity=0.000
[CLEAN C1505] REJECT Scratch: area 0.0 < 20; 旋转包围框存在零边长; skeleton_aspect 1.500 < 2.5
[CLEAN C1505] REJECT Pit: area 0.0 < 32; 旋转包围框存在零边长
[CLEAN C1506] type=Rejected area=1.0 perimeter=4.0 bbox=(673,154,2,2) long=1.0 box_short=1.0 box_aspect=1.000 skeleton_width=2.00 skeleton_range=2.00-2.00 skeleton_aspect=0.500 merge_ratio=0.500 circularity=0.785
[CLEAN C1506] REJECT Scratch: area 1.0 < 20; long_side 1.0 < 10; skeleton_aspect 0.500 < 2.5; box_aspect 1.000 < 1.5
[CLEAN C1506] REJECT Pit: area 1.0 < 32
[CLEAN C1507] type=Rejected area=1.0 perimeter=4.0 bbox=(341,153,2,2) long=1.0 box_short=1.0 box_aspect=1.000 skeleton_width=2.00 skeleton_range=2.00-2.00 skeleton_aspect=0.500 merge_ratio=0.500 circularity=0.785
[CLEAN C1507] REJECT Scratch: area 1.0 < 20; long_side 1.0 < 10; skeleton_aspect 0.500 < 2.5; box_aspect 1.000 < 1.5
[CLEAN C1507] REJECT Pit: area 1.0 < 32
[CLEAN C1508] type=Rejected area=1.0 perimeter=4.0 bbox=(345,152,2,2) long=1.0 box_short=1.0 box_aspect=1.000 skeleton_width=2.00 skeleton_range=2.00-2.00 skeleton_aspect=0.500 merge_ratio=0.500 circularity=0.785
[CLEAN C1508] REJECT Scratch: area 1.0 < 20; long_side 1.0 < 10; skeleton_aspect 0.500 < 2.5; box_aspect 1.000 < 1.5
[CLEAN C1508] REJECT Pit: area 1.0 < 32
[CLEAN C1509] type=Rejected area=1.0 perimeter=4.0 bbox=(1167,151,2,2) long=1.0 box_short=1.0 box_aspect=1.000 skeleton_width=2.00 skeleton_range=2.00-2.00 skeleton_aspect=0.500 merge_ratio=0.500 circularity=0.785
[CLEAN C1509] REJECT Scratch: area 1.0 < 20; long_side 1.0 < 10; skeleton_aspect 0.500 < 2.5; box_aspect 1.000 < 1.5
[CLEAN C1509] REJECT Pit: area 1.0 < 32
[CLEAN C1510] type=Rejected area=3.0 perimeter=6.8 bbox=(353,151,3,3) long=2.8 box_short=1.4 box_aspect=2.000 skeleton_width=2.00 skeleton_range=2.00-2.80 skeleton_aspect=1.414 merge_ratio=0.530 circularity=0.809
[CLEAN C1510] REJECT Scratch: area 3.0 < 20; long_side 2.8 < 10; skeleton_aspect 1.414 < 2.5
[CLEAN C1510] REJECT Pit: area 3.0 < 32
[CLEAN C1511] type=Rejected area=38.5 perimeter=40.7 bbox=(512,150,12,12) long=11.8 box_short=9.7 box_aspect=1.225 skeleton_width=2.80 skeleton_range=2.00-5.60 skeleton_aspect=4.222 merge_ratio=1.163 circularity=0.292
[CLEAN C1511] REJECT Scratch: box_aspect 1.225 < 1.5
[CLEAN C1511] REJECT Pit: circularity 0.292 < 0.55
[CLEAN C1512] type=Rejected area=2.0 perimeter=6.0 bbox=(538,149,3,2) long=2.0 box_short=1.0 box_aspect=2.000 skeleton_width=2.00 skeleton_range=2.00-2.00 skeleton_aspect=1.000 merge_ratio=0.500 circularity=0.698
[CLEAN C1512] REJECT Scratch: area 2.0 < 20; long_side 2.0 < 10; skeleton_aspect 1.000 < 2.5
[CLEAN C1512] REJECT Pit: area 2.0 < 32
[CLEAN C1513] type=Rejected area=1.0 perimeter=4.0 bbox=(298,149,2,2) long=1.0 box_short=1.0 box_aspect=1.000 skeleton_width=2.00 skeleton_range=2.00-2.00 skeleton_aspect=0.500 merge_ratio=0.500 circularity=0.785
[CLEAN C1513] REJECT Scratch: area 1.0 < 20; long_side 1.0 < 10; skeleton_aspect 0.500 < 2.5; box_aspect 1.000 < 1.5
[CLEAN C1513] REJECT Pit: area 1.0 < 32
[CLEAN C1514] type=Rejected area=17.5 perimeter=22.2 bbox=(1223,146,4,10) long=9.3 box_short=2.8 box_aspect=3.300 skeleton_width=2.80 skeleton_range=2.00-4.00 skeleton_aspect=3.334 merge_ratio=0.670 circularity=0.445
[CLEAN C1514] REJECT Scratch: area 17.5 < 20; long_side 9.3 < 10
[CLEAN C1514] REJECT Pit: area 17.5 < 32; circularity 0.445 < 0.55
[CLEAN C1515] type=Rejected area=1.0 perimeter=4.0 bbox=(122,146,2,2) long=1.0 box_short=1.0 box_aspect=1.000 skeleton_width=2.00 skeleton_range=2.00-2.00 skeleton_aspect=0.500 merge_ratio=0.500 circularity=0.785
[CLEAN C1515] REJECT Scratch: area 1.0 < 20; long_side 1.0 < 10; skeleton_aspect 0.500 < 2.5; box_aspect 1.000 < 1.5
[CLEAN C1515] REJECT Pit: area 1.0 < 32
[CLEAN C1516] type=Rejected candidate=Pit area=57.5 perimeter=30.7 bbox=(361,145,10,10) long=9.0 box_short=9.0 box_aspect=1.000 skeleton_width=5.00 skeleton_range=2.00-8.00 skeleton_aspect=1.801 merge_ratio=1.279 circularity=0.765
[CLEAN C1516] REJECT Pit: 尺寸 0.245074 mm < 0.25 mm
[MEASURE C1516] Pit diameter=0.245074 mm valid=False
[CLEAN C1517] type=Rejected candidate=Scratch area=37.5 perimeter=28.7 bbox=(1155,141,12,7) long=11.2 box_short=5.8 box_aspect=1.917 skeleton_width=3.60 skeleton_range=2.00-6.39 skeleton_aspect=3.102 merge_ratio=0.934 circularity=0.571
[CLEAN C1517] REJECT Scratch: 不可测: 划痕最大宽度点超出中央有效测量区域
[MEASURE C1517] Scratch 不可测: 划痕最大宽度点超出中央有效测量区域
[CLEAN C1518] type=Rejected area=2.0 perimeter=6.0 bbox=(354,140,2,3) long=2.0 box_short=1.0 box_aspect=2.000 skeleton_width=2.00 skeleton_range=2.00-2.00 skeleton_aspect=1.000 merge_ratio=0.500 circularity=0.698
[CLEAN C1518] REJECT Scratch: area 2.0 < 20; long_side 2.0 < 10; skeleton_aspect 1.000 < 2.5
[CLEAN C1518] REJECT Pit: area 2.0 < 32
[CLEAN C1519] type=Rejected area=3.0 perimeter=8.0 bbox=(933,139,2,4) long=3.0 box_short=1.0 box_aspect=3.000 skeleton_width=2.00 skeleton_range=2.00-2.00 skeleton_aspect=1.500 merge_ratio=0.500 circularity=0.589
[CLEAN C1519] REJECT Scratch: area 3.0 < 20; long_side 3.0 < 10; skeleton_aspect 1.500 < 2.5
[CLEAN C1519] REJECT Pit: area 3.0 < 32
[CLEAN C1520] type=Rejected area=5.0 perimeter=8.8 bbox=(1224,138,3,4) long=3.0 box_short=2.0 box_aspect=1.500 skeleton_width=2.40 skeleton_range=2.00-2.80 skeleton_aspect=1.250 merge_ratio=0.694 circularity=0.806
[CLEAN C1520] REJECT Scratch: area 5.0 < 20; long_side 3.0 < 10; skeleton_aspect 1.250 < 2.5
[CLEAN C1520] REJECT Pit: area 5.0 < 32
[CLEAN C1521] type=Rejected area=8.0 perimeter=18.8 bbox=(449,138,4,8) long=7.4 box_short=2.5 box_aspect=3.000 skeleton_width=2.00 skeleton_range=2.00-4.00 skeleton_aspect=3.699 merge_ratio=0.541 circularity=0.284
[CLEAN C1521] REJECT Scratch: area 8.0 < 20; long_side 7.4 < 10
[CLEAN C1521] REJECT Pit: area 8.0 < 32; circularity 0.284 < 0.55
[CLEAN C1522] type=Rejected area=1.0 perimeter=4.0 bbox=(1098,136,2,2) long=1.0 box_short=1.0 box_aspect=1.000 skeleton_width=2.00 skeleton_range=2.00-2.00 skeleton_aspect=0.500 merge_ratio=0.500 circularity=0.785
[CLEAN C1522] REJECT Scratch: area 1.0 < 20; long_side 1.0 < 10; skeleton_aspect 0.500 < 2.5; box_aspect 1.000 < 1.5
[CLEAN C1522] REJECT Pit: area 1.0 < 32
[CLEAN C1523] type=Rejected area=3.5 perimeter=7.4 bbox=(369,136,3,3) long=2.0 box_short=2.0 box_aspect=1.000 skeleton_width=2.00 skeleton_range=2.00-2.80 skeleton_aspect=1.000 merge_ratio=0.875 circularity=0.800
[CLEAN C1523] REJECT Scratch: area 3.5 < 20; long_side 2.0 < 10; skeleton_aspect 1.000 < 2.5; box_aspect 1.000 < 1.5
[CLEAN C1523] REJECT Pit: area 3.5 < 32
[CLEAN C1524] type=Rejected candidate=Scratch area=26.5 perimeter=27.9 bbox=(323,136,7,11) long=10.6 box_short=4.6 box_aspect=2.333 skeleton_width=2.80 skeleton_range=2.00-4.39 skeleton_aspect=3.796 merge_ratio=0.890 circularity=0.428
[CLEAN C1524] REJECT Scratch: 尺寸 0.114009 mm < 0.25 mm
[MEASURE C1524] Scratch width=0.114009 mm valid=False
[CLEAN C1525] type=Rejected area=6.0 perimeter=10.8 bbox=(598,134,5,3) long=4.0 box_short=2.0 box_aspect=2.000 skeleton_width=2.00 skeleton_range=2.00-2.80 skeleton_aspect=2.000 merge_ratio=0.750 circularity=0.643
[CLEAN C1525] REJECT Scratch: area 6.0 < 20; long_side 4.0 < 10; skeleton_aspect 2.000 < 2.5
[CLEAN C1525] REJECT Pit: area 6.0 < 32
[CLEAN C1526] type=Rejected area=5.5 perimeter=9.4 bbox=(330,134,4,3) long=3.0 box_short=2.0 box_aspect=1.500 skeleton_width=2.00 skeleton_range=2.00-4.00 skeleton_aspect=1.500 merge_ratio=0.917 circularity=0.780
[CLEAN C1526] REJECT Scratch: area 5.5 < 20; long_side 3.0 < 10; skeleton_aspect 1.500 < 2.5
[CLEAN C1526] REJECT Pit: area 5.5 < 32
[CLEAN C1527] type=Rejected area=1.0 perimeter=4.0 bbox=(1224,132,2,2) long=1.0 box_short=1.0 box_aspect=1.000 skeleton_width=2.00 skeleton_range=2.00-2.00 skeleton_aspect=0.500 merge_ratio=0.500 circularity=0.785
[CLEAN C1527] REJECT Scratch: area 1.0 < 20; long_side 1.0 < 10; skeleton_aspect 0.500 < 2.5; box_aspect 1.000 < 1.5
[CLEAN C1527] REJECT Pit: area 1.0 < 32
[CLEAN C1528] type=Rejected area=30.0 perimeter=24.5 bbox=(674,132,8,8) long=7.0 box_short=7.0 box_aspect=1.000 skeleton_width=4.00 skeleton_range=2.00-5.60 skeleton_aspect=1.750 merge_ratio=1.071 circularity=0.629
[CLEAN C1528] REJECT Scratch: long_side 7.0 < 10; skeleton_aspect 1.750 < 2.5; box_aspect 1.000 < 1.5
[CLEAN C1528] REJECT Pit: area 30.0 < 32
[CLEAN C1529] type=Rejected area=4.0 perimeter=8.8 bbox=(320,131,3,4) long=3.0 box_short=2.0 box_aspect=1.500 skeleton_width=2.00 skeleton_range=2.00-2.80 skeleton_aspect=1.500 merge_ratio=0.667 circularity=0.645
[CLEAN C1529] REJECT Scratch: area 4.0 < 20; long_side 3.0 < 10; skeleton_aspect 1.500 < 2.5
[CLEAN C1529] REJECT Pit: area 4.0 < 32
[CLEAN C1530] type=Rejected area=1.0 perimeter=4.0 bbox=(1259,129,2,2) long=1.0 box_short=1.0 box_aspect=1.000 skeleton_width=2.00 skeleton_range=2.00-2.00 skeleton_aspect=0.500 merge_ratio=0.500 circularity=0.785
[CLEAN C1530] REJECT Scratch: area 1.0 < 20; long_side 1.0 < 10; skeleton_aspect 0.500 < 2.5; box_aspect 1.000 < 1.5
[CLEAN C1530] REJECT Pit: area 1.0 < 32
[CLEAN C1531] type=Rejected area=3.0 perimeter=6.8 bbox=(341,129,3,3) long=2.8 box_short=1.4 box_aspect=2.000 skeleton_width=2.00 skeleton_range=2.00-2.80 skeleton_aspect=1.414 merge_ratio=0.530 circularity=0.809
[CLEAN C1531] REJECT Scratch: area 3.0 < 20; long_side 2.8 < 10; skeleton_aspect 1.414 < 2.5
[CLEAN C1531] REJECT Pit: area 3.0 < 32
[CLEAN C1532] type=Rejected area=4.5 perimeter=9.4 bbox=(330,128,4,3) long=3.0 box_short=2.0 box_aspect=1.500 skeleton_width=2.00 skeleton_range=2.00-2.80 skeleton_aspect=1.500 merge_ratio=0.750 circularity=0.638
[CLEAN C1532] REJECT Scratch: area 4.5 < 20; long_side 3.0 < 10; skeleton_aspect 1.500 < 2.5
[CLEAN C1532] REJECT Pit: area 4.5 < 32
[CLEAN C1533] type=Rejected candidate=Scratch area=37.5 perimeter=35.9 bbox=(404,122,10,12) long=12.7 box_short=6.2 box_aspect=2.025 skeleton_width=2.00 skeleton_range=2.00-6.00 skeleton_aspect=6.325 merge_ratio=1.482 circularity=0.366
[CLEAN C1533] REJECT Scratch: 尺寸 0.164833 mm < 0.25 mm
[MEASURE C1533] Scratch width=0.164833 mm valid=False
[CLEAN C1534] type=Rejected candidate=Scratch area=66.0 perimeter=59.3 bbox=(309,122,6,26) long=25.2 box_short=4.6 box_aspect=5.495 skeleton_width=4.00 skeleton_range=2.00-5.60 skeleton_aspect=6.300 merge_ratio=0.655 circularity=0.236
[CLEAN C1534] REJECT Scratch: 尺寸 0.088910 mm < 0.25 mm
[MEASURE C1534] Scratch width=0.088910 mm valid=False
[CLEAN C1535] type=Rejected area=29.5 perimeter=23.9 bbox=(543,120,9,7) long=7.9 box_short=6.0 box_aspect=1.316 skeleton_width=4.39 skeleton_range=2.00-6.00 skeleton_aspect=1.799 merge_ratio=0.849 circularity=0.649
[CLEAN C1535] REJECT Scratch: long_side 7.9 < 10; skeleton_aspect 1.799 < 2.5; box_aspect 1.316 < 1.5
[CLEAN C1535] REJECT Pit: area 29.5 < 32
[CLEAN C1536] type=Rejected area=10.0 perimeter=23.7 bbox=(595,118,6,7) long=6.0 box_short=5.0 box_aspect=1.200 skeleton_width=2.00 skeleton_range=2.00-4.00 skeleton_aspect=3.000 merge_ratio=0.833 circularity=0.225
[CLEAN C1536] REJECT Scratch: area 10.0 < 20; long_side 6.0 < 10; box_aspect 1.200 < 1.5
[CLEAN C1536] REJECT Pit: area 10.0 < 32; circularity 0.225 < 0.55
[CLEAN C1537] type=Rejected area=5.5 perimeter=10.2 bbox=(1223,117,4,4) long=4.0 box_short=2.2 box_aspect=1.800 skeleton_width=2.00 skeleton_range=2.00-2.80 skeleton_aspect=2.012 merge_ratio=0.683 circularity=0.659
[CLEAN C1537] REJECT Scratch: area 5.5 < 20; long_side 4.0 < 10; skeleton_aspect 2.012 < 2.5
[CLEAN C1537] REJECT Pit: area 5.5 < 32
[CLEAN C1538] type=Rejected area=1.0 perimeter=4.0 bbox=(1150,117,2,2) long=1.0 box_short=1.0 box_aspect=1.000 skeleton_width=2.00 skeleton_range=2.00-2.00 skeleton_aspect=0.500 merge_ratio=0.500 circularity=0.785
[CLEAN C1538] REJECT Scratch: area 1.0 < 20; long_side 1.0 < 10; skeleton_aspect 0.500 < 2.5; box_aspect 1.000 < 1.5
[CLEAN C1538] REJECT Pit: area 1.0 < 32
[CLEAN C1539] type=Rejected candidate=Scratch area=41.0 perimeter=44.1 bbox=(648,112,9,17) long=17.5 box_short=5.6 box_aspect=3.133 skeleton_width=2.00 skeleton_range=2.00-5.60 skeleton_aspect=8.728 merge_ratio=1.174 circularity=0.264
[CLEAN C1539] REJECT Scratch: 尺寸 0.076426 mm < 0.25 mm
[MEASURE C1539] Scratch width=0.076426 mm valid=False
[CLEAN C1540] type=Scratch area=105.0 perimeter=54.6 bbox=(360,112,11,19) long=18.0 box_short=10.0 box_aspect=1.800 skeleton_width=4.39 skeleton_range=2.00-8.40 skeleton_aspect=4.097 merge_ratio=1.328 circularity=0.442
[MEASURE C1540] Scratch width=0.265715 mm valid=True
Scratch: area = 105.0 width_px = 4.393799781799316 width_mm = 0.2657153295835487 ratio = 4.096681891278345
[CLEAN C1541] type=Rejected area=3.5 perimeter=7.4 bbox=(308,110,3,3) long=2.0 box_short=2.0 box_aspect=1.000 skeleton_width=2.00 skeleton_range=2.00-2.80 skeleton_aspect=1.000 merge_ratio=0.875 circularity=0.800
[CLEAN C1541] REJECT Scratch: area 3.5 < 20; long_side 2.0 < 10; skeleton_aspect 1.000 < 2.5; box_aspect 1.000 < 1.5
[CLEAN C1541] REJECT Pit: area 3.5 < 32
[CLEAN C1542] type=Rejected area=1.0 perimeter=4.0 bbox=(324,109,2,2) long=1.0 box_short=1.0 box_aspect=1.000 skeleton_width=2.00 skeleton_range=2.00-2.00 skeleton_aspect=0.500 merge_ratio=0.500 circularity=0.785
[CLEAN C1542] REJECT Scratch: area 1.0 < 20; long_side 1.0 < 10; skeleton_aspect 0.500 < 2.5; box_aspect 1.000 < 1.5
[CLEAN C1542] REJECT Pit: area 1.0 < 32
[CLEAN C1543] type=Rejected area=5.0 perimeter=8.8 bbox=(399,106,3,4) long=3.0 box_short=2.0 box_aspect=1.500 skeleton_width=2.40 skeleton_range=2.00-2.80 skeleton_aspect=1.250 merge_ratio=0.694 circularity=0.806
[CLEAN C1543] REJECT Scratch: area 5.0 < 20; long_side 3.0 < 10; skeleton_aspect 1.250 < 2.5
[CLEAN C1543] REJECT Pit: area 5.0 < 32
[CLEAN C1544] type=Rejected candidate=Pit area=44.0 perimeter=28.5 bbox=(247,105,8,10) long=9.0 box_short=7.0 box_aspect=1.286 skeleton_width=4.20 skeleton_range=2.00-7.19 skeleton_aspect=2.144 merge_ratio=1.165 circularity=0.681
[CLEAN C1544] REJECT Pit: 不可测: 凹点中心超出中央有效测量区域
[MEASURE C1544] Pit 不可测: 凹点中心超出中央有效测量区域
[CLEAN C1545] type=Rejected area=1.0 perimeter=4.0 bbox=(1224,104,2,2) long=1.0 box_short=1.0 box_aspect=1.000 skeleton_width=2.00 skeleton_range=2.00-2.00 skeleton_aspect=0.500 merge_ratio=0.500 circularity=0.785
[CLEAN C1545] REJECT Scratch: area 1.0 < 20; long_side 1.0 < 10; skeleton_aspect 0.500 < 2.5; box_aspect 1.000 < 1.5
[CLEAN C1545] REJECT Pit: area 1.0 < 32
[CLEAN C1546] type=Pit area=39.0 perimeter=27.3 bbox=(616,104,7,11) long=10.8 box_short=5.4 box_aspect=2.000 skeleton_width=4.39 skeleton_range=2.00-6.00 skeleton_aspect=2.447 merge_ratio=0.826 circularity=0.657
[MEASURE C1546] Pit diameter=0.253436 mm valid=True
Pit: area = 39.0 diameter_mm = 0.25343576073646545 circularity = 0.6569209872404411
[CLEAN C1547] type=Rejected area=3.5 perimeter=7.4 bbox=(308,103,3,3) long=2.0 box_short=2.0 box_aspect=1.000 skeleton_width=2.00 skeleton_range=2.00-2.80 skeleton_aspect=1.000 merge_ratio=0.875 circularity=0.800
[CLEAN C1547] REJECT Scratch: area 3.5 < 20; long_side 2.0 < 10; skeleton_aspect 1.000 < 2.5; box_aspect 1.000 < 1.5
[CLEAN C1547] REJECT Pit: area 3.5 < 32
[CLEAN C1548] type=Rejected area=3.5 perimeter=7.4 bbox=(1149,102,3,3) long=2.0 box_short=2.0 box_aspect=1.000 skeleton_width=2.00 skeleton_range=2.00-2.80 skeleton_aspect=1.000 merge_ratio=0.875 circularity=0.800
[CLEAN C1548] REJECT Scratch: area 3.5 < 20; long_side 2.0 < 10; skeleton_aspect 1.000 < 2.5; box_aspect 1.000 < 1.5
[CLEAN C1548] REJECT Pit: area 3.5 < 32
[CLEAN C1549] type=Rejected area=1.0 perimeter=4.0 bbox=(739,101,2,2) long=1.0 box_short=1.0 box_aspect=1.000 skeleton_width=2.00 skeleton_range=2.00-2.00 skeleton_aspect=0.500 merge_ratio=0.500 circularity=0.785
[CLEAN C1549] REJECT Scratch: area 1.0 < 20; long_side 1.0 < 10; skeleton_aspect 0.500 < 2.5; box_aspect 1.000 < 1.5
[CLEAN C1549] REJECT Pit: area 1.0 < 32
[CLEAN C1550] type=Rejected area=4.0 perimeter=10.8 bbox=(325,101,4,4) long=4.2 box_short=2.1 box_aspect=2.000 skeleton_width=2.00 skeleton_range=2.00-2.00 skeleton_aspect=2.121 merge_ratio=0.471 circularity=0.429
[CLEAN C1550] REJECT Scratch: area 4.0 < 20; long_side 4.2 < 10; skeleton_aspect 2.121 < 2.5
[CLEAN C1550] REJECT Pit: area 4.0 < 32; circularity 0.429 < 0.55
[CLEAN C1551] type=Rejected area=30.5 perimeter=21.9 bbox=(343,99,8,7) long=7.0 box_short=6.0 box_aspect=1.167 skeleton_width=4.39 skeleton_range=2.80-6.00 skeleton_aspect=1.593 merge_ratio=0.992 circularity=0.799
[CLEAN C1551] REJECT Scratch: long_side 7.0 < 10; skeleton_aspect 1.593 < 2.5; box_aspect 1.167 < 1.5
[CLEAN C1551] REJECT Pit: area 30.5 < 32
[CLEAN C1552] type=Rejected area=29.0 perimeter=24.5 bbox=(538,93,10,6) long=9.0 box_short=5.0 box_aspect=1.800 skeleton_width=4.00 skeleton_range=2.00-5.60 skeleton_aspect=2.250 merge_ratio=0.806 circularity=0.608
[CLEAN C1552] REJECT Scratch: long_side 9.0 < 10; skeleton_aspect 2.250 < 2.5
[CLEAN C1552] REJECT Pit: area 29.0 < 32
[CLEAN C1553] type=Rejected area=1.0 perimeter=4.0 bbox=(8,92,2,2) long=1.0 box_short=1.0 box_aspect=1.000 skeleton_width=2.00 skeleton_range=2.00-2.00 skeleton_aspect=0.500 merge_ratio=0.500 circularity=0.785
[CLEAN C1553] REJECT Scratch: area 1.0 < 20; long_side 1.0 < 10; skeleton_aspect 0.500 < 2.5; box_aspect 1.000 < 1.5
[CLEAN C1553] REJECT Pit: area 1.0 < 32
[CLEAN C1554] type=Rejected area=1.0 perimeter=4.0 bbox=(1148,91,2,2) long=1.0 box_short=1.0 box_aspect=1.000 skeleton_width=2.00 skeleton_range=2.00-2.00 skeleton_aspect=0.500 merge_ratio=0.500 circularity=0.785
[CLEAN C1554] REJECT Scratch: area 1.0 < 20; long_side 1.0 < 10; skeleton_aspect 0.500 < 2.5; box_aspect 1.000 < 1.5
[CLEAN C1554] REJECT Pit: area 1.0 < 32
[CLEAN C1555] type=Rejected area=3.5 perimeter=7.4 bbox=(927,91,3,3) long=2.0 box_short=2.0 box_aspect=1.000 skeleton_width=2.00 skeleton_range=2.00-2.80 skeleton_aspect=1.000 merge_ratio=0.875 circularity=0.800
[CLEAN C1555] REJECT Scratch: area 3.5 < 20; long_side 2.0 < 10; skeleton_aspect 1.000 < 2.5; box_aspect 1.000 < 1.5
[CLEAN C1555] REJECT Pit: area 3.5 < 32
[CLEAN C1556] type=Rejected area=1.0 perimeter=4.0 bbox=(743,91,2,2) long=1.0 box_short=1.0 box_aspect=1.000 skeleton_width=2.00 skeleton_range=2.00-2.00 skeleton_aspect=0.500 merge_ratio=0.500 circularity=0.785
[CLEAN C1556] REJECT Scratch: area 1.0 < 20; long_side 1.0 < 10; skeleton_aspect 0.500 < 2.5; box_aspect 1.000 < 1.5
[CLEAN C1556] REJECT Pit: area 1.0 < 32
[CLEAN C1557] type=Rejected area=3.5 perimeter=7.4 bbox=(1259,90,3,3) long=2.0 box_short=2.0 box_aspect=1.000 skeleton_width=2.00 skeleton_range=2.00-2.80 skeleton_aspect=1.000 merge_ratio=0.875 circularity=0.800
[CLEAN C1557] REJECT Scratch: area 3.5 < 20; long_side 2.0 < 10; skeleton_aspect 1.000 < 2.5; box_aspect 1.000 < 1.5
[CLEAN C1557] REJECT Pit: area 3.5 < 32
[CLEAN C1558] type=Rejected area=5.5 perimeter=10.2 bbox=(320,90,4,4) long=4.2 box_short=2.1 box_aspect=2.000 skeleton_width=2.00 skeleton_range=2.00-2.80 skeleton_aspect=2.121 merge_ratio=0.648 circularity=0.659
[CLEAN C1558] REJECT Scratch: area 5.5 < 20; long_side 4.2 < 10; skeleton_aspect 2.121 < 2.5
[CLEAN C1558] REJECT Pit: area 5.5 < 32
[CLEAN C1559] type=Rejected area=1.0 perimeter=4.0 bbox=(673,89,2,2) long=1.0 box_short=1.0 box_aspect=1.000 skeleton_width=2.00 skeleton_range=2.00-2.00 skeleton_aspect=0.500 merge_ratio=0.500 circularity=0.785
[CLEAN C1559] REJECT Scratch: area 1.0 < 20; long_side 1.0 < 10; skeleton_aspect 0.500 < 2.5; box_aspect 1.000 < 1.5
[CLEAN C1559] REJECT Pit: area 1.0 < 32
[CLEAN C1560] type=Pit area=58.5 perimeter=31.9 bbox=(360,88,11,9) long=10.0 box_short=8.0 box_aspect=1.250 skeleton_width=4.39 skeleton_range=2.00-7.19 skeleton_aspect=2.276 merge_ratio=1.331 circularity=0.722
[MEASURE C1560] Pit diameter=0.321121 mm valid=True
Pit: area = 58.5 diameter_mm = 0.3211214542388916 circularity = 0.7224339064908882
[CLEAN C1561] type=Rejected area=5.0 perimeter=10.8 bbox=(295,85,5,3) long=4.0 box_short=2.0 box_aspect=2.000 skeleton_width=2.00 skeleton_range=2.00-2.80 skeleton_aspect=2.000 merge_ratio=0.625 circularity=0.536
[CLEAN C1561] REJECT Scratch: area 5.0 < 20; long_side 4.0 < 10; skeleton_aspect 2.000 < 2.5
[CLEAN C1561] REJECT Pit: area 5.0 < 32; circularity 0.536 < 0.55
[CLEAN C1562] type=Rejected area=10.5 perimeter=25.1 bbox=(564,84,6,10) long=10.2 box_short=3.3 box_aspect=3.120 skeleton_width=2.00 skeleton_range=2.00-2.80 skeleton_aspect=5.121 merge_ratio=0.513 circularity=0.210
[CLEAN C1562] REJECT Scratch: area 10.5 < 20
[CLEAN C1562] REJECT Pit: area 10.5 < 32; circularity 0.210 < 0.55
[CLEAN C1563] type=Rejected area=9.5 perimeter=14.2 bbox=(581,83,6,4) long=5.0 box_short=3.0 box_aspect=1.667 skeleton_width=2.00 skeleton_range=2.00-4.00 skeleton_aspect=2.500 merge_ratio=0.950 circularity=0.589
[CLEAN C1563] REJECT Scratch: area 9.5 < 20; long_side 5.0 < 10
[CLEAN C1563] REJECT Pit: area 9.5 < 32
[CLEAN C1564] type=Rejected area=1.0 perimeter=4.0 bbox=(746,82,2,2) long=1.0 box_short=1.0 box_aspect=1.000 skeleton_width=2.00 skeleton_range=2.00-2.00 skeleton_aspect=0.500 merge_ratio=0.500 circularity=0.785
[CLEAN C1564] REJECT Scratch: area 1.0 < 20; long_side 1.0 < 10; skeleton_aspect 0.500 < 2.5; box_aspect 1.000 < 1.5
[CLEAN C1564] REJECT Pit: area 1.0 < 32
[CLEAN C1565] type=Rejected area=1.0 perimeter=4.0 bbox=(911,80,2,2) long=1.0 box_short=1.0 box_aspect=1.000 skeleton_width=2.00 skeleton_range=2.00-2.00 skeleton_aspect=0.500 merge_ratio=0.500 circularity=0.785
[CLEAN C1565] REJECT Scratch: area 1.0 < 20; long_side 1.0 < 10; skeleton_aspect 0.500 < 2.5; box_aspect 1.000 < 1.5
[CLEAN C1565] REJECT Pit: area 1.0 < 32
[CLEAN C1566] type=Rejected area=2.0 perimeter=6.0 bbox=(3,76,3,2) long=2.0 box_short=1.0 box_aspect=2.000 skeleton_width=2.00 skeleton_range=2.00-2.00 skeleton_aspect=1.000 merge_ratio=0.500 circularity=0.698
[CLEAN C1566] REJECT Scratch: area 2.0 < 20; long_side 2.0 < 10; skeleton_aspect 1.000 < 2.5
[CLEAN C1566] REJECT Pit: area 2.0 < 32
[CLEAN C1567] type=Rejected area=7.5 perimeter=14.2 bbox=(887,75,6,4) long=5.0 box_short=3.0 box_aspect=1.667 skeleton_width=2.00 skeleton_range=2.00-2.80 skeleton_aspect=2.500 merge_ratio=0.750 circularity=0.465
[CLEAN C1567] REJECT Scratch: area 7.5 < 20; long_side 5.0 < 10
[CLEAN C1567] REJECT Pit: area 7.5 < 32; circularity 0.465 < 0.55
[CLEAN C1568] type=Rejected area=1.0 perimeter=4.0 bbox=(517,75,2,2) long=1.0 box_short=1.0 box_aspect=1.000 skeleton_width=2.00 skeleton_range=2.00-2.00 skeleton_aspect=0.500 merge_ratio=0.500 circularity=0.785
[CLEAN C1568] REJECT Scratch: area 1.0 < 20; long_side 1.0 < 10; skeleton_aspect 0.500 < 2.5; box_aspect 1.000 < 1.5
[CLEAN C1568] REJECT Pit: area 1.0 < 32
[CLEAN C1569] type=Rejected area=1.0 perimeter=4.0 bbox=(1150,74,2,2) long=1.0 box_short=1.0 box_aspect=1.000 skeleton_width=2.00 skeleton_range=2.00-2.00 skeleton_aspect=0.500 merge_ratio=0.500 circularity=0.785
[CLEAN C1569] REJECT Scratch: area 1.0 < 20; long_side 1.0 < 10; skeleton_aspect 0.500 < 2.5; box_aspect 1.000 < 1.5
[CLEAN C1569] REJECT Pit: area 1.0 < 32
[CLEAN C1570] type=Rejected candidate=Scratch area=36.0 perimeter=37.7 bbox=(320,73,6,14) long=13.0 box_short=5.0 box_aspect=2.600 skeleton_width=2.40 skeleton_range=2.00-6.00 skeleton_aspect=5.417 merge_ratio=1.154 circularity=0.319
[CLEAN C1570] REJECT Scratch: 尺寸 0.168933 mm < 0.25 mm
[MEASURE C1570] Scratch width=0.168933 mm valid=False
[CLEAN C1571] type=Rejected area=4.0 perimeter=10.8 bbox=(365,69,5,3) long=4.4 box_short=1.6 box_aspect=2.800 skeleton_width=2.00 skeleton_range=2.00-2.00 skeleton_aspect=2.214 merge_ratio=0.452 circularity=0.429
[CLEAN C1571] REJECT Scratch: area 4.0 < 20; long_side 4.4 < 10; skeleton_aspect 2.214 < 2.5
[CLEAN C1571] REJECT Pit: area 4.0 < 32; circularity 0.429 < 0.55
[CLEAN C1572] type=Rejected area=8.5 perimeter=12.2 bbox=(401,68,4,5) long=4.0 box_short=3.0 box_aspect=1.333 skeleton_width=2.80 skeleton_range=2.00-4.00 skeleton_aspect=1.429 merge_ratio=0.759 circularity=0.713
[CLEAN C1572] REJECT Scratch: area 8.5 < 20; long_side 4.0 < 10; skeleton_aspect 1.429 < 2.5; box_aspect 1.333 < 1.5
[CLEAN C1572] REJECT Pit: area 8.5 < 32
[CLEAN C1573] type=Rejected area=2.0 perimeter=6.0 bbox=(4,63,3,2) long=2.0 box_short=1.0 box_aspect=2.000 skeleton_width=2.00 skeleton_range=2.00-2.00 skeleton_aspect=1.000 merge_ratio=0.500 circularity=0.698
[CLEAN C1573] REJECT Scratch: area 2.0 < 20; long_side 2.0 < 10; skeleton_aspect 1.000 < 2.5
[CLEAN C1573] REJECT Pit: area 2.0 < 32
[CLEAN C1574] type=Rejected area=16.0 perimeter=18.5 bbox=(775,62,8,5) long=7.6 box_short=3.3 box_aspect=2.278 skeleton_width=2.80 skeleton_range=2.00-4.00 skeleton_aspect=2.719 merge_ratio=0.751 circularity=0.588
[CLEAN C1574] REJECT Scratch: area 16.0 < 20; long_side 7.6 < 10
[CLEAN C1574] REJECT Pit: area 16.0 < 32
[CLEAN C1575] type=Rejected area=4.5 perimeter=9.4 bbox=(328,62,4,3) long=3.0 box_short=2.0 box_aspect=1.500 skeleton_width=2.00 skeleton_range=2.00-2.80 skeleton_aspect=1.500 merge_ratio=0.750 circularity=0.638
[CLEAN C1575] REJECT Scratch: area 4.5 < 20; long_side 3.0 < 10; skeleton_aspect 1.500 < 2.5
[CLEAN C1575] REJECT Pit: area 4.5 < 32
[CLEAN C1576] type=Rejected area=14.5 perimeter=15.1 bbox=(1142,59,5,6) long=5.0 box_short=4.0 box_aspect=1.250 skeleton_width=2.80 skeleton_range=2.00-4.39 skeleton_aspect=1.786 merge_ratio=1.036 circularity=0.802
[CLEAN C1576] REJECT Scratch: area 14.5 < 20; long_side 5.0 < 10; skeleton_aspect 1.786 < 2.5; box_aspect 1.250 < 1.5
[CLEAN C1576] REJECT Pit: area 14.5 < 32
[CLEAN C1577] type=Rejected area=19.0 perimeter=22.5 bbox=(760,59,8,7) long=6.4 box_short=5.2 box_aspect=1.231 skeleton_width=2.00 skeleton_range=2.00-4.39 skeleton_aspect=3.200 merge_ratio=1.484 circularity=0.472
[CLEAN C1577] REJECT Scratch: area 19.0 < 20; long_side 6.4 < 10; box_aspect 1.231 < 1.5
[CLEAN C1577] REJECT Pit: area 19.0 < 32; circularity 0.472 < 0.55
[CLEAN C1578] type=Rejected area=23.0 perimeter=21.3 bbox=(623,59,8,7) long=7.5 box_short=4.6 box_aspect=1.630 skeleton_width=3.60 skeleton_range=2.00-4.39 skeleton_aspect=2.098 merge_ratio=0.847 circularity=0.636
[CLEAN C1578] REJECT Scratch: long_side 7.5 < 10; skeleton_aspect 2.098 < 2.5
[CLEAN C1578] REJECT Pit: area 23.0 < 32
[CLEAN C1579] type=Rejected candidate=Scratch area=47.5 perimeter=32.7 bbox=(564,59,8,12) long=11.0 box_short=7.0 box_aspect=1.571 skeleton_width=3.60 skeleton_range=2.00-6.39 skeleton_aspect=3.058 merge_ratio=1.201 circularity=0.557
[CLEAN C1579] REJECT Scratch: 尺寸 0.147824 mm < 0.25 mm
[MEASURE C1579] Scratch width=0.147824 mm valid=False
[CLEAN C1580] type=Rejected area=7.0 perimeter=17.7 bbox=(459,59,6,6) long=7.0 box_short=2.2 box_aspect=3.182 skeleton_width=2.00 skeleton_range=2.00-2.00 skeleton_aspect=3.500 merge_ratio=0.500 circularity=0.282
[CLEAN C1580] REJECT Scratch: area 7.0 < 20; long_side 7.0 < 10
[CLEAN C1580] REJECT Pit: area 7.0 < 32; circularity 0.282 < 0.55
[CLEAN C1581] type=Rejected area=5.0 perimeter=16.8 bbox=(294,59,3,8) long=7.2 box_short=1.5 box_aspect=4.889 skeleton_width=2.00 skeleton_range=2.00-2.00 skeleton_aspect=3.617 merge_ratio=0.346 circularity=0.222
[CLEAN C1581] REJECT Scratch: area 5.0 < 20; long_side 7.2 < 10
[CLEAN C1581] REJECT Pit: area 5.0 < 32; circularity 0.222 < 0.55
[CLEAN C1582] type=Rejected candidate=Pit area=35.5 perimeter=23.9 bbox=(1148,56,9,7) long=8.0 box_short=6.0 box_aspect=1.333 skeleton_width=4.39 skeleton_range=2.00-5.60 skeleton_aspect=1.821 merge_ratio=1.010 circularity=0.781
[CLEAN C1582] REJECT Pit: 不可测: 凹点中心超出中央有效测量区域
[MEASURE C1582] Pit 不可测: 凹点中心超出中央有效测量区域
[CLEAN C1583] type=Rejected area=1.0 perimeter=4.0 bbox=(465,56,2,2) long=1.0 box_short=1.0 box_aspect=1.000 skeleton_width=2.00 skeleton_range=2.00-2.00 skeleton_aspect=0.500 merge_ratio=0.500 circularity=0.785
[CLEAN C1583] REJECT Scratch: area 1.0 < 20; long_side 1.0 < 10; skeleton_aspect 0.500 < 2.5; box_aspect 1.000 < 1.5
[CLEAN C1583] REJECT Pit: area 1.0 < 32
[CLEAN C1584] type=Rejected area=4.0 perimeter=8.0 bbox=(0,56,3,3) long=2.0 box_short=2.0 box_aspect=1.000 skeleton_width=2.00 skeleton_range=2.00-4.00 skeleton_aspect=1.000 merge_ratio=1.000 circularity=0.785
[CLEAN C1584] REJECT Scratch: area 4.0 < 20; long_side 2.0 < 10; skeleton_aspect 1.000 < 2.5; box_aspect 1.000 < 1.5
[CLEAN C1584] REJECT Pit: area 4.0 < 32
[CLEAN C1585] type=Rejected candidate=Scratch area=25.0 perimeter=45.3 bbox=(739,55,19,6) long=18.2 box_short=3.6 box_aspect=5.106 skeleton_width=2.00 skeleton_range=2.00-2.80 skeleton_aspect=9.123 merge_ratio=0.685 circularity=0.153
[CLEAN C1585] REJECT Scratch: 尺寸 0.076450 mm < 0.25 mm
[MEASURE C1585] Scratch width=0.076450 mm valid=False
[CLEAN C1586] type=Rejected area=12.0 perimeter=17.7 bbox=(621,52,6,6) long=6.9 box_short=3.1 box_aspect=2.273 skeleton_width=2.40 skeleton_range=2.00-4.00 skeleton_aspect=2.889 merge_ratio=0.721 circularity=0.484
[CLEAN C1586] REJECT Scratch: area 12.0 < 20; long_side 6.9 < 10
[CLEAN C1586] REJECT Pit: area 12.0 < 32; circularity 0.484 < 0.55
[CLEAN C1587] type=Rejected area=1.0 perimeter=4.0 bbox=(378,49,2,2) long=1.0 box_short=1.0 box_aspect=1.000 skeleton_width=2.00 skeleton_range=2.00-2.00 skeleton_aspect=0.500 merge_ratio=0.500 circularity=0.785
[CLEAN C1587] REJECT Scratch: area 1.0 < 20; long_side 1.0 < 10; skeleton_aspect 0.500 < 2.5; box_aspect 1.000 < 1.5
[CLEAN C1587] REJECT Pit: area 1.0 < 32
[CLEAN C1588] type=Pit area=121.0 perimeter=48.6 bbox=(355,49,14,16) long=16.9 box_short=11.3 box_aspect=1.500 skeleton_width=6.79 skeleton_range=2.00-10.39 skeleton_aspect=2.488 merge_ratio=1.054 circularity=0.643
[MEASURE C1588] Pit diameter=0.426092 mm valid=True
Pit: area = 121.0 diameter_mm = 0.4260924160480499 circularity = 0.6430323714475037
[CLEAN C1589] type=Rejected area=12.5 perimeter=22.2 bbox=(328,49,4,10) long=9.5 box_short=2.7 box_aspect=3.545 skeleton_width=2.00 skeleton_range=2.00-4.00 skeleton_aspect=4.729 merge_ratio=0.661 circularity=0.318
[CLEAN C1589] REJECT Scratch: area 12.5 < 20; long_side 9.5 < 10
[CLEAN C1589] REJECT Pit: area 12.5 < 32; circularity 0.318 < 0.55
[CLEAN C1590] type=Rejected candidate=Pit area=50.0 perimeter=28.1 bbox=(1139,47,10,9) long=9.9 box_short=7.1 box_aspect=1.400 skeleton_width=5.60 skeleton_range=2.00-7.19 skeleton_aspect=1.768 merge_ratio=0.902 circularity=0.793
[CLEAN C1590] REJECT Pit: 不可测: 凹点中心超出中央有效测量区域
[MEASURE C1590] Pit 不可测: 凹点中心超出中央有效测量区域
[CLEAN C1591] type=Rejected area=2.0 perimeter=6.0 bbox=(611,47,2,3) long=2.0 box_short=1.0 box_aspect=2.000 skeleton_width=2.00 skeleton_range=2.00-2.00 skeleton_aspect=1.000 merge_ratio=0.500 circularity=0.698
[CLEAN C1591] REJECT Scratch: area 2.0 < 20; long_side 2.0 < 10; skeleton_aspect 1.000 < 2.5
[CLEAN C1591] REJECT Pit: area 2.0 < 32
[CLEAN C1592] type=Rejected area=28.5 perimeter=26.2 bbox=(398,46,7,9) long=8.0 box_short=6.0 box_aspect=1.333 skeleton_width=4.00 skeleton_range=2.00-5.60 skeleton_aspect=2.000 merge_ratio=0.891 circularity=0.520
[CLEAN C1592] REJECT Scratch: long_side 8.0 < 10; skeleton_aspect 2.000 < 2.5; box_aspect 1.333 < 1.5
[CLEAN C1592] REJECT Pit: area 28.5 < 32; circularity 0.520 < 0.55
[CLEAN C1593] type=Rejected candidate=Scratch area=73.0 perimeter=55.0 bbox=(307,45,7,24) long=23.0 box_short=6.0 box_aspect=3.833 skeleton_width=4.00 skeleton_range=2.00-6.00 skeleton_aspect=5.750 merge_ratio=0.793 circularity=0.304
[CLEAN C1593] REJECT Scratch: 尺寸 0.198562 mm < 0.25 mm
[MEASURE C1593] Scratch width=0.198562 mm valid=False
[CLEAN C1594] type=Rejected area=1.0 perimeter=4.0 bbox=(329,44,2,2) long=1.0 box_short=1.0 box_aspect=1.000 skeleton_width=2.00 skeleton_range=2.00-2.00 skeleton_aspect=0.500 merge_ratio=0.500 circularity=0.785
[CLEAN C1594] REJECT Scratch: area 1.0 < 20; long_side 1.0 < 10; skeleton_aspect 0.500 < 2.5; box_aspect 1.000 < 1.5
[CLEAN C1594] REJECT Pit: area 1.0 < 32
[CLEAN C1595] type=Rejected area=3.0 perimeter=6.8 bbox=(734,42,3,3) long=2.8 box_short=1.4 box_aspect=2.000 skeleton_width=2.00 skeleton_range=2.00-2.80 skeleton_aspect=1.414 merge_ratio=0.530 circularity=0.809
[CLEAN C1595] REJECT Scratch: area 3.0 < 20; long_side 2.8 < 10; skeleton_aspect 1.414 < 2.5
[CLEAN C1595] REJECT Pit: area 3.0 < 32
[CLEAN C1596] type=Rejected candidate=Scratch area=34.5 perimeter=51.9 bbox=(45,42,4,24) long=23.0 box_short=3.0 box_aspect=7.667 skeleton_width=2.00 skeleton_range=2.00-4.00 skeleton_aspect=11.500 merge_ratio=0.750 circularity=0.161
[CLEAN C1596] REJECT Scratch: 不可测: 划痕最大宽度点超出中央有效测量区域
[MEASURE C1596] Scratch 不可测: 划痕最大宽度点超出中央有效测量区域
[CLEAN C1597] type=Rejected area=3.5 perimeter=7.4 bbox=(1149,36,3,3) long=2.0 box_short=2.0 box_aspect=1.000 skeleton_width=2.00 skeleton_range=2.00-2.80 skeleton_aspect=1.000 merge_ratio=0.875 circularity=0.800
[CLEAN C1597] REJECT Scratch: area 3.5 < 20; long_side 2.0 < 10; skeleton_aspect 1.000 < 2.5; box_aspect 1.000 < 1.5
[CLEAN C1597] REJECT Pit: area 3.5 < 32
[CLEAN C1598] type=Rejected area=1.0 perimeter=4.0 bbox=(719,36,2,2) long=1.0 box_short=1.0 box_aspect=1.000 skeleton_width=2.00 skeleton_range=2.00-2.00 skeleton_aspect=0.500 merge_ratio=0.500 circularity=0.785
[CLEAN C1598] REJECT Scratch: area 1.0 < 20; long_side 1.0 < 10; skeleton_aspect 0.500 < 2.5; box_aspect 1.000 < 1.5
[CLEAN C1598] REJECT Pit: area 1.0 < 32
[CLEAN C1599] type=Rejected area=1.0 perimeter=4.0 bbox=(393,34,2,2) long=1.0 box_short=1.0 box_aspect=1.000 skeleton_width=2.00 skeleton_range=2.00-2.00 skeleton_aspect=0.500 merge_ratio=0.500 circularity=0.785
[CLEAN C1599] REJECT Scratch: area 1.0 < 20; long_side 1.0 < 10; skeleton_aspect 0.500 < 2.5; box_aspect 1.000 < 1.5
[CLEAN C1599] REJECT Pit: area 1.0 < 32
[CLEAN C1600] type=Rejected area=2.0 perimeter=6.0 bbox=(715,33,2,3) long=2.0 box_short=1.0 box_aspect=2.000 skeleton_width=2.00 skeleton_range=2.00-2.00 skeleton_aspect=1.000 merge_ratio=0.500 circularity=0.698
[CLEAN C1600] REJECT Scratch: area 2.0 < 20; long_side 2.0 < 10; skeleton_aspect 1.000 < 2.5
[CLEAN C1600] REJECT Pit: area 2.0 < 32
[CLEAN C1601] type=Rejected area=10.0 perimeter=11.7 bbox=(419,33,4,5) long=4.0 box_short=3.0 box_aspect=1.333 skeleton_width=2.80 skeleton_range=2.80-4.00 skeleton_aspect=1.429 merge_ratio=0.893 circularity=0.925
[CLEAN C1601] REJECT Scratch: area 10.0 < 20; long_side 4.0 < 10; skeleton_aspect 1.429 < 2.5; box_aspect 1.333 < 1.5
[CLEAN C1601] REJECT Pit: area 10.0 < 32
[CLEAN C1602] type=Rejected area=3.5 perimeter=7.4 bbox=(595,32,3,3) long=2.0 box_short=2.0 box_aspect=1.000 skeleton_width=2.00 skeleton_range=2.00-2.80 skeleton_aspect=1.000 merge_ratio=0.875 circularity=0.800
[CLEAN C1602] REJECT Scratch: area 3.5 < 20; long_side 2.0 < 10; skeleton_aspect 1.000 < 2.5; box_aspect 1.000 < 1.5
[CLEAN C1602] REJECT Pit: area 3.5 < 32
[CLEAN C1603] type=Rejected area=5.5 perimeter=9.4 bbox=(313,32,3,4) long=3.0 box_short=2.0 box_aspect=1.500 skeleton_width=2.00 skeleton_range=2.00-4.00 skeleton_aspect=1.500 merge_ratio=0.917 circularity=0.780
[CLEAN C1603] REJECT Scratch: area 5.5 < 20; long_side 3.0 < 10; skeleton_aspect 1.500 < 2.5
[CLEAN C1603] REJECT Pit: area 5.5 < 32
[CLEAN C1604] type=Rejected area=11.0 perimeter=22.8 bbox=(301,31,3,11) long=10.0 box_short=2.0 box_aspect=5.000 skeleton_width=2.00 skeleton_range=2.00-2.80 skeleton_aspect=5.000 merge_ratio=0.550 circularity=0.265
[CLEAN C1604] REJECT Scratch: area 11.0 < 20
[CLEAN C1604] REJECT Pit: area 11.0 < 32; circularity 0.265 < 0.55
[CLEAN C1605] type=Rejected area=22.0 perimeter=26.5 bbox=(703,30,10,6) long=9.0 box_short=5.0 box_aspect=1.800 skeleton_width=2.00 skeleton_range=2.00-4.39 skeleton_aspect=4.500 merge_ratio=1.222 circularity=0.394
[CLEAN C1605] REJECT Scratch: long_side 9.0 < 10
[CLEAN C1605] REJECT Pit: area 22.0 < 32; circularity 0.394 < 0.55
[CLEAN C1606] type=Rejected candidate=Scratch area=24.0 perimeter=26.5 bbox=(365,29,6,11) long=10.7 box_short=4.6 box_aspect=2.316 skeleton_width=2.80 skeleton_range=2.00-4.39 skeleton_aspect=3.811 merge_ratio=0.803 circularity=0.430
[CLEAN C1606] REJECT Scratch: 尺寸 0.114905 mm < 0.25 mm
[MEASURE C1606] Scratch width=0.114905 mm valid=False
[CLEAN C1607] type=Rejected area=17.0 perimeter=19.7 bbox=(546,28,6,7) long=6.0 box_short=5.0 box_aspect=1.200 skeleton_width=2.80 skeleton_range=2.00-4.00 skeleton_aspect=2.143 merge_ratio=1.012 circularity=0.553
[CLEAN C1607] REJECT Scratch: area 17.0 < 20; long_side 6.0 < 10; skeleton_aspect 2.143 < 2.5; box_aspect 1.200 < 1.5
[CLEAN C1607] REJECT Pit: area 17.0 < 32
[CLEAN C1608] type=Rejected area=20.0 perimeter=21.7 bbox=(431,28,8,6) long=7.4 box_short=4.6 box_aspect=1.607 skeleton_width=2.80 skeleton_range=2.00-4.39 skeleton_aspect=2.642 merge_ratio=0.966 circularity=0.536
[CLEAN C1608] REJECT Scratch: long_side 7.4 < 10
[CLEAN C1608] REJECT Pit: area 20.0 < 32; circularity 0.536 < 0.55
[CLEAN C1609] type=Rejected area=5.0 perimeter=9.7 bbox=(690,27,4,4) long=4.2 box_short=1.4 box_aspect=3.000 skeleton_width=2.40 skeleton_range=2.00-2.80 skeleton_aspect=1.768 merge_ratio=0.491 circularity=0.674
[CLEAN C1609] REJECT Scratch: area 5.0 < 20; long_side 4.2 < 10; skeleton_aspect 1.768 < 2.5
[CLEAN C1609] REJECT Pit: area 5.0 < 32
[CLEAN C1610] type=Rejected area=21.0 perimeter=23.7 bbox=(118,23,9,6) long=8.0 box_short=5.0 box_aspect=1.600 skeleton_width=2.00 skeleton_range=2.00-4.39 skeleton_aspect=4.000 merge_ratio=1.312 circularity=0.472
[CLEAN C1610] REJECT Scratch: long_side 8.0 < 10
[CLEAN C1610] REJECT Pit: area 21.0 < 32; circularity 0.472 < 0.55
[CLEAN C1611] type=Rejected candidate=Scratch area=36.5 perimeter=29.9 bbox=(391,20,12,7) long=11.0 box_short=5.5 box_aspect=2.023 skeleton_width=4.00 skeleton_range=2.00-5.60 skeleton_aspect=2.760 merge_ratio=0.827 circularity=0.513
[CLEAN C1611] REJECT Scratch: 尺寸 0.111677 mm < 0.25 mm
[MEASURE C1611] Scratch width=0.111677 mm valid=False
[CLEAN C1612] type=Rejected area=1.0 perimeter=4.0 bbox=(271,18,2,2) long=1.0 box_short=1.0 box_aspect=1.000 skeleton_width=2.00 skeleton_range=2.00-2.00 skeleton_aspect=0.500 merge_ratio=0.500 circularity=0.785
[CLEAN C1612] REJECT Scratch: area 1.0 < 20; long_side 1.0 < 10; skeleton_aspect 0.500 < 2.5; box_aspect 1.000 < 1.5
[CLEAN C1612] REJECT Pit: area 1.0 < 32
[CLEAN C1613] type=Rejected area=17.0 perimeter=26.5 bbox=(258,18,12,5) long=11.3 box_short=3.1 box_aspect=3.632 skeleton_width=2.00 skeleton_range=2.00-4.00 skeleton_aspect=5.672 merge_ratio=0.749 circularity=0.305
[CLEAN C1613] REJECT Scratch: area 17.0 < 20
[CLEAN C1613] REJECT Pit: area 17.0 < 32; circularity 0.305 < 0.55
[CLEAN C1614] type=Rejected area=8.0 perimeter=10.8 bbox=(205,18,4,4) long=3.0 box_short=3.0 box_aspect=1.000 skeleton_width=2.80 skeleton_range=2.00-4.00 skeleton_aspect=1.071 merge_ratio=0.952 circularity=0.857
[CLEAN C1614] REJECT Scratch: area 8.0 < 20; long_side 3.0 < 10; skeleton_aspect 1.071 < 2.5; box_aspect 1.000 < 1.5
[CLEAN C1614] REJECT Pit: area 8.0 < 32
[CLEAN C1615] type=Rejected candidate=Scratch area=32.5 perimeter=41.1 bbox=(165,18,19,4) long=18.0 box_short=3.0 box_aspect=6.000 skeleton_width=2.80 skeleton_range=2.00-4.00 skeleton_aspect=6.429 merge_ratio=0.645 circularity=0.242
[CLEAN C1615] REJECT Scratch: 不可测: 划痕最大宽度点超出中央有效测量区域
[MEASURE C1615] Scratch 不可测: 划痕最大宽度点超出中央有效测量区域
[CLEAN C1616] type=Rejected area=3.0 perimeter=8.8 bbox=(386,17,4,3) long=3.6 box_short=1.3 box_aspect=2.667 skeleton_width=2.00 skeleton_range=2.00-2.00 skeleton_aspect=1.789 merge_ratio=0.419 circularity=0.484
[CLEAN C1616] REJECT Scratch: area 3.0 < 20; long_side 3.6 < 10; skeleton_aspect 1.789 < 2.5
[CLEAN C1616] REJECT Pit: area 3.0 < 32; circularity 0.484 < 0.55
[CLEAN C1617] type=Rejected candidate=Scratch area=38.0 perimeter=43.7 bbox=(233,17,21,4) long=20.0 box_short=3.0 box_aspect=6.667 skeleton_width=4.00 skeleton_range=2.00-4.00 skeleton_aspect=5.000 merge_ratio=0.475 circularity=0.251
[CLEAN C1617] REJECT Scratch: 不可测: 划痕最大宽度点超出中央有效测量区域
[MEASURE C1617] Scratch 不可测: 划痕最大宽度点超出中央有效测量区域
[CLEAN C1618] type=Rejected candidate=Scratch area=172.0 perimeter=87.6 bbox=(13,17,26,22) long=28.2 box_short=14.3 box_aspect=1.974 skeleton_width=4.39 skeleton_range=2.00-8.79 skeleton_aspect=6.423 merge_ratio=1.387 circularity=0.282
[CLEAN C1618] REJECT Scratch: 不可测: 划痕最大宽度点超出中央有效测量区域
[MEASURE C1618] Scratch 不可测: 划痕最大宽度点超出中央有效测量区域
[CLEAN C1619] type=Rejected candidate=Scratch area=57.5 perimeter=60.4 bbox=(324,16,7,26) long=25.1 box_short=5.9 box_aspect=4.243 skeleton_width=2.80 skeleton_range=2.00-5.60 skeleton_aspect=8.951 merge_ratio=0.819 circularity=0.198
[CLEAN C1619] REJECT Scratch: 尺寸 0.087445 mm < 0.25 mm
[MEASURE C1619] Scratch width=0.087445 mm valid=False
[CLEAN C1620] type=Rejected area=10.0 perimeter=13.7 bbox=(219,16,5,5) long=5.4 box_short=2.7 box_aspect=2.000 skeleton_width=2.80 skeleton_range=2.00-4.00 skeleton_aspect=1.917 merge_ratio=0.665 circularity=0.674
[CLEAN C1620] REJECT Scratch: area 10.0 < 20; long_side 5.4 < 10; skeleton_aspect 1.917 < 2.5
[CLEAN C1620] REJECT Pit: area 10.0 < 32
[CLEAN C1621] type=Rejected candidate=Scratch area=23.5 perimeter=26.2 bbox=(337,14,12,4) long=11.0 box_short=3.0 box_aspect=3.667 skeleton_width=4.00 skeleton_range=2.00-4.00 skeleton_aspect=2.750 merge_ratio=0.534 circularity=0.429
[CLEAN C1621] REJECT Scratch: 尺寸 0.076458 mm < 0.25 mm
[MEASURE C1621] Scratch width=0.076458 mm valid=False
[CLEAN C1622] type=Rejected area=47.5 perimeter=34.7 bbox=(305,12,11,11) long=9.9 box_short=9.9 box_aspect=1.000 skeleton_width=4.00 skeleton_range=2.00-6.39 skeleton_aspect=2.475 merge_ratio=1.200 circularity=0.495
[CLEAN C1622] REJECT Scratch: long_side 9.9 < 10; skeleton_aspect 2.475 < 2.5; box_aspect 1.000 < 1.5
[CLEAN C1622] REJECT Pit: circularity 0.495 < 0.55
[CLEAN C1623] type=Rejected candidate=Scratch area=24.0 perimeter=28.8 bbox=(249,12,14,3) long=13.0 box_short=2.0 box_aspect=6.500 skeleton_width=4.00 skeleton_range=2.00-4.00 skeleton_aspect=3.250 merge_ratio=0.462 circularity=0.363
[CLEAN C1623] REJECT Scratch: 尺寸 0.076475 mm < 0.25 mm
[MEASURE C1623] Scratch width=0.076475 mm valid=False
[CLEAN C1624] type=Rejected area=86.5 perimeter=61.2 bbox=(98,12,18,13) long=15.0 box_short=11.5 box_aspect=1.303 skeleton_width=2.80 skeleton_range=2.00-8.00 skeleton_aspect=5.356 merge_ratio=2.060 circularity=0.290
[CLEAN C1624] REJECT Scratch: box_aspect 1.303 < 1.5
[CLEAN C1624] REJECT Pit: circularity 0.290 < 0.55
[CLEAN C1625] type=Rejected area=6.0 perimeter=10.8 bbox=(832,11,5,3) long=4.0 box_short=2.0 box_aspect=2.000 skeleton_width=2.00 skeleton_range=2.00-2.80 skeleton_aspect=2.000 merge_ratio=0.750 circularity=0.643
[CLEAN C1625] REJECT Scratch: area 6.0 < 20; long_side 4.0 < 10; skeleton_aspect 2.000 < 2.5
[CLEAN C1625] REJECT Pit: area 6.0 < 32
[CLEAN C1626] type=Rejected area=1.0 perimeter=4.0 bbox=(447,11,2,2) long=1.0 box_short=1.0 box_aspect=1.000 skeleton_width=2.00 skeleton_range=2.00-2.00 skeleton_aspect=0.500 merge_ratio=0.500 circularity=0.785
[CLEAN C1626] REJECT Scratch: area 1.0 < 20; long_side 1.0 < 10; skeleton_aspect 0.500 < 2.5; box_aspect 1.000 < 1.5
[CLEAN C1626] REJECT Pit: area 1.0 < 32
[CLEAN C1627] type=Rejected area=1.0 perimeter=4.0 bbox=(441,11,2,2) long=1.0 box_short=1.0 box_aspect=1.000 skeleton_width=2.00 skeleton_range=2.00-2.00 skeleton_aspect=0.500 merge_ratio=0.500 circularity=0.785
[CLEAN C1627] REJECT Scratch: area 1.0 < 20; long_side 1.0 < 10; skeleton_aspect 0.500 < 2.5; box_aspect 1.000 < 1.5
[CLEAN C1627] REJECT Pit: area 1.0 < 32
[CLEAN C1628] type=Rejected area=147.5 perimeter=91.7 bbox=(0,11,25,17) long=19.8 box_short=19.1 box_aspect=1.037 skeleton_width=4.00 skeleton_range=2.00-8.00 skeleton_aspect=4.950 merge_ratio=1.862 circularity=0.220
[CLEAN C1628] REJECT Scratch: box_aspect 1.037 < 1.5
[CLEAN C1628] REJECT Pit: circularity 0.220 < 0.55
[CLEAN C1629] type=Rejected area=8.5 perimeter=12.2 bbox=(635,10,5,4) long=4.0 box_short=3.0 box_aspect=1.333 skeleton_width=2.80 skeleton_range=2.00-4.00 skeleton_aspect=1.429 merge_ratio=0.759 circularity=0.713
[CLEAN C1629] REJECT Scratch: area 8.5 < 20; long_side 4.0 < 10; skeleton_aspect 1.429 < 2.5; box_aspect 1.333 < 1.5
[CLEAN C1629] REJECT Pit: area 8.5 < 32
[CLEAN C1630] type=Rejected area=4.5 perimeter=9.4 bbox=(145,10,3,4) long=3.0 box_short=2.0 box_aspect=1.500 skeleton_width=2.00 skeleton_range=2.00-2.80 skeleton_aspect=1.500 merge_ratio=0.750 circularity=0.638
[CLEAN C1630] REJECT Scratch: area 4.5 < 20; long_side 3.0 < 10; skeleton_aspect 1.500 < 2.5
[CLEAN C1630] REJECT Pit: area 4.5 < 32
[CLEAN C1631] type=Rejected area=22.0 perimeter=21.7 bbox=(118,10,8,6) long=7.0 box_short=5.0 box_aspect=1.400 skeleton_width=2.40 skeleton_range=2.00-4.39 skeleton_aspect=2.917 merge_ratio=1.310 circularity=0.589
[CLEAN C1631] REJECT Scratch: long_side 7.0 < 10; box_aspect 1.400 < 1.5
[CLEAN C1631] REJECT Pit: area 22.0 < 32
[CLEAN C1632] type=Rejected candidate=Pit area=50.0 perimeter=29.7 bbox=(131,9,10,8) long=9.0 box_short=7.0 box_aspect=1.286 skeleton_width=4.39 skeleton_range=2.00-8.00 skeleton_aspect=2.048 merge_ratio=1.264 circularity=0.714
[CLEAN C1632] REJECT Pit: 不可测: 凹点中心超出中央有效测量区域
[MEASURE C1632] Pit 不可测: 凹点中心超出中央有效测量区域
[CLEAN C1633] type=Rejected candidate=Scratch area=158.0 perimeter=124.8 bbox=(62,9,34,15) long=33.5 box_short=13.1 box_aspect=2.558 skeleton_width=4.00 skeleton_range=2.00-7.19 skeleton_aspect=8.381 merge_ratio=1.178 circularity=0.128
[CLEAN C1633] REJECT Scratch: 不可测: 划痕最大宽度点超出中央有效测量区域
[MEASURE C1633] Scratch 不可测: 划痕最大宽度点超出中央有效测量区域
[CLEAN C1634] type=Rejected candidate=Pit area=96.5 perimeter=43.6 bbox=(35,9,15,11) long=14.0 box_short=9.9 box_aspect=1.417 skeleton_width=6.00 skeleton_range=2.00-9.99 skeleton_aspect=2.330 merge_ratio=1.152 circularity=0.639
[CLEAN C1634] REJECT Pit: 不可测: 凹点中心超出中央有效测量区域
[MEASURE C1634] Pit 不可测: 凹点中心超出中央有效测量区域
[CLEAN C1635] type=Rejected area=1.0 perimeter=4.0 bbox=(151,8,2,2) long=1.0 box_short=1.0 box_aspect=1.000 skeleton_width=2.00 skeleton_range=2.00-2.00 skeleton_aspect=0.500 merge_ratio=0.500 circularity=0.785
[CLEAN C1635] REJECT Scratch: area 1.0 < 20; long_side 1.0 < 10; skeleton_aspect 0.500 < 2.5; box_aspect 1.000 < 1.5
[CLEAN C1635] REJECT Pit: area 1.0 < 32
[CLEAN C1636] type=Rejected area=11.0 perimeter=12.8 bbox=(27,8,4,5) long=4.0 box_short=3.0 box_aspect=1.333 skeleton_width=3.40 skeleton_range=2.00-4.00 skeleton_aspect=1.176 merge_ratio=0.809 circularity=0.840
[CLEAN C1636] REJECT Scratch: area 11.0 < 20; long_side 4.0 < 10; skeleton_aspect 1.176 < 2.5; box_aspect 1.333 < 1.5
[CLEAN C1636] REJECT Pit: area 11.0 < 32
[CLEAN C1637] type=Rejected area=6.0 perimeter=10.8 bbox=(374,7,5,3) long=4.0 box_short=2.0 box_aspect=2.000 skeleton_width=2.00 skeleton_range=2.00-2.80 skeleton_aspect=2.000 merge_ratio=0.750 circularity=0.643
[CLEAN C1637] REJECT Scratch: area 6.0 < 20; long_side 4.0 < 10; skeleton_aspect 2.000 < 2.5
[CLEAN C1637] REJECT Pit: area 6.0 < 32
[CLEAN C1638] type=Rejected area=9.0 perimeter=16.8 bbox=(1149,6,3,8) long=7.0 box_short=2.0 box_aspect=3.500 skeleton_width=2.00 skeleton_range=2.00-2.80 skeleton_aspect=3.500 merge_ratio=0.643 circularity=0.399
[CLEAN C1638] REJECT Scratch: area 9.0 < 20; long_side 7.0 < 10
[CLEAN C1638] REJECT Pit: area 9.0 < 32; circularity 0.399 < 0.55
[CLEAN C1639] type=Rejected area=27.0 perimeter=24.5 bbox=(207,6,7,9) long=7.9 box_short=5.9 box_aspect=1.333 skeleton_width=4.00 skeleton_range=2.00-5.60 skeleton_aspect=1.973 merge_ratio=0.855 circularity=0.566
[CLEAN C1639] REJECT Scratch: long_side 7.9 < 10; skeleton_aspect 1.973 < 2.5; box_aspect 1.333 < 1.5
[CLEAN C1639] REJECT Pit: area 27.0 < 32
[CLEAN C1640] type=Rejected area=5.0 perimeter=10.8 bbox=(106,6,5,3) long=4.0 box_short=2.0 box_aspect=2.000 skeleton_width=2.00 skeleton_range=2.00-2.80 skeleton_aspect=2.000 merge_ratio=0.625 circularity=0.536
[CLEAN C1640] REJECT Scratch: area 5.0 < 20; long_side 4.0 < 10; skeleton_aspect 2.000 < 2.5
[CLEAN C1640] REJECT Pit: area 5.0 < 32; circularity 0.536 < 0.55
[CLEAN C1641] type=Rejected area=88.0 perimeter=76.6 bbox=(358,5,20,15) long=19.0 box_short=14.0 box_aspect=1.357 skeleton_width=3.40 skeleton_range=2.00-6.00 skeleton_aspect=5.588 merge_ratio=1.362 circularity=0.188
[CLEAN C1641] REJECT Scratch: box_aspect 1.357 < 1.5
[CLEAN C1641] REJECT Pit: circularity 0.188 < 0.55
[CLEAN C1642] type=Rejected area=131.5 perimeter=86.5 bbox=(183,5,22,19) long=21.0 box_short=18.0 box_aspect=1.167 skeleton_width=4.00 skeleton_range=2.00-9.99 skeleton_aspect=5.250 merge_ratio=1.565 circularity=0.221
[CLEAN C1642] REJECT Scratch: box_aspect 1.167 < 1.5
[CLEAN C1642] REJECT Pit: circularity 0.221 < 0.55
[CLEAN C1643] type=Rejected candidate=Scratch area=139.5 perimeter=95.4 bbox=(143,5,32,18) long=32.3 box_short=12.9 box_aspect=2.494 skeleton_width=4.00 skeleton_range=2.00-9.99 skeleton_aspect=8.069 merge_ratio=1.080 circularity=0.193
[CLEAN C1643] REJECT Scratch: 不可测: 划痕最大宽度点超出中央有效测量区域
[MEASURE C1643] Scratch 不可测: 划痕最大宽度点超出中央有效测量区域
[CLEAN C1644] type=Pit area=57.5 perimeter=30.7 bbox=(392,4,12,8) long=11.0 box_short=7.0 box_aspect=1.571 skeleton_width=5.80 skeleton_range=2.00-8.00 skeleton_aspect=1.897 merge_ratio=0.901 circularity=0.765
[MEASURE C1644] Pit diameter=0.288102 mm valid=True
Pit: area = 57.5 diameter_mm = 0.2881021499633789 circularity = 0.7652640873067481
[CLEAN C1645] type=Rejected area=7.5 perimeter=11.4 bbox=(252,4,3,5) long=4.0 box_short=2.0 box_aspect=2.000 skeleton_width=2.40 skeleton_range=2.00-4.00 skeleton_aspect=1.667 merge_ratio=0.781 circularity=0.723
[CLEAN C1645] REJECT Scratch: area 7.5 < 20; long_side 4.0 < 10; skeleton_aspect 1.667 < 2.5
[CLEAN C1645] REJECT Pit: area 7.5 < 32
[CLEAN C1646] type=Rejected area=5.0 perimeter=8.8 bbox=(242,4,3,4) long=3.0 box_short=2.0 box_aspect=1.500 skeleton_width=2.40 skeleton_range=2.00-2.80 skeleton_aspect=1.250 merge_ratio=0.694 circularity=0.806
[CLEAN C1646] REJECT Scratch: area 5.0 < 20; long_side 3.0 < 10; skeleton_aspect 1.250 < 2.5
[CLEAN C1646] REJECT Pit: area 5.0 < 32
[CLEAN C1647] type=Rejected candidate=Scratch area=166.5 perimeter=117.5 bbox=(280,3,25,24) long=29.6 box_short=17.0 box_aspect=1.745 skeleton_width=4.00 skeleton_range=2.00-8.39 skeleton_aspect=7.411 merge_ratio=1.404 circularity=0.152
[CLEAN C1647] REJECT Scratch: 尺寸 0.203789 mm < 0.25 mm
[MEASURE C1647] Scratch width=0.203789 mm valid=False
[CLEAN C1648] type=Rejected area=14.0 perimeter=16.5 bbox=(88,3,7,5) long=6.1 box_short=3.6 box_aspect=1.667 skeleton_width=2.80 skeleton_range=2.00-4.00 skeleton_aspect=2.165 merge_ratio=0.825 circularity=0.647
[CLEAN C1648] REJECT Scratch: area 14.0 < 20; long_side 6.1 < 10; skeleton_aspect 2.165 < 2.5
[CLEAN C1648] REJECT Pit: area 14.0 < 32
[CLEAN C1649] type=Rejected area=6.5 perimeter=10.2 bbox=(64,3,4,4) long=4.2 box_short=2.1 box_aspect=2.000 skeleton_width=2.80 skeleton_range=2.00-2.80 skeleton_aspect=1.515 merge_ratio=0.547 circularity=0.779
[CLEAN C1649] REJECT Scratch: area 6.5 < 20; long_side 4.2 < 10; skeleton_aspect 1.515 < 2.5
[CLEAN C1649] REJECT Pit: area 6.5 < 32
[CLEAN C1650] type=Rejected area=3.0 perimeter=8.0 bbox=(951,0,4,2) long=3.0 box_short=1.0 box_aspect=3.000 skeleton_width=2.00 skeleton_range=2.00-2.00 skeleton_aspect=1.500 merge_ratio=0.500 circularity=0.589
[CLEAN C1650] REJECT Scratch: area 3.0 < 20; long_side 3.0 < 10; skeleton_aspect 1.500 < 2.5
[CLEAN C1650] REJECT Pit: area 3.0 < 32
[CLEAN C1651] type=Rejected area=4.0 perimeter=10.0 bbox=(888,0,5,2) long=4.0 box_short=1.0 box_aspect=4.000 skeleton_width=2.00 skeleton_range=2.00-2.00 skeleton_aspect=2.000 merge_ratio=0.500 circularity=0.503
[CLEAN C1651] REJECT Scratch: area 4.0 < 20; long_side 4.0 < 10; skeleton_aspect 2.000 < 2.5
[CLEAN C1651] REJECT Pit: area 4.0 < 32; circularity 0.503 < 0.55
[CLEAN C1652] type=Rejected candidate=Scratch area=146.5 perimeter=103.1 bbox=(833,0,50,5) long=49.0 box_short=4.0 box_aspect=12.250 skeleton_width=4.00 skeleton_range=2.00-5.60 skeleton_aspect=12.250 merge_ratio=0.747 circularity=0.173
[CLEAN C1652] REJECT Scratch: 尺寸 0.094044 mm < 0.25 mm
[MEASURE C1652] Scratch width=0.094044 mm valid=False
[CLEAN C1653] type=Rejected candidate=Scratch area=648.0 perimeter=363.3 bbox=(657,0,171,10) long=170.0 box_short=9.0 box_aspect=18.889 skeleton_width=4.00 skeleton_range=2.00-9.99 skeleton_aspect=42.500 merge_ratio=0.953 circularity=0.062
[CLEAN C1653] REJECT Scratch: 尺寸 0.218142 mm < 0.25 mm
[MEASURE C1653] Scratch width=0.218142 mm valid=False
[CLEAN C1654] type=Rejected area=1.0 perimeter=4.0 bbox=(643,0,2,2) long=1.0 box_short=1.0 box_aspect=1.000 skeleton_width=2.00 skeleton_range=2.00-2.00 skeleton_aspect=0.500 merge_ratio=0.500 circularity=0.785
[CLEAN C1654] REJECT Scratch: area 1.0 < 20; long_side 1.0 < 10; skeleton_aspect 0.500 < 2.5; box_aspect 1.000 < 1.5
[CLEAN C1654] REJECT Pit: area 1.0 < 32
[CLEAN C1655] type=Rejected area=3.0 perimeter=8.0 bbox=(632,0,4,2) long=3.0 box_short=1.0 box_aspect=3.000 skeleton_width=2.00 skeleton_range=2.00-2.00 skeleton_aspect=1.500 merge_ratio=0.500 circularity=0.589
[CLEAN C1655] REJECT Scratch: area 3.0 < 20; long_side 3.0 < 10; skeleton_aspect 1.500 < 2.5
[CLEAN C1655] REJECT Pit: area 3.0 < 32
[CLEAN C1656] type=Rejected candidate=Scratch area=58.5 perimeter=66.2 bbox=(588,0,32,4) long=31.0 box_short=3.0 box_aspect=10.333 skeleton_width=4.00 skeleton_range=2.00-4.00 skeleton_aspect=7.750 merge_ratio=0.472 circularity=0.168
[CLEAN C1656] REJECT Scratch: 尺寸 0.099922 mm < 0.25 mm
[MEASURE C1656] Scratch width=0.099922 mm valid=False
[CLEAN C1657] type=Rejected area=2.0 perimeter=6.0 bbox=(560,0,3,2) long=2.0 box_short=1.0 box_aspect=2.000 skeleton_width=2.00 skeleton_range=2.00-2.00 skeleton_aspect=1.000 merge_ratio=0.500 circularity=0.698
[CLEAN C1657] REJECT Scratch: area 2.0 < 20; long_side 2.0 < 10; skeleton_aspect 1.000 < 2.5
[CLEAN C1657] REJECT Pit: area 2.0 < 32
[CLEAN C1658] type=Rejected candidate=Scratch area=136.0 perimeter=116.1 bbox=(492,0,55,5) long=54.0 box_short=4.0 box_aspect=13.500 skeleton_width=4.00 skeleton_range=2.00-6.00 skeleton_aspect=13.500 merge_ratio=0.630 circularity=0.127
[CLEAN C1658] REJECT Scratch: 尺寸 0.123454 mm < 0.25 mm
[MEASURE C1658] Scratch width=0.123454 mm valid=False
[CLEAN C1659] type=Rejected area=10.5 perimeter=18.2 bbox=(481,0,8,3) long=7.0 box_short=2.0 box_aspect=3.500 skeleton_width=2.00 skeleton_range=2.00-2.80 skeleton_aspect=3.500 merge_ratio=0.750 circularity=0.396
[CLEAN C1659] REJECT Scratch: area 10.5 < 20; long_side 7.0 < 10
[CLEAN C1659] REJECT Pit: area 10.5 < 32; circularity 0.396 < 0.55
[CLEAN C1660] type=Rejected candidate=Scratch area=70.0 perimeter=59.3 bbox=(452,0,25,7) long=24.0 box_short=6.0 box_aspect=4.000 skeleton_width=4.00 skeleton_range=2.00-5.60 skeleton_aspect=6.000 merge_ratio=0.729 circularity=0.250
[CLEAN C1660] REJECT Scratch: 尺寸 0.170466 mm < 0.25 mm
[MEASURE C1660] Scratch width=0.170466 mm valid=False
[CLEAN C1661] type=Rejected candidate=Scratch area=39.0 perimeter=43.7 bbox=(426,0,21,4) long=20.0 box_short=3.0 box_aspect=6.667 skeleton_width=2.80 skeleton_range=2.00-4.00 skeleton_aspect=7.143 merge_ratio=0.696 circularity=0.257
[CLEAN C1661] REJECT Scratch: 尺寸 0.076425 mm < 0.25 mm
[MEASURE C1661] Scratch width=0.076425 mm valid=False
[CLEAN C1662] type=Rejected candidate=Scratch area=25.0 perimeter=33.7 bbox=(404,0,16,3) long=15.0 box_short=2.0 box_aspect=7.500 skeleton_width=2.80 skeleton_range=2.00-4.00 skeleton_aspect=5.357 merge_ratio=0.595 circularity=0.277
[CLEAN C1662] REJECT Scratch: 尺寸 0.076428 mm < 0.25 mm
[MEASURE C1662] Scratch width=0.076428 mm valid=False
[CLEAN C1663] type=Rejected area=8.5 perimeter=11.4 bbox=(377,0,4,4) long=3.0 box_short=3.0 box_aspect=1.000 skeleton_width=2.80 skeleton_range=2.00-4.00 skeleton_aspect=1.071 merge_ratio=1.012 circularity=0.820
[CLEAN C1663] REJECT Scratch: area 8.5 < 20; long_side 3.0 < 10; skeleton_aspect 1.071 < 2.5; box_aspect 1.000 < 1.5
[CLEAN C1663] REJECT Pit: area 8.5 < 32
[CLEAN C1664] type=Rejected area=2.0 perimeter=6.0 bbox=(339,0,3,2) long=2.0 box_short=1.0 box_aspect=2.000 skeleton_width=2.00 skeleton_range=2.00-2.00 skeleton_aspect=1.000 merge_ratio=0.500 circularity=0.698
[CLEAN C1664] REJECT Scratch: area 2.0 < 20; long_side 2.0 < 10; skeleton_aspect 1.000 < 2.5
[CLEAN C1664] REJECT Pit: area 2.0 < 32
[CLEAN C1665] type=Rejected area=5.5 perimeter=11.4 bbox=(308,0,5,3) long=4.0 box_short=2.0 box_aspect=2.000 skeleton_width=2.00 skeleton_range=2.00-2.80 skeleton_aspect=2.000 merge_ratio=0.688 circularity=0.530
[CLEAN C1665] REJECT Scratch: area 5.5 < 20; long_side 4.0 < 10; skeleton_aspect 2.000 < 2.5
[CLEAN C1665] REJECT Pit: area 5.5 < 32; circularity 0.530 < 0.55
[CLEAN C1666] type=Rejected area=3.0 perimeter=8.0 bbox=(274,0,2,4) long=3.0 box_short=1.0 box_aspect=3.000 skeleton_width=2.00 skeleton_range=2.00-2.00 skeleton_aspect=1.500 merge_ratio=0.500 circularity=0.589
[CLEAN C1666] REJECT Scratch: area 3.0 < 20; long_side 3.0 < 10; skeleton_aspect 1.500 < 2.5
[CLEAN C1666] REJECT Pit: area 3.0 < 32
[CLEAN C1667] type=Rejected area=2.0 perimeter=6.0 bbox=(240,0,2,3) long=2.0 box_short=1.0 box_aspect=2.000 skeleton_width=2.00 skeleton_range=2.00-2.00 skeleton_aspect=1.000 merge_ratio=0.500 circularity=0.698
[CLEAN C1667] REJECT Scratch: area 2.0 < 20; long_side 2.0 < 10; skeleton_aspect 1.000 < 2.5
[CLEAN C1667] REJECT Pit: area 2.0 < 32
[CLEAN C1668] type=Rejected area=100.5 perimeter=48.7 bbox=(224,0,14,14) long=13.0 box_short=13.0 box_aspect=1.000 skeleton_width=4.39 skeleton_range=2.00-10.00 skeleton_aspect=2.959 merge_ratio=1.759 circularity=0.532
[CLEAN C1668] REJECT Scratch: box_aspect 1.000 < 1.5
[CLEAN C1668] REJECT Pit: circularity 0.532 < 0.55
[CLEAN C1669] type=Rejected area=2.0 perimeter=6.0 bbox=(137,0,3,2) long=2.0 box_short=1.0 box_aspect=2.000 skeleton_width=2.00 skeleton_range=2.00-2.00 skeleton_aspect=1.000 merge_ratio=0.500 circularity=0.698
[CLEAN C1669] REJECT Scratch: area 2.0 < 20; long_side 2.0 < 10; skeleton_aspect 1.000 < 2.5
[CLEAN C1669] REJECT Pit: area 2.0 < 32
[CLEAN C1670] type=Rejected area=7.0 perimeter=16.0 bbox=(46,0,8,2) long=7.0 box_short=1.0 box_aspect=7.000 skeleton_width=2.00 skeleton_range=2.00-2.00 skeleton_aspect=3.500 merge_ratio=0.500 circularity=0.344
[CLEAN C1670] REJECT Scratch: area 7.0 < 20; long_side 7.0 < 10
[CLEAN C1670] REJECT Pit: area 7.0 < 32; circularity 0.344 < 0.55; aspect_ratio 7.000 > 5.0
[CLEAN C1671] type=Rejected area=5.5 perimeter=9.4 bbox=(28,0,3,4) long=3.0 box_short=2.0 box_aspect=1.500 skeleton_width=2.00 skeleton_range=2.00-4.00 skeleton_aspect=1.500 merge_ratio=0.917 circularity=0.780
[CLEAN C1671] REJECT Scratch: area 5.5 < 20; long_side 3.0 < 10; skeleton_aspect 1.500 < 2.5
[CLEAN C1671] REJECT Pit: area 5.5 < 32
[STAIN S0] type=Rejected area=47.0 bbox=(631,867,8,10)
[STAIN S0] REJECT: area 47.0 < 195.4
[STAIN S1] type=Rejected area=59.0 bbox=(689,859,7,16)
[STAIN S1] REJECT: area 59.0 < 195.4
[STAIN S2] type=Rejected area=2.0 bbox=(1191,858,3,3)
[STAIN S2] REJECT: area 2.0 < 195.4
[STAIN S3] type=Rejected area=599.0 bbox=(1048,856,128,37)
[STAIN S3] REJECT: 触及污渍检测区边界，轮廓可能被截断或混入钢轴边缘/背景
[STAIN S4] type=Rejected area=4.0 bbox=(1213,851,4,3)
[STAIN S4] REJECT: area 4.0 < 195.4
[STAIN S5] type=Rejected area=8.0 bbox=(1231,850,7,3)
[STAIN S5] REJECT: area 8.0 < 195.4
[STAIN S6] type=Rejected area=13.0 bbox=(1199,850,9,5)
[STAIN S6] REJECT: area 13.0 < 195.4
[STAIN S7] type=Rejected area=52.0 bbox=(1178,845,19,12)
[STAIN S7] REJECT: area 52.0 < 195.4
[STAIN S8] type=Rejected area=2.0 bbox=(1203,841,3,3)
[STAIN S8] REJECT: area 2.0 < 195.4
[STAIN S9] type=Rejected area=4.0 bbox=(1210,837,4,4)
[STAIN S9] REJECT: area 4.0 < 195.4
[STAIN S10] type=Rejected area=23.0 bbox=(587,837,10,5)
[STAIN S10] REJECT: area 23.0 < 195.4
[STAIN S11] type=Rejected area=47.0 bbox=(617,836,7,12)
[STAIN S11] REJECT: area 47.0 < 195.4
[STAIN S12] type=Rejected area=18.5 bbox=(1227,823,8,7)
[STAIN S12] REJECT: area 18.5 < 195.4
[STAIN S13] type=Rejected area=77.0 bbox=(508,816,12,12)
[STAIN S13] REJECT: area 77.0 < 195.4
[STAIN S14] type=Rejected area=28.0 bbox=(446,803,7,8)
[STAIN S14] REJECT: area 28.0 < 195.4
[STAIN S15] type=Rejected area=4.0 bbox=(611,802,4,4)
[STAIN S15] REJECT: area 4.0 < 195.4
[STAIN S16] type=Rejected area=44.5 bbox=(640,781,11,8)
[STAIN S16] REJECT: area 44.5 < 195.4
[STAIN S17] type=Rejected area=41.0 bbox=(457,773,6,16)
[STAIN S17] REJECT: area 41.0 < 195.4
[STAIN S18] type=Rejected area=130.0 bbox=(502,748,19,18)
[STAIN S18] REJECT: area 130.0 < 195.4
[STAIN S19] type=Rejected area=14.0 bbox=(302,741,6,9)
[STAIN S19] REJECT: area 14.0 < 195.4
[STAIN S20] type=Rejected area=4170.5 bbox=(39,728,108,165)
[STAIN S20] REJECT: 触及污渍检测区边界，轮廓可能被截断或混入钢轴边缘/背景
[STAIN S21] type=Rejected area=24.0 bbox=(500,708,6,7)
[STAIN S21] REJECT: area 24.0 < 195.4
[STAIN S22] type=Rejected area=30.0 bbox=(681,689,7,9)
[STAIN S22] REJECT: area 30.0 < 195.4
[STAIN S23] type=Rejected area=42.5 bbox=(446,686,10,7)
[STAIN S23] REJECT: area 42.5 < 195.4
[STAIN S24] type=Rejected area=4.0 bbox=(411,675,4,4)
[STAIN S24] REJECT: area 4.0 < 195.4
[STAIN S25] type=Rejected area=12.5 bbox=(587,671,5,6)
[STAIN S25] REJECT: area 12.5 < 195.4
[STAIN S26] type=Rejected area=8647.0 bbox=(866,606,57,287)
[STAIN S26] REJECT: 触及污渍检测区边界，轮廓可能被截断或混入钢轴边缘/背景
[STAIN S27] type=Rejected area=1751.0 bbox=(82,605,32,107)
[STAIN S27] REJECT: 不可测: 凹点中心超出中央有效测量区域
[MEASURE S27] Stain 不可测: 凹点中心超出中央有效测量区域
[STAIN S28] type=Rejected area=20.0 bbox=(471,578,5,11)
[STAIN S28] REJECT: area 20.0 < 195.4
[STAIN S29] type=Rejected area=2.0 bbox=(635,561,3,3)
[STAIN S29] REJECT: area 2.0 < 195.4
[STAIN S30] type=Rejected area=1068.0 bbox=(69,542,23,67)
[STAIN S30] REJECT: 不可测: 凹点中心超出中央有效测量区域
[MEASURE S30] Stain 不可测: 凹点中心超出中央有效测量区域
[STAIN S31] type=Rejected area=16.5 bbox=(400,491,6,6)
[STAIN S31] REJECT: area 16.5 < 195.4
[STAIN S32] type=Rejected area=1303.0 bbox=(61,453,29,67)
[STAIN S32] REJECT: 不可测: 凹点中心超出中央有效测量区域
[MEASURE S32] Stain 不可测: 凹点中心超出中央有效测量区域
[STAIN S33] type=Rejected area=6.0 bbox=(655,435,5,5)
[STAIN S33] REJECT: area 6.0 < 195.4
[STAIN S34] type=Rejected area=2.0 bbox=(445,401,3,3)
[STAIN S34] REJECT: area 2.0 < 195.4
[STAIN S35] type=Rejected area=13.0 bbox=(51,363,4,7)
[STAIN S35] REJECT: area 13.0 < 195.4
[STAIN S36] type=Rejected area=18.5 bbox=(47,323,8,6)
[STAIN S36] REJECT: area 18.5 < 195.4
[STAIN S37] type=Rejected area=71.0 bbox=(38,117,5,25)
[STAIN S37] REJECT: area 71.0 < 195.4
[DEBUG] 阈值轮廓: 3334 清理后轮廓: 1672 污渍候选轮廓: 38
[DEBUG] Clean: 红色=Scratch 绿色=Pit 黄色=Rejected；Stain: 青色=Stain 黄色=Rejected
[DEBUG] 调试图片目录: D:\Code\Py\钢轴项目\debug\_picture\run_20261007_192005_673
[PIPELINE] 图片和日志保存目录: D:\Code\Py\钢轴项目\debug\_picture\run_20261007_192005_673
[SUMMARY] Raw=3334 Clean=1672 下边界拒绝=17 形状拒绝=1304 不可测=114 尺寸不足=200 Scratch=3 Pit=34 StainRaw=38 污渍形状拒绝=35 污渍不可测=3 污渍尺寸不足=0 Stain=0
[PIPELINE] 检测完成
