[PIPELINE] 原图=4096x2304 ROI=(1087, 363, 1260, 965) D_mm=30.0
[PIPELINE] 当前尺寸门槛=0.25 mm
=== 钢轴标定结果 ===
主体 bounding box: x0=0, y0=0, w=1260, h=965
中间测量行: y=[193, 772)
有效测量行: 579/579
D_mm = 30.000000 mm
D_px = 1260.000000 px
x_c  = 629.500000 px
R_px = 630.000000 px
R_mm = 15.000000 mm
k    = 0.023809524 mm/px
[MASK M0] area=0.0 perimeter=0.0 bbox=(1127,964,1,1)
[MASK M1] area=0.0 perimeter=0.0 bbox=(1124,964,1,1)
[MASK M2] area=0.0 perimeter=0.0 bbox=(1091,964,1,1)
[MASK M3] area=0.0 perimeter=0.0 bbox=(1021,964,1,1)
[MASK M4] area=0.0 perimeter=0.0 bbox=(991,964,1,1)
[MASK M5] area=0.0 perimeter=4.0 bbox=(895,964,3,1)
[MASK M6] area=0.0 perimeter=2.0 bbox=(757,964,2,1)
[MASK M7] area=0.0 perimeter=0.0 bbox=(711,964,1,1)
[MASK M8] area=7.0 perimeter=16.8 bbox=(1164,963,9,2)
[MASK M9] area=13.0 perimeter=37.7 bbox=(1142,963,19,2)
[MASK M10] area=5.5 perimeter=16.2 bbox=(1130,963,8,2)
[MASK M11] area=3.0 perimeter=10.8 bbox=(1102,963,6,2)
[MASK M12] area=1.0 perimeter=4.0 bbox=(717,963,2,2)
[MASK M13] area=0.0 perimeter=0.0 bbox=(713,963,1,1)
[MASK M14] area=1.0 perimeter=4.0 bbox=(364,963,2,2)
[MASK M15] area=3.0 perimeter=14.8 bbox=(185,963,8,2)
[MASK M16] area=9.0 perimeter=13.7 bbox=(1184,962,7,3)
[MASK M17] area=0.0 perimeter=2.0 bbox=(729,962,2,1)
[MASK M18] area=5.0 perimeter=10.8 bbox=(695,962,5,3)
[MASK M19] area=2.0 perimeter=6.0 bbox=(596,962,2,3)
[MASK M20] area=8.0 perimeter=19.7 bbox=(273,962,10,3)
[MASK M21] area=15.5 perimeter=24.2 bbox=(255,962,12,3)
[MASK M22] area=39.5 perimeter=63.6 bbox=(1193,961,28,4)
[MASK M23] area=63.0 perimeter=93.3 bbox=(905,961,46,4)
[MASK M24] area=12.5 perimeter=14.2 bbox=(509,961,6,4)
[MASK M25] area=0.5 perimeter=3.4 bbox=(239,961,2,2)
[MASK M26] area=0.0 perimeter=0.0 bbox=(58,961,1,1)
[MASK M27] area=48.5 perimeter=66.0 bbox=(1231,960,29,5)
[MASK M28] area=0.0 perimeter=0.0 bbox=(955,960,1,1)
[MASK M29] area=15.0 perimeter=14.8 bbox=(610,960,5,5)
[MASK M30] area=0.0 perimeter=0.0 bbox=(143,960,1,1)
[MASK M31] area=0.0 perimeter=2.0 bbox=(1045,959,1,2)
[MASK M32] area=0.0 perimeter=0.0 bbox=(243,959,1,1)
[MASK M33] area=3.0 perimeter=9.7 bbox=(225,959,5,3)
[MASK M34] area=0.0 perimeter=0.0 bbox=(8,959,1,1)
[MASK M35] area=1.5 perimeter=5.4 bbox=(248,958,2,3)
[MASK M36] area=0.0 perimeter=0.0 bbox=(224,958,1,1)
[MASK M37] area=79.0 perimeter=79.9 bbox=(147,958,35,7)
[MASK M38] area=0.0 perimeter=0.0 bbox=(12,958,1,1)
[MASK M39] area=5.0 perimeter=16.5 bbox=(133,957,6,5)
[MASK M40] area=20.5 perimeter=21.9 bbox=(618,956,6,9)
[MASK M41] area=42.5 perimeter=27.9 bbox=(434,955,8,10)
[MASK M42] area=0.0 perimeter=0.0 bbox=(70,955,1,1)
[MASK M43] area=16.5 perimeter=18.2 bbox=(685,954,5,6)
[MASK M44] area=22.0 perimeter=19.3 bbox=(667,954,7,7)
[MASK M45] area=0.0 perimeter=6.0 bbox=(524,954,1,4)
[MASK M46] area=6.0 perimeter=11.7 bbox=(125,954,5,3)
[MASK M47] area=2.5 perimeter=9.4 bbox=(119,954,2,5)
[MASK M48] area=0.0 perimeter=0.0 bbox=(92,953,1,1)
[MASK M49] area=2.5 perimeter=9.4 bbox=(977,952,5,2)
[MASK M50] area=16.5 perimeter=29.1 bbox=(537,951,3,14)
[MASK M51] area=7.0 perimeter=13.7 bbox=(212,951,3,6)
[MASK M52] area=0.0 perimeter=0.0 bbox=(91,951,1,1)
[MASK M53] area=33.5 perimeter=31.9 bbox=(74,951,13,5)
[MASK M54] area=5.0 perimeter=13.7 bbox=(1213,950,7,3)
[MASK M55] area=2.5 perimeter=6.2 bbox=(1172,950,3,3)
[MASK M56] area=4.5 perimeter=13.1 bbox=(1161,950,6,3)
[MASK M57] area=1.0 perimeter=4.8 bbox=(1142,950,2,3)
[MASK M58] area=0.0 perimeter=0.0 bbox=(1014,950,1,1)
[MASK M59] area=10.5 perimeter=17.1 bbox=(984,950,8,4)
[MASK M60] area=0.0 perimeter=0.0 bbox=(89,950,1,1)
[MASK M61] area=2.0 perimeter=5.7 bbox=(1146,948,3,3)
[MASK M62] area=9.0 perimeter=14.5 bbox=(711,947,5,6)
[MASK M63] area=11.0 perimeter=16.5 bbox=(216,947,6,6)
[MASK M64] area=51.0 perimeter=44.6 bbox=(94,947,18,8)
[MASK M65] area=3.0 perimeter=8.8 bbox=(61,947,5,2)
[MASK M66] area=26.0 perimeter=27.0 bbox=(180,946,9,10)
[MASK M67] area=125.0 perimeter=120.6 bbox=(0,946,57,5)
[MASK M68] area=35.5 perimeter=58.9 bbox=(1003,945,22,6)
[MASK M69] area=0.0 perimeter=2.8 bbox=(850,945,2,2)
[MASK M70] area=0.0 perimeter=0.0 bbox=(1083,944,1,1)
[MASK M71] area=11.5 perimeter=26.7 bbox=(855,944,9,4)
[MASK M72] area=0.0 perimeter=2.0 bbox=(775,944,1,2)
[MASK M73] area=0.0 perimeter=0.0 bbox=(1100,943,1,1)
[MASK M74] area=42.5 perimeter=48.7 bbox=(1060,943,22,6)
[MASK M75] area=112.5 perimeter=82.2 bbox=(1028,943,30,9)
[MASK M76] area=21.5 perimeter=23.9 bbox=(1088,942,11,5)
[MASK M77] area=0.0 perimeter=0.0 bbox=(1251,941,1,1)
[MASK M78] area=3.0 perimeter=9.7 bbox=(913,941,4,3)
[MASK M79] area=0.0 perimeter=2.8 bbox=(51,941,2,2)
[MASK M80] area=0.0 perimeter=2.0 bbox=(1216,940,2,1)
[MASK M81] area=95.0 perimeter=65.9 bbox=(869,940,27,8)
[MASK M82] area=37.5 perimeter=25.9 bbox=(621,940,8,8)
[MASK M83] area=0.0 perimeter=2.0 bbox=(1244,939,1,2)
[MASK M84] area=0.0 perimeter=2.0 bbox=(1095,938,2,1)
[MASK M85] area=0.0 perimeter=0.0 bbox=(903,937,1,1)
[MASK M86] area=0.0 perimeter=0.0 bbox=(691,937,1,1)
[MASK M87] area=109.0 perimeter=49.5 bbox=(394,937,10,21)
[MASK M88] area=127.0 perimeter=101.1 bbox=(54,937,45,8)
[MASK M89] area=0.0 perimeter=2.0 bbox=(644,936,1,2)
[MASK M90] area=0.5 perimeter=3.4 bbox=(256,936,2,2)
[MASK M91] area=1.5 perimeter=5.4 bbox=(136,936,3,2)
[MASK M92] area=0.0 perimeter=0.0 bbox=(24,936,1,1)
[MASK M93] area=1.5 perimeter=5.4 bbox=(899,935,2,3)
[MASK M94] area=0.0 perimeter=2.0 bbox=(865,935,2,1)
[MASK M95] area=31.0 perimeter=29.3 bbox=(698,935,5,14)
[MASK M96] area=0.0 perimeter=0.0 bbox=(260,935,1,1)
[MASK M97] area=3.0 perimeter=9.7 bbox=(914,933,4,4)
[MASK M98] area=5.5 perimeter=9.4 bbox=(455,933,3,4)
[MASK M99] area=9.5 perimeter=15.9 bbox=(125,933,6,5)
[MASK M100] area=0.5 perimeter=3.4 bbox=(1243,932,2,2)
[MASK M101] area=12.0 perimeter=22.5 bbox=(1079,932,11,3)
[MASK M102] area=0.0 perimeter=0.0 bbox=(1076,932,1,1)
[MASK M103] area=49.0 perimeter=79.9 bbox=(1041,932,35,5)
[MASK M104] area=0.5 perimeter=3.4 bbox=(647,932,2,2)
[MASK M105] area=338.0 perimeter=294.1 bbox=(1098,931,140,9)
[MASK M106] area=11.0 perimeter=21.7 bbox=(1105,931,11,3)
[MASK M107] area=10.0 perimeter=16.5 bbox=(1092,931,7,4)
[MASK M108] area=17.0 perimeter=21.3 bbox=(902,931,8,6)
[MASK M109] area=4.5 perimeter=10.2 bbox=(451,931,4,4)
[MASK M110] area=7.5 perimeter=19.9 bbox=(1133,930,9,3)
[MASK M111] area=68.5 perimeter=38.4 bbox=(679,930,9,16)
[MASK M112] area=0.0 perimeter=0.0 bbox=(670,930,1,1)
[MASK M113] area=7.5 perimeter=15.1 bbox=(57,930,7,3)
[MASK M114] area=16.0 perimeter=21.3 bbox=(857,929,7,7)
[MASK M115] area=40.5 perimeter=42.4 bbox=(108,929,15,9)
[MASK M116] area=7.5 perimeter=14.2 bbox=(1162,928,7,3)
[MASK M117] area=0.5 perimeter=3.4 bbox=(202,928,2,2)
[MASK M118] area=0.0 perimeter=2.0 bbox=(99,928,2,1)
[MASK M119] area=1.5 perimeter=5.4 bbox=(1257,927,3,2)
[MASK M120] area=24.5 perimeter=54.5 bbox=(879,927,15,8)
[MASK M121] area=4.5 perimeter=11.4 bbox=(1249,926,6,2)
[MASK M122] area=3.5 perimeter=14.2 bbox=(369,926,3,7)
[MASK M123] area=0.0 perimeter=6.0 bbox=(1172,925,4,1)
[MASK M124] area=1.0 perimeter=4.8 bbox=(616,925,3,2)
[MASK M125] area=51.0 perimeter=49.0 bbox=(37,925,20,6)
[MASK M126] area=1.5 perimeter=5.4 bbox=(14,925,2,3)
[MASK M127] area=1.0 perimeter=4.8 bbox=(1165,924,3,2)
[MASK M128] area=2.5 perimeter=6.2 bbox=(943,924,3,3)
[MASK M129] area=0.0 perimeter=0.0 bbox=(884,924,1,1)
[MASK M130] area=0.0 perimeter=2.0 bbox=(748,924,2,1)
[MASK M131] area=0.0 perimeter=0.0 bbox=(666,924,1,1)
[MASK M132] area=0.0 perimeter=2.8 bbox=(565,924,2,2)
[MASK M133] area=98.5 perimeter=47.6 bbox=(434,924,8,21)
[MASK M134] area=4.5 perimeter=11.4 bbox=(1199,923,6,2)
[MASK M135] area=0.0 perimeter=2.0 bbox=(915,923,2,1)
[MASK M136] area=1.0 perimeter=4.8 bbox=(700,923,2,3)
[MASK M137] area=0.5 perimeter=5.4 bbox=(604,923,3,2)
[MASK M138] area=5.5 perimeter=9.4 bbox=(95,923,3,4)
[MASK M139] area=0.0 perimeter=2.0 bbox=(987,922,2,1)
[MASK M140] area=0.0 perimeter=0.0 bbox=(679,922,1,1)
[MASK M141] area=0.0 perimeter=0.0 bbox=(425,922,1,1)
[MASK M142] area=2.5 perimeter=9.4 bbox=(1250,921,5,2)
[MASK M143] area=0.0 perimeter=4.8 bbox=(817,921,2,3)
[MASK M144] area=49.5 perimeter=26.7 bbox=(578,921,9,9)
[MASK M145] area=0.0 perimeter=0.0 bbox=(1200,919,1,1)
[MASK M146] area=5.0 perimeter=13.7 bbox=(614,919,4,5)
[MASK M147] area=0.5 perimeter=5.4 bbox=(238,919,3,2)
[MASK M148] area=0.5 perimeter=3.4 bbox=(184,919,2,2)
[MASK M149] area=7.0 perimeter=21.7 bbox=(129,919,3,9)
[MASK M150] area=0.5 perimeter=3.4 bbox=(1223,918,2,2)
[MASK M151] area=27.5 perimeter=25.9 bbox=(102,918,7,10)
[MASK M152] area=2.5 perimeter=11.4 bbox=(1236,916,6,2)
[MASK M153] area=45.5 perimeter=43.2 bbox=(869,916,9,17)
[MASK M154] area=0.0 perimeter=2.0 bbox=(438,916,1,2)
[MASK M155] area=10.5 perimeter=13.1 bbox=(192,916,5,5)
[MASK M156] area=0.0 perimeter=2.0 bbox=(129,916,1,2)
[MASK M157] area=0.0 perimeter=2.0 bbox=(902,915,2,1)
[MASK M158] area=0.0 perimeter=0.0 bbox=(1150,914,1,1)
[MASK M159] area=1.5 perimeter=5.4 bbox=(663,914,3,2)
[MASK M160] area=0.0 perimeter=0.0 bbox=(140,914,1,1)
[MASK M161] area=146.0 perimeter=105.6 bbox=(0,914,43,7)
[MASK M162] area=0.5 perimeter=3.4 bbox=(1253,913,2,2)
[MASK M163] area=0.0 perimeter=2.0 bbox=(1152,913,1,2)
[MASK M164] area=48.0 perimeter=79.8 bbox=(522,913,4,37)
[MASK M165] area=3.0 perimeter=6.8 bbox=(72,913,3,3)
[MASK M166] area=0.0 perimeter=2.0 bbox=(1168,912,1,2)
[MASK M167] area=0.0 perimeter=2.0 bbox=(585,912,2,1)
[MASK M168] area=60.0 perimeter=33.8 bbox=(463,912,11,10)
[MASK M169] area=1.5 perimeter=5.4 bbox=(437,912,2,3)
[MASK M170] area=0.0 perimeter=2.0 bbox=(1187,911,2,1)
[MASK M171] area=1.5 perimeter=5.4 bbox=(1154,911,3,2)
[MASK M172] area=3.5 perimeter=9.4 bbox=(1120,911,4,3)
[MASK M173] area=3.5 perimeter=10.2 bbox=(898,911,3,4)
[MASK M174] area=0.0 perimeter=0.0 bbox=(694,911,1,1)
[MASK M175] area=0.0 perimeter=0.0 bbox=(664,911,1,1)
[MASK M176] area=2.0 perimeter=6.8 bbox=(659,911,3,3)
[MASK M177] area=1.5 perimeter=5.4 bbox=(653,911,2,3)
[MASK M178] area=37.5 perimeter=25.6 bbox=(473,911,10,8)
[MASK M179] area=0.0 perimeter=0.0 bbox=(1206,910,1,1)
[MASK M180] area=0.0 perimeter=0.0 bbox=(1179,910,1,1)
[MASK M181] area=34.0 perimeter=31.0 bbox=(913,910,8,12)
[MASK M182] area=1.0 perimeter=4.8 bbox=(854,910,2,3)
[MASK M183] area=16.5 perimeter=15.9 bbox=(821,910,6,6)
[MASK M184] area=0.0 perimeter=0.0 bbox=(382,910,1,1)
[MASK M185] area=0.0 perimeter=2.0 bbox=(141,910,1,2)
[MASK M186] area=2.0 perimeter=8.8 bbox=(1182,909,4,2)
[MASK M187] area=2.0 perimeter=6.0 bbox=(883,909,3,2)
[MASK M188] area=0.0 perimeter=2.0 bbox=(688,909,2,1)
[MASK M189] area=0.0 perimeter=0.0 bbox=(123,909,1,1)
[MASK M190] area=7.0 perimeter=12.5 bbox=(72,909,6,4)
[MASK M191] area=0.0 perimeter=2.0 bbox=(897,908,2,1)
[MASK M192] area=0.0 perimeter=2.0 bbox=(846,908,1,2)
[MASK M193] area=1.5 perimeter=6.2 bbox=(779,908,3,3)
[MASK M194] area=0.0 perimeter=2.0 bbox=(654,908,1,2)
[MASK M195] area=0.0 perimeter=2.0 bbox=(555,908,1,2)
[MASK M196] area=2.0 perimeter=8.8 bbox=(96,907,2,5)
[MASK M197] area=0.0 perimeter=2.0 bbox=(668,906,1,2)
[MASK M198] area=1.5 perimeter=5.4 bbox=(200,906,3,2)
[MASK M199] area=23.5 perimeter=25.9 bbox=(54,906,10,7)
[MASK M200] area=24.0 perimeter=23.3 bbox=(1166,905,11,5)
[MASK M201] area=0.0 perimeter=2.0 bbox=(1162,905,2,1)
[MASK M202] area=52.0 perimeter=60.3 bbox=(1137,905,22,9)
[MASK M203] area=0.0 perimeter=2.8 bbox=(1035,905,2,2)
[MASK M204] area=0.0 perimeter=0.0 bbox=(1241,904,1,1)
[MASK M205] area=5.0 perimeter=14.8 bbox=(1211,904,8,2)
[MASK M206] area=8.5 perimeter=21.9 bbox=(1047,904,6,7)
[MASK M207] area=0.0 perimeter=2.0 bbox=(54,904,1,2)
[MASK M208] area=0.0 perimeter=2.8 bbox=(487,903,2,2)
[MASK M209] area=0.0 perimeter=0.0 bbox=(4,903,1,1)
[MASK M210] area=22.5 perimeter=23.9 bbox=(1228,902,10,5)
[MASK M211] area=0.0 perimeter=0.0 bbox=(831,902,1,1)
[MASK M212] area=23.0 perimeter=33.3 bbox=(1244,901,13,8)
[MASK M213] area=18.0 perimeter=39.0 bbox=(900,901,8,11)
[MASK M214] area=10.0 perimeter=19.7 bbox=(509,901,3,10)
[MASK M215] area=0.0 perimeter=0.0 bbox=(473,901,1,1)
[MASK M216] area=2.5 perimeter=6.2 bbox=(208,901,3,3)
[MASK M217] area=11.5 perimeter=16.2 bbox=(89,901,7,4)
[MASK M218] area=0.0 perimeter=2.0 bbox=(77,901,1,2)
[MASK M219] area=1.0 perimeter=4.0 bbox=(1026,900,2,2)
[MASK M220] area=61.5 perimeter=39.6 bbox=(6,900,15,8)
[MASK M221] area=0.0 perimeter=0.0 bbox=(3,900,1,1)
[MASK M222] area=0.0 perimeter=0.0 bbox=(1,900,1,1)
[MASK M223] area=0.5 perimeter=3.4 bbox=(1041,899,2,2)
[MASK M224] area=1.0 perimeter=6.8 bbox=(940,899,4,2)
[MASK M225] area=22.5 perimeter=21.1 bbox=(856,899,6,8)
[MASK M226] area=0.0 perimeter=0.0 bbox=(782,899,1,1)
[MASK M227] area=0.0 perimeter=2.0 bbox=(486,899,2,1)
[MASK M228] area=0.0 perimeter=0.0 bbox=(210,899,1,1)
[MASK M229] area=0.0 perimeter=0.0 bbox=(133,899,1,1)
[MASK M230] area=0.0 perimeter=4.0 bbox=(1190,898,3,1)
[MASK M231] area=33.5 perimeter=42.4 bbox=(867,898,9,15)
[MASK M232] area=6.0 perimeter=11.7 bbox=(604,898,4,5)
[MASK M233] area=0.0 perimeter=2.0 bbox=(567,898,1,2)
[MASK M234] area=0.5 perimeter=3.4 bbox=(156,897,2,2)
[MASK M235] area=15.5 perimeter=20.7 bbox=(67,897,8,6)
[MASK M236] area=26.0 perimeter=43.3 bbox=(1240,896,20,4)
[MASK M237] area=73.5 perimeter=104.4 bbox=(1186,896,49,7)
[MASK M238] area=3.0 perimeter=9.7 bbox=(733,896,4,3)
[MASK M239] area=111.5 perimeter=43.2 bbox=(615,896,12,16)
[MASK M240] area=72.5 perimeter=88.7 bbox=(534,896,5,43)
[MASK M241] area=0.0 perimeter=0.0 bbox=(1238,895,1,1)
[MASK M242] area=1.5 perimeter=5.4 bbox=(1232,895,3,2)
[MASK M243] area=0.0 perimeter=0.0 bbox=(1075,895,1,1)
[MASK M244] area=2.0 perimeter=6.8 bbox=(313,895,3,3)
[MASK M245] area=0.0 perimeter=2.0 bbox=(199,895,1,2)
[MASK M246] area=4.5 perimeter=12.2 bbox=(123,895,5,4)
[MASK M247] area=3.5 perimeter=9.4 bbox=(1163,894,5,2)
[MASK M248] area=1.0 perimeter=6.8 bbox=(753,894,4,2)
[MASK M249] area=0.0 perimeter=2.0 bbox=(692,894,1,2)
[MASK M250] area=25.5 perimeter=21.9 bbox=(657,894,6,9)
[MASK M251] area=1.5 perimeter=7.4 bbox=(1198,893,4,2)
[MASK M252] area=41.0 perimeter=81.5 bbox=(1151,893,38,7)
[MASK M253] area=0.0 perimeter=0.0 bbox=(869,893,1,1)
[MASK M254] area=0.0 perimeter=0.0 bbox=(843,892,1,1)
[MASK M255] area=2.0 perimeter=7.7 bbox=(93,892,3,4)
[MASK M256] area=0.0 perimeter=0.0 bbox=(61,892,1,1)
[MASK M257] area=3.5 perimeter=9.4 bbox=(1237,891,5,2)
[MASK M258] area=1.5 perimeter=8.2 bbox=(1215,891,4,3)
[MASK M259] area=7.5 perimeter=12.2 bbox=(1027,891,5,4)
[MASK M260] area=0.0 perimeter=0.0 bbox=(1008,891,1,1)
[MASK M261] area=0.0 perimeter=0.0 bbox=(848,891,1,1)
[MASK M262] area=0.0 perimeter=0.0 bbox=(494,891,1,1)
[MASK M263] area=2.5 perimeter=7.4 bbox=(1172,890,4,2)
[MASK M264] area=0.0 perimeter=0.0 bbox=(394,890,1,1)
[MASK M265] area=0.0 perimeter=0.0 bbox=(125,890,1,1)
[MASK M266] area=2.0 perimeter=6.8 bbox=(10,890,4,2)
[MASK M267] area=3.0 perimeter=6.8 bbox=(864,889,3,3)
[MASK M268] area=2.5 perimeter=9.4 bbox=(571,889,5,2)
[MASK M269] area=54.5 perimeter=32.4 bbox=(374,889,9,13)
[MASK M270] area=2.0 perimeter=6.0 bbox=(1257,888,3,2)
[MASK M271] area=0.0 perimeter=4.0 bbox=(1194,888,3,1)
[MASK M272] area=0.0 perimeter=0.0 bbox=(870,888,1,1)
[MASK M273] area=1.0 perimeter=4.0 bbox=(452,888,2,2)
[MASK M274] area=14.5 perimeter=25.9 bbox=(1178,887,12,4)
[MASK M275] area=25.0 perimeter=20.5 bbox=(1066,887,8,6)
[MASK M276] area=0.0 perimeter=2.0 bbox=(881,887,2,1)
[MASK M277] area=0.5 perimeter=3.4 bbox=(649,887,2,2)
[MASK M278] area=0.5 perimeter=3.4 bbox=(593,887,2,2)
[MASK M279] area=1.5 perimeter=5.4 bbox=(153,887,3,2)
[MASK M280] area=13.0 perimeter=43.3 bbox=(1199,886,21,3)
[MASK M281] area=8.5 perimeter=11.9 bbox=(738,886,5,5)
[MASK M282] area=28.0 perimeter=51.3 bbox=(520,886,4,25)
[MASK M283] area=0.5 perimeter=3.4 bbox=(176,886,2,2)
[MASK M284] area=0.0 perimeter=0.0 bbox=(158,886,1,1)
[MASK M285] area=3.0 perimeter=11.7 bbox=(943,885,6,3)
[MASK M286] area=0.0 perimeter=0.0 bbox=(584,885,1,1)
[MASK M287] area=0.0 perimeter=0.0 bbox=(568,885,1,1)
[MASK M288] area=3.5 perimeter=14.2 bbox=(537,885,2,7)
[MASK M289] area=1.5 perimeter=13.1 bbox=(575,884,6,3)
[MASK M290] area=6.5 perimeter=11.1 bbox=(146,884,5,4)
[MASK M291] area=4.0 perimeter=11.7 bbox=(503,883,4,5)
[MASK M292] area=31.5 perimeter=27.9 bbox=(0,883,8,10)
[MASK M293] area=0.0 perimeter=0.0 bbox=(644,882,1,1)
[MASK M294] area=0.0 perimeter=0.0 bbox=(553,882,1,1)
[MASK M295] area=5.0 perimeter=9.7 bbox=(141,882,4,4)
[MASK M296] area=0.0 perimeter=2.8 bbox=(81,882,2,2)
[MASK M297] area=71.5 perimeter=88.9 bbox=(1219,881,41,5)
[MASK M298] area=4.0 perimeter=14.5 bbox=(665,881,4,7)
[MASK M299] area=1.5 perimeter=5.4 bbox=(567,881,2,3)
[MASK M300] area=7.0 perimeter=15.7 bbox=(524,881,3,8)
[MASK M301] area=61.0 perimeter=58.1 bbox=(433,880,6,27)
[MASK M302] area=0.0 perimeter=2.0 bbox=(1221,879,2,1)
[MASK M303] area=0.0 perimeter=0.0 bbox=(989,879,1,1)
[MASK M304] area=0.0 perimeter=0.0 bbox=(465,879,1,1)
[MASK M305] area=5.5 perimeter=9.4 bbox=(2,879,4,3)
[MASK M306] area=31.0 perimeter=39.0 bbox=(901,878,6,17)
[MASK M307] area=0.0 perimeter=0.0 bbox=(713,878,1,1)
[MASK M308] area=0.0 perimeter=4.0 bbox=(627,878,1,3)
[MASK M309] area=9.5 perimeter=13.1 bbox=(588,878,5,5)
[MASK M310] area=0.5 perimeter=3.4 bbox=(485,878,2,2)
[MASK M311] area=849.5 perimeter=590.8 bbox=(22,878,200,87)
[MASK M312] area=47.5 perimeter=62.0 bbox=(1190,877,28,6)
[MASK M313] area=11.0 perimeter=29.3 bbox=(1126,877,4,12)
[MASK M314] area=1.5 perimeter=5.4 bbox=(646,877,3,2)
[MASK M315] area=4.0 perimeter=8.8 bbox=(513,877,4,3)
[MASK M316] area=34.0 perimeter=28.1 bbox=(119,877,8,11)
[MASK M317] area=0.0 perimeter=0.0 bbox=(1088,876,1,1)
[MASK M318] area=31.5 perimeter=29.6 bbox=(850,876,9,11)
[MASK M319] area=0.0 perimeter=2.8 bbox=(488,876,2,2)
[MASK M320] area=0.5 perimeter=3.4 bbox=(1085,875,2,2)
[MASK M321] area=4.5 perimeter=10.2 bbox=(690,875,4,4)
[MASK M322] area=2.5 perimeter=8.2 bbox=(679,875,3,4)
[MASK M323] area=1.0 perimeter=4.0 bbox=(440,875,2,2)
[MASK M324] area=29.5 perimeter=44.9 bbox=(14,875,11,14)
[MASK M325] area=3.5 perimeter=8.2 bbox=(14,875,4,3)
[MASK M326] area=11.0 perimeter=24.5 bbox=(1220,874,11,5)
[MASK M327] area=1.5 perimeter=5.4 bbox=(1213,874,3,2)
[MASK M328] area=0.0 perimeter=4.0 bbox=(852,874,1,3)
[MASK M329] area=2.0 perimeter=6.8 bbox=(592,874,2,4)
[MASK M330] area=1.0 perimeter=8.8 bbox=(523,874,2,5)
[MASK M331] area=0.0 perimeter=0.0 bbox=(1144,873,1,1)
[MASK M332] area=16.5 perimeter=28.4 bbox=(1048,873,8,8)
[MASK M333] area=101.0 perimeter=79.8 bbox=(913,873,6,36)
[MASK M334] area=7.5 perimeter=12.2 bbox=(770,873,5,4)
[MASK M335] area=0.5 perimeter=3.4 bbox=(483,873,2,2)
[MASK M336] area=0.0 perimeter=4.0 bbox=(479,873,1,3)
[MASK M337] area=0.0 perimeter=0.0 bbox=(225,873,1,1)
[MASK M338] area=0.5 perimeter=3.4 bbox=(50,873,2,2)
[MASK M339] area=4.5 perimeter=9.1 bbox=(1248,872,4,4)
[MASK M340] area=9.5 perimeter=17.9 bbox=(1112,872,6,7)
[MASK M341] area=6.0 perimeter=10.5 bbox=(752,872,4,5)
[MASK M342] area=225.0 perimeter=127.7 bbox=(670,872,19,43)
[MASK M343] area=0.0 perimeter=0.0 bbox=(622,872,1,1)
[MASK M344] area=49.0 perimeter=29.8 bbox=(466,872,10,11)
[MASK M345] area=42.5 perimeter=27.9 bbox=(391,872,6,12)
[MASK M346] area=10.5 perimeter=13.1 bbox=(154,872,5,5)
[MASK M347] area=0.0 perimeter=0.0 bbox=(133,872,1,1)
[MASK M348] area=11.5 perimeter=14.2 bbox=(1027,871,6,4)
[MASK M349] area=8.5 perimeter=12.2 bbox=(899,871,4,5)
[MASK M350] area=1.0 perimeter=4.8 bbox=(761,871,2,3)
[MASK M351] area=8.0 perimeter=12.8 bbox=(712,871,3,6)
[MASK M352] area=0.0 perimeter=2.0 bbox=(701,871,1,2)
[MASK M353] area=0.0 perimeter=2.0 bbox=(434,871,1,2)
[MASK M354] area=0.5 perimeter=5.4 bbox=(1218,870,3,2)
[MASK M355] area=1.0 perimeter=4.8 bbox=(1056,870,3,2)
[MASK M356] area=0.0 perimeter=0.0 bbox=(968,870,1,1)
[MASK M357] area=3.0 perimeter=11.7 bbox=(687,870,5,4)
[MASK M358] area=1.0 perimeter=4.8 bbox=(651,870,2,3)
[MASK M359] area=13.0 perimeter=17.7 bbox=(640,870,3,9)
[MASK M360] area=8.5 perimeter=12.2 bbox=(420,870,5,4)
[MASK M361] area=4.0 perimeter=9.7 bbox=(145,870,4,4)
[MASK M362] area=2.0 perimeter=9.7 bbox=(127,870,3,4)
[MASK M363] area=3.5 perimeter=10.2 bbox=(1255,869,5,3)
[MASK M364] area=0.0 perimeter=0.0 bbox=(885,869,1,1)
[MASK M365] area=0.0 perimeter=2.8 bbox=(797,869,2,2)
[MASK M366] area=21.0 perimeter=25.7 bbox=(490,869,5,11)
[MASK M367] area=1.5 perimeter=5.4 bbox=(0,869,2,3)
[MASK M368] area=0.0 perimeter=2.0 bbox=(1124,868,1,2)
[MASK M369] area=12.0 perimeter=28.1 bbox=(6,868,12,6)
[MASK M370] area=0.0 perimeter=0.0 bbox=(797,867,1,1)
[MASK M371] area=2.0 perimeter=7.7 bbox=(618,867,3,3)
[MASK M372] area=3.5 perimeter=16.2 bbox=(438,867,4,7)
[MASK M373] area=0.0 perimeter=0.0 bbox=(126,867,1,1)
[MASK M374] area=0.5 perimeter=5.4 bbox=(42,867,3,2)
[MASK M375] area=0.0 perimeter=4.0 bbox=(1218,866,3,1)
[MASK M376] area=1.5 perimeter=5.4 bbox=(1041,866,3,2)
[MASK M377] area=0.0 perimeter=0.0 bbox=(1018,866,1,1)
[MASK M378] area=6.5 perimeter=18.7 bbox=(947,866,8,4)
[MASK M379] area=15.5 perimeter=24.7 bbox=(845,866,7,6)
[MASK M380] area=0.0 perimeter=0.0 bbox=(795,866,1,1)
[MASK M381] area=163.5 perimeter=74.5 bbox=(600,866,11,31)
[MASK M382] area=0.0 perimeter=2.0 bbox=(553,866,1,2)
[MASK M383] area=1.0 perimeter=4.8 bbox=(505,866,2,3)
[MASK M384] area=0.0 perimeter=0.0 bbox=(380,866,1,1)
[MASK M385] area=0.0 perimeter=0.0 bbox=(106,866,1,1)
[MASK M386] area=0.0 perimeter=4.8 bbox=(13,866,2,3)
[MASK M387] area=0.0 perimeter=0.0 bbox=(1111,865,1,1)
[MASK M388] area=0.0 perimeter=2.0 bbox=(966,865,2,1)
[MASK M389] area=0.0 perimeter=0.0 bbox=(591,865,1,1)
[MASK M390] area=128.0 perimeter=48.6 bbox=(569,865,19,11)
[MASK M391] area=72.5 perimeter=51.2 bbox=(530,865,10,21)
[MASK M392] area=0.0 perimeter=0.0 bbox=(460,865,1,1)
[MASK M393] area=5.5 perimeter=10.2 bbox=(424,865,4,4)
[MASK M394] area=5.0 perimeter=12.0 bbox=(1239,864,6,2)
[MASK M395] area=52.0 perimeter=84.8 bbox=(1222,864,25,11)
[MASK M396] area=2.5 perimeter=8.2 bbox=(854,864,4,3)
[MASK M397] area=3.0 perimeter=6.8 bbox=(716,864,3,3)
[MASK M398] area=6.0 perimeter=12.8 bbox=(661,864,3,6)
[MASK M399] area=4.0 perimeter=8.0 bbox=(640,864,3,3)
[MASK M400] area=0.0 perimeter=0.0 bbox=(952,863,1,1)
[MASK M401] area=0.0 perimeter=0.0 bbox=(839,863,1,1)
[MASK M402] area=3.5 perimeter=12.2 bbox=(673,863,4,5)
[MASK M403] area=0.0 perimeter=0.0 bbox=(620,863,1,1)
[MASK M404] area=1.5 perimeter=5.4 bbox=(130,863,2,3)
[MASK M405] area=0.0 perimeter=2.0 bbox=(1007,862,2,1)
[MASK M406] area=0.0 perimeter=0.0 bbox=(920,862,1,1)
[MASK M407] area=112.5 perimeter=67.4 bbox=(864,862,10,25)
[MASK M408] area=5.5 perimeter=11.1 bbox=(913,861,4,5)
[MASK M409] area=7.5 perimeter=11.4 bbox=(735,861,5,3)
[MASK M410] area=0.0 perimeter=0.0 bbox=(618,861,1,1)
[MASK M411] area=13.0 perimeter=22.5 bbox=(519,861,4,11)
[MASK M412] area=16.5 perimeter=24.7 bbox=(114,861,6,10)
[MASK M413] area=2.0 perimeter=6.8 bbox=(1243,860,4,2)
[MASK M414] area=0.5 perimeter=5.4 bbox=(1232,860,3,2)
[MASK M415] area=0.5 perimeter=5.4 bbox=(815,860,3,2)
[MASK M416] area=0.0 perimeter=2.0 bbox=(557,860,2,1)
[MASK M417] area=5.5 perimeter=17.4 bbox=(481,860,2,9)
[MASK M418] area=1.0 perimeter=4.0 bbox=(111,860,2,2)
[MASK M419] area=119.5 perimeter=150.8 bbox=(94,860,21,45)
[MASK M420] area=11.5 perimeter=25.6 bbox=(1078,859,9,6)
[MASK M421] area=1.5 perimeter=5.4 bbox=(1019,858,3,2)
[MASK M422] area=54.0 perimeter=41.0 bbox=(897,858,10,15)
[MASK M423] area=4.0 perimeter=8.8 bbox=(623,858,3,4)
[MASK M424] area=6.0 perimeter=16.8 bbox=(514,858,2,9)
[MASK M425] area=4.0 perimeter=9.7 bbox=(471,858,3,5)
[MASK M426] area=0.0 perimeter=0.0 bbox=(360,858,1,1)
[MASK M427] area=3.0 perimeter=6.8 bbox=(321,858,3,3)
[MASK M428] area=2.5 perimeter=7.4 bbox=(14,858,2,4)
[MASK M429] area=0.5 perimeter=3.4 bbox=(465,857,2,2)
[MASK M430] area=1.5 perimeter=5.4 bbox=(569,856,3,2)
[MASK M431] area=3.5 perimeter=11.4 bbox=(535,856,2,6)
[MASK M432] area=0.0 perimeter=0.0 bbox=(395,856,1,1)
[MASK M433] area=0.0 perimeter=0.0 bbox=(323,856,1,1)
[MASK M434] area=6.5 perimeter=12.2 bbox=(923,855,4,5)
[MASK M435] area=0.0 perimeter=0.0 bbox=(918,855,1,1)
[MASK M436] area=6.0 perimeter=11.7 bbox=(912,855,4,5)
[MASK M437] area=42.5 perimeter=28.7 bbox=(592,855,10,9)
[MASK M438] area=0.0 perimeter=2.0 bbox=(563,855,1,2)
[MASK M439] area=0.0 perimeter=4.0 bbox=(543,855,1,3)
[MASK M440] area=2.0 perimeter=6.8 bbox=(126,855,2,4)
[MASK M441] area=0.0 perimeter=2.8 bbox=(836,854,2,2)
[MASK M442] area=0.5 perimeter=3.4 bbox=(814,854,2,2)
[MASK M443] area=0.0 perimeter=0.0 bbox=(572,854,1,1)
[MASK M444] area=18.5 perimeter=35.1 bbox=(1243,853,17,4)
[MASK M445] area=14.0 perimeter=24.1 bbox=(1231,853,11,5)
[MASK M446] area=12.0 perimeter=25.3 bbox=(637,853,4,11)
[MASK M447] area=24.0 perimeter=25.3 bbox=(697,852,8,7)
[MASK M448] area=4.5 perimeter=9.1 bbox=(603,852,4,4)
[MASK M449] area=2.0 perimeter=6.0 bbox=(565,852,2,3)
[MASK M450] area=2.0 perimeter=8.8 bbox=(513,852,2,5)
[MASK M451] area=31.5 perimeter=38.4 bbox=(451,852,9,12)
[MASK M452] area=70.5 perimeter=39.6 bbox=(0,852,12,11)
[MASK M453] area=0.0 perimeter=0.0 bbox=(913,851,1,1)
[MASK M454] area=1.0 perimeter=4.8 bbox=(664,851,3,2)
[MASK M455] area=22.0 perimeter=19.7 bbox=(582,851,6,7)
[MASK M456] area=8.0 perimeter=14.8 bbox=(546,851,3,7)
[MASK M457] area=0.5 perimeter=3.4 bbox=(951,850,2,2)
[MASK M458] area=52.5 perimeter=32.4 bbox=(686,850,8,14)
[MASK M459] area=0.0 perimeter=0.0 bbox=(472,850,1,1)
[MASK M460] area=0.0 perimeter=0.0 bbox=(451,850,1,1)
[MASK M461] area=0.0 perimeter=0.0 bbox=(110,850,1,1)
[MASK M462] area=5.5 perimeter=11.1 bbox=(626,849,3,5)
[MASK M463] area=0.0 perimeter=6.0 bbox=(536,849,1,4)
[MASK M464] area=3.0 perimeter=6.8 bbox=(181,849,3,3)
[MASK M465] area=0.0 perimeter=0.0 bbox=(108,849,1,1)
[MASK M466] area=0.0 perimeter=0.0 bbox=(886,848,1,1)
[MASK M467] area=23.0 perimeter=30.1 bbox=(850,848,7,12)
[MASK M468] area=3.0 perimeter=9.7 bbox=(844,848,4,3)
[MASK M469] area=13.5 perimeter=21.9 bbox=(656,848,4,10)
[MASK M470] area=14.0 perimeter=16.5 bbox=(589,848,7,5)
[MASK M471] area=2.5 perimeter=7.4 bbox=(1256,847,4,2)
[MASK M472] area=3.0 perimeter=8.0 bbox=(1167,847,2,4)
[MASK M473] area=0.0 perimeter=2.0 bbox=(1094,847,2,1)
[MASK M474] area=55.5 perimeter=47.2 bbox=(746,847,19,7)
[MASK M475] area=0.0 perimeter=0.0 bbox=(717,847,1,1)
[MASK M476] area=0.0 perimeter=0.0 bbox=(660,847,1,1)
[MASK M477] area=0.5 perimeter=3.4 bbox=(621,847,2,2)
[MASK M478] area=0.5 perimeter=3.4 bbox=(563,847,2,2)
[MASK M479] area=2.0 perimeter=6.8 bbox=(437,847,3,3)
[MASK M480] area=22.0 perimeter=19.3 bbox=(369,847,6,8)
[MASK M481] area=9.5 perimeter=23.1 bbox=(118,847,4,11)
[MASK M482] area=50.0 perimeter=33.8 bbox=(869,846,12,10)
[MASK M483] area=9.5 perimeter=13.9 bbox=(793,846,5,6)
[MASK M484] area=1.5 perimeter=5.4 bbox=(682,846,2,3)
[MASK M485] area=3.5 perimeter=7.4 bbox=(640,846,3,3)
[MASK M486] area=4.5 perimeter=15.4 bbox=(532,846,2,8)
[MASK M487] area=19.5 perimeter=17.1 bbox=(381,846,5,7)
[MASK M488] area=0.0 perimeter=2.0 bbox=(862,845,1,2)
[MASK M489] area=1.0 perimeter=6.8 bbox=(624,845,3,3)
[MASK M490] area=0.0 perimeter=2.8 bbox=(559,845,2,2)
[MASK M491] area=187.0 perimeter=73.1 bbox=(487,845,20,17)
[MASK M492] area=0.0 perimeter=0.0 bbox=(404,845,1,1)
[MASK M493] area=32.0 perimeter=37.5 bbox=(102,845,9,13)
[MASK M494] area=0.0 perimeter=2.0 bbox=(1076,844,1,2)
[MASK M495] area=5.0 perimeter=15.7 bbox=(913,844,5,5)
[MASK M496] area=1.5 perimeter=5.4 bbox=(657,844,3,2)
[MASK M497] area=0.0 perimeter=2.0 bbox=(621,844,1,2)
[MASK M498] area=11.0 perimeter=16.5 bbox=(598,844,4,8)
[MASK M499] area=0.0 perimeter=4.0 bbox=(144,844,1,3)
[MASK M500] area=0.0 perimeter=0.0 bbox=(937,843,1,1)
[MASK M501] area=20.0 perimeter=21.3 bbox=(797,843,6,9)
[MASK M502] area=43.5 perimeter=38.0 bbox=(733,843,11,10)
[MASK M503] area=0.0 perimeter=0.0 bbox=(735,843,1,1)
[MASK M504] area=0.0 perimeter=2.0 bbox=(646,843,2,1)
[MASK M505] area=0.0 perimeter=2.0 bbox=(515,843,2,1)
[MASK M506] area=138.0 perimeter=118.8 bbox=(431,843,21,41)
[MASK M507] area=7.5 perimeter=13.1 bbox=(53,843,4,6)
[MASK M508] area=2.5 perimeter=7.4 bbox=(1191,842,4,2)
[MASK M509] area=71.5 perimeter=38.7 bbox=(771,842,10,13)
[MASK M510] area=0.0 perimeter=2.0 bbox=(595,842,1,2)
[MASK M511] area=0.0 perimeter=0.0 bbox=(69,842,1,1)
[MASK M512] area=0.0 perimeter=0.0 bbox=(736,841,1,1)
[MASK M513] area=62.0 perimeter=39.8 bbox=(416,841,12,14)
[MASK M514] area=2.0 perimeter=6.8 bbox=(335,841,2,4)
[MASK M515] area=0.0 perimeter=2.0 bbox=(655,840,2,1)
[MASK M516] area=0.0 perimeter=2.0 bbox=(329,840,2,1)
[MASK M517] area=10.5 perimeter=15.1 bbox=(122,840,4,6)
[MASK M518] area=0.5 perimeter=3.4 bbox=(115,840,2,2)
[MASK M519] area=1.5 perimeter=5.4 bbox=(3,840,2,3)
[MASK M520] area=0.5 perimeter=3.4 bbox=(720,839,2,2)
[MASK M521] area=3.0 perimeter=10.8 bbox=(666,839,2,5)
[MASK M522] area=0.0 perimeter=0.0 bbox=(1096,838,1,1)
[MASK M523] area=3.0 perimeter=7.7 bbox=(1082,838,4,3)
[MASK M524] area=0.0 perimeter=6.0 bbox=(308,838,4,1)
[MASK M525] area=53.5 perimeter=50.0 bbox=(1243,837,17,12)
[MASK M526] area=3.5 perimeter=10.2 bbox=(1204,837,5,3)
[MASK M527] area=79.0 perimeter=91.3 bbox=(1146,837,21,36)
[MASK M528] area=0.0 perimeter=8.0 bbox=(548,837,1,5)
[MASK M529] area=0.0 perimeter=0.0 bbox=(503,837,1,1)
[MASK M530] area=0.0 perimeter=0.0 bbox=(931,836,1,1)
[MASK M531] area=6.5 perimeter=21.1 bbox=(804,836,9,5)
[MASK M532] area=21.5 perimeter=36.4 bbox=(674,836,7,12)
[MASK M533] area=0.0 perimeter=2.0 bbox=(615,836,2,1)
[MASK M534] area=1.0 perimeter=4.0 bbox=(557,836,2,2)
[MASK M535] area=4.0 perimeter=20.5 bbox=(505,836,5,5)
[MASK M536] area=14.5 perimeter=19.1 bbox=(391,836,8,5)
[MASK M537] area=6.0 perimeter=13.7 bbox=(937,835,3,7)
[MASK M538] area=2.0 perimeter=10.8 bbox=(912,835,2,6)
[MASK M539] area=7.5 perimeter=13.9 bbox=(814,835,6,4)
[MASK M540] area=11.0 perimeter=21.3 bbox=(457,835,7,6)
[MASK M541] area=0.0 perimeter=2.0 bbox=(369,835,1,2)
[MASK M542] area=0.5 perimeter=3.4 bbox=(107,835,2,2)
[MASK M543] area=43.5 perimeter=47.6 bbox=(90,835,6,22)
[MASK M544] area=0.0 perimeter=8.0 bbox=(43,835,5,1)
[MASK M545] area=0.0 perimeter=4.0 bbox=(1091,834,3,1)
[MASK M546] area=0.0 perimeter=4.8 bbox=(1034,834,2,3)
[MASK M547] area=0.0 perimeter=2.0 bbox=(777,834,2,1)
[MASK M548] area=28.5 perimeter=21.1 bbox=(637,834,6,8)
[MASK M549] area=0.5 perimeter=3.4 bbox=(378,834,2,2)
[MASK M550] area=5.5 perimeter=12.2 bbox=(77,834,4,5)
[MASK M551] area=13.0 perimeter=15.7 bbox=(479,833,5,6)
[MASK M552] area=0.0 perimeter=0.0 bbox=(476,833,1,1)
[MASK M553] area=2.0 perimeter=6.8 bbox=(1181,832,2,4)
[MASK M554] area=64.0 perimeter=62.3 bbox=(898,832,9,25)
[MASK M555] area=2.5 perimeter=7.4 bbox=(787,832,3,3)
[MASK M556] area=3.0 perimeter=8.0 bbox=(733,832,2,4)
[MASK M557] area=2.5 perimeter=8.2 bbox=(392,832,3,4)
[MASK M558] area=0.0 perimeter=2.0 bbox=(369,832,2,1)
[MASK M559] area=7.5 perimeter=13.1 bbox=(1021,831,5,5)
[MASK M560] area=1.0 perimeter=4.0 bbox=(913,831,2,2)
[MASK M561] area=59.5 perimeter=82.3 bbox=(685,831,26,15)
[MASK M562] area=0.0 perimeter=0.0 bbox=(473,831,1,1)
[MASK M563] area=3.5 perimeter=9.4 bbox=(449,831,2,5)
[MASK M564] area=91.5 perimeter=40.4 bbox=(430,831,11,15)
[MASK M565] area=60.5 perimeter=45.2 bbox=(12,831,7,19)
[MASK M566] area=4.5 perimeter=8.2 bbox=(1152,830,3,4)
[MASK M567] area=28.5 perimeter=40.4 bbox=(712,830,8,16)
[MASK M568] area=78.0 perimeter=77.5 bbox=(521,830,8,34)
[MASK M569] area=0.0 perimeter=2.0 bbox=(518,830,1,2)
[MASK M570] area=0.0 perimeter=0.0 bbox=(461,830,1,1)
[MASK M571] area=3.5 perimeter=8.2 bbox=(288,830,3,4)
[MASK M572] area=5.0 perimeter=17.7 bbox=(120,830,3,9)
[MASK M573] area=150.5 perimeter=96.7 bbox=(857,829,36,15)
[MASK M574] area=0.0 perimeter=0.0 bbox=(509,829,1,1)
[MASK M575] area=2.5 perimeter=7.4 bbox=(1231,828,4,2)
[MASK M576] area=0.0 perimeter=2.0 bbox=(902,828,1,2)
[MASK M577] area=88.5 perimeter=51.7 bbox=(592,828,14,14)
[MASK M578] area=16.0 perimeter=17.7 bbox=(0,828,4,8)
[MASK M579] area=9.0 perimeter=13.7 bbox=(721,827,4,6)
[MASK M580] area=2.0 perimeter=6.0 bbox=(648,827,2,3)
[MASK M581] area=9.0 perimeter=15.7 bbox=(76,827,6,5)
[MASK M582] area=26.5 perimeter=25.9 bbox=(951,826,6,10)
[MASK M583] area=14.0 perimeter=24.5 bbox=(763,826,8,7)
[MASK M584] area=58.5 perimeter=103.2 bbox=(574,826,13,26)
[MASK M585] area=5.5 perimeter=10.2 bbox=(128,826,5,3)
[MASK M586] area=5.5 perimeter=10.2 bbox=(541,825,4,4)
[MASK M587] area=0.0 perimeter=5.7 bbox=(506,825,3,3)
[MASK M588] area=2.5 perimeter=6.2 bbox=(138,825,3,3)
[MASK M589] area=1.5 perimeter=8.2 bbox=(107,825,3,3)
[MASK M590] area=1.0 perimeter=4.8 bbox=(46,825,3,2)
[MASK M591] area=0.5 perimeter=3.4 bbox=(1014,824,2,2)
[MASK M592] area=0.0 perimeter=4.0 bbox=(912,824,1,3)
[MASK M593] area=22.5 perimeter=21.9 bbox=(545,824,9,6)
[MASK M594] area=19.0 perimeter=21.7 bbox=(1256,823,4,10)
[MASK M595] area=1.0 perimeter=4.8 bbox=(1209,823,2,3)
[MASK M596] area=0.5 perimeter=3.4 bbox=(1149,823,2,2)
[MASK M597] area=9.5 perimeter=14.2 bbox=(744,823,6,4)
[MASK M598] area=18.0 perimeter=23.3 bbox=(564,823,4,10)
[MASK M599] area=2.0 perimeter=10.8 bbox=(1143,822,2,6)
[MASK M600] area=2.0 perimeter=6.8 bbox=(483,822,2,4)
[MASK M601] area=3.5 perimeter=7.4 bbox=(1025,821,3,3)
[MASK M602] area=29.5 perimeter=23.9 bbox=(370,821,6,10)
[MASK M603] area=26.0 perimeter=27.7 bbox=(291,821,11,5)
[MASK M604] area=4.5 perimeter=13.1 bbox=(283,821,3,6)
[MASK M605] area=0.5 perimeter=3.4 bbox=(774,820,2,2)
[MASK M606] area=3.0 perimeter=6.8 bbox=(755,820,3,3)
[MASK M607] area=12.5 perimeter=17.1 bbox=(707,820,4,7)
[MASK M608] area=62.5 perimeter=45.2 bbox=(605,820,14,12)
[MASK M609] area=0.0 perimeter=0.0 bbox=(511,820,1,1)
[MASK M610] area=15.5 perimeter=19.9 bbox=(325,820,6,8)
[MASK M611] area=1.5 perimeter=5.4 bbox=(1119,819,3,2)
[MASK M612] area=4.0 perimeter=8.0 bbox=(901,819,3,3)
[MASK M613] area=1.0 perimeter=4.8 bbox=(672,819,2,3)
[MASK M614] area=0.0 perimeter=0.0 bbox=(645,819,1,1)
[MASK M615] area=24.5 perimeter=41.2 bbox=(586,819,16,7)
[MASK M616] area=10.0 perimeter=16.5 bbox=(449,819,6,6)
[MASK M617] area=2361.0 perimeter=1068.7 bbox=(792,818,465,147)
[MASK M618] area=1.5 perimeter=6.2 bbox=(1191,818,3,3)
[MASK M619] area=100.0 perimeter=41.8 bbox=(401,818,14,12)
[MASK M620] area=0.0 perimeter=2.0 bbox=(313,818,1,2)
[MASK M621] area=0.0 perimeter=0.0 bbox=(238,818,1,1)
[MASK M622] area=0.0 perimeter=0.0 bbox=(233,818,1,1)
[MASK M623] area=0.0 perimeter=2.0 bbox=(131,818,1,2)
[MASK M624] area=16.5 perimeter=21.9 bbox=(74,818,8,7)
[MASK M625] area=2.5 perimeter=6.2 bbox=(826,817,3,3)
[MASK M626] area=25.0 perimeter=23.3 bbox=(699,817,6,10)
[MASK M627] area=0.0 perimeter=0.0 bbox=(674,817,1,1)
[MASK M628] area=11.5 perimeter=14.2 bbox=(582,817,4,6)
[MASK M629] area=0.0 perimeter=0.0 bbox=(1152,816,1,1)
[MASK M630] area=4.0 perimeter=11.7 bbox=(911,816,3,6)
[MASK M631] area=10.0 perimeter=15.7 bbox=(663,816,7,4)
[MASK M632] area=2.0 perimeter=6.0 bbox=(1215,815,2,3)
[MASK M633] area=6.0 perimeter=11.7 bbox=(1141,815,3,6)
[MASK M634] area=0.0 perimeter=0.0 bbox=(1120,815,1,1)
[MASK M635] area=21.5 perimeter=19.1 bbox=(1051,815,8,5)
[MASK M636] area=0.0 perimeter=0.0 bbox=(785,815,1,1)
[MASK M637] area=0.5 perimeter=8.2 bbox=(520,815,2,4)
[MASK M638] area=10.0 perimeter=15.7 bbox=(466,815,6,5)
[MASK M639] area=1.5 perimeter=5.4 bbox=(96,815,3,2)
[MASK M640] area=37.0 perimeter=41.5 bbox=(865,814,16,10)
[MASK M641] area=2.0 perimeter=6.0 bbox=(819,814,2,3)
[MASK M642] area=26.0 perimeter=23.3 bbox=(721,814,5,10)
[MASK M643] area=30.0 perimeter=39.3 bbox=(385,814,4,19)
[MASK M644] area=7.0 perimeter=19.7 bbox=(48,814,3,10)
[MASK M645] area=0.0 perimeter=0.0 bbox=(976,813,1,1)
[MASK M646] area=4.5 perimeter=11.4 bbox=(898,813,3,5)
[MASK M647] area=1.0 perimeter=4.8 bbox=(809,813,3,2)
[MASK M648] area=10.0 perimeter=16.5 bbox=(787,812,7,5)
[MASK M649] area=41.5 perimeter=28.7 bbox=(684,812,9,10)
[MASK M650] area=1.0 perimeter=4.0 bbox=(606,812,2,2)
[MASK M651] area=0.0 perimeter=0.0 bbox=(545,812,1,1)
[MASK M652] area=1.0 perimeter=4.0 bbox=(520,812,2,2)
[MASK M653] area=0.0 perimeter=4.0 bbox=(1142,811,1,3)
[MASK M654] area=0.0 perimeter=2.0 bbox=(835,811,1,2)
[MASK M655] area=51.0 perimeter=75.6 bbox=(652,811,18,22)
[MASK M656] area=96.5 perimeter=45.2 bbox=(624,811,15,14)
[MASK M657] area=17.5 perimeter=22.7 bbox=(460,811,6,9)
[MASK M658] area=2.5 perimeter=6.2 bbox=(745,810,3,3)
[MASK M659] area=2.0 perimeter=6.8 bbox=(681,810,3,3)
[MASK M660] area=16.0 perimeter=19.3 bbox=(617,810,5,8)
[MASK M661] area=2.5 perimeter=6.2 bbox=(558,810,3,3)
[MASK M662] area=0.0 perimeter=2.8 bbox=(321,810,2,2)
[MASK M663] area=0.0 perimeter=2.0 bbox=(77,810,1,2)
[MASK M664] area=10.5 perimeter=17.1 bbox=(66,810,5,7)
[MASK M665] area=0.0 perimeter=4.0 bbox=(666,809,1,3)
[MASK M666] area=0.0 perimeter=2.0 bbox=(470,809,1,2)
[MASK M667] area=0.0 perimeter=2.0 bbox=(121,809,2,1)
[MASK M668] area=3.0 perimeter=8.8 bbox=(47,809,3,4)
[MASK M669] area=6.0 perimeter=10.8 bbox=(41,809,3,5)
[MASK M670] area=1.0 perimeter=4.0 bbox=(1256,808,2,2)
[MASK M671] area=0.5 perimeter=3.4 bbox=(605,808,2,2)
[MASK M672] area=49.5 perimeter=53.7 bbox=(494,808,8,22)
[MASK M673] area=23.5 perimeter=31.9 bbox=(479,808,6,14)
[MASK M674] area=0.0 perimeter=0.0 bbox=(264,808,1,1)
[MASK M675] area=0.0 perimeter=0.0 bbox=(1200,807,1,1)
[MASK M676] area=0.0 perimeter=0.0 bbox=(919,807,1,1)
[MASK M677] area=41.5 perimeter=35.6 bbox=(574,807,7,13)
[MASK M678] area=33.5 perimeter=36.4 bbox=(427,807,10,12)
[MASK M679] area=2.0 perimeter=13.7 bbox=(870,806,3,6)
[MASK M680] area=0.0 perimeter=0.0 bbox=(798,806,1,1)
[MASK M681] area=6.5 perimeter=17.9 bbox=(781,806,4,7)
[MASK M682] area=0.5 perimeter=8.2 bbox=(359,806,4,3)
[MASK M683] area=0.0 perimeter=0.0 bbox=(215,806,1,1)
[MASK M684] area=1.5 perimeter=5.4 bbox=(751,805,2,3)
[MASK M685] area=5.0 perimeter=13.3 bbox=(733,805,4,6)
[MASK M686] area=22.5 perimeter=27.6 bbox=(638,805,7,11)
[MASK M687] area=0.0 perimeter=0.0 bbox=(351,805,1,1)
[MASK M688] area=17.5 perimeter=35.1 bbox=(0,805,3,17)
[MASK M689] area=25.5 perimeter=29.9 bbox=(1162,804,6,13)
[MASK M690] area=32.0 perimeter=27.0 bbox=(592,804,9,9)
[MASK M691] area=0.0 perimeter=0.0 bbox=(418,804,1,1)
[MASK M692] area=98.5 perimeter=97.5 bbox=(86,804,19,31)
[MASK M693] area=17.0 perimeter=25.3 bbox=(105,803,8,8)
[MASK M694] area=0.0 perimeter=2.0 bbox=(1258,802,2,1)
[MASK M695] area=1.0 perimeter=7.7 bbox=(887,802,3,4)
[MASK M696] area=8.5 perimeter=12.2 bbox=(95,802,4,5)
[MASK M697] area=0.0 perimeter=0.0 bbox=(17,802,1,1)
[MASK M698] area=40.5 perimeter=59.4 bbox=(1222,801,21,16)
[MASK M699] area=9.0 perimeter=19.3 bbox=(1210,801,7,7)
[MASK M700] area=7.5 perimeter=17.9 bbox=(947,801,6,7)
[MASK M701] area=1.0 perimeter=4.8 bbox=(850,801,2,3)
[MASK M702] area=43.5 perimeter=33.6 bbox=(656,801,8,13)
[MASK M703] area=2.5 perimeter=8.2 bbox=(434,801,3,4)
[MASK M704] area=0.0 perimeter=4.8 bbox=(872,800,2,3)
[MASK M705] area=0.0 perimeter=0.0 bbox=(847,800,1,1)
[MASK M706] area=0.0 perimeter=2.0 bbox=(594,800,1,2)
[MASK M707] area=0.0 perimeter=4.0 bbox=(581,800,1,3)
[MASK M708] area=1.0 perimeter=4.0 bbox=(539,800,2,2)
[MASK M709] area=12.0 perimeter=27.3 bbox=(460,800,6,10)
[MASK M710] area=0.0 perimeter=0.0 bbox=(299,800,1,1)
[MASK M711] area=21.0 perimeter=32.1 bbox=(191,800,7,12)
[MASK M712] area=32.0 perimeter=52.6 bbox=(116,800,6,23)
[MASK M713] area=0.0 perimeter=0.0 bbox=(27,800,1,1)
[MASK M714] area=3.5 perimeter=8.2 bbox=(704,799,3,4)
[MASK M715] area=0.0 perimeter=2.0 bbox=(678,799,2,1)
[MASK M716] area=6.0 perimeter=11.7 bbox=(1205,798,4,5)
[MASK M717] area=2.0 perimeter=6.0 bbox=(967,798,2,3)
[MASK M718] area=6.0 perimeter=13.7 bbox=(420,798,4,5)
[MASK M719] area=0.0 perimeter=0.0 bbox=(296,798,1,1)
[MASK M720] area=3.0 perimeter=7.7 bbox=(1169,797,3,4)
[MASK M721] area=0.5 perimeter=3.4 bbox=(989,797,2,2)
[MASK M722] area=0.5 perimeter=8.2 bbox=(843,797,3,4)
[MASK M723] area=0.0 perimeter=2.0 bbox=(831,797,1,2)
[MASK M724] area=0.5 perimeter=3.4 bbox=(567,797,2,2)
[MASK M725] area=1.0 perimeter=4.8 bbox=(150,797,3,2)
[MASK M726] area=6.0 perimeter=13.7 bbox=(94,797,6,4)
[MASK M727] area=0.0 perimeter=0.0 bbox=(1021,796,1,1)
[MASK M728] area=4.0 perimeter=16.5 bbox=(958,796,5,6)
[MASK M729] area=0.0 perimeter=0.0 bbox=(826,796,1,1)
[MASK M730] area=6.0 perimeter=11.7 bbox=(750,796,5,4)
[MASK M731] area=77.5 perimeter=77.0 bbox=(711,796,21,13)
[MASK M732] area=76.5 perimeter=54.0 bbox=(687,796,16,13)
[MASK M733] area=5.0 perimeter=21.7 bbox=(479,796,3,11)
[MASK M734] area=0.0 perimeter=0.0 bbox=(66,796,1,1)
[MASK M735] area=33.5 perimeter=36.4 bbox=(613,795,9,11)
[MASK M736] area=6.0 perimeter=11.7 bbox=(474,795,3,6)
[MASK M737] area=0.0 perimeter=2.0 bbox=(158,795,2,1)
[MASK M738] area=0.0 perimeter=0.0 bbox=(144,795,1,1)
[MASK M739] area=1.0 perimeter=4.8 bbox=(140,795,3,2)
[MASK M740] area=0.0 perimeter=4.0 bbox=(116,795,1,3)
[MASK M741] area=0.0 perimeter=2.0 bbox=(49,795,1,2)
[MASK M742] area=1.0 perimeter=4.0 bbox=(1110,794,2,2)
[MASK M743] area=0.0 perimeter=0.0 bbox=(837,794,1,1)
[MASK M744] area=2.0 perimeter=7.7 bbox=(832,794,3,3)
[MASK M745] area=0.0 perimeter=0.0 bbox=(805,794,1,1)
[MASK M746] area=24.5 perimeter=25.1 bbox=(561,794,4,12)
[MASK M747] area=0.0 perimeter=0.0 bbox=(507,794,1,1)
[MASK M748] area=15.5 perimeter=17.1 bbox=(224,794,6,6)
[MASK M749] area=0.0 perimeter=0.0 bbox=(99,794,1,1)
[MASK M750] area=0.0 perimeter=0.0 bbox=(1175,793,1,1)
[MASK M751] area=0.0 perimeter=0.0 bbox=(1157,793,1,1)
[MASK M752] area=0.0 perimeter=0.0 bbox=(641,793,1,1)
[MASK M753] area=0.0 perimeter=0.0 bbox=(317,793,1,1)
[MASK M754] area=0.0 perimeter=0.0 bbox=(103,793,1,1)
[MASK M755] area=0.0 perimeter=2.0 bbox=(101,793,1,2)
[MASK M756] area=4.0 perimeter=14.8 bbox=(1258,792,2,7)
[MASK M757] area=1.0 perimeter=8.8 bbox=(914,792,5,2)
[MASK M758] area=11.0 perimeter=13.7 bbox=(849,792,5,5)
[MASK M759] area=112.5 perimeter=111.7 bbox=(527,792,7,52)
[MASK M760] area=1.0 perimeter=4.8 bbox=(518,792,2,3)
[MASK M761] area=0.0 perimeter=2.0 bbox=(370,792,1,2)
[MASK M762] area=2.5 perimeter=6.2 bbox=(1185,791,3,3)
[MASK M763] area=12.5 perimeter=29.1 bbox=(554,791,4,14)
[MASK M764] area=96.0 perimeter=77.5 bbox=(390,791,14,28)
[MASK M765] area=3.0 perimeter=6.8 bbox=(1144,790,3,3)
[MASK M766] area=5.5 perimeter=9.4 bbox=(1107,790,4,3)
[MASK M767] area=48.5 perimeter=40.4 bbox=(644,790,9,17)
[MASK M768] area=166.0 perimeter=96.3 bbox=(441,790,9,44)
[MASK M769] area=0.0 perimeter=0.0 bbox=(265,790,1,1)
[MASK M770] area=10.0 perimeter=13.7 bbox=(1230,789,6,4)
[MASK M771] area=73.0 perimeter=59.1 bbox=(894,789,9,23)
[MASK M772] area=0.0 perimeter=2.8 bbox=(853,789,2,2)
[MASK M773] area=8.0 perimeter=14.5 bbox=(809,789,4,6)
[MASK M774] area=1.0 perimeter=6.8 bbox=(783,789,3,3)
[MASK M775] area=2.0 perimeter=7.7 bbox=(729,789,4,3)
[MASK M776] area=3.5 perimeter=7.4 bbox=(694,789,3,3)
[MASK M777] area=16.0 perimeter=24.1 bbox=(463,789,8,6)
[MASK M778] area=1.5 perimeter=5.4 bbox=(311,789,2,3)
[MASK M779] area=2.0 perimeter=6.8 bbox=(277,789,3,3)
[MASK M780] area=25.0 perimeter=22.1 bbox=(862,788,7,8)
[MASK M781] area=25.5 perimeter=30.4 bbox=(536,788,9,10)
[MASK M782] area=0.0 perimeter=0.0 bbox=(462,788,1,1)
[MASK M783] area=0.0 perimeter=2.0 bbox=(204,788,2,1)
[MASK M784] area=44.5 perimeter=33.9 bbox=(83,788,6,14)
[MASK M785] area=23.0 perimeter=24.1 bbox=(115,787,8,7)
[MASK M786] area=2.0 perimeter=11.7 bbox=(1192,786,6,3)
[MASK M787] area=18.0 perimeter=19.7 bbox=(788,786,7,6)
[MASK M788] area=0.5 perimeter=3.4 bbox=(629,786,2,2)
[MASK M789] area=68.5 perimeter=37.6 bbox=(452,786,8,16)
[MASK M790] area=0.5 perimeter=9.1 bbox=(267,786,4,4)
[MASK M791] area=6.0 perimeter=10.8 bbox=(105,786,4,4)
[MASK M792] area=5.5 perimeter=13.1 bbox=(67,786,6,4)
[MASK M793] area=0.0 perimeter=0.0 bbox=(808,785,1,1)
[MASK M794] area=22.0 perimeter=31.0 bbox=(700,785,6,12)
[MASK M795] area=0.0 perimeter=0.0 bbox=(620,785,1,1)
[MASK M796] area=27.0 perimeter=19.3 bbox=(417,785,7,7)
[MASK M797] area=0.0 perimeter=2.0 bbox=(357,785,1,2)
[MASK M798] area=2.0 perimeter=6.8 bbox=(1249,784,4,2)
[MASK M799] area=0.0 perimeter=4.8 bbox=(617,784,2,3)
[MASK M800] area=0.0 perimeter=0.0 bbox=(616,784,1,1)
[MASK M801] area=0.0 perimeter=0.0 bbox=(476,784,1,1)
[MASK M802] area=0.0 perimeter=4.8 bbox=(1139,783,2,3)
[MASK M803] area=6.0 perimeter=10.8 bbox=(722,783,4,4)
[MASK M804] area=0.0 perimeter=2.0 bbox=(108,783,1,2)
[MASK M805] area=3.0 perimeter=6.8 bbox=(87,783,3,3)
[MASK M806] area=3.5 perimeter=13.1 bbox=(75,783,6,3)
[MASK M807] area=0.5 perimeter=7.4 bbox=(1166,782,3,3)
[MASK M808] area=0.0 perimeter=0.0 bbox=(778,782,1,1)
[MASK M809] area=22.5 perimeter=33.6 bbox=(585,782,10,9)
[MASK M810] area=1.0 perimeter=4.8 bbox=(1243,781,3,2)
[MASK M811] area=30.5 perimeter=44.4 bbox=(564,781,12,14)
[MASK M812] area=17.0 perimeter=20.5 bbox=(531,781,7,7)
[MASK M813] area=2.0 perimeter=6.0 bbox=(276,781,3,2)
[MASK M814] area=11.5 perimeter=19.9 bbox=(207,781,5,7)
[MASK M815] area=0.0 perimeter=0.0 bbox=(1139,780,1,1)
[MASK M816] area=35.5 perimeter=31.6 bbox=(741,780,10,8)
[MASK M817] area=23.5 perimeter=28.7 bbox=(572,780,9,8)
[MASK M818] area=5.5 perimeter=10.2 bbox=(251,780,3,5)
[MASK M819] area=0.0 perimeter=0.0 bbox=(222,780,1,1)
[MASK M820] area=0.0 perimeter=2.0 bbox=(103,780,1,2)
[MASK M821] area=4.0 perimeter=8.8 bbox=(64,780,3,4)
[MASK M822] area=0.5 perimeter=3.4 bbox=(1169,779,2,2)
[MASK M823] area=0.0 perimeter=2.0 bbox=(1022,779,2,1)
[MASK M824] area=1.5 perimeter=5.4 bbox=(875,779,3,2)
[MASK M825] area=48.0 perimeter=53.1 bbox=(598,779,18,9)
[MASK M826] area=33.5 perimeter=41.9 bbox=(432,779,4,20)
[MASK M827] area=15.0 perimeter=15.7 bbox=(112,779,6,5)
[MASK M828] area=2.0 perimeter=6.8 bbox=(997,778,4,2)
[MASK M829] area=0.0 perimeter=0.0 bbox=(985,778,1,1)
[MASK M830] area=25.5 perimeter=25.6 bbox=(849,778,8,10)
[MASK M831] area=2.0 perimeter=11.7 bbox=(831,778,3,6)
[MASK M832] area=21.5 perimeter=34.4 bbox=(803,778,12,7)
[MASK M833] area=0.5 perimeter=3.4 bbox=(598,778,2,2)
[MASK M834] area=1.0 perimeter=4.8 bbox=(395,778,3,2)
[MASK M835] area=18.0 perimeter=17.3 bbox=(1222,777,7,6)
[MASK M836] area=0.0 perimeter=0.0 bbox=(816,777,1,1)
[MASK M837] area=1.5 perimeter=5.4 bbox=(761,777,2,3)
[MASK M838] area=2.0 perimeter=6.0 bbox=(415,777,3,2)
[MASK M839] area=0.0 perimeter=2.0 bbox=(245,777,2,1)
[MASK M840] area=0.0 perimeter=0.0 bbox=(73,777,1,1)
[MASK M841] area=24.5 perimeter=25.9 bbox=(1150,776,6,10)
[MASK M842] area=0.0 perimeter=0.0 bbox=(814,776,1,1)
[MASK M843] area=49.5 perimeter=45.2 bbox=(767,776,10,16)
[MASK M844] area=0.0 perimeter=2.0 bbox=(621,776,1,2)
[MASK M845] area=53.5 perimeter=31.6 bbox=(500,776,8,13)
[MASK M846] area=8.5 perimeter=23.6 bbox=(468,776,9,5)
[MASK M847] area=0.5 perimeter=3.4 bbox=(457,776,2,2)
[MASK M848] area=5.5 perimeter=10.2 bbox=(147,776,3,5)
[MASK M849] area=0.0 perimeter=0.0 bbox=(610,775,1,1)
[MASK M850] area=25.0 perimeter=28.5 bbox=(427,775,4,14)
[MASK M851] area=26.0 perimeter=30.1 bbox=(47,775,7,12)
[MASK M852] area=9.0 perimeter=14.8 bbox=(898,774,3,7)
[MASK M853] area=0.0 perimeter=2.0 bbox=(871,774,1,2)
[MASK M854] area=0.0 perimeter=2.0 bbox=(834,774,1,2)
[MASK M855] area=1.5 perimeter=5.4 bbox=(142,774,3,2)
[MASK M856] area=4.5 perimeter=8.2 bbox=(1189,773,3,4)
[MASK M857] area=0.0 perimeter=2.0 bbox=(868,773,2,1)
[MASK M858] area=2.0 perimeter=6.0 bbox=(836,773,2,3)
[MASK M859] area=13.5 perimeter=17.1 bbox=(656,773,5,7)
[MASK M860] area=35.5 perimeter=27.6 bbox=(636,773,8,11)
[MASK M861] area=0.0 perimeter=0.0 bbox=(413,772,1,1)
[MASK M862] area=6.5 perimeter=12.2 bbox=(331,772,3,6)
[MASK M863] area=3.0 perimeter=6.8 bbox=(156,772,3,3)
[MASK M864] area=0.5 perimeter=3.4 bbox=(1048,771,2,2)
[MASK M865] area=4.0 perimeter=8.8 bbox=(769,771,3,4)
[MASK M866] area=0.0 perimeter=0.0 bbox=(752,771,1,1)
[MASK M867] area=11.0 perimeter=13.7 bbox=(646,771,5,5)
[MASK M868] area=34.0 perimeter=28.1 bbox=(544,771,7,10)
[MASK M869] area=0.0 perimeter=0.0 bbox=(138,771,1,1)
[MASK M870] area=12.5 perimeter=15.1 bbox=(77,771,7,4)
[MASK M871] area=0.0 perimeter=2.8 bbox=(74,771,2,2)
[MASK M872] area=17.0 perimeter=21.7 bbox=(1115,770,4,10)
[MASK M873] area=0.0 perimeter=0.0 bbox=(740,770,1,1)
[MASK M874] area=0.0 perimeter=0.0 bbox=(697,770,1,1)
[MASK M875] area=0.0 perimeter=0.0 bbox=(468,770,1,1)
[MASK M876] area=0.0 perimeter=0.0 bbox=(196,770,1,1)
[MASK M877] area=5.5 perimeter=13.1 bbox=(164,770,5,4)
[MASK M878] area=172.0 perimeter=91.9 bbox=(485,769,11,34)
[MASK M879] area=0.0 perimeter=2.0 bbox=(456,769,1,2)
[MASK M880] area=59.5 perimeter=42.7 bbox=(364,769,8,18)
[MASK M881] area=0.5 perimeter=3.4 bbox=(259,769,2,2)
[MASK M882] area=0.0 perimeter=6.0 bbox=(849,768,1,4)
[MASK M883] area=0.0 perimeter=0.0 bbox=(734,768,1,1)
[MASK M884] area=0.0 perimeter=0.0 bbox=(498,768,1,1)
[MASK M885] area=0.0 perimeter=2.0 bbox=(478,768,1,2)
[MASK M886] area=193.5 perimeter=93.0 bbox=(284,768,29,18)
[MASK M887] area=47.0 perimeter=35.3 bbox=(998,767,11,10)
[MASK M888] area=0.0 perimeter=2.0 bbox=(835,767,1,2)
[MASK M889] area=0.0 perimeter=2.8 bbox=(421,767,2,2)
[MASK M890] area=0.5 perimeter=5.4 bbox=(338,767,2,3)
[MASK M891] area=0.0 perimeter=2.0 bbox=(666,766,1,2)
[MASK M892] area=0.5 perimeter=3.4 bbox=(465,766,2,2)
[MASK M893] area=0.0 perimeter=5.7 bbox=(82,766,3,3)
[MASK M894] area=7.5 perimeter=11.4 bbox=(1211,765,4,4)
[MASK M895] area=0.0 perimeter=2.0 bbox=(575,765,2,1)
[MASK M896] area=28.0 perimeter=29.0 bbox=(535,765,8,11)
[MASK M897] area=0.0 perimeter=0.0 bbox=(494,765,1,1)
[MASK M898] area=0.0 perimeter=2.0 bbox=(362,765,1,2)
[MASK M899] area=0.5 perimeter=3.4 bbox=(1116,764,2,2)
[MASK M900] area=123.5 perimeter=117.5 bbox=(906,764,11,48)
[MASK M901] area=1.0 perimeter=4.0 bbox=(793,764,2,2)
[MASK M902] area=0.5 perimeter=3.4 bbox=(623,764,2,2)
[MASK M903] area=3.0 perimeter=6.8 bbox=(56,764,3,3)
[MASK M904] area=64.0 perimeter=51.1 bbox=(714,763,18,10)
[MASK M905] area=93.5 perimeter=72.9 bbox=(435,763,13,20)
[MASK M906] area=0.0 perimeter=2.0 bbox=(405,763,1,2)
[MASK M907] area=0.0 perimeter=0.0 bbox=(208,763,1,1)
[MASK M908] area=1.5 perimeter=5.4 bbox=(801,762,2,3)
[MASK M909] area=0.5 perimeter=3.4 bbox=(798,762,2,2)
[MASK M910] area=0.0 perimeter=0.0 bbox=(784,762,1,1)
[MASK M911] area=15.0 perimeter=18.5 bbox=(499,762,5,7)
[MASK M912] area=8.5 perimeter=13.1 bbox=(39,762,4,6)
[MASK M913] area=3.5 perimeter=7.4 bbox=(1197,761,3,3)
[MASK M914] area=12.0 perimeter=14.8 bbox=(1016,761,4,6)
[MASK M915] area=1.5 perimeter=8.2 bbox=(933,761,4,3)
[MASK M916] area=0.0 perimeter=0.0 bbox=(788,761,1,1)
[MASK M917] area=0.5 perimeter=12.2 bbox=(599,761,5,4)
[MASK M918] area=3.5 perimeter=8.2 bbox=(259,761,3,4)
[MASK M919] area=4.0 perimeter=10.8 bbox=(1258,760,2,6)
[MASK M920] area=3.5 perimeter=10.2 bbox=(925,760,5,3)
[MASK M921] area=0.0 perimeter=4.0 bbox=(906,760,3,1)
[MASK M922] area=11.5 perimeter=13.1 bbox=(861,760,5,5)
[MASK M923] area=1.5 perimeter=5.4 bbox=(851,760,3,2)
[MASK M924] area=0.0 perimeter=0.0 bbox=(784,760,1,1)
[MASK M925] area=8.0 perimeter=12.8 bbox=(627,760,4,5)
[MASK M926] area=0.0 perimeter=2.0 bbox=(515,760,1,2)
[MASK M927] area=0.5 perimeter=3.4 bbox=(68,760,2,2)
[MASK M928] area=0.0 perimeter=2.0 bbox=(789,759,2,1)
[MASK M929] area=201.0 perimeter=77.1 bbox=(679,759,12,35)
[MASK M930] area=13.5 perimeter=24.7 bbox=(590,759,5,10)
[MASK M931] area=0.5 perimeter=3.4 bbox=(567,759,2,2)
[MASK M932] area=1.0 perimeter=9.7 bbox=(280,759,2,5)
[MASK M933] area=0.0 perimeter=0.0 bbox=(1223,758,1,1)
[MASK M934] area=1.5 perimeter=5.4 bbox=(933,758,3,2)
[MASK M935] area=9.5 perimeter=13.1 bbox=(654,758,5,5)
[MASK M936] area=0.0 perimeter=0.0 bbox=(616,758,1,1)
[MASK M937] area=3.0 perimeter=8.8 bbox=(578,758,3,4)
[MASK M938] area=4.5 perimeter=15.4 bbox=(487,758,2,8)
[MASK M939] area=1.5 perimeter=5.4 bbox=(478,758,2,3)
[MASK M940] area=0.0 perimeter=0.0 bbox=(875,757,1,1)
[MASK M941] area=12.5 perimeter=16.2 bbox=(764,757,5,6)
[MASK M942] area=1.5 perimeter=5.4 bbox=(73,757,2,3)
[MASK M943] area=44.0 perimeter=29.3 bbox=(813,756,9,10)
[MASK M944] area=0.0 perimeter=2.0 bbox=(532,756,2,1)
[MASK M945] area=2.0 perimeter=6.8 bbox=(129,756,3,3)
[MASK M946] area=157.5 perimeter=130.3 bbox=(90,756,20,31)
[MASK M947] area=0.0 perimeter=2.0 bbox=(901,755,2,1)
[MASK M948] area=0.0 perimeter=2.0 bbox=(713,755,1,2)
[MASK M949] area=0.0 perimeter=2.8 bbox=(661,755,2,2)
[MASK M950] area=15.0 perimeter=25.3 bbox=(571,755,7,10)
[MASK M951] area=2.0 perimeter=7.7 bbox=(363,755,3,4)
[MASK M952] area=9.0 perimeter=11.7 bbox=(348,755,4,5)
[MASK M953] area=0.0 perimeter=2.0 bbox=(287,755,2,1)
[MASK M954] area=0.0 perimeter=0.0 bbox=(164,755,1,1)
[MASK M955] area=2.0 perimeter=6.8 bbox=(33,755,3,3)
[MASK M956] area=5.0 perimeter=16.5 bbox=(798,754,4,7)
[MASK M957] area=0.0 perimeter=0.0 bbox=(710,754,1,1)
[MASK M958] area=52.0 perimeter=35.0 bbox=(698,754,13,9)
[MASK M959] area=19.5 perimeter=40.2 bbox=(428,754,3,20)
[MASK M960] area=0.0 perimeter=0.0 bbox=(1147,753,1,1)
[MASK M961] area=1.0 perimeter=4.8 bbox=(872,753,3,2)
[MASK M962] area=0.0 perimeter=4.8 bbox=(715,753,3,2)
[MASK M963] area=0.0 perimeter=2.0 bbox=(667,753,1,2)
[MASK M964] area=14.5 perimeter=17.1 bbox=(339,753,5,7)
[MASK M965] area=0.0 perimeter=0.0 bbox=(308,753,1,1)
[MASK M966] area=0.0 perimeter=0.0 bbox=(208,753,1,1)
[MASK M967] area=9.0 perimeter=13.7 bbox=(84,753,7,3)
[MASK M968] area=0.0 perimeter=4.0 bbox=(57,753,1,3)
[MASK M969] area=1.0 perimeter=4.0 bbox=(996,752,2,2)
[MASK M970] area=162.5 perimeter=134.1 bbox=(872,752,19,39)
[MASK M971] area=8.0 perimeter=15.7 bbox=(49,752,3,8)
[MASK M972] area=0.0 perimeter=0.0 bbox=(1126,751,1,1)
[MASK M973] area=0.0 perimeter=2.0 bbox=(810,751,1,2)
[MASK M974] area=6.0 perimeter=13.7 bbox=(737,751,5,4)
[MASK M975] area=0.5 perimeter=3.4 bbox=(589,751,2,2)
[MASK M976] area=1.0 perimeter=4.0 bbox=(581,751,2,2)
[MASK M977] area=4.0 perimeter=8.8 bbox=(540,751,4,3)
[MASK M978] area=0.0 perimeter=0.0 bbox=(363,751,1,1)
[MASK M979] area=3.0 perimeter=11.7 bbox=(167,751,6,3)
[MASK M980] area=28.5 perimeter=31.6 bbox=(669,750,12,7)
[MASK M981] area=1.5 perimeter=6.2 bbox=(659,750,3,3)
[MASK M982] area=0.0 perimeter=0.0 bbox=(312,750,1,1)
[MASK M983] area=1.0 perimeter=6.8 bbox=(205,750,3,2)
[MASK M984] area=0.0 perimeter=2.0 bbox=(1116,749,1,2)
[MASK M985] area=0.0 perimeter=4.0 bbox=(866,749,3,1)
[MASK M986] area=0.0 perimeter=0.0 bbox=(708,749,1,1)
[MASK M987] area=53.0 perimeter=41.0 bbox=(553,749,8,17)
[MASK M988] area=1.0 perimeter=6.8 bbox=(198,749,3,3)
[MASK M989] area=0.0 perimeter=0.0 bbox=(1127,748,1,1)
[MASK M990] area=0.0 perimeter=0.0 bbox=(891,748,1,1)
[MASK M991] area=0.0 perimeter=0.0 bbox=(360,748,1,1)
[MASK M992] area=4.5 perimeter=12.2 bbox=(239,748,5,4)
[MASK M993] area=1.0 perimeter=4.8 bbox=(98,747,3,2)
[MASK M994] area=13.5 perimeter=24.7 bbox=(38,747,8,8)
[MASK M995] area=12.5 perimeter=15.1 bbox=(426,746,4,7)
[MASK M996] area=0.0 perimeter=0.0 bbox=(1162,745,1,1)
[MASK M997] area=0.5 perimeter=3.4 bbox=(1115,745,2,2)
[MASK M998] area=2.0 perimeter=6.0 bbox=(1105,745,2,3)
[MASK M999] area=0.0 perimeter=2.0 bbox=(866,745,2,1)
[MASK M1000] area=10.5 perimeter=29.1 bbox=(442,745,4,14)
[MASK M1001] area=80.5 perimeter=56.9 bbox=(411,745,13,17)
[MASK M1002] area=0.0 perimeter=0.0 bbox=(34,745,1,1)
[MASK M1003] area=10.5 perimeter=21.9 bbox=(945,744,5,9)
[MASK M1004] area=0.0 perimeter=4.8 bbox=(893,744,2,3)
[MASK M1005] area=0.0 perimeter=2.0 bbox=(855,744,2,1)
[MASK M1006] area=8.5 perimeter=14.2 bbox=(566,744,5,5)
[MASK M1007] area=16.5 perimeter=19.9 bbox=(87,744,8,5)
[MASK M1008] area=0.0 perimeter=0.0 bbox=(958,743,1,1)
[MASK M1009] area=5.0 perimeter=15.3 bbox=(910,743,5,5)
[MASK M1010] area=13.5 perimeter=14.2 bbox=(535,743,4,6)
[MASK M1011] area=2.5 perimeter=7.4 bbox=(281,743,2,4)
[MASK M1012] area=2.0 perimeter=6.8 bbox=(138,743,3,3)
[MASK M1013] area=56.0 perimeter=49.1 bbox=(107,743,11,20)
[MASK M1014] area=21.5 perimeter=23.9 bbox=(1211,742,5,10)
[MASK M1015] area=8.5 perimeter=12.2 bbox=(515,742,3,6)
[MASK M1016] area=2.0 perimeter=6.8 bbox=(84,742,2,4)
[MASK M1017] area=0.0 perimeter=2.0 bbox=(1259,741,1,2)
[MASK M1018] area=0.0 perimeter=0.0 bbox=(984,741,1,1)
[MASK M1019] area=1.5 perimeter=5.4 bbox=(858,741,3,2)
[MASK M1020] area=0.5 perimeter=3.4 bbox=(803,741,2,2)
[MASK M1021] area=2.5 perimeter=6.2 bbox=(552,741,3,3)
[MASK M1022] area=0.0 perimeter=0.0 bbox=(452,741,1,1)
[MASK M1023] area=8.0 perimeter=11.7 bbox=(416,741,4,5)
[MASK M1024] area=0.0 perimeter=0.0 bbox=(913,740,1,1)
[MASK M1025] area=10.0 perimeter=12.8 bbox=(772,740,4,5)
[MASK M1026] area=4.5 perimeter=9.1 bbox=(738,740,4,4)
[MASK M1027] area=6.0 perimeter=11.7 bbox=(719,740,5,4)
[MASK M1028] area=13.0 perimeter=17.7 bbox=(593,740,6,6)
[MASK M1029] area=1.5 perimeter=5.4 bbox=(748,739,3,2)
[MASK M1030] area=8.5 perimeter=19.9 bbox=(607,739,5,9)
[MASK M1031] area=1.5 perimeter=5.4 bbox=(571,739,2,3)
[MASK M1032] area=0.0 perimeter=4.0 bbox=(499,739,1,3)
[MASK M1033] area=0.0 perimeter=2.0 bbox=(15,739,1,2)
[MASK M1034] area=7.5 perimeter=13.1 bbox=(962,738,5,5)
[MASK M1035] area=25.0 perimeter=23.3 bbox=(843,738,9,6)
[MASK M1036] area=0.0 perimeter=2.0 bbox=(54,738,1,2)
[MASK M1037] area=0.5 perimeter=3.4 bbox=(65,737,2,2)
[MASK M1038] area=4.5 perimeter=10.2 bbox=(27,737,3,5)
[MASK M1039] area=0.5 perimeter=5.4 bbox=(1199,736,3,2)
[MASK M1040] area=80.5 perimeter=59.7 bbox=(686,736,11,20)
[MASK M1041] area=3.0 perimeter=9.7 bbox=(527,736,3,5)
[MASK M1042] area=116.0 perimeter=46.1 bbox=(484,736,10,18)
[MASK M1043] area=1.5 perimeter=5.4 bbox=(418,736,2,3)
[MASK M1044] area=0.0 perimeter=0.0 bbox=(348,736,1,1)
[MASK M1045] area=2.0 perimeter=6.0 bbox=(45,736,2,3)
[MASK M1046] area=0.0 perimeter=4.0 bbox=(932,735,1,3)
[MASK M1047] area=0.5 perimeter=3.4 bbox=(858,735,2,2)
[MASK M1048] area=0.0 perimeter=0.0 bbox=(797,735,1,1)
[MASK M1049] area=5.5 perimeter=10.2 bbox=(363,735,4,4)
[MASK M1050] area=0.0 perimeter=4.0 bbox=(1165,734,3,1)
[MASK M1051] area=1.0 perimeter=4.8 bbox=(644,734,2,3)
[MASK M1052] area=0.0 perimeter=4.0 bbox=(571,734,1,3)
[MASK M1053] area=65.0 perimeter=89.5 bbox=(523,734,8,42)
[MASK M1054] area=0.0 perimeter=7.7 bbox=(448,734,3,3)
[MASK M1055] area=1.0 perimeter=4.0 bbox=(70,734,2,2)
[MASK M1056] area=1.0 perimeter=4.8 bbox=(1258,733,2,3)
[MASK M1057] area=4.5 perimeter=10.2 bbox=(599,733,3,4)
[MASK M1058] area=9.0 perimeter=13.7 bbox=(442,733,3,7)
[MASK M1059] area=0.0 perimeter=0.0 bbox=(351,733,1,1)
[MASK M1060] area=0.0 perimeter=2.0 bbox=(42,733,2,1)
[MASK M1061] area=2.5 perimeter=8.2 bbox=(1179,732,3,4)
[MASK M1062] area=0.5 perimeter=3.4 bbox=(897,732,2,2)
[MASK M1063] area=0.0 perimeter=0.0 bbox=(746,732,1,1)
[MASK M1064] area=2.5 perimeter=9.4 bbox=(588,732,2,5)
[MASK M1065] area=0.0 perimeter=0.0 bbox=(450,732,1,1)
[MASK M1066] area=5.0 perimeter=8.8 bbox=(25,732,3,4)
[MASK M1067] area=0.0 perimeter=2.0 bbox=(19,732,1,2)
[MASK M1068] area=3.0 perimeter=8.8 bbox=(1123,731,3,4)
[MASK M1069] area=12.0 perimeter=18.5 bbox=(909,731,4,8)
[MASK M1070] area=0.0 perimeter=0.0 bbox=(772,731,1,1)
[MASK M1071] area=0.0 perimeter=0.0 bbox=(627,731,1,1)
[MASK M1072] area=1.0 perimeter=6.8 bbox=(539,731,2,4)
[MASK M1073] area=83.0 perimeter=88.3 bbox=(432,731,8,26)
[MASK M1074] area=42.0 perimeter=27.3 bbox=(126,731,8,9)
[MASK M1075] area=1.5 perimeter=5.4 bbox=(728,730,3,2)
[MASK M1076] area=13.0 perimeter=14.5 bbox=(1218,729,5,6)
[MASK M1077] area=3.5 perimeter=15.9 bbox=(973,729,6,4)
[MASK M1078] area=0.0 perimeter=2.0 bbox=(926,729,2,1)
[MASK M1079] area=0.5 perimeter=3.4 bbox=(821,729,2,2)
[MASK M1080] area=1.0 perimeter=4.8 bbox=(716,729,2,3)
[MASK M1081] area=0.0 perimeter=0.0 bbox=(539,729,1,1)
[MASK M1082] area=16.0 perimeter=17.3 bbox=(511,729,6,7)
[MASK M1083] area=0.0 perimeter=0.0 bbox=(437,729,1,1)
[MASK M1084] area=10.0 perimeter=20.5 bbox=(424,729,4,10)
[MASK M1085] area=4.0 perimeter=12.5 bbox=(276,729,6,3)
[MASK M1086] area=13.0 perimeter=21.3 bbox=(1110,728,7,7)
[MASK M1087] area=2.5 perimeter=12.2 bbox=(692,728,4,5)
[MASK M1088] area=22.5 perimeter=24.7 bbox=(655,728,5,11)
[MASK M1089] area=47.0 perimeter=35.8 bbox=(551,728,12,10)
[MASK M1090] area=0.5 perimeter=7.4 bbox=(415,728,4,2)
[MASK M1091] area=0.0 perimeter=0.0 bbox=(413,728,1,1)
[MASK M1092] area=1.0 perimeter=4.0 bbox=(334,728,2,2)
[MASK M1093] area=2.0 perimeter=6.8 bbox=(1167,727,3,3)
[MASK M1094] area=6.0 perimeter=11.7 bbox=(1153,727,4,5)
[MASK M1095] area=0.0 perimeter=2.0 bbox=(909,727,1,2)
[MASK M1096] area=1.5 perimeter=8.2 bbox=(793,727,4,3)
[MASK M1097] area=3.5 perimeter=11.1 bbox=(745,727,4,5)
[MASK M1098] area=0.0 perimeter=6.8 bbox=(1102,726,2,4)
[MASK M1099] area=0.0 perimeter=2.8 bbox=(652,726,2,2)
[MASK M1100] area=0.0 perimeter=2.0 bbox=(607,726,1,2)
[MASK M1101] area=0.0 perimeter=0.0 bbox=(226,726,1,1)
[MASK M1102] area=31.0 perimeter=31.0 bbox=(1206,725,11,10)
[MASK M1103] area=0.0 perimeter=0.0 bbox=(1123,725,1,1)
[MASK M1104] area=0.0 perimeter=0.0 bbox=(961,725,1,1)
[MASK M1105] area=0.5 perimeter=5.4 bbox=(944,725,3,2)
[MASK M1106] area=91.0 perimeter=44.6 bbox=(871,725,17,10)
[MASK M1107] area=0.0 perimeter=2.0 bbox=(767,725,2,1)
[MASK M1108] area=0.0 perimeter=2.0 bbox=(633,725,2,1)
[MASK M1109] area=0.0 perimeter=0.0 bbox=(68,725,1,1)
[MASK M1110] area=0.0 perimeter=2.0 bbox=(51,725,2,1)
[MASK M1111] area=48.0 perimeter=28.5 bbox=(979,724,10,7)
[MASK M1112] area=3.0 perimeter=6.8 bbox=(365,724,3,3)
[MASK M1113] area=6.0 perimeter=11.7 bbox=(148,724,4,5)
[MASK M1114] area=31.0 perimeter=28.1 bbox=(1174,723,10,7)
[MASK M1115] area=2.5 perimeter=8.2 bbox=(862,723,3,4)
[MASK M1116] area=0.0 perimeter=0.0 bbox=(749,723,1,1)
[MASK M1117] area=15.5 perimeter=20.7 bbox=(640,723,9,5)
[MASK M1118] area=1.5 perimeter=5.4 bbox=(499,723,2,3)
[MASK M1119] area=0.0 perimeter=2.0 bbox=(494,723,1,2)
[MASK M1120] area=1.5 perimeter=8.2 bbox=(349,723,3,4)
[MASK M1121] area=0.5 perimeter=3.4 bbox=(43,723,2,2)
[MASK M1122] area=0.5 perimeter=3.4 bbox=(841,722,2,2)
[MASK M1123] area=0.5 perimeter=3.4 bbox=(803,722,2,2)
[MASK M1124] area=10.5 perimeter=15.1 bbox=(466,722,5,6)
[MASK M1125] area=21.0 perimeter=19.3 bbox=(358,722,5,9)
[MASK M1126] area=2.5 perimeter=6.2 bbox=(277,722,3,3)
[MASK M1127] area=48.5 perimeter=50.9 bbox=(104,722,13,11)
[MASK M1128] area=8.0 perimeter=13.7 bbox=(95,722,5,5)
[MASK M1129] area=2.0 perimeter=8.8 bbox=(999,721,4,3)
[MASK M1130] area=1.0 perimeter=6.8 bbox=(906,721,2,4)
[MASK M1131] area=0.0 perimeter=0.0 bbox=(773,721,1,1)
[MASK M1132] area=1.5 perimeter=5.4 bbox=(769,721,3,2)
[MASK M1133] area=2.0 perimeter=6.8 bbox=(757,721,3,3)
[MASK M1134] area=10.0 perimeter=12.5 bbox=(674,721,5,5)
[MASK M1135] area=1.0 perimeter=4.0 bbox=(482,721,2,2)
[MASK M1136] area=1.0 perimeter=4.0 bbox=(214,721,2,2)
[MASK M1137] area=0.0 perimeter=0.0 bbox=(1223,720,1,1)
[MASK M1138] area=6.0 perimeter=10.8 bbox=(1155,720,5,3)
[MASK M1139] area=0.0 perimeter=2.0 bbox=(716,720,2,1)
[MASK M1140] area=6.5 perimeter=10.2 bbox=(607,720,3,5)
[MASK M1141] area=30.0 perimeter=37.0 bbox=(314,720,7,13)
[MASK M1142] area=11.0 perimeter=14.8 bbox=(684,719,3,7)
[MASK M1143] area=7.0 perimeter=13.7 bbox=(567,719,3,7)
[MASK M1144] area=5.5 perimeter=12.2 bbox=(203,719,4,5)
[MASK M1145] area=0.0 perimeter=4.0 bbox=(1105,718,3,1)
[MASK M1146] area=0.0 perimeter=4.0 bbox=(846,718,3,1)
[MASK M1147] area=2.0 perimeter=6.0 bbox=(1258,717,2,3)
[MASK M1148] area=0.0 perimeter=2.0 bbox=(761,717,1,2)
[MASK M1149] area=4.5 perimeter=15.1 bbox=(722,717,7,4)
[MASK M1150] area=0.0 perimeter=0.0 bbox=(611,717,1,1)
[MASK M1151] area=8.0 perimeter=12.8 bbox=(156,717,5,4)
[MASK M1152] area=0.0 perimeter=0.0 bbox=(1222,716,1,1)
[MASK M1153] area=0.0 perimeter=0.0 bbox=(1196,716,1,1)
[MASK M1154] area=1.0 perimeter=4.0 bbox=(775,716,2,2)
[MASK M1155] area=1.0 perimeter=4.8 bbox=(718,716,3,2)
[MASK M1156] area=1.5 perimeter=5.4 bbox=(615,716,2,3)
[MASK M1157] area=0.0 perimeter=0.0 bbox=(609,716,1,1)
[MASK M1158] area=0.0 perimeter=2.8 bbox=(349,716,2,2)
[MASK M1159] area=2.5 perimeter=9.4 bbox=(32,716,2,5)
[MASK M1160] area=20.0 perimeter=37.5 bbox=(615,715,10,10)
[MASK M1161] area=0.5 perimeter=3.4 bbox=(605,715,2,2)
[MASK M1162] area=20.5 perimeter=26.7 bbox=(524,715,7,9)
[MASK M1163] area=0.0 perimeter=0.0 bbox=(501,715,1,1)
[MASK M1164] area=0.0 perimeter=0.0 bbox=(494,715,1,1)
[MASK M1165] area=26.0 perimeter=37.3 bbox=(446,715,4,17)
[MASK M1166] area=29.0 perimeter=28.1 bbox=(1119,714,8,10)
[MASK M1167] area=0.5 perimeter=5.4 bbox=(1101,714,2,3)
[MASK M1168] area=1.0 perimeter=4.0 bbox=(1014,714,2,2)
[MASK M1169] area=39.5 perimeter=38.4 bbox=(555,714,10,11)
[MASK M1170] area=113.5 perimeter=57.4 bbox=(423,714,19,14)
[MASK M1171] area=0.0 perimeter=4.0 bbox=(412,714,3,1)
[MASK M1172] area=1.0 perimeter=7.7 bbox=(282,714,3,4)
[MASK M1173] area=2.0 perimeter=8.8 bbox=(73,714,2,5)
[MASK M1174] area=0.0 perimeter=0.0 bbox=(501,713,1,1)
[MASK M1175] area=0.0 perimeter=0.0 bbox=(247,713,1,1)
[MASK M1176] area=0.0 perimeter=2.0 bbox=(88,713,2,1)
[MASK M1177] area=0.0 perimeter=4.0 bbox=(43,713,1,3)
[MASK M1178] area=0.0 perimeter=0.0 bbox=(1079,712,1,1)
[MASK M1179] area=0.0 perimeter=0.0 bbox=(895,712,1,1)
[MASK M1180] area=8.0 perimeter=19.7 bbox=(1202,711,4,8)
[MASK M1181] area=0.5 perimeter=7.4 bbox=(976,711,4,2)
[MASK M1182] area=3.0 perimeter=6.8 bbox=(957,711,3,3)
[MASK M1183] area=0.0 perimeter=2.0 bbox=(824,711,1,2)
[MASK M1184] area=4.0 perimeter=8.8 bbox=(820,711,3,4)
[MASK M1185] area=0.0 perimeter=0.0 bbox=(383,711,1,1)
[MASK M1186] area=2.0 perimeter=6.0 bbox=(1209,710,2,3)
[MASK M1187] area=132.0 perimeter=89.6 bbox=(660,710,14,36)
[MASK M1188] area=1.0 perimeter=4.0 bbox=(416,710,2,2)
[MASK M1189] area=1.0 perimeter=6.8 bbox=(410,710,3,3)
[MASK M1190] area=0.0 perimeter=2.0 bbox=(112,710,1,2)
[MASK M1191] area=6.0 perimeter=10.8 bbox=(1102,709,4,4)
[MASK M1192] area=1.0 perimeter=8.8 bbox=(380,709,2,5)
[MASK M1193] area=6.0 perimeter=11.7 bbox=(266,709,5,4)
[MASK M1194] area=2.0 perimeter=6.8 bbox=(195,709,3,3)
[MASK M1195] area=7.5 perimeter=12.2 bbox=(45,709,3,6)
[MASK M1196] area=54.5 perimeter=43.2 bbox=(534,708,13,13)
[MASK M1197] area=2.5 perimeter=7.4 bbox=(495,708,3,3)
[MASK M1198] area=0.0 perimeter=0.0 bbox=(310,708,1,1)
[MASK M1199] area=0.0 perimeter=0.0 bbox=(5,708,1,1)
[MASK M1200] area=1.5 perimeter=5.4 bbox=(926,707,2,3)
[MASK M1201] area=6.0 perimeter=13.7 bbox=(439,707,6,3)
[MASK M1202] area=3.0 perimeter=8.8 bbox=(177,707,3,4)
[MASK M1203] area=0.0 perimeter=0.0 bbox=(1101,706,1,1)
[MASK M1204] area=6.5 perimeter=10.2 bbox=(1045,706,5,3)
[MASK M1205] area=1.0 perimeter=4.0 bbox=(796,706,2,2)
[MASK M1206] area=0.0 perimeter=2.0 bbox=(700,706,2,1)
[MASK M1207] area=14.5 perimeter=19.1 bbox=(1145,705,5,8)
[MASK M1208] area=6.0 perimeter=10.8 bbox=(992,705,4,4)
[MASK M1209] area=67.0 perimeter=42.3 bbox=(647,705,15,13)
[MASK M1210] area=19.5 perimeter=19.9 bbox=(557,705,7,7)
[MASK M1211] area=9.5 perimeter=12.2 bbox=(452,705,4,5)
[MASK M1212] area=1.5 perimeter=5.4 bbox=(347,705,2,3)
[MASK M1213] area=26.5 perimeter=43.7 bbox=(130,705,8,14)
[MASK M1214] area=16.5 perimeter=19.1 bbox=(35,705,7,5)
[MASK M1215] area=12.5 perimeter=24.7 bbox=(1157,704,6,10)
[MASK M1216] area=77.0 perimeter=53.5 bbox=(903,704,10,18)
[MASK M1217] area=0.0 perimeter=2.0 bbox=(739,704,1,2)
[MASK M1218] area=0.0 perimeter=2.0 bbox=(380,704,1,2)
[MASK M1219] area=55.0 perimeter=45.8 bbox=(61,704,10,16)
[MASK M1220] area=2.0 perimeter=6.0 bbox=(53,704,3,2)
[MASK M1221] area=18.0 perimeter=23.3 bbox=(1134,703,6,9)
[MASK M1222] area=3.5 perimeter=8.2 bbox=(914,703,3,4)
[MASK M1223] area=65.0 perimeter=61.1 bbox=(871,703,11,19)
[MASK M1224] area=21.5 perimeter=21.9 bbox=(425,703,7,8)
[MASK M1225] area=0.5 perimeter=3.4 bbox=(304,703,2,2)
[MASK M1226] area=19.5 perimeter=30.7 bbox=(103,703,5,14)
[MASK M1227] area=13.0 perimeter=15.7 bbox=(94,703,6,5)
[MASK M1228] area=76.0 perimeter=51.1 bbox=(1168,702,13,17)
[MASK M1229] area=7.5 perimeter=10.2 bbox=(1144,702,4,4)
[MASK M1230] area=0.0 perimeter=2.0 bbox=(774,702,1,2)
[MASK M1231] area=0.0 perimeter=0.0 bbox=(726,702,1,1)
[MASK M1232] area=0.0 perimeter=0.0 bbox=(700,702,1,1)
[MASK M1233] area=0.0 perimeter=0.0 bbox=(513,702,1,1)
[MASK M1234] area=0.5 perimeter=3.4 bbox=(205,702,2,2)
[MASK M1235] area=0.0 perimeter=0.0 bbox=(720,701,1,1)
[MASK M1236] area=6.5 perimeter=13.1 bbox=(694,701,4,5)
[MASK M1237] area=9.0 perimeter=12.8 bbox=(667,701,3,6)
[MASK M1238] area=19.0 perimeter=22.5 bbox=(500,701,5,8)
[MASK M1239] area=29.5 perimeter=23.1 bbox=(319,701,6,9)
[MASK M1240] area=0.5 perimeter=3.4 bbox=(214,701,2,2)
[MASK M1241] area=0.0 perimeter=2.0 bbox=(149,701,2,1)
[MASK M1242] area=0.0 perimeter=2.0 bbox=(1055,700,2,1)
[MASK M1243] area=1.5 perimeter=7.4 bbox=(1015,700,4,2)
[MASK M1244] area=5.0 perimeter=9.7 bbox=(863,700,4,4)
[MASK M1245] area=0.0 perimeter=2.0 bbox=(729,700,1,2)
[MASK M1246] area=0.5 perimeter=3.4 bbox=(706,700,2,2)
[MASK M1247] area=0.0 perimeter=0.0 bbox=(645,700,1,1)
[MASK M1248] area=12.5 perimeter=15.4 bbox=(547,700,4,6)
[MASK M1249] area=4.5 perimeter=14.2 bbox=(28,700,3,7)
[MASK M1250] area=0.0 perimeter=0.0 bbox=(975,699,1,1)
[MASK M1251] area=1.5 perimeter=5.4 bbox=(903,699,2,3)
[MASK M1252] area=88.5 perimeter=44.4 bbox=(568,699,11,16)
[MASK M1253] area=115.5 perimeter=58.4 bbox=(392,699,9,25)
[MASK M1254] area=1.0 perimeter=4.8 bbox=(250,699,2,3)
[MASK M1255] area=2.5 perimeter=7.4 bbox=(787,698,2,4)
[MASK M1256] area=0.5 perimeter=3.4 bbox=(654,698,2,2)
[MASK M1257] area=19.5 perimeter=21.1 bbox=(232,698,6,8)
[MASK M1258] area=0.0 perimeter=0.0 bbox=(28,697,1,1)
[MASK M1259] area=0.0 perimeter=0.0 bbox=(1069,696,1,1)
[MASK M1260] area=18.5 perimeter=23.9 bbox=(891,696,5,10)
[MASK M1261] area=2.0 perimeter=8.8 bbox=(526,696,2,5)
[MASK M1262] area=0.0 perimeter=2.0 bbox=(115,696,1,2)
[MASK M1263] area=32.0 perimeter=35.0 bbox=(69,696,7,16)
[MASK M1264] area=13.0 perimeter=15.7 bbox=(1151,695,6,5)
[MASK M1265] area=1.0 perimeter=4.0 bbox=(656,695,2,2)
[MASK M1266] area=0.5 perimeter=3.4 bbox=(238,695,2,2)
[MASK M1267] area=8.0 perimeter=18.8 bbox=(18,695,3,9)
[MASK M1268] area=12.5 perimeter=20.7 bbox=(646,694,8,7)
[MASK M1269] area=4.0 perimeter=8.8 bbox=(348,694,3,4)
[MASK M1270] area=0.0 perimeter=0.0 bbox=(274,694,1,1)
[MASK M1271] area=4.5 perimeter=8.2 bbox=(33,694,3,4)
[MASK M1272] area=41.0 perimeter=28.1 bbox=(951,693,10,9)
[MASK M1273] area=6.0 perimeter=11.7 bbox=(804,693,5,4)
[MASK M1274] area=0.0 perimeter=2.0 bbox=(655,693,2,1)
[MASK M1275] area=147.5 perimeter=81.0 bbox=(589,693,18,27)
[MASK M1276] area=7.5 perimeter=11.1 bbox=(443,693,5,4)
[MASK M1277] area=1.0 perimeter=6.8 bbox=(65,693,2,4)
[MASK M1278] area=0.0 perimeter=0.0 bbox=(1119,692,1,1)
[MASK M1279] area=0.0 perimeter=0.0 bbox=(978,692,1,1)
[MASK M1280] area=0.0 perimeter=0.0 bbox=(735,692,1,1)
[MASK M1281] area=0.0 perimeter=0.0 bbox=(663,692,1,1)
[MASK M1282] area=0.0 perimeter=2.8 bbox=(614,692,2,2)
[MASK M1283] area=0.5 perimeter=3.4 bbox=(325,692,2,2)
[MASK M1284] area=0.0 perimeter=0.0 bbox=(201,692,1,1)
[MASK M1285] area=1.0 perimeter=4.0 bbox=(1258,691,2,2)
[MASK M1286] area=0.0 perimeter=0.0 bbox=(737,691,1,1)
[MASK M1287] area=1.5 perimeter=5.4 bbox=(665,691,3,2)
[MASK M1288] area=0.0 perimeter=4.8 bbox=(628,691,3,2)
[MASK M1289] area=22.0 perimeter=19.7 bbox=(249,691,6,7)
[MASK M1290] area=27.0 perimeter=36.1 bbox=(51,691,11,11)
[MASK M1291] area=0.0 perimeter=4.0 bbox=(47,691,3,1)
[MASK M1292] area=2.0 perimeter=6.8 bbox=(24,691,3,3)
[MASK M1293] area=0.0 perimeter=0.0 bbox=(921,690,1,1)
[MASK M1294] area=0.0 perimeter=0.0 bbox=(723,690,1,1)
[MASK M1295] area=47.0 perimeter=44.6 bbox=(550,690,16,9)
[MASK M1296] area=0.0 perimeter=2.0 bbox=(524,690,1,2)
[MASK M1297] area=100.5 perimeter=64.9 bbox=(458,690,10,28)
[MASK M1298] area=37.0 perimeter=23.7 bbox=(404,690,8,7)
[MASK M1299] area=3.0 perimeter=6.8 bbox=(282,690,3,3)
[MASK M1300] area=1.0 perimeter=4.0 bbox=(1217,689,2,2)
[MASK M1301] area=19.0 perimeter=17.7 bbox=(516,689,5,7)
[MASK M1302] area=0.0 perimeter=4.0 bbox=(513,689,1,3)
[MASK M1303] area=0.0 perimeter=6.8 bbox=(62,689,4,2)
[MASK M1304] area=8.0 perimeter=17.3 bbox=(633,688,7,4)
[MASK M1305] area=0.0 perimeter=6.8 bbox=(385,688,2,4)
[MASK M1306] area=213.0 perimeter=228.9 bbox=(373,688,12,108)
[MASK M1307] area=0.0 perimeter=0.0 bbox=(108,688,1,1)
[MASK M1308] area=6.5 perimeter=11.1 bbox=(28,688,4,5)
[MASK M1309] area=10.5 perimeter=19.1 bbox=(1155,687,6,6)
[MASK M1310] area=7.5 perimeter=12.2 bbox=(683,687,4,5)
[MASK M1311] area=0.0 perimeter=2.8 bbox=(399,687,2,2)
[MASK M1312] area=12.0 perimeter=16.8 bbox=(94,687,3,8)
[MASK M1313] area=16.5 perimeter=21.9 bbox=(1222,686,6,9)
[MASK M1314] area=0.0 perimeter=2.0 bbox=(503,686,1,2)
[MASK M1315] area=1.0 perimeter=4.8 bbox=(1135,685,3,2)
[MASK M1316] area=4.0 perimeter=16.5 bbox=(955,685,7,5)
[MASK M1317] area=0.0 perimeter=2.0 bbox=(776,685,1,2)
[MASK M1318] area=40.0 perimeter=39.5 bbox=(452,685,11,11)
[MASK M1319] area=94.0 perimeter=44.1 bbox=(416,685,9,18)
[MASK M1320] area=0.0 perimeter=0.0 bbox=(386,685,1,1)
[MASK M1321] area=0.0 perimeter=0.0 bbox=(78,685,1,1)
[MASK M1322] area=5.0 perimeter=9.7 bbox=(52,685,4,4)
[MASK M1323] area=35.0 perimeter=50.3 bbox=(1169,684,8,18)
[MASK M1324] area=6.0 perimeter=11.7 bbox=(542,684,4,5)
[MASK M1325] area=17.5 perimeter=17.1 bbox=(524,684,7,5)
[MASK M1326] area=0.0 perimeter=0.0 bbox=(502,684,1,1)
[MASK M1327] area=0.0 perimeter=7.7 bbox=(430,684,3,3)
[MASK M1328] area=30.5 perimeter=23.1 bbox=(182,684,7,8)
[MASK M1329] area=10.5 perimeter=14.2 bbox=(19,684,6,4)
[MASK M1330] area=0.0 perimeter=2.0 bbox=(948,683,2,1)
[MASK M1331] area=19.5 perimeter=24.7 bbox=(760,683,7,9)
[MASK M1332] area=1.0 perimeter=4.8 bbox=(735,683,3,2)
[MASK M1333] area=29.5 perimeter=32.7 bbox=(671,683,10,10)
[MASK M1334] area=0.0 perimeter=2.0 bbox=(220,683,2,1)
[MASK M1335] area=4.5 perimeter=10.2 bbox=(166,683,3,5)
[MASK M1336] area=0.0 perimeter=6.0 bbox=(61,683,1,4)
[MASK M1337] area=1.0 perimeter=6.8 bbox=(835,682,3,3)
[MASK M1338] area=0.0 perimeter=2.0 bbox=(425,682,1,2)
[MASK M1339] area=10.5 perimeter=15.1 bbox=(151,682,6,4)
[MASK M1340] area=26.5 perimeter=38.4 bbox=(98,682,8,15)
[MASK M1341] area=0.0 perimeter=0.0 bbox=(1196,681,1,1)
[MASK M1342] area=0.0 perimeter=2.0 bbox=(1095,681,2,1)
[MASK M1343] area=0.0 perimeter=0.0 bbox=(982,681,1,1)
[MASK M1344] area=0.0 perimeter=2.0 bbox=(802,681,2,1)
[MASK M1345] area=0.0 perimeter=0.0 bbox=(796,681,1,1)
[MASK M1346] area=0.0 perimeter=0.0 bbox=(722,681,1,1)
[MASK M1347] area=0.0 perimeter=0.0 bbox=(713,681,1,1)
[MASK M1348] area=0.5 perimeter=3.4 bbox=(702,681,2,2)
[MASK M1349] area=16.5 perimeter=22.7 bbox=(596,681,6,8)
[MASK M1350] area=2.5 perimeter=7.4 bbox=(558,681,2,4)
[MASK M1351] area=0.0 perimeter=0.0 bbox=(349,681,1,1)
[MASK M1352] area=9.5 perimeter=13.1 bbox=(245,681,6,4)
[MASK M1353] area=5.0 perimeter=9.7 bbox=(205,681,4,4)
[MASK M1354] area=21.5 perimeter=21.9 bbox=(123,681,6,7)
[MASK M1355] area=0.0 perimeter=0.0 bbox=(0,681,1,1)
[MASK M1356] area=1.5 perimeter=5.4 bbox=(1200,680,3,2)
[MASK M1357] area=0.0 perimeter=0.0 bbox=(1143,680,1,1)
[MASK M1358] area=0.0 perimeter=0.0 bbox=(583,680,1,1)
[MASK M1359] area=0.0 perimeter=2.0 bbox=(515,680,2,1)
[MASK M1360] area=1.5 perimeter=5.4 bbox=(1083,679,3,2)
[MASK M1361] area=0.0 perimeter=0.0 bbox=(1020,679,1,1)
[MASK M1362] area=0.0 perimeter=0.0 bbox=(797,679,1,1)
[MASK M1363] area=2.5 perimeter=7.4 bbox=(544,679,3,3)
[MASK M1364] area=0.0 perimeter=0.0 bbox=(145,679,1,1)
[MASK M1365] area=17.0 perimeter=18.5 bbox=(1157,678,5,8)
[MASK M1366] area=3.5 perimeter=7.4 bbox=(935,678,3,3)
[MASK M1367] area=0.0 perimeter=0.0 bbox=(508,678,1,1)
[MASK M1368] area=158.5 perimeter=106.2 bbox=(356,678,12,42)
[MASK M1369] area=0.0 perimeter=0.0 bbox=(43,678,1,1)
[MASK M1370] area=0.0 perimeter=2.0 bbox=(1107,677,1,2)
[MASK M1371] area=0.0 perimeter=0.0 bbox=(980,677,1,1)
[MASK M1372] area=0.0 perimeter=2.0 bbox=(755,677,2,1)
[MASK M1373] area=4.0 perimeter=8.8 bbox=(736,677,4,3)
[MASK M1374] area=0.0 perimeter=0.0 bbox=(562,677,1,1)
[MASK M1375] area=1.0 perimeter=6.8 bbox=(39,677,3,2)
[MASK M1376] area=1.5 perimeter=5.4 bbox=(1166,676,3,2)
[MASK M1377] area=5.0 perimeter=8.8 bbox=(1101,676,4,3)
[MASK M1378] area=4.0 perimeter=16.8 bbox=(378,676,2,9)
[MASK M1379] area=3.0 perimeter=8.0 bbox=(122,676,2,4)
[MASK M1380] area=3.0 perimeter=6.8 bbox=(27,676,3,3)
[MASK M1381] area=0.0 perimeter=0.0 bbox=(1199,675,1,1)
[MASK M1382] area=30.5 perimeter=32.4 bbox=(993,675,12,9)
[MASK M1383] area=0.0 perimeter=0.0 bbox=(913,675,1,1)
[MASK M1384] area=0.0 perimeter=0.0 bbox=(644,675,1,1)
[MASK M1385] area=1.0 perimeter=6.8 bbox=(422,675,2,4)
[MASK M1386] area=28.5 perimeter=27.6 bbox=(403,675,9,9)
[MASK M1387] area=5.5 perimeter=13.1 bbox=(382,675,5,5)
[MASK M1388] area=388.0 perimeter=295.8 bbox=(73,675,32,84)
[MASK M1389] area=7.0 perimeter=11.7 bbox=(1230,674,5,4)
[MASK M1390] area=1.5 perimeter=8.2 bbox=(1217,674,2,4)
[MASK M1391] area=84.0 perimeter=48.3 bbox=(879,674,13,15)
[MASK M1392] area=8.0 perimeter=22.5 bbox=(839,674,4,9)
[MASK M1393] area=2.0 perimeter=6.0 bbox=(696,674,2,3)
[MASK M1394] area=0.0 perimeter=2.0 bbox=(689,674,2,1)
[MASK M1395] area=1.0 perimeter=4.0 bbox=(495,674,2,2)
[MASK M1396] area=137.5 perimeter=88.9 bbox=(483,674,6,41)
[MASK M1397] area=19.0 perimeter=23.3 bbox=(462,674,5,10)
[MASK M1398] area=0.0 perimeter=2.0 bbox=(348,674,1,2)
[MASK M1399] area=1.0 perimeter=4.8 bbox=(247,674,3,2)
[MASK M1400] area=8.5 perimeter=15.9 bbox=(100,674,6,6)
[MASK M1401] area=11.5 perimeter=14.2 bbox=(1152,673,5,5)
[MASK M1402] area=1.0 perimeter=4.8 bbox=(813,673,3,2)
[MASK M1403] area=48.0 perimeter=33.0 bbox=(626,673,12,8)
[MASK M1404] area=0.0 perimeter=2.0 bbox=(624,673,1,2)
[MASK M1405] area=4.0 perimeter=8.8 bbox=(329,673,3,4)
[MASK M1406] area=0.0 perimeter=0.0 bbox=(137,673,1,1)
[MASK M1407] area=0.5 perimeter=3.4 bbox=(963,672,2,2)
[MASK M1408] area=1.5 perimeter=5.4 bbox=(747,672,3,2)
[MASK M1409] area=0.0 perimeter=2.0 bbox=(367,672,1,2)
[MASK M1410] area=0.0 perimeter=0.0 bbox=(230,672,1,1)
[MASK M1411] area=18.0 perimeter=26.1 bbox=(85,672,9,7)
[MASK M1412] area=1.5 perimeter=5.4 bbox=(1205,671,3,2)
[MASK M1413] area=1.0 perimeter=6.8 bbox=(1143,671,3,3)
[MASK M1414] area=53.0 perimeter=39.3 bbox=(1127,671,7,14)
[MASK M1415] area=101.5 perimeter=81.0 bbox=(899,671,13,25)
[MASK M1416] area=0.5 perimeter=3.4 bbox=(518,671,2,2)
[MASK M1417] area=0.0 perimeter=2.8 bbox=(343,671,2,2)
[MASK M1418] area=0.0 perimeter=4.8 bbox=(237,671,3,2)
[MASK M1419] area=0.5 perimeter=8.2 bbox=(234,671,2,4)
[MASK M1420] area=1.5 perimeter=5.4 bbox=(173,671,2,3)
[MASK M1421] area=0.0 perimeter=2.0 bbox=(152,671,2,1)
[MASK M1422] area=5.5 perimeter=12.2 bbox=(97,671,4,5)
[MASK M1423] area=0.0 perimeter=4.8 bbox=(676,670,2,3)
[MASK M1424] area=3.0 perimeter=8.8 bbox=(351,670,3,3)
[MASK M1425] area=3.5 perimeter=7.4 bbox=(312,670,3,3)
[MASK M1426] area=1.0 perimeter=4.8 bbox=(199,670,2,3)
[MASK M1427] area=1.0 perimeter=4.8 bbox=(11,670,3,2)
[MASK M1428] area=2.5 perimeter=9.1 bbox=(769,669,3,4)
[MASK M1429] area=4.0 perimeter=10.8 bbox=(687,669,5,3)
[MASK M1430] area=0.0 perimeter=0.0 bbox=(525,669,1,1)
[MASK M1431] area=25.5 perimeter=19.9 bbox=(269,669,7,7)
[MASK M1432] area=0.0 perimeter=0.0 bbox=(1135,668,1,1)
[MASK M1433] area=0.0 perimeter=4.0 bbox=(408,668,1,3)
[MASK M1434] area=0.0 perimeter=2.0 bbox=(405,668,1,2)
[MASK M1435] area=3.0 perimeter=6.8 bbox=(253,668,3,3)
[MASK M1436] area=98.5 perimeter=84.2 bbox=(851,667,12,27)
[MASK M1437] area=36.0 perimeter=33.0 bbox=(656,667,7,13)
[MASK M1438] area=0.0 perimeter=0.0 bbox=(524,667,1,1)
[MASK M1439] area=9.5 perimeter=14.2 bbox=(1071,666,4,6)
[MASK M1440] area=0.0 perimeter=0.0 bbox=(722,666,1,1)
[MASK M1441] area=0.5 perimeter=5.4 bbox=(689,666,3,2)
[MASK M1442] area=0.0 perimeter=0.0 bbox=(512,666,1,1)
[MASK M1443] area=1.0 perimeter=4.8 bbox=(478,666,2,3)
[MASK M1444] area=0.0 perimeter=2.0 bbox=(732,665,1,2)
[MASK M1445] area=1.0 perimeter=4.8 bbox=(528,665,2,3)
[MASK M1446] area=20.5 perimeter=18.2 bbox=(134,665,5,7)
[MASK M1447] area=2.5 perimeter=15.1 bbox=(109,665,3,6)
[MASK M1448] area=4.0 perimeter=14.8 bbox=(1226,664,2,8)
[MASK M1449] area=1.0 perimeter=4.0 bbox=(1177,664,2,2)
[MASK M1450] area=76.0 perimeter=60.1 bbox=(67,664,6,28)
[MASK M1451] area=3.0 perimeter=8.0 bbox=(12,664,2,4)
[MASK M1452] area=0.0 perimeter=0.0 bbox=(1192,663,1,1)
[MASK M1453] area=0.0 perimeter=0.0 bbox=(752,663,1,1)
[MASK M1454] area=0.0 perimeter=0.0 bbox=(668,663,1,1)
[MASK M1455] area=57.5 perimeter=46.4 bbox=(539,663,11,12)
[MASK M1456] area=0.0 perimeter=0.0 bbox=(408,663,1,1)
[MASK M1457] area=39.5 perimeter=31.6 bbox=(215,663,12,8)
[MASK M1458] area=9.0 perimeter=11.7 bbox=(1153,662,4,5)
[MASK M1459] area=0.0 perimeter=2.0 bbox=(1010,662,2,1)
[MASK M1460] area=0.0 perimeter=0.0 bbox=(462,662,1,1)
[MASK M1461] area=2.5 perimeter=11.4 bbox=(422,662,2,6)
[MASK M1462] area=5.5 perimeter=10.2 bbox=(148,662,3,5)
[MASK M1463] area=4.0 perimeter=8.8 bbox=(97,662,3,4)
[MASK M1464] area=4.0 perimeter=14.5 bbox=(82,662,6,3)
[MASK M1465] area=4.0 perimeter=8.8 bbox=(15,662,3,4)
[MASK M1466] area=5.5 perimeter=12.2 bbox=(1120,661,3,6)
[MASK M1467] area=0.0 perimeter=2.8 bbox=(871,661,2,2)
[MASK M1468] area=29.5 perimeter=37.6 bbox=(840,661,8,12)
[MASK M1469] area=0.0 perimeter=2.0 bbox=(730,661,1,2)
[MASK M1470] area=1.0 perimeter=4.0 bbox=(630,661,2,2)
[MASK M1471] area=0.5 perimeter=5.4 bbox=(59,661,3,2)
[MASK M1472] area=9.5 perimeter=15.1 bbox=(1136,660,6,5)
[MASK M1473] area=3.5 perimeter=8.2 bbox=(1049,660,4,3)
[MASK M1474] area=13.5 perimeter=30.4 bbox=(1038,660,8,9)
[MASK M1475] area=0.0 perimeter=0.0 bbox=(891,660,1,1)
[MASK M1476] area=57.0 perimeter=55.6 bbox=(782,660,11,17)
[MASK M1477] area=0.0 perimeter=0.0 bbox=(689,660,1,1)
[MASK M1478] area=0.0 perimeter=2.0 bbox=(595,660,1,2)
[MASK M1479] area=3.0 perimeter=10.8 bbox=(496,660,4,4)
[MASK M1480] area=2.0 perimeter=6.0 bbox=(1258,659,2,3)
[MASK M1481] area=59.0 perimeter=43.5 bbox=(873,659,9,17)
[MASK M1482] area=32.5 perimeter=25.6 bbox=(676,659,9,9)
[MASK M1483] area=2.0 perimeter=6.0 bbox=(585,659,3,2)
[MASK M1484] area=5.0 perimeter=22.8 bbox=(418,659,2,12)
[MASK M1485] area=0.0 perimeter=0.0 bbox=(1211,658,1,1)
[MASK M1486] area=12.5 perimeter=19.9 bbox=(883,658,7,5)
[MASK M1487] area=3.5 perimeter=7.4 bbox=(664,658,3,3)
[MASK M1488] area=0.0 perimeter=0.0 bbox=(1128,657,1,1)
[MASK M1489] area=3.0 perimeter=16.8 bbox=(798,657,5,6)
[MASK M1490] area=0.0 perimeter=0.0 bbox=(738,657,1,1)
[MASK M1491] area=66.0 perimeter=39.5 bbox=(560,657,15,12)
[MASK M1492] area=0.5 perimeter=3.4 bbox=(383,657,2,2)
[MASK M1493] area=0.0 perimeter=0.0 bbox=(1231,656,1,1)
[MASK M1494] area=0.0 perimeter=2.0 bbox=(1220,656,1,2)
[MASK M1495] area=1.0 perimeter=4.0 bbox=(1070,656,2,2)
[MASK M1496] area=6.0 perimeter=9.7 bbox=(751,656,4,4)
[MASK M1497] area=0.0 perimeter=2.0 bbox=(730,656,1,2)
[MASK M1498] area=1.5 perimeter=12.2 bbox=(726,656,3,6)
[MASK M1499] area=1.0 perimeter=4.0 bbox=(556,656,2,2)
[MASK M1500] area=0.0 perimeter=0.0 bbox=(255,656,1,1)
[MASK M1501] area=0.0 perimeter=0.0 bbox=(1097,655,1,1)
[MASK M1502] area=28.0 perimeter=28.1 bbox=(986,655,9,7)
[MASK M1503] area=0.0 perimeter=0.0 bbox=(708,655,1,1)
[MASK M1504] area=0.0 perimeter=2.0 bbox=(510,655,1,2)
[MASK M1505] area=0.0 perimeter=0.0 bbox=(139,655,1,1)
[MASK M1506] area=27.0 perimeter=28.1 bbox=(126,655,7,11)
[MASK M1507] area=0.0 perimeter=0.0 bbox=(66,655,1,1)
[MASK M1508] area=0.0 perimeter=0.0 bbox=(8,655,1,1)
[MASK M1509] area=5.0 perimeter=8.8 bbox=(1156,654,3,4)
[MASK M1510] area=13.5 perimeter=21.9 bbox=(1144,654,6,9)
[MASK M1511] area=3.0 perimeter=6.8 bbox=(966,654,3,3)
[MASK M1512] area=0.0 perimeter=0.0 bbox=(219,654,1,1)
[MASK M1513] area=0.0 perimeter=2.0 bbox=(54,654,1,2)
[MASK M1514] area=0.0 perimeter=0.0 bbox=(11,654,1,1)
[MASK M1515] area=0.0 perimeter=4.0 bbox=(889,653,1,3)
[MASK M1516] area=1.0 perimeter=4.8 bbox=(844,653,2,3)
[MASK M1517] area=0.5 perimeter=3.4 bbox=(768,653,2,2)
[MASK M1518] area=18.5 perimeter=24.7 bbox=(691,653,9,6)
[MASK M1519] area=0.0 perimeter=0.0 bbox=(634,653,1,1)
[MASK M1520] area=0.0 perimeter=0.0 bbox=(194,653,1,1)
[MASK M1521] area=11.0 perimeter=14.5 bbox=(110,653,6,5)
[MASK M1522] area=7.5 perimeter=12.2 bbox=(60,653,3,6)
[MASK M1523] area=2.5 perimeter=7.4 bbox=(1181,652,2,4)
[MASK M1524] area=3.5 perimeter=10.2 bbox=(1122,651,3,5)
[MASK M1525] area=0.0 perimeter=0.0 bbox=(751,651,1,1)
[MASK M1526] area=3.5 perimeter=7.4 bbox=(558,651,3,3)
[MASK M1527] area=0.0 perimeter=0.0 bbox=(411,651,1,1)
[MASK M1528] area=0.0 perimeter=4.8 bbox=(172,651,3,2)
[MASK M1529] area=2.0 perimeter=6.0 bbox=(1094,650,2,3)
[MASK M1530] area=1.0 perimeter=6.8 bbox=(991,650,4,2)
[MASK M1531] area=5.0 perimeter=9.7 bbox=(948,650,4,4)
[MASK M1532] area=1.0 perimeter=4.0 bbox=(701,650,2,2)
[MASK M1533] area=69.0 perimeter=42.6 bbox=(477,650,12,13)
[MASK M1534] area=4.0 perimeter=9.7 bbox=(459,650,3,5)
[MASK M1535] area=12.0 perimeter=22.1 bbox=(377,650,7,6)
[MASK M1536] area=0.0 perimeter=0.0 bbox=(185,650,1,1)
[MASK M1537] area=1.0 perimeter=4.0 bbox=(1230,649,2,2)
[MASK M1538] area=2.0 perimeter=6.8 bbox=(904,649,4,2)
[MASK M1539] area=0.0 perimeter=0.0 bbox=(649,649,1,1)
[MASK M1540] area=9.0 perimeter=14.5 bbox=(229,649,4,6)
[MASK M1541] area=11.0 perimeter=14.5 bbox=(1080,648,4,6)
[MASK M1542] area=4.0 perimeter=9.7 bbox=(787,648,5,3)
[MASK M1543] area=6.0 perimeter=11.7 bbox=(771,648,4,5)
[MASK M1544] area=12.5 perimeter=21.6 bbox=(676,648,8,6)
[MASK M1545] area=1.0 perimeter=4.0 bbox=(135,648,2,2)
[MASK M1546] area=20.0 perimeter=25.3 bbox=(94,648,8,8)
[MASK M1547] area=0.0 perimeter=2.0 bbox=(68,648,1,2)
[MASK M1548] area=2.5 perimeter=7.4 bbox=(1187,647,4,2)
[MASK M1549] area=2.5 perimeter=6.2 bbox=(1085,647,3,3)
[MASK M1550] area=10.5 perimeter=29.6 bbox=(981,647,7,8)
[MASK M1551] area=8.5 perimeter=11.1 bbox=(865,647,5,4)
[MASK M1552] area=0.0 perimeter=0.0 bbox=(675,647,1,1)
[MASK M1553] area=0.5 perimeter=3.4 bbox=(553,647,2,2)
[MASK M1554] area=0.0 perimeter=0.0 bbox=(462,647,1,1)
[MASK M1555] area=54.0 perimeter=31.3 bbox=(357,647,7,12)
[MASK M1556] area=0.0 perimeter=0.0 bbox=(888,646,1,1)
[MASK M1557] area=14.5 perimeter=17.9 bbox=(735,646,7,6)
[MASK M1558] area=0.0 perimeter=0.0 bbox=(707,646,1,1)
[MASK M1559] area=0.0 perimeter=0.0 bbox=(649,646,1,1)
[MASK M1560] area=25.5 perimeter=19.9 bbox=(316,646,7,7)
[MASK M1561] area=0.0 perimeter=0.0 bbox=(1195,645,1,1)
[MASK M1562] area=0.0 perimeter=2.8 bbox=(904,645,2,2)
[MASK M1563] area=61.0 perimeter=36.1 bbox=(435,645,8,15)
[MASK M1564] area=1.5 perimeter=5.4 bbox=(274,645,3,2)
[MASK M1565] area=0.0 perimeter=0.0 bbox=(210,645,1,1)
[MASK M1566] area=12.0 perimeter=22.5 bbox=(1154,644,5,10)
[MASK M1567] area=1.0 perimeter=6.8 bbox=(1125,644,2,4)
[MASK M1568] area=15.5 perimeter=17.1 bbox=(1069,644,6,6)
[MASK M1569] area=0.0 perimeter=2.0 bbox=(843,644,1,2)
[MASK M1570] area=0.5 perimeter=5.4 bbox=(792,644,3,2)
[MASK M1571] area=1.0 perimeter=4.8 bbox=(127,644,3,2)
[MASK M1572] area=0.0 perimeter=2.0 bbox=(907,643,2,1)
[MASK M1573] area=87.0 perimeter=73.1 bbox=(602,643,12,31)
[MASK M1574] area=0.0 perimeter=2.0 bbox=(565,643,1,2)
[MASK M1575] area=1.5 perimeter=9.1 bbox=(1161,642,4,4)
[MASK M1576] area=18.0 perimeter=28.1 bbox=(998,642,11,6)
[MASK M1577] area=9.5 perimeter=13.1 bbox=(676,642,4,5)
[MASK M1578] area=8.0 perimeter=10.8 bbox=(379,642,4,4)
[MASK M1579] area=0.0 perimeter=0.0 bbox=(98,642,1,1)
[MASK M1580] area=0.5 perimeter=6.2 bbox=(511,641,2,3)
[MASK M1581] area=0.0 perimeter=0.0 bbox=(292,641,1,1)
[MASK M1582] area=0.0 perimeter=2.0 bbox=(1139,640,1,2)
[MASK M1583] area=12.0 perimeter=13.7 bbox=(876,640,5,5)
[MASK M1584] area=13.0 perimeter=14.8 bbox=(656,640,4,6)
[MASK M1585] area=109.5 perimeter=50.4 bbox=(589,640,12,17)
[MASK M1586] area=0.0 perimeter=4.8 bbox=(182,640,2,3)
[MASK M1587] area=1.0 perimeter=4.0 bbox=(1237,639,2,2)
[MASK M1588] area=0.5 perimeter=3.4 bbox=(1221,639,2,2)
[MASK M1589] area=0.5 perimeter=3.4 bbox=(1201,639,2,2)
[MASK M1590] area=0.5 perimeter=3.4 bbox=(1190,639,2,2)
[MASK M1591] area=0.0 perimeter=2.0 bbox=(466,639,1,2)
[MASK M1592] area=2.0 perimeter=6.8 bbox=(443,639,3,3)
[MASK M1593] area=0.0 perimeter=4.0 bbox=(331,639,1,3)
[MASK M1594] area=0.0 perimeter=0.0 bbox=(136,639,1,1)
[MASK M1595] area=76.5 perimeter=82.5 bbox=(1166,638,11,35)
[MASK M1596] area=24.0 perimeter=25.3 bbox=(1088,638,6,9)
[MASK M1597] area=22.5 perimeter=23.6 bbox=(625,638,9,8)
[MASK M1598] area=0.0 perimeter=0.0 bbox=(1222,637,1,1)
[MASK M1599] area=26.5 perimeter=24.7 bbox=(948,637,9,7)
[MASK M1600] area=32.0 perimeter=43.5 bbox=(686,637,13,11)
[MASK M1601] area=1.0 perimeter=4.0 bbox=(657,637,2,2)
[MASK M1602] area=0.5 perimeter=3.4 bbox=(279,637,2,2)
[MASK M1603] area=0.0 perimeter=0.0 bbox=(72,637,1,1)
[MASK M1604] area=4.0 perimeter=8.8 bbox=(1014,636,3,4)
[MASK M1605] area=135.0 perimeter=80.8 bbox=(851,636,14,29)
[MASK M1606] area=0.0 perimeter=4.0 bbox=(1077,635,3,1)
[MASK M1607] area=2.0 perimeter=10.8 bbox=(1064,635,5,3)
[MASK M1608] area=3.0 perimeter=8.0 bbox=(777,635,2,4)
[MASK M1609] area=0.0 perimeter=2.0 bbox=(752,635,2,1)
[MASK M1610] area=0.0 perimeter=0.0 bbox=(687,635,1,1)
[MASK M1611] area=4.0 perimeter=8.8 bbox=(581,635,3,4)
[MASK M1612] area=0.0 perimeter=0.0 bbox=(527,635,1,1)
[MASK M1613] area=3.0 perimeter=6.8 bbox=(12,635,3,3)
[MASK M1614] area=17.0 perimeter=17.7 bbox=(1136,634,7,5)
[MASK M1615] area=63.0 perimeter=47.8 bbox=(1112,634,19,9)
[MASK M1616] area=0.0 perimeter=0.0 bbox=(1030,634,1,1)
[MASK M1617] area=11.5 perimeter=15.1 bbox=(813,634,6,5)
[MASK M1618] area=0.0 perimeter=0.0 bbox=(810,634,1,1)
[MASK M1619] area=13.5 perimeter=19.1 bbox=(739,634,6,7)
[MASK M1620] area=0.0 perimeter=0.0 bbox=(360,634,1,1)
[MASK M1621] area=5.0 perimeter=11.7 bbox=(1070,633,4,4)
[MASK M1622] area=52.5 perimeter=49.2 bbox=(1039,633,16,11)
[MASK M1623] area=0.5 perimeter=3.4 bbox=(648,633,2,2)
[MASK M1624] area=4.5 perimeter=20.2 bbox=(420,633,3,10)
[MASK M1625] area=6.0 perimeter=9.7 bbox=(137,633,4,4)
[MASK M1626] area=0.0 perimeter=0.0 bbox=(930,632,1,1)
[MASK M1627] area=23.0 perimeter=36.1 bbox=(405,632,5,17)
[MASK M1628] area=95.0 perimeter=102.1 bbox=(371,632,5,49)
[MASK M1629] area=1.0 perimeter=6.8 bbox=(344,632,3,2)
[MASK M1630] area=2.0 perimeter=6.0 bbox=(94,632,2,3)
[MASK M1631] area=6.5 perimeter=10.2 bbox=(22,632,3,5)
[MASK M1632] area=9.5 perimeter=12.2 bbox=(1021,631,5,4)
[MASK M1633] area=1.5 perimeter=5.4 bbox=(925,631,2,3)
[MASK M1634] area=1.0 perimeter=4.0 bbox=(893,631,2,2)
[MASK M1635] area=20.5 perimeter=21.9 bbox=(765,631,6,9)
[MASK M1636] area=0.0 perimeter=0.0 bbox=(591,631,1,1)
[MASK M1637] area=0.0 perimeter=0.0 bbox=(489,631,1,1)
[MASK M1638] area=0.0 perimeter=0.0 bbox=(951,630,1,1)
[MASK M1639] area=181.0 perimeter=134.7 bbox=(71,630,19,40)
[MASK M1640] area=5.5 perimeter=12.2 bbox=(1174,629,3,6)
[MASK M1641] area=2.5 perimeter=8.2 bbox=(889,629,3,4)
[MASK M1642] area=0.5 perimeter=3.4 bbox=(867,629,2,2)
[MASK M1643] area=40.5 perimeter=40.4 bbox=(612,629,7,17)
[MASK M1644] area=0.0 perimeter=0.0 bbox=(488,629,1,1)
[MASK M1645] area=6.0 perimeter=10.0 bbox=(294,629,4,3)
[MASK M1646] area=4.5 perimeter=10.2 bbox=(1077,628,4,4)
[MASK M1647] area=1.5 perimeter=5.4 bbox=(837,628,2,3)
[MASK M1648] area=69.5 perimeter=58.2 bbox=(160,628,14,19)
[MASK M1649] area=14.5 perimeter=20.7 bbox=(622,627,5,8)
[MASK M1650] area=1.5 perimeter=5.4 bbox=(441,627,2,3)
[MASK M1651] area=11.0 perimeter=20.5 bbox=(377,627,6,8)
[MASK M1652] area=1.0 perimeter=4.8 bbox=(1197,626,2,3)
[MASK M1653] area=8.0 perimeter=15.3 bbox=(1088,626,4,6)
[MASK M1654] area=2.0 perimeter=6.0 bbox=(768,626,3,2)
[MASK M1655] area=136.5 perimeter=81.8 bbox=(706,626,15,26)
[MASK M1656] area=14.0 perimeter=18.5 bbox=(601,626,8,4)
[MASK M1657] area=3.0 perimeter=6.8 bbox=(590,626,3,3)
[MASK M1658] area=2.5 perimeter=8.2 bbox=(570,626,3,4)
[MASK M1659] area=5.5 perimeter=11.1 bbox=(506,626,5,4)
[MASK M1660] area=0.0 perimeter=0.0 bbox=(344,626,1,1)
[MASK M1661] area=0.0 perimeter=0.0 bbox=(80,626,1,1)
[MASK M1662] area=0.0 perimeter=0.0 bbox=(1224,625,1,1)
[MASK M1663] area=11.0 perimeter=39.8 bbox=(1160,625,7,17)
[MASK M1664] area=0.0 perimeter=0.0 bbox=(1053,625,1,1)
[MASK M1665] area=1.0 perimeter=4.0 bbox=(1040,625,2,2)
[MASK M1666] area=0.0 perimeter=0.0 bbox=(890,625,1,1)
[MASK M1667] area=7.0 perimeter=10.8 bbox=(787,625,4,4)
[MASK M1668] area=5.0 perimeter=8.8 bbox=(85,625,3,4)
[MASK M1669] area=0.0 perimeter=0.0 bbox=(38,625,1,1)
[MASK M1670] area=0.0 perimeter=0.0 bbox=(1116,624,1,1)
[MASK M1671] area=0.0 perimeter=0.0 bbox=(892,624,1,1)
[MASK M1672] area=0.0 perimeter=0.0 bbox=(838,624,1,1)
[MASK M1673] area=1.0 perimeter=6.8 bbox=(733,624,2,4)
[MASK M1674] area=0.0 perimeter=2.0 bbox=(542,624,2,1)
[MASK M1675] area=8.5 perimeter=12.2 bbox=(329,624,5,4)
[MASK M1676] area=0.5 perimeter=3.4 bbox=(1205,623,2,2)
[MASK M1677] area=0.0 perimeter=0.0 bbox=(1184,623,1,1)
[MASK M1678] area=1.5 perimeter=6.2 bbox=(686,623,3,3)
[MASK M1679] area=26.0 perimeter=26.1 bbox=(1006,622,9,6)
[MASK M1680] area=0.0 perimeter=2.0 bbox=(970,622,1,2)
[MASK M1681] area=2.5 perimeter=8.2 bbox=(922,622,4,3)
[MASK M1682] area=23.5 perimeter=25.9 bbox=(635,622,5,12)
[MASK M1683] area=5.5 perimeter=17.1 bbox=(1092,621,8,3)
[MASK M1684] area=1.0 perimeter=4.0 bbox=(1044,621,2,2)
[MASK M1685] area=0.0 perimeter=2.8 bbox=(829,621,2,2)
[MASK M1686] area=1.0 perimeter=4.0 bbox=(756,621,2,2)
[MASK M1687] area=2.0 perimeter=11.7 bbox=(747,621,4,4)
[MASK M1688] area=0.0 perimeter=0.0 bbox=(737,621,1,1)
[MASK M1689] area=0.0 perimeter=4.8 bbox=(564,621,2,3)
[MASK M1690] area=0.0 perimeter=0.0 bbox=(1080,620,1,1)
[MASK M1691] area=0.0 perimeter=2.0 bbox=(1011,620,2,1)
[MASK M1692] area=0.5 perimeter=3.4 bbox=(207,620,2,2)
[MASK M1693] area=6.5 perimeter=12.2 bbox=(198,620,3,6)
[MASK M1694] area=1.0 perimeter=4.8 bbox=(1186,619,2,3)
[MASK M1695] area=0.0 perimeter=2.0 bbox=(419,619,2,1)
[MASK M1696] area=28.0 perimeter=36.1 bbox=(1021,618,16,5)
[MASK M1697] area=48.0 perimeter=34.1 bbox=(849,618,9,13)
[MASK M1698] area=7.0 perimeter=14.5 bbox=(679,618,6,4)
[MASK M1699] area=0.0 perimeter=0.0 bbox=(648,618,1,1)
[MASK M1700] area=0.0 perimeter=0.0 bbox=(473,618,1,1)
[MASK M1701] area=6.0 perimeter=10.8 bbox=(405,618,3,5)
[MASK M1702] area=1.0 perimeter=6.8 bbox=(398,618,4,2)
[MASK M1703] area=17.5 perimeter=23.9 bbox=(1176,617,5,11)
[MASK M1704] area=19.0 perimeter=26.1 bbox=(1106,617,9,9)
[MASK M1705] area=45.0 perimeter=46.3 bbox=(937,617,15,12)
[MASK M1706] area=0.0 perimeter=2.0 bbox=(831,617,1,2)
[MASK M1707] area=8.5 perimeter=13.1 bbox=(589,617,6,4)
[MASK M1708] area=0.0 perimeter=0.0 bbox=(1006,616,1,1)
[MASK M1709] area=2.0 perimeter=6.8 bbox=(869,616,3,3)
[MASK M1710] area=0.0 perimeter=0.0 bbox=(862,616,1,1)
[MASK M1711] area=13.0 perimeter=22.5 bbox=(439,616,4,10)
[MASK M1712] area=0.5 perimeter=3.4 bbox=(344,616,2,2)
[MASK M1713] area=1.5 perimeter=5.4 bbox=(1222,615,2,3)
[MASK M1714] area=0.5 perimeter=3.4 bbox=(1214,615,2,2)
[MASK M1715] area=1.0 perimeter=4.8 bbox=(1186,615,3,2)
[MASK M1716] area=0.0 perimeter=0.0 bbox=(1174,614,1,1)
[MASK M1717] area=1.5 perimeter=7.4 bbox=(987,614,4,2)
[MASK M1718] area=0.5 perimeter=3.4 bbox=(865,614,2,2)
[MASK M1719] area=50.0 perimeter=45.3 bbox=(654,614,4,21)
[MASK M1720] area=18.0 perimeter=17.3 bbox=(601,614,7,6)
[MASK M1721] area=0.0 perimeter=0.0 bbox=(445,614,1,1)
[MASK M1722] area=0.0 perimeter=0.0 bbox=(442,614,1,1)
[MASK M1723] area=47.0 perimeter=33.3 bbox=(369,614,6,15)
[MASK M1724] area=0.0 perimeter=0.0 bbox=(1154,613,1,1)
[MASK M1725] area=92.5 perimeter=66.9 bbox=(1143,613,8,29)
[MASK M1726] area=0.0 perimeter=0.0 bbox=(407,613,1,1)
[MASK M1727] area=0.0 perimeter=2.0 bbox=(322,613,2,1)
[MASK M1728] area=5.0 perimeter=10.8 bbox=(1163,612,4,4)
[MASK M1729] area=0.0 perimeter=2.0 bbox=(1141,612,1,2)
[MASK M1730] area=0.0 perimeter=0.0 bbox=(1043,612,1,1)
[MASK M1731] area=4.5 perimeter=20.7 bbox=(1009,612,6,5)
[MASK M1732] area=0.0 perimeter=2.0 bbox=(685,611,1,2)
[MASK M1733] area=15.5 perimeter=18.7 bbox=(627,611,5,7)
[MASK M1734] area=0.0 perimeter=0.0 bbox=(583,611,1,1)
[MASK M1735] area=0.0 perimeter=2.8 bbox=(444,611,2,2)
[MASK M1736] area=8.0 perimeter=28.5 bbox=(378,611,4,14)
[MASK M1737] area=0.0 perimeter=2.0 bbox=(362,611,1,2)
[MASK M1738] area=0.0 perimeter=0.0 bbox=(324,611,1,1)
[MASK M1739] area=6.0 perimeter=21.3 bbox=(81,611,8,6)
[MASK M1740] area=5.5 perimeter=9.4 bbox=(1183,610,3,4)
[MASK M1741] area=0.0 perimeter=2.0 bbox=(1097,610,1,2)
[MASK M1742] area=0.0 perimeter=0.0 bbox=(376,610,1,1)
[MASK M1743] area=5.5 perimeter=14.2 bbox=(35,610,4,6)
[MASK M1744] area=2.5 perimeter=6.2 bbox=(1175,609,3,3)
[MASK M1745] area=5.0 perimeter=8.8 bbox=(1071,609,4,3)
[MASK M1746] area=0.5 perimeter=3.4 bbox=(772,609,2,2)
[MASK M1747] area=3.0 perimeter=9.7 bbox=(634,609,5,3)
[MASK M1748] area=0.0 perimeter=0.0 bbox=(70,609,1,1)
[MASK M1749] area=0.0 perimeter=2.8 bbox=(971,608,2,2)
[MASK M1750] area=63.0 perimeter=40.6 bbox=(14,608,12,12)
[MASK M1751] area=0.5 perimeter=3.4 bbox=(1258,607,2,2)
[MASK M1752] area=0.0 perimeter=0.0 bbox=(1099,607,1,1)
[MASK M1753] area=0.0 perimeter=0.0 bbox=(968,607,1,1)
[MASK M1754] area=0.0 perimeter=0.0 bbox=(796,607,1,1)
[MASK M1755] area=0.0 perimeter=0.0 bbox=(559,607,1,1)
[MASK M1756] area=0.5 perimeter=5.4 bbox=(506,607,2,3)
[MASK M1757] area=3.0 perimeter=6.8 bbox=(299,607,3,3)
[MASK M1758] area=9.5 perimeter=17.9 bbox=(1159,606,7,6)
[MASK M1759] area=0.0 perimeter=2.0 bbox=(916,606,2,1)
[MASK M1760] area=0.0 perimeter=2.0 bbox=(637,606,1,2)
[MASK M1761] area=0.0 perimeter=0.0 bbox=(400,606,1,1)
[MASK M1762] area=75.5 perimeter=39.9 bbox=(266,606,7,17)
[MASK M1763] area=1.0 perimeter=7.7 bbox=(745,605,3,4)
[MASK M1764] area=0.0 perimeter=0.0 bbox=(410,605,1,1)
[MASK M1765] area=0.0 perimeter=2.0 bbox=(375,605,2,1)
[MASK M1766] area=1.5 perimeter=6.2 bbox=(122,605,3,3)
[MASK M1767] area=0.0 perimeter=0.0 bbox=(43,605,1,1)
[MASK M1768] area=0.0 perimeter=0.0 bbox=(1185,604,1,1)
[MASK M1769] area=22.5 perimeter=23.9 bbox=(1105,604,6,9)
[MASK M1770] area=2.5 perimeter=6.2 bbox=(1074,604,3,3)
[MASK M1771] area=2.0 perimeter=6.8 bbox=(485,604,2,4)
[MASK M1772] area=7.0 perimeter=13.3 bbox=(316,604,6,5)
[MASK M1773] area=55.0 perimeter=50.1 bbox=(1129,603,7,23)
[MASK M1774] area=24.0 perimeter=29.0 bbox=(1078,603,8,12)
[MASK M1775] area=13.0 perimeter=18.5 bbox=(531,603,4,7)
[MASK M1776] area=7.5 perimeter=12.2 bbox=(345,603,3,6)
[MASK M1777] area=1.5 perimeter=8.2 bbox=(85,603,4,3)
[MASK M1778] area=14.0 perimeter=29.8 bbox=(1026,602,8,9)
[MASK M1779] area=0.5 perimeter=6.2 bbox=(720,602,3,3)
[MASK M1780] area=0.0 perimeter=0.0 bbox=(647,602,1,1)
[MASK M1781] area=3.0 perimeter=9.7 bbox=(67,602,4,4)
[MASK M1782] area=0.5 perimeter=10.2 bbox=(1199,601,3,5)
[MASK M1783] area=42.5 perimeter=35.6 bbox=(853,601,15,7)
[MASK M1784] area=0.0 perimeter=0.0 bbox=(687,601,1,1)
[MASK M1785] area=38.5 perimeter=43.2 bbox=(537,601,14,10)
[MASK M1786] area=178.5 perimeter=125.8 bbox=(450,601,15,40)
[MASK M1787] area=1.5 perimeter=5.4 bbox=(400,601,2,3)
[MASK M1788] area=13.0 perimeter=15.7 bbox=(1156,600,6,5)
[MASK M1789] area=9.0 perimeter=19.7 bbox=(1118,600,5,8)
[MASK M1790] area=8.5 perimeter=23.9 bbox=(662,600,4,10)
[MASK M1791] area=153.5 perimeter=60.9 bbox=(229,600,16,20)
[MASK M1792] area=0.5 perimeter=5.4 bbox=(188,600,2,3)
[MASK M1793] area=1.5 perimeter=5.4 bbox=(1164,599,3,2)
[MASK M1794] area=0.0 perimeter=0.0 bbox=(412,599,1,1)
[MASK M1795] area=1.0 perimeter=4.0 bbox=(79,599,2,2)
[MASK M1796] area=5.5 perimeter=10.2 bbox=(1205,598,4,4)
[MASK M1797] area=0.0 perimeter=2.8 bbox=(1064,598,2,2)
[MASK M1798] area=0.0 perimeter=0.0 bbox=(876,598,1,1)
[MASK M1799] area=0.0 perimeter=2.0 bbox=(681,598,1,2)
[MASK M1800] area=5.0 perimeter=16.5 bbox=(1193,597,4,8)
[MASK M1801] area=5.5 perimeter=12.2 bbox=(1187,597,4,5)
[MASK M1802] area=1.0 perimeter=4.0 bbox=(1097,597,2,2)
[MASK M1803] area=0.5 perimeter=3.4 bbox=(1013,597,2,2)
[MASK M1804] area=2.0 perimeter=5.7 bbox=(850,597,3,3)
[MASK M1805] area=50.0 perimeter=45.8 bbox=(699,597,11,13)
[MASK M1806] area=0.0 perimeter=0.0 bbox=(253,597,1,1)
[MASK M1807] area=0.0 perimeter=0.0 bbox=(1111,596,1,1)
[MASK M1808] area=0.0 perimeter=4.0 bbox=(757,596,3,1)
[MASK M1809] area=15.0 perimeter=16.5 bbox=(356,596,5,7)
[MASK M1810] area=0.0 perimeter=2.0 bbox=(281,596,1,2)
[MASK M1811] area=6.0 perimeter=9.7 bbox=(658,595,4,4)
[MASK M1812] area=3.0 perimeter=8.8 bbox=(325,595,2,5)
[MASK M1813] area=0.0 perimeter=4.0 bbox=(1157,594,1,3)
[MASK M1814] area=0.0 perimeter=2.0 bbox=(1093,594,2,1)
[MASK M1815] area=3.0 perimeter=6.8 bbox=(1208,593,3,3)
[MASK M1816] area=3.0 perimeter=6.8 bbox=(1201,593,3,3)
[MASK M1817] area=3.0 perimeter=6.8 bbox=(1115,593,3,3)
[MASK M1818] area=1.0 perimeter=4.0 bbox=(1010,593,2,2)
[MASK M1819] area=0.0 perimeter=4.8 bbox=(229,593,2,3)
[MASK M1820] area=31.0 perimeter=22.5 bbox=(195,593,7,8)
[MASK M1821] area=35.5 perimeter=36.7 bbox=(1149,592,6,16)
[MASK M1822] area=0.0 perimeter=0.0 bbox=(501,592,1,1)
[MASK M1823] area=1.5 perimeter=5.4 bbox=(480,592,3,2)
[MASK M1824] area=0.5 perimeter=5.4 bbox=(45,592,2,3)
[MASK M1825] area=5.5 perimeter=9.1 bbox=(1077,591,4,4)
[MASK M1826] area=3.0 perimeter=9.7 bbox=(1001,591,3,5)
[MASK M1827] area=18.0 perimeter=21.3 bbox=(863,591,9,6)
[MASK M1828] area=9.0 perimeter=13.7 bbox=(1132,590,4,6)
[MASK M1829] area=2.0 perimeter=6.8 bbox=(440,590,3,3)
[MASK M1830] area=19.0 perimeter=18.5 bbox=(366,590,6,7)
[MASK M1831] area=1.0 perimeter=4.0 bbox=(268,590,2,2)
[MASK M1832] area=49.0 perimeter=39.0 bbox=(1214,589,9,14)
[MASK M1833] area=0.0 perimeter=2.0 bbox=(1154,589,1,2)
[MASK M1834] area=43.0 perimeter=29.3 bbox=(1051,589,11,8)
[MASK M1835] area=1.5 perimeter=7.4 bbox=(341,589,4,2)
[MASK M1836] area=11.0 perimeter=18.5 bbox=(504,588,5,7)
[MASK M1837] area=0.5 perimeter=3.4 bbox=(1113,587,2,2)
[MASK M1838] area=1.0 perimeter=4.8 bbox=(865,587,2,3)
[MASK M1839] area=0.0 perimeter=2.0 bbox=(553,587,2,1)
[MASK M1840] area=0.0 perimeter=2.0 bbox=(88,587,1,2)
[MASK M1841] area=3.5 perimeter=7.4 bbox=(1222,586,3,3)
[MASK M1842] area=13.5 perimeter=17.1 bbox=(1203,586,5,7)
[MASK M1843] area=2.5 perimeter=8.2 bbox=(966,586,4,3)
[MASK M1844] area=111.0 perimeter=58.3 bbox=(595,586,11,21)
[MASK M1845] area=0.0 perimeter=2.8 bbox=(41,586,2,2)
[MASK M1846] area=8.0 perimeter=15.7 bbox=(21,586,3,7)
[MASK M1847] area=0.0 perimeter=0.0 bbox=(963,585,1,1)
[MASK M1848] area=0.0 perimeter=0.0 bbox=(959,585,1,1)
[MASK M1849] area=0.5 perimeter=3.4 bbox=(850,585,2,2)
[MASK M1850] area=3.5 perimeter=15.9 bbox=(693,585,7,5)
[MASK M1851] area=4.0 perimeter=9.7 bbox=(403,585,4,4)
[MASK M1852] area=405.5 perimeter=245.8 bbox=(388,585,13,98)
[MASK M1853] area=0.5 perimeter=7.4 bbox=(180,585,2,4)
[MASK M1854] area=0.5 perimeter=5.4 bbox=(47,585,3,2)
[MASK M1855] area=6.5 perimeter=14.2 bbox=(1174,584,3,7)
[MASK M1856] area=5.5 perimeter=11.1 bbox=(1157,584,4,5)
[MASK M1857] area=2.5 perimeter=10.2 bbox=(1142,584,3,5)
[MASK M1858] area=0.0 perimeter=2.0 bbox=(1116,584,1,2)
[MASK M1859] area=0.0 perimeter=2.8 bbox=(1008,584,2,2)
[MASK M1860] area=0.5 perimeter=3.4 bbox=(1221,583,2,2)
[MASK M1861] area=0.5 perimeter=3.4 bbox=(1079,583,2,2)
[MASK M1862] area=0.0 perimeter=0.0 bbox=(1048,583,1,1)
[MASK M1863] area=0.5 perimeter=6.2 bbox=(946,583,3,3)
[MASK M1864] area=0.0 perimeter=2.0 bbox=(871,583,2,1)
[MASK M1865] area=7.5 perimeter=12.2 bbox=(862,583,6,3)
[MASK M1866] area=13.0 perimeter=14.5 bbox=(611,583,5,6)
[MASK M1867] area=0.5 perimeter=3.4 bbox=(358,583,2,2)
[MASK M1868] area=0.0 perimeter=2.0 bbox=(310,583,2,1)
[MASK M1869] area=0.0 perimeter=2.0 bbox=(38,583,1,2)
[MASK M1870] area=3.5 perimeter=7.4 bbox=(383,582,3,3)
[MASK M1871] area=0.5 perimeter=3.4 bbox=(180,582,2,2)
[MASK M1872] area=23.0 perimeter=20.5 bbox=(1166,581,6,8)
[MASK M1873] area=0.5 perimeter=3.4 bbox=(1135,581,2,2)
[MASK M1874] area=110.0 perimeter=57.5 bbox=(616,581,11,21)
[MASK M1875] area=0.5 perimeter=3.4 bbox=(588,581,2,2)
[MASK M1876] area=116.5 perimeter=56.4 bbox=(451,581,15,17)
[MASK M1877] area=0.0 perimeter=2.0 bbox=(406,581,2,1)
[MASK M1878] area=8.0 perimeter=12.8 bbox=(55,581,3,6)
[MASK M1879] area=0.0 perimeter=0.0 bbox=(569,580,1,1)
[MASK M1880] area=3.0 perimeter=6.8 bbox=(289,580,3,3)
[MASK M1881] area=0.0 perimeter=0.0 bbox=(223,580,1,1)
[MASK M1882] area=0.0 perimeter=0.0 bbox=(85,580,1,1)
[MASK M1883] area=0.0 perimeter=0.0 bbox=(1105,579,1,1)
[MASK M1884] area=11.0 perimeter=18.5 bbox=(1083,579,5,8)
[MASK M1885] area=4.0 perimeter=11.7 bbox=(418,579,5,4)
[MASK M1886] area=5.0 perimeter=11.7 bbox=(389,579,5,4)
[MASK M1887] area=1.0 perimeter=4.0 bbox=(277,579,2,2)
[MASK M1888] area=12.0 perimeter=19.7 bbox=(1193,578,4,9)
[MASK M1889] area=1.5 perimeter=5.4 bbox=(1177,578,3,2)
[MASK M1890] area=0.5 perimeter=3.4 bbox=(514,578,2,2)
[MASK M1891] area=2.5 perimeter=15.9 bbox=(428,578,5,4)
[MASK M1892] area=0.0 perimeter=2.0 bbox=(335,578,1,2)
[MASK M1893] area=3.0 perimeter=6.8 bbox=(1065,577,3,3)
[MASK M1894] area=0.0 perimeter=0.0 bbox=(946,577,1,1)
[MASK M1895] area=0.0 perimeter=2.8 bbox=(616,577,2,2)
[MASK M1896] area=0.0 perimeter=2.0 bbox=(1212,576,2,1)
[MASK M1897] area=0.0 perimeter=2.0 bbox=(1111,576,1,2)
[MASK M1898] area=0.0 perimeter=2.0 bbox=(680,576,2,1)
[MASK M1899] area=0.0 perimeter=0.0 bbox=(395,576,1,1)
[MASK M1900] area=1.0 perimeter=4.8 bbox=(287,576,2,3)
[MASK M1901] area=27.5 perimeter=23.1 bbox=(1200,575,8,7)
[MASK M1902] area=10.0 perimeter=18.5 bbox=(1181,575,6,6)
[MASK M1903] area=4.5 perimeter=9.1 bbox=(1140,575,4,4)
[MASK M1904] area=0.0 perimeter=4.0 bbox=(1101,575,1,3)
[MASK M1905] area=0.5 perimeter=3.4 bbox=(875,575,2,2)
[MASK M1906] area=458.0 perimeter=231.7 bbox=(56,575,20,75)
[MASK M1907] area=0.0 perimeter=0.0 bbox=(30,575,1,1)
[MASK M1908] area=0.5 perimeter=3.4 bbox=(1067,574,2,2)
[MASK M1909] area=0.0 perimeter=0.0 bbox=(902,574,1,1)
[MASK M1910] area=5.5 perimeter=13.1 bbox=(634,574,4,5)
[MASK M1911] area=4.5 perimeter=11.4 bbox=(497,574,2,6)
[MASK M1912] area=1.0 perimeter=7.7 bbox=(439,574,3,4)
[MASK M1913] area=0.0 perimeter=0.0 bbox=(188,574,1,1)
[MASK M1914] area=3.0 perimeter=8.8 bbox=(44,574,2,5)
[MASK M1915] area=10.5 perimeter=15.9 bbox=(1125,573,6,5)
[MASK M1916] area=0.5 perimeter=3.4 bbox=(995,573,2,2)
[MASK M1917] area=0.0 perimeter=0.0 bbox=(983,573,1,1)
[MASK M1918] area=0.5 perimeter=5.4 bbox=(459,573,3,2)
[MASK M1919] area=15.0 perimeter=16.5 bbox=(23,573,6,6)
[MASK M1920] area=9.5 perimeter=13.1 bbox=(1216,572,4,6)
[MASK M1921] area=0.5 perimeter=3.4 bbox=(973,572,2,2)
[MASK M1922] area=0.0 perimeter=0.0 bbox=(416,572,1,1)
[MASK M1923] area=12.0 perimeter=15.7 bbox=(1222,571,4,7)
[MASK M1924] area=4.5 perimeter=9.4 bbox=(1169,571,3,4)
[MASK M1925] area=62.5 perimeter=63.4 bbox=(663,571,19,12)
[MASK M1926] area=0.0 perimeter=2.0 bbox=(480,571,2,1)
[MASK M1927] area=1.5 perimeter=5.4 bbox=(195,571,3,2)
[MASK M1928] area=1.5 perimeter=5.4 bbox=(1193,570,3,2)
[MASK M1929] area=30.0 perimeter=23.3 bbox=(841,570,8,8)
[MASK M1930] area=2.5 perimeter=7.4 bbox=(1054,569,4,2)
[MASK M1931] area=58.0 perimeter=29.3 bbox=(380,569,11,8)
[MASK M1932] area=0.0 perimeter=0.0 bbox=(211,569,1,1)
[MASK M1933] area=0.5 perimeter=3.4 bbox=(81,569,2,2)
[MASK M1934] area=11.5 perimeter=13.9 bbox=(743,568,6,5)
[MASK M1935] area=0.0 perimeter=6.0 bbox=(621,568,1,4)
[MASK M1936] area=43.0 perimeter=55.8 bbox=(517,568,5,25)
[MASK M1937] area=0.0 perimeter=0.0 bbox=(58,568,1,1)
[MASK M1938] area=18.0 perimeter=22.5 bbox=(53,568,7,8)
[MASK M1939] area=0.0 perimeter=0.0 bbox=(46,568,1,1)
[MASK M1940] area=1.0 perimeter=4.8 bbox=(17,568,2,3)
[MASK M1941] area=5.0 perimeter=11.7 bbox=(1246,567,4,5)
[MASK M1942] area=6.0 perimeter=10.8 bbox=(1187,567,3,5)
[MASK M1943] area=1.0 perimeter=4.8 bbox=(916,567,3,2)
[MASK M1944] area=0.0 perimeter=4.0 bbox=(821,567,1,3)
[MASK M1945] area=41.0 perimeter=36.5 bbox=(651,567,5,17)
[MASK M1946] area=0.0 perimeter=0.0 bbox=(624,567,1,1)
[MASK M1947] area=29.5 perimeter=22.7 bbox=(596,567,7,9)
[MASK M1948] area=0.0 perimeter=0.0 bbox=(406,567,1,1)
[MASK M1949] area=0.0 perimeter=0.0 bbox=(214,567,1,1)
[MASK M1950] area=0.0 perimeter=0.0 bbox=(31,567,1,1)
[MASK M1951] area=0.0 perimeter=2.0 bbox=(1219,566,2,1)
[MASK M1952] area=42.0 perimeter=53.1 bbox=(1150,566,13,11)
[MASK M1953] area=1.0 perimeter=4.8 bbox=(1108,566,2,3)
[MASK M1954] area=7.5 perimeter=15.1 bbox=(400,566,4,7)
[MASK M1955] area=0.0 perimeter=0.0 bbox=(291,566,1,1)
[MASK M1956] area=0.0 perimeter=0.0 bbox=(73,566,1,1)
[MASK M1957] area=1.5 perimeter=5.4 bbox=(1224,565,3,2)
[MASK M1958] area=2.0 perimeter=6.8 bbox=(1174,565,3,3)
[MASK M1959] area=0.0 perimeter=4.0 bbox=(598,565,3,1)
[MASK M1960] area=1.5 perimeter=6.2 bbox=(504,565,3,3)
[MASK M1961] area=0.0 perimeter=4.8 bbox=(479,565,3,2)
[MASK M1962] area=0.0 perimeter=0.0 bbox=(128,565,1,1)
[MASK M1963] area=0.5 perimeter=3.4 bbox=(61,565,2,2)
[MASK M1964] area=49.0 perimeter=33.8 bbox=(857,564,12,9)
[MASK M1965] area=0.5 perimeter=3.4 bbox=(911,563,2,2)
[MASK M1966] area=0.0 perimeter=0.0 bbox=(61,563,1,1)
[MASK M1967] area=27.0 perimeter=31.3 bbox=(1132,562,5,14)
[MASK M1968] area=0.0 perimeter=0.0 bbox=(276,562,1,1)
[MASK M1969] area=4.5 perimeter=8.2 bbox=(18,562,4,3)
[MASK M1970] area=10.5 perimeter=14.2 bbox=(1083,561,5,5)
[MASK M1971] area=0.0 perimeter=2.0 bbox=(855,561,1,2)
[MASK M1972] area=0.0 perimeter=0.0 bbox=(485,561,1,1)
[MASK M1973] area=0.0 perimeter=0.0 bbox=(188,561,1,1)
[MASK M1974] area=12.0 perimeter=16.5 bbox=(1143,560,7,4)
[MASK M1975] area=1.0 perimeter=4.0 bbox=(986,560,2,2)
[MASK M1976] area=6.5 perimeter=14.2 bbox=(638,560,6,4)
[MASK M1977] area=18.0 perimeter=33.0 bbox=(418,560,7,13)
[MASK M1978] area=2.5 perimeter=7.4 bbox=(355,560,2,4)
[MASK M1979] area=1.0 perimeter=4.8 bbox=(43,560,3,2)
[MASK M1980] area=0.0 perimeter=0.0 bbox=(1259,559,1,1)
[MASK M1981] area=7.0 perimeter=11.7 bbox=(1172,559,4,5)
[MASK M1982] area=0.0 perimeter=2.0 bbox=(859,559,1,2)
[MASK M1983] area=7.0 perimeter=13.7 bbox=(51,559,3,7)
[MASK M1984] area=0.0 perimeter=2.0 bbox=(1240,558,1,2)
[MASK M1985] area=0.0 perimeter=0.0 bbox=(987,558,1,1)
[MASK M1986] area=1.0 perimeter=4.8 bbox=(632,558,3,2)
[MASK M1987] area=10.5 perimeter=16.7 bbox=(377,558,6,7)
[MASK M1988] area=19.5 perimeter=20.7 bbox=(387,557,8,7)
[MASK M1989] area=3.0 perimeter=8.8 bbox=(210,557,4,3)
[MASK M1990] area=1.0 perimeter=4.8 bbox=(1231,556,3,2)
[MASK M1991] area=0.5 perimeter=3.4 bbox=(1153,556,2,2)
[MASK M1992] area=0.5 perimeter=3.4 bbox=(1024,556,2,2)
[MASK M1993] area=0.5 perimeter=3.4 bbox=(839,556,2,2)
[MASK M1994] area=0.0 perimeter=0.0 bbox=(329,556,1,1)
[MASK M1995] area=0.0 perimeter=0.0 bbox=(281,556,1,1)
[MASK M1996] area=0.0 perimeter=2.0 bbox=(112,556,1,2)
[MASK M1997] area=43.5 perimeter=54.0 bbox=(1205,555,8,16)
[MASK M1998] area=0.0 perimeter=2.0 bbox=(1037,555,2,1)
[MASK M1999] area=2.0 perimeter=5.7 bbox=(636,555,3,3)
[MASK M2000] area=48.0 perimeter=37.8 bbox=(55,555,12,8)
[MASK M2001] area=4.5 perimeter=8.2 bbox=(1187,554,4,3)
[MASK M2002] area=0.5 perimeter=3.4 bbox=(1063,554,2,2)
[MASK M2003] area=0.0 perimeter=0.0 bbox=(1056,554,1,1)
[MASK M2004] area=8.5 perimeter=13.1 bbox=(41,554,5,5)
[MASK M2005] area=2.0 perimeter=6.0 bbox=(1028,553,2,3)
[MASK M2006] area=0.0 perimeter=0.0 bbox=(823,553,1,1)
[MASK M2007] area=0.5 perimeter=11.1 bbox=(480,553,3,5)
[MASK M2008] area=0.5 perimeter=7.4 bbox=(76,553,3,3)
[MASK M2009] area=3.0 perimeter=8.8 bbox=(1235,552,3,4)
[MASK M2010] area=63.0 perimeter=39.8 bbox=(942,552,14,10)
[MASK M2011] area=0.0 perimeter=0.0 bbox=(897,552,1,1)
[MASK M2012] area=1.0 perimeter=4.0 bbox=(706,552,2,2)
[MASK M2013] area=41.0 perimeter=31.0 bbox=(567,552,12,9)
[MASK M2014] area=14.5 perimeter=33.9 bbox=(496,552,3,16)
[MASK M2015] area=72.0 perimeter=51.5 bbox=(434,552,9,20)
[MASK M2016] area=0.0 perimeter=0.0 bbox=(848,551,1,1)
[MASK M2017] area=2.0 perimeter=7.7 bbox=(34,551,4,3)
[MASK M2018] area=3.5 perimeter=7.4 bbox=(1189,550,3,3)
[MASK M2019] area=1.5 perimeter=8.2 bbox=(1134,550,4,3)
[MASK M2020] area=2.0 perimeter=6.8 bbox=(959,550,3,3)
[MASK M2021] area=7.0 perimeter=10.8 bbox=(874,550,4,4)
[MASK M2022] area=0.0 perimeter=0.0 bbox=(479,550,1,1)
[MASK M2023] area=0.0 perimeter=0.0 bbox=(12,550,1,1)
[MASK M2024] area=7.5 perimeter=13.1 bbox=(1206,549,4,5)
[MASK M2025] area=2.0 perimeter=8.8 bbox=(1151,549,2,5)
[MASK M2026] area=0.0 perimeter=4.0 bbox=(1116,549,3,1)
[MASK M2027] area=0.0 perimeter=0.0 bbox=(1113,549,1,1)
[MASK M2028] area=0.5 perimeter=3.4 bbox=(964,549,2,2)
[MASK M2029] area=0.0 perimeter=4.0 bbox=(901,549,3,1)
[MASK M2030] area=0.0 perimeter=0.0 bbox=(891,549,1,1)
[MASK M2031] area=1.5 perimeter=6.2 bbox=(850,549,3,3)
[MASK M2032] area=1.0 perimeter=4.8 bbox=(329,549,2,3)
[MASK M2033] area=43.5 perimeter=34.4 bbox=(925,548,10,11)
[MASK M2034] area=1.0 perimeter=4.0 bbox=(510,548,2,2)
[MASK M2035] area=38.0 perimeter=32.1 bbox=(468,548,6,15)
[MASK M2036] area=1.0 perimeter=4.0 bbox=(456,548,2,2)
[MASK M2037] area=108.5 perimeter=48.4 bbox=(356,548,21,9)
[MASK M2038] area=1.0 perimeter=4.8 bbox=(1015,547,3,2)
[MASK M2039] area=5.0 perimeter=11.7 bbox=(904,547,5,4)
[MASK M2040] area=4.0 perimeter=8.8 bbox=(518,547,4,3)
[MASK M2041] area=10.5 perimeter=14.2 bbox=(395,547,4,6)
[MASK M2042] area=0.5 perimeter=3.4 bbox=(304,547,2,2)
[MASK M2043] area=2.0 perimeter=6.0 bbox=(232,547,3,2)
[MASK M2044] area=0.0 perimeter=0.0 bbox=(931,546,1,1)
[MASK M2045] area=0.0 perimeter=0.0 bbox=(928,545,1,1)
[MASK M2046] area=2.5 perimeter=8.2 bbox=(611,545,4,3)
[MASK M2047] area=0.0 perimeter=0.0 bbox=(339,545,1,1)
[MASK M2048] area=0.0 perimeter=2.0 bbox=(559,544,2,1)
[MASK M2049] area=23.0 perimeter=31.3 bbox=(1178,543,8,12)
[MASK M2050] area=2.0 perimeter=6.0 bbox=(1160,543,2,3)
[MASK M2051] area=5.0 perimeter=8.8 bbox=(389,543,4,3)
[MASK M2052] area=2.5 perimeter=7.4 bbox=(948,542,4,2)
[MASK M2053] area=2.0 perimeter=6.8 bbox=(969,541,3,3)
[MASK M2054] area=0.5 perimeter=3.4 bbox=(112,541,2,2)
[MASK M2055] area=6.5 perimeter=12.2 bbox=(1010,540,3,6)
[MASK M2056] area=12.5 perimeter=15.1 bbox=(494,540,4,7)
[MASK M2057] area=7.0 perimeter=18.5 bbox=(1217,539,5,7)
[MASK M2058] area=16.5 perimeter=15.9 bbox=(903,539,6,6)
[MASK M2059] area=2.5 perimeter=6.2 bbox=(437,539,3,3)
[MASK M2060] area=14.0 perimeter=16.5 bbox=(73,539,5,7)
[MASK M2061] area=0.0 perimeter=2.0 bbox=(1147,538,1,2)
[MASK M2062] area=3.0 perimeter=6.8 bbox=(226,538,3,3)
[MASK M2063] area=0.0 perimeter=2.0 bbox=(33,538,2,1)
[MASK M2064] area=12.0 perimeter=26.1 bbox=(1185,537,7,11)
[MASK M2065] area=0.0 perimeter=0.0 bbox=(1064,537,1,1)
[MASK M2066] area=0.5 perimeter=3.4 bbox=(951,537,2,2)
[MASK M2067] area=2.5 perimeter=11.1 bbox=(911,537,5,4)
[MASK M2068] area=6.0 perimeter=9.7 bbox=(1136,536,4,4)
[MASK M2069] area=0.0 perimeter=4.0 bbox=(1096,536,3,1)
[MASK M2070] area=27.0 perimeter=22.5 bbox=(879,536,9,6)
[MASK M2071] area=25.5 perimeter=32.7 bbox=(840,536,6,11)
[MASK M2072] area=2.5 perimeter=7.4 bbox=(441,536,4,2)
[MASK M2073] area=10.5 perimeter=16.2 bbox=(432,536,3,8)
[MASK M2074] area=76.5 perimeter=33.6 bbox=(257,536,9,13)
[MASK M2075] area=0.0 perimeter=2.0 bbox=(1207,535,1,2)
[MASK M2076] area=20.5 perimeter=31.1 bbox=(1198,535,4,15)
[MASK M2077] area=2.5 perimeter=7.4 bbox=(158,535,2,4)
[MASK M2078] area=17.0 perimeter=37.8 bbox=(936,534,11,9)
[MASK M2079] area=26.5 perimeter=21.9 bbox=(917,534,7,8)
[MASK M2080] area=116.5 perimeter=54.4 bbox=(646,534,11,22)
[MASK M2081] area=48.0 perimeter=43.0 bbox=(603,534,9,18)
[MASK M2082] area=0.0 perimeter=0.0 bbox=(495,534,1,1)
[MASK M2083] area=0.0 perimeter=0.0 bbox=(1200,533,1,1)
[MASK M2084] area=58.0 perimeter=61.5 bbox=(1159,533,9,22)
[MASK M2085] area=179.0 perimeter=78.3 bbox=(402,533,17,28)
[MASK M2086] area=5.5 perimeter=9.4 bbox=(188,533,4,3)
[MASK M2087] area=3.0 perimeter=6.8 bbox=(1044,532,3,3)
[MASK M2088] area=0.0 perimeter=0.0 bbox=(660,532,1,1)
[MASK M2089] area=0.0 perimeter=2.0 bbox=(830,531,2,1)
[MASK M2090] area=0.0 perimeter=0.0 bbox=(756,531,1,1)
[MASK M2091] area=1.5 perimeter=5.4 bbox=(1219,530,2,3)
[MASK M2092] area=0.0 perimeter=2.8 bbox=(891,530,2,2)
[MASK M2093] area=71.0 perimeter=45.0 bbox=(621,530,7,19)
[MASK M2094] area=0.0 perimeter=2.0 bbox=(585,530,2,1)
[MASK M2095] area=35.0 perimeter=28.1 bbox=(306,530,8,10)
[MASK M2096] area=2.5 perimeter=7.4 bbox=(282,530,4,2)
[MASK M2097] area=3.5 perimeter=8.2 bbox=(643,529,4,3)
[MASK M2098] area=3.0 perimeter=10.8 bbox=(639,529,3,5)
[MASK M2099] area=0.0 perimeter=0.0 bbox=(486,529,1,1)
[MASK M2100] area=17.5 perimeter=24.7 bbox=(402,529,8,7)
[MASK M2101] area=3.5 perimeter=7.4 bbox=(0,529,3,3)
[MASK M2102] area=0.0 perimeter=2.8 bbox=(1088,528,2,2)
[MASK M2103] area=5.0 perimeter=20.5 bbox=(599,528,8,5)
[MASK M2104] area=1.0 perimeter=4.8 bbox=(56,528,3,2)
[MASK M2105] area=0.5 perimeter=12.2 bbox=(1093,527,6,3)
[MASK M2106] area=0.0 perimeter=4.0 bbox=(921,527,1,3)
[MASK M2107] area=0.0 perimeter=2.0 bbox=(317,527,1,2)
[MASK M2108] area=14.0 perimeter=26.1 bbox=(71,527,4,11)
[MASK M2109] area=3.5 perimeter=8.2 bbox=(8,527,4,3)
[MASK M2110] area=49.0 perimeter=40.6 bbox=(983,526,13,12)
[MASK M2111] area=8.0 perimeter=26.1 bbox=(854,526,10,5)
[MASK M2112] area=0.0 perimeter=2.0 bbox=(446,526,1,2)
[MASK M2113] area=85.0 perimeter=43.5 bbox=(343,526,15,11)
[MASK M2114] area=25.5 perimeter=42.4 bbox=(1017,525,9,11)
[MASK M2115] area=0.5 perimeter=3.4 bbox=(842,525,2,2)
[MASK M2116] area=0.0 perimeter=0.0 bbox=(742,525,1,1)
[MASK M2117] area=20.0 perimeter=21.7 bbox=(38,525,4,10)
[MASK M2118] area=1.5 perimeter=6.2 bbox=(368,524,3,3)
[MASK M2119] area=154.0 perimeter=126.2 bbox=(48,524,25,30)
[MASK M2120] area=0.0 perimeter=2.0 bbox=(1218,523,1,2)
[MASK M2121] area=1.5 perimeter=7.4 bbox=(1199,523,4,2)
[MASK M2122] area=5.0 perimeter=10.8 bbox=(1141,523,3,5)
[MASK M2123] area=15.5 perimeter=27.6 bbox=(1077,523,11,6)
[MASK M2124] area=0.0 perimeter=0.0 bbox=(661,523,1,1)
[MASK M2125] area=0.0 perimeter=2.0 bbox=(589,523,2,1)
[MASK M2126] area=0.5 perimeter=3.4 bbox=(406,523,2,2)
[MASK M2127] area=0.0 perimeter=0.0 bbox=(901,522,1,1)
[MASK M2128] area=25.0 perimeter=22.5 bbox=(1118,521,8,7)
[MASK M2129] area=9.5 perimeter=19.9 bbox=(427,521,4,8)
[MASK M2130] area=0.5 perimeter=3.4 bbox=(981,520,2,2)
[MASK M2131] area=0.5 perimeter=3.4 bbox=(589,520,2,2)
[MASK M2132] area=121.5 perimeter=62.9 bbox=(467,520,16,21)
[MASK M2133] area=109.5 perimeter=42.9 bbox=(381,520,17,11)
[MASK M2134] area=10.5 perimeter=14.2 bbox=(650,519,4,6)
[MASK M2135] area=25.0 perimeter=21.3 bbox=(328,519,8,7)
[MASK M2136] area=2.0 perimeter=6.8 bbox=(58,519,3,3)
[MASK M2137] area=1.0 perimeter=4.8 bbox=(42,519,3,2)
[MASK M2138] area=0.0 perimeter=2.0 bbox=(4,519,2,1)
[MASK M2139] area=0.0 perimeter=0.0 bbox=(1027,518,1,1)
[MASK M2140] area=9.5 perimeter=12.2 bbox=(1019,518,5,4)
[MASK M2141] area=0.0 perimeter=2.0 bbox=(987,518,1,2)
[MASK M2142] area=0.5 perimeter=3.4 bbox=(366,518,2,2)
[MASK M2143] area=0.0 perimeter=0.0 bbox=(1156,517,1,1)
[MASK M2144] area=4.5 perimeter=10.2 bbox=(928,517,5,3)
[MASK M2145] area=0.0 perimeter=0.0 bbox=(867,517,1,1)
[MASK M2146] area=0.0 perimeter=2.0 bbox=(839,517,2,1)
[MASK M2147] area=57.0 perimeter=35.0 bbox=(551,517,13,9)
[MASK M2148] area=0.0 perimeter=0.0 bbox=(381,517,1,1)
[MASK M2149] area=0.0 perimeter=2.0 bbox=(355,517,2,1)
[MASK M2150] area=3.5 perimeter=7.4 bbox=(268,517,3,3)
[MASK M2151] area=5.0 perimeter=11.7 bbox=(245,517,5,4)
[MASK M2152] area=0.0 perimeter=4.0 bbox=(110,517,1,3)
[MASK M2153] area=0.0 perimeter=2.0 bbox=(1219,515,1,2)
[MASK M2154] area=27.5 perimeter=52.9 bbox=(1189,515,9,16)
[MASK M2155] area=14.0 perimeter=15.7 bbox=(915,515,6,5)
[MASK M2156] area=20.5 perimeter=19.1 bbox=(875,515,5,8)
[MASK M2157] area=9.5 perimeter=16.2 bbox=(620,515,4,7)
[MASK M2158] area=62.0 perimeter=38.1 bbox=(412,515,8,16)
[MASK M2159] area=1.0 perimeter=4.8 bbox=(1106,514,3,2)
[MASK M2160] area=0.0 perimeter=0.0 bbox=(632,513,1,1)
[MASK M2161] area=0.0 perimeter=0.0 bbox=(246,513,1,1)
[MASK M2162] area=0.0 perimeter=2.8 bbox=(110,513,2,2)
[MASK M2163] area=5.5 perimeter=10.2 bbox=(42,513,4,4)
[MASK M2164] area=0.5 perimeter=3.4 bbox=(1204,512,2,2)
[MASK M2165] area=12.5 perimeter=18.2 bbox=(1174,512,5,7)
[MASK M2166] area=0.0 perimeter=0.0 bbox=(1160,512,1,1)
[MASK M2167] area=19.5 perimeter=20.7 bbox=(1114,512,7,8)
[MASK M2168] area=2.0 perimeter=6.0 bbox=(1101,512,2,3)
[MASK M2169] area=91.5 perimeter=47.2 bbox=(492,512,14,15)
[MASK M2170] area=0.0 perimeter=0.0 bbox=(487,512,1,1)
[MASK M2171] area=0.0 perimeter=0.0 bbox=(403,512,1,1)
[MASK M2172] area=0.0 perimeter=0.0 bbox=(244,512,1,1)
[MASK M2173] area=0.0 perimeter=0.0 bbox=(843,511,1,1)
[MASK M2174] area=1.0 perimeter=4.0 bbox=(624,511,2,2)
[MASK M2175] area=2.0 perimeter=6.8 bbox=(1188,510,3,3)
[MASK M2176] area=0.0 perimeter=0.0 bbox=(481,510,1,1)
[MASK M2177] area=0.0 perimeter=2.0 bbox=(49,510,1,2)
[MASK M2178] area=4.5 perimeter=8.2 bbox=(1,510,4,3)
[MASK M2179] area=0.0 perimeter=2.0 bbox=(1217,509,1,2)
[MASK M2180] area=0.0 perimeter=2.0 bbox=(1181,509,2,1)
[MASK M2181] area=0.0 perimeter=0.0 bbox=(1073,509,1,1)
[MASK M2182] area=0.0 perimeter=2.0 bbox=(1059,509,1,2)
[MASK M2183] area=20.0 perimeter=24.1 bbox=(980,509,7,8)
[MASK M2184] area=0.0 perimeter=0.0 bbox=(543,509,1,1)
[MASK M2185] area=4.0 perimeter=8.0 bbox=(1165,508,3,3)
[MASK M2186] area=0.0 perimeter=0.0 bbox=(874,508,1,1)
[MASK M2187] area=0.0 perimeter=2.0 bbox=(1169,507,1,2)
[MASK M2188] area=0.0 perimeter=0.0 bbox=(1078,507,1,1)
[MASK M2189] area=0.5 perimeter=6.2 bbox=(969,507,3,3)
[MASK M2190] area=34.0 perimeter=31.8 bbox=(634,507,6,13)
[MASK M2191] area=1.0 perimeter=4.0 bbox=(569,507,2,2)
[MASK M2192] area=0.0 perimeter=0.0 bbox=(117,507,1,1)
[MASK M2193] area=39.5 perimeter=37.2 bbox=(34,507,6,16)
[MASK M2194] area=0.0 perimeter=0.0 bbox=(1047,506,1,1)
[MASK M2195] area=0.0 perimeter=2.0 bbox=(855,506,1,2)
[MASK M2196] area=26.0 perimeter=38.1 bbox=(68,506,6,17)
[MASK M2197] area=0.0 perimeter=0.0 bbox=(1171,505,1,1)
[MASK M2198] area=0.5 perimeter=3.4 bbox=(1104,505,2,2)
[MASK M2199] area=10.0 perimeter=12.5 bbox=(702,505,6,4)
[MASK M2200] area=0.0 perimeter=2.0 bbox=(301,505,2,1)
[MASK M2201] area=0.5 perimeter=3.4 bbox=(1217,504,2,2)
[MASK M2202] area=6.5 perimeter=13.1 bbox=(992,504,5,5)
[MASK M2203] area=1.0 perimeter=4.8 bbox=(867,504,3,2)
[MASK M2204] area=13.0 perimeter=16.5 bbox=(847,504,7,5)
[MASK M2205] area=9.0 perimeter=11.7 bbox=(489,504,4,5)
[MASK M2206] area=41.5 perimeter=31.6 bbox=(451,504,7,13)
[MASK M2207] area=1.5 perimeter=5.4 bbox=(1178,503,3,2)
[MASK M2208] area=2.0 perimeter=8.8 bbox=(1136,503,2,5)
[MASK M2209] area=18.5 perimeter=19.9 bbox=(1122,503,5,8)
[MASK M2210] area=2.0 perimeter=6.8 bbox=(982,503,4,2)
[MASK M2211] area=0.0 perimeter=0.0 bbox=(205,503,1,1)
[MASK M2212] area=7.0 perimeter=14.8 bbox=(873,502,7,3)
[MASK M2213] area=0.0 perimeter=4.0 bbox=(190,502,1,3)
[MASK M2214] area=0.0 perimeter=2.0 bbox=(1051,501,2,1)
[MASK M2215] area=0.0 perimeter=0.0 bbox=(725,501,1,1)
[MASK M2216] area=2.5 perimeter=6.2 bbox=(352,501,3,3)
[MASK M2217] area=0.5 perimeter=3.4 bbox=(181,501,2,2)
[MASK M2218] area=1.5 perimeter=6.2 bbox=(431,500,3,3)
[MASK M2219] area=9.0 perimeter=14.5 bbox=(2,500,4,7)
[MASK M2220] area=1.0 perimeter=4.0 bbox=(828,499,2,2)
[MASK M2221] area=80.5 perimeter=47.2 bbox=(598,499,10,18)
[MASK M2222] area=18.0 perimeter=21.3 bbox=(411,499,6,9)
[MASK M2223] area=3.5 perimeter=10.2 bbox=(37,499,3,5)
[MASK M2224] area=2.5 perimeter=7.4 bbox=(1199,498,3,3)
[MASK M2225] area=0.0 perimeter=6.0 bbox=(250,498,1,4)
[MASK M2226] area=22.5 perimeter=24.7 bbox=(1188,497,8,9)
[MASK M2227] area=0.5 perimeter=3.4 bbox=(1176,497,2,2)
[MASK M2228] area=0.0 perimeter=0.0 bbox=(1038,497,1,1)
[MASK M2229] area=4.0 perimeter=11.7 bbox=(406,497,4,5)
[MASK M2230] area=29.0 perimeter=23.3 bbox=(395,497,6,10)
[MASK M2231] area=0.5 perimeter=3.4 bbox=(350,497,2,2)
[MASK M2232] area=0.0 perimeter=0.0 bbox=(27,497,1,1)
[MASK M2233] area=9.0 perimeter=13.7 bbox=(1116,496,6,4)
[MASK M2234] area=76.5 perimeter=40.4 bbox=(258,496,9,16)
[MASK M2235] area=5.0 perimeter=14.5 bbox=(1109,495,6,5)
[MASK M2236] area=6.5 perimeter=15.9 bbox=(674,495,6,6)
[MASK M2237] area=3.5 perimeter=8.2 bbox=(634,495,4,3)
[MASK M2238] area=17.5 perimeter=17.1 bbox=(44,495,6,6)
[MASK M2239] area=70.0 perimeter=36.1 bbox=(936,494,10,13)
[MASK M2240] area=0.0 perimeter=2.0 bbox=(838,494,1,2)
[MASK M2241] area=0.0 perimeter=0.0 bbox=(326,494,1,1)
[MASK M2242] area=17.0 perimeter=23.3 bbox=(1125,493,9,7)
[MASK M2243] area=4.5 perimeter=10.2 bbox=(13,493,3,5)
[MASK M2244] area=1.0 perimeter=4.8 bbox=(1056,492,3,2)
[MASK M2245] area=1.5 perimeter=5.4 bbox=(1018,492,2,3)
[MASK M2246] area=0.0 perimeter=0.0 bbox=(478,492,1,1)
[MASK M2247] area=83.5 perimeter=38.4 bbox=(365,492,10,15)
[MASK M2248] area=0.0 perimeter=2.0 bbox=(253,492,1,2)
[MASK M2249] area=11.0 perimeter=15.7 bbox=(1180,491,4,7)
[MASK M2250] area=0.0 perimeter=2.0 bbox=(1144,491,2,1)
[MASK M2251] area=0.0 perimeter=0.0 bbox=(909,491,1,1)
[MASK M2252] area=0.0 perimeter=0.0 bbox=(1005,490,1,1)
[MASK M2253] area=0.5 perimeter=3.4 bbox=(480,490,2,2)
[MASK M2254] area=90.5 perimeter=58.9 bbox=(52,490,10,23)
[MASK M2255] area=0.0 perimeter=4.0 bbox=(0,490,1,3)
[MASK M2256] area=1.0 perimeter=4.8 bbox=(927,489,3,2)
[MASK M2257] area=75.0 perimeter=46.6 bbox=(642,489,11,18)
[MASK M2258] area=93.5 perimeter=47.2 bbox=(577,489,10,17)
[MASK M2259] area=0.0 perimeter=0.0 bbox=(122,489,1,1)
[MASK M2260] area=1.0 perimeter=4.0 bbox=(3,489,2,2)
[MASK M2261] area=0.0 perimeter=2.0 bbox=(1159,488,1,2)
[MASK M2262] area=0.0 perimeter=0.0 bbox=(1147,488,1,1)
[MASK M2263] area=0.0 perimeter=0.0 bbox=(1208,487,1,1)
[MASK M2264] area=0.0 perimeter=0.0 bbox=(1058,487,1,1)
[MASK M2265] area=0.0 perimeter=2.0 bbox=(1008,487,2,1)
[MASK M2266] area=9.0 perimeter=14.5 bbox=(842,487,5,5)
[MASK M2267] area=17.5 perimeter=17.9 bbox=(1168,486,6,7)
[MASK M2268] area=14.0 perimeter=17.7 bbox=(1119,486,5,7)
[MASK M2269] area=8.5 perimeter=14.2 bbox=(854,486,7,3)
[MASK M2270] area=0.5 perimeter=3.4 bbox=(637,486,2,2)
[MASK M2271] area=35.0 perimeter=31.8 bbox=(547,486,10,11)
[MASK M2272] area=0.0 perimeter=0.0 bbox=(329,486,1,1)
[MASK M2273] area=0.0 perimeter=0.0 bbox=(110,486,1,1)
[MASK M2274] area=0.0 perimeter=0.0 bbox=(1198,485,1,1)
[MASK M2275] area=0.0 perimeter=2.0 bbox=(1023,485,1,2)
[MASK M2276] area=16.5 perimeter=28.7 bbox=(598,485,6,13)
[MASK M2277] area=0.0 perimeter=2.0 bbox=(575,485,1,2)
[MASK M2278] area=37.5 perimeter=25.9 bbox=(60,485,9,8)
[MASK M2279] area=0.5 perimeter=3.4 bbox=(1182,484,2,2)
[MASK M2280] area=0.0 perimeter=0.0 bbox=(822,484,1,1)
[MASK M2281] area=0.5 perimeter=3.4 bbox=(666,484,2,2)
[MASK M2282] area=0.5 perimeter=5.4 bbox=(632,484,2,3)
[MASK M2283] area=3.5 perimeter=10.2 bbox=(454,484,3,5)
[MASK M2284] area=2.0 perimeter=6.8 bbox=(45,484,4,2)
[MASK M2285] area=1.0 perimeter=4.0 bbox=(0,484,2,2)
[MASK M2286] area=2.5 perimeter=7.4 bbox=(1156,483,3,3)
[MASK M2287] area=0.5 perimeter=3.4 bbox=(783,483,2,2)
[MASK M2288] area=0.0 perimeter=0.0 bbox=(649,483,1,1)
[MASK M2289] area=3.0 perimeter=13.7 bbox=(570,483,5,5)
[MASK M2290] area=41.5 perimeter=26.7 bbox=(403,483,7,11)
[MASK M2291] area=0.0 perimeter=0.0 bbox=(393,483,1,1)
[MASK M2292] area=0.0 perimeter=2.0 bbox=(359,483,1,2)
[MASK M2293] area=1.5 perimeter=5.4 bbox=(1190,482,3,2)
[MASK M2294] area=1.0 perimeter=4.0 bbox=(578,482,2,2)
[MASK M2295] area=0.5 perimeter=3.4 bbox=(543,482,2,2)
[MASK M2296] area=31.5 perimeter=41.9 bbox=(1111,481,20,5)
[MASK M2297] area=0.0 perimeter=2.0 bbox=(971,481,2,1)
[MASK M2298] area=1.5 perimeter=6.2 bbox=(39,481,3,3)
[MASK M2299] area=0.0 perimeter=0.0 bbox=(415,480,1,1)
[MASK M2300] area=4.5 perimeter=11.1 bbox=(365,480,5,4)
[MASK M2301] area=4.5 perimeter=10.2 bbox=(1021,479,5,3)
[MASK M2302] area=5.5 perimeter=11.1 bbox=(1008,479,4,5)
[MASK M2303] area=2.5 perimeter=8.2 bbox=(869,479,4,3)
[MASK M2304] area=18.5 perimeter=19.9 bbox=(837,479,9,5)
[MASK M2305] area=1.5 perimeter=5.4 bbox=(647,479,2,3)
[MASK M2306] area=0.0 perimeter=2.0 bbox=(494,479,2,1)
[MASK M2307] area=13.5 perimeter=14.2 bbox=(6,479,5,5)
[MASK M2308] area=5.0 perimeter=11.7 bbox=(1043,478,6,3)
[MASK M2309] area=0.5 perimeter=3.4 bbox=(941,478,2,2)
[MASK M2310] area=0.0 perimeter=2.0 bbox=(379,478,2,1)
[MASK M2311] area=0.0 perimeter=0.0 bbox=(320,478,1,1)
[MASK M2312] area=0.0 perimeter=2.0 bbox=(109,478,1,2)
[MASK M2313] area=1.0 perimeter=4.8 bbox=(1167,477,3,2)
[MASK M2314] area=0.0 perimeter=0.0 bbox=(1148,477,1,1)
[MASK M2315] area=0.0 perimeter=6.8 bbox=(966,477,2,4)
[MASK M2316] area=1.0 perimeter=4.0 bbox=(715,477,2,2)
[MASK M2317] area=16.5 perimeter=17.1 bbox=(682,477,7,5)
[MASK M2318] area=0.0 perimeter=2.8 bbox=(579,477,2,2)
[MASK M2319] area=4.5 perimeter=11.1 bbox=(10,477,4,5)
[MASK M2320] area=3.5 perimeter=8.2 bbox=(1160,476,4,3)
[MASK M2321] area=0.0 perimeter=0.0 bbox=(321,476,1,1)
[MASK M2322] area=0.0 perimeter=0.0 bbox=(27,476,1,1)
[MASK M2323] area=0.0 perimeter=2.0 bbox=(1211,475,1,2)
[MASK M2324] area=0.0 perimeter=2.0 bbox=(1081,475,2,1)
[MASK M2325] area=0.0 perimeter=4.0 bbox=(1143,474,1,3)
[MASK M2326] area=0.0 perimeter=0.0 bbox=(110,474,1,1)
[MASK M2327] area=0.0 perimeter=0.0 bbox=(1182,473,1,1)
[MASK M2328] area=1.0 perimeter=4.0 bbox=(1174,473,2,2)
[MASK M2329] area=1.5 perimeter=6.2 bbox=(1071,473,3,3)
[MASK M2330] area=3.5 perimeter=7.4 bbox=(66,473,3,3)
[MASK M2331] area=0.0 perimeter=2.8 bbox=(598,472,2,2)
[MASK M2332] area=0.0 perimeter=0.0 bbox=(884,471,1,1)
[MASK M2333] area=0.0 perimeter=2.8 bbox=(626,471,2,2)
[MASK M2334] area=3.5 perimeter=8.2 bbox=(1010,470,3,4)
[MASK M2335] area=1.0 perimeter=4.8 bbox=(7,470,2,3)
[MASK M2336] area=1.0 perimeter=4.8 bbox=(1186,469,2,3)
[MASK M2337] area=0.0 perimeter=2.8 bbox=(1181,469,2,2)
[MASK M2338] area=0.0 perimeter=0.0 bbox=(683,469,1,1)
[MASK M2339] area=2.5 perimeter=7.4 bbox=(0,469,3,3)
[MASK M2340] area=0.5 perimeter=3.4 bbox=(1167,468,2,2)
[MASK M2341] area=5.0 perimeter=11.7 bbox=(1021,468,3,6)
[MASK M2342] area=2.0 perimeter=6.8 bbox=(327,468,2,4)
[MASK M2343] area=0.0 perimeter=0.0 bbox=(82,468,1,1)
[MASK M2344] area=0.5 perimeter=3.4 bbox=(1053,467,2,2)
[MASK M2345] area=1.0 perimeter=8.8 bbox=(1007,467,3,4)
[MASK M2346] area=1.5 perimeter=5.4 bbox=(943,467,3,2)
[MASK M2347] area=2.0 perimeter=5.7 bbox=(362,467,3,3)
[MASK M2348] area=0.0 perimeter=2.0 bbox=(1174,466,2,1)
[MASK M2349] area=63.0 perimeter=48.6 bbox=(510,466,9,18)
[MASK M2350] area=0.0 perimeter=2.0 bbox=(293,466,1,2)
[MASK M2351] area=0.0 perimeter=0.0 bbox=(153,466,1,1)
[MASK M2352] area=9.0 perimeter=13.7 bbox=(14,466,3,7)
[MASK M2353] area=0.0 perimeter=2.8 bbox=(1216,465,2,2)
[MASK M2354] area=2.0 perimeter=11.7 bbox=(1151,465,4,4)
[MASK M2355] area=0.0 perimeter=0.0 bbox=(823,464,1,1)
[MASK M2356] area=1.0 perimeter=4.0 bbox=(736,464,2,2)
[MASK M2357] area=35.0 perimeter=36.6 bbox=(399,464,9,10)
[MASK M2358] area=0.0 perimeter=0.0 bbox=(333,464,1,1)
[MASK M2359] area=1.0 perimeter=4.0 bbox=(321,464,2,2)
[MASK M2360] area=1.5 perimeter=5.4 bbox=(305,464,3,2)
[MASK M2361] area=0.0 perimeter=4.0 bbox=(662,463,1,3)
[MASK M2362] area=0.5 perimeter=3.4 bbox=(40,463,2,2)
[MASK M2363] area=0.0 perimeter=0.0 bbox=(1214,462,1,1)
[MASK M2364] area=0.0 perimeter=0.0 bbox=(865,462,1,1)
[MASK M2365] area=0.0 perimeter=0.0 bbox=(844,462,1,1)
[MASK M2366] area=2.0 perimeter=14.5 bbox=(107,462,5,4)
[MASK M2367] area=8.5 perimeter=12.2 bbox=(1239,461,5,4)
[MASK M2368] area=0.0 perimeter=6.8 bbox=(1030,461,2,4)
[MASK M2369] area=10.5 perimeter=15.1 bbox=(835,461,6,5)
[MASK M2370] area=13.0 perimeter=18.5 bbox=(391,461,8,5)
[MASK M2371] area=0.5 perimeter=3.4 bbox=(331,461,2,2)
[MASK M2372] area=2.0 perimeter=6.8 bbox=(8,461,3,3)
[MASK M2373] area=0.0 perimeter=0.0 bbox=(1018,459,1,1)
[MASK M2374] area=188.0 perimeter=139.4 bbox=(462,459,14,52)
[MASK M2375] area=0.5 perimeter=3.4 bbox=(110,459,2,2)
[MASK M2376] area=58.5 perimeter=44.5 bbox=(592,458,14,13)
[MASK M2377] area=1.0 perimeter=6.8 bbox=(319,458,2,4)
[MASK M2378] area=2.0 perimeter=6.8 bbox=(508,457,3,3)
[MASK M2379] area=22.0 perimeter=22.1 bbox=(63,457,6,9)
[MASK M2380] area=3.5 perimeter=7.4 bbox=(16,457,3,3)
[MASK M2381] area=1.5 perimeter=5.4 bbox=(1025,456,2,3)
[MASK M2382] area=0.0 perimeter=2.0 bbox=(1095,455,1,2)
[MASK M2383] area=0.0 perimeter=0.0 bbox=(818,455,1,1)
[MASK M2384] area=0.0 perimeter=0.0 bbox=(632,455,1,1)
[MASK M2385] area=0.0 perimeter=0.0 bbox=(440,455,1,1)
[MASK M2386] area=0.0 perimeter=0.0 bbox=(329,455,1,1)
[MASK M2387] area=1.0 perimeter=4.8 bbox=(1034,454,3,2)
[MASK M2388] area=0.0 perimeter=0.0 bbox=(582,454,1,1)
[MASK M2389] area=4.0 perimeter=9.7 bbox=(1194,453,4,4)
[MASK M2390] area=3.0 perimeter=7.7 bbox=(1180,453,3,4)
[MASK M2391] area=0.0 perimeter=0.0 bbox=(433,453,1,1)
[MASK M2392] area=0.0 perimeter=4.0 bbox=(405,453,1,3)
[MASK M2393] area=18.5 perimeter=25.9 bbox=(356,453,4,11)
[MASK M2394] area=5.0 perimeter=13.7 bbox=(908,452,6,4)
[MASK M2395] area=0.0 perimeter=0.0 bbox=(840,451,1,1)
[MASK M2396] area=1.0 perimeter=4.8 bbox=(633,451,3,2)
[MASK M2397] area=0.0 perimeter=0.0 bbox=(383,451,1,1)
[MASK M2398] area=2.0 perimeter=6.8 bbox=(362,451,3,3)
[MASK M2399] area=0.0 perimeter=2.0 bbox=(96,451,1,2)
[MASK M2400] area=0.0 perimeter=0.0 bbox=(45,451,1,1)
[MASK M2401] area=6.5 perimeter=17.1 bbox=(7,451,8,4)
[MASK M2402] area=0.5 perimeter=3.4 bbox=(1139,450,2,2)
[MASK M2403] area=22.0 perimeter=21.3 bbox=(184,450,7,7)
[MASK M2404] area=3.5 perimeter=10.2 bbox=(115,450,3,5)
[MASK M2405] area=0.0 perimeter=2.0 bbox=(34,450,2,1)
[MASK M2406] area=0.0 perimeter=2.8 bbox=(607,449,2,2)
[MASK M2407] area=0.0 perimeter=0.0 bbox=(588,449,1,1)
[MASK M2408] area=0.0 perimeter=0.0 bbox=(1163,448,1,1)
[MASK M2409] area=2.5 perimeter=7.4 bbox=(1111,448,2,4)
[MASK M2410] area=0.5 perimeter=3.4 bbox=(907,448,2,2)
[MASK M2411] area=1.5 perimeter=5.4 bbox=(0,448,2,3)
[MASK M2412] area=0.0 perimeter=2.0 bbox=(999,447,1,2)
[MASK M2413] area=0.0 perimeter=0.0 bbox=(857,447,1,1)
[MASK M2414] area=12.0 perimeter=16.5 bbox=(834,447,7,5)
[MASK M2415] area=0.0 perimeter=0.0 bbox=(46,447,1,1)
[MASK M2416] area=0.0 perimeter=0.0 bbox=(37,447,1,1)
[MASK M2417] area=0.0 perimeter=2.0 bbox=(1216,446,1,2)
[MASK M2418] area=0.0 perimeter=0.0 bbox=(1069,446,1,1)
[MASK M2419] area=166.5 perimeter=82.2 bbox=(638,446,11,35)
[MASK M2420] area=11.0 perimeter=16.5 bbox=(392,445,6,6)
[MASK M2421] area=0.5 perimeter=3.4 bbox=(939,444,2,2)
[MASK M2422] area=0.0 perimeter=0.0 bbox=(851,444,1,1)
[MASK M2423] area=1.0 perimeter=4.8 bbox=(325,444,2,3)
[MASK M2424] area=0.0 perimeter=0.0 bbox=(169,443,1,1)
[MASK M2425] area=14.5 perimeter=17.1 bbox=(25,443,7,5)
[MASK M2426] area=2.0 perimeter=6.8 bbox=(1027,442,4,2)
[MASK M2427] area=0.0 perimeter=2.0 bbox=(850,442,2,1)
[MASK M2428] area=1.5 perimeter=5.4 bbox=(843,442,2,3)
[MASK M2429] area=9.0 perimeter=13.7 bbox=(378,441,4,5)
[MASK M2430] area=0.0 perimeter=0.0 bbox=(252,441,1,1)
[MASK M2431] area=0.0 perimeter=2.0 bbox=(29,441,2,1)
[MASK M2432] area=0.5 perimeter=3.4 bbox=(846,440,2,2)
[MASK M2433] area=2.5 perimeter=7.4 bbox=(838,440,2,4)
[MASK M2434] area=0.0 perimeter=0.0 bbox=(324,440,1,1)
[MASK M2435] area=1.5 perimeter=13.1 bbox=(1188,439,4,6)
[MASK M2436] area=0.0 perimeter=0.0 bbox=(547,438,1,1)
[MASK M2437] area=0.0 perimeter=2.0 bbox=(413,438,1,2)
[MASK M2438] area=0.0 perimeter=4.0 bbox=(351,438,1,3)
[MASK M2439] area=1.5 perimeter=5.4 bbox=(0,437,2,3)
[MASK M2440] area=1.0 perimeter=4.8 bbox=(1054,436,3,2)
[MASK M2441] area=1.0 perimeter=4.0 bbox=(1024,436,2,2)
[MASK M2442] area=24.0 perimeter=23.0 bbox=(602,436,8,9)
[MASK M2443] area=0.0 perimeter=4.0 bbox=(216,436,1,3)
[MASK M2444] area=0.0 perimeter=0.0 bbox=(1212,435,1,1)
[MASK M2445] area=0.0 perimeter=0.0 bbox=(854,435,1,1)
[MASK M2446] area=0.0 perimeter=4.0 bbox=(393,435,3,1)
[MASK M2447] area=9.5 perimeter=16.2 bbox=(358,435,3,8)
[MASK M2448] area=143.5 perimeter=68.0 bbox=(339,435,9,28)
[MASK M2449] area=21.5 perimeter=21.9 bbox=(643,434,5,10)
[MASK M2450] area=0.0 perimeter=0.0 bbox=(848,433,1,1)
[MASK M2451] area=0.0 perimeter=0.0 bbox=(337,433,1,1)
[MASK M2452] area=1.5 perimeter=5.4 bbox=(964,432,2,3)
[MASK M2453] area=0.5 perimeter=3.4 bbox=(929,432,2,2)
[MASK M2454] area=16.5 perimeter=19.1 bbox=(550,432,5,8)
[MASK M2455] area=2.0 perimeter=11.7 bbox=(969,431,3,5)
[MASK M2456] area=0.5 perimeter=7.4 bbox=(652,431,2,4)
[MASK M2457] area=0.0 perimeter=2.0 bbox=(1225,430,1,2)
[MASK M2458] area=0.0 perimeter=0.0 bbox=(1128,430,1,1)
[MASK M2459] area=0.0 perimeter=0.0 bbox=(1209,429,1,1)
[MASK M2460] area=1.0 perimeter=4.0 bbox=(1189,429,2,2)
[MASK M2461] area=0.0 perimeter=0.0 bbox=(982,429,1,1)
[MASK M2462] area=64.5 perimeter=37.2 bbox=(368,429,11,14)
[MASK M2463] area=0.0 perimeter=2.0 bbox=(1183,428,2,1)
[MASK M2464] area=3.5 perimeter=7.4 bbox=(1176,428,3,3)
[MASK M2465] area=3.5 perimeter=7.4 bbox=(1111,428,3,3)
[MASK M2466] area=0.5 perimeter=3.4 bbox=(703,428,2,2)
[MASK M2467] area=0.0 perimeter=2.0 bbox=(181,428,1,2)
[MASK M2468] area=3.0 perimeter=8.8 bbox=(143,428,3,4)
[MASK M2469] area=0.5 perimeter=3.4 bbox=(1195,426,2,2)
[MASK M2470] area=1.0 perimeter=4.8 bbox=(557,426,2,3)
[MASK M2471] area=0.0 perimeter=0.0 bbox=(362,426,1,1)
[MASK M2472] area=2.0 perimeter=6.8 bbox=(357,426,2,4)
[MASK M2473] area=0.0 perimeter=0.0 bbox=(335,426,1,1)
[MASK M2474] area=2.5 perimeter=6.2 bbox=(1139,425,3,3)
[MASK M2475] area=3.5 perimeter=8.2 bbox=(710,425,3,4)
[MASK M2476] area=1.0 perimeter=4.8 bbox=(339,425,2,3)
[MASK M2477] area=7.5 perimeter=13.1 bbox=(1020,424,5,5)
[MASK M2478] area=0.0 perimeter=4.0 bbox=(1211,423,1,3)
[MASK M2479] area=0.5 perimeter=5.4 bbox=(1098,423,3,2)
[MASK M2480] area=22.0 perimeter=28.1 bbox=(984,423,6,12)
[MASK M2481] area=15.5 perimeter=21.9 bbox=(3,423,6,9)
[MASK M2482] area=0.0 perimeter=0.0 bbox=(1015,422,1,1)
[MASK M2483] area=0.5 perimeter=3.4 bbox=(609,422,2,2)
[MASK M2484] area=19.5 perimeter=19.9 bbox=(591,422,7,7)
[MASK M2485] area=3.0 perimeter=9.7 bbox=(342,422,3,5)
[MASK M2486] area=0.0 perimeter=0.0 bbox=(1213,421,1,1)
[MASK M2487] area=0.0 perimeter=2.0 bbox=(986,421,2,1)
[MASK M2488] area=0.0 perimeter=2.0 bbox=(413,421,1,2)
[MASK M2489] area=0.0 perimeter=2.8 bbox=(913,420,2,2)
[MASK M2490] area=0.0 perimeter=0.0 bbox=(1229,419,1,1)
[MASK M2491] area=0.0 perimeter=2.0 bbox=(901,419,2,1)
[MASK M2492] area=0.5 perimeter=3.4 bbox=(1190,418,2,2)
[MASK M2493] area=0.0 perimeter=4.0 bbox=(649,416,1,3)
[MASK M2494] area=67.0 perimeter=36.6 bbox=(626,416,11,14)
[MASK M2495] area=0.0 perimeter=0.0 bbox=(596,416,1,1)
[MASK M2496] area=0.0 perimeter=0.0 bbox=(443,416,1,1)
[MASK M2497] area=1.0 perimeter=6.8 bbox=(6,416,2,4)
[MASK M2498] area=169.5 perimeter=74.5 bbox=(426,415,12,30)
[MASK M2499] area=0.5 perimeter=3.4 bbox=(381,415,2,2)
[MASK M2500] area=6.5 perimeter=15.4 bbox=(361,415,2,8)
[MASK M2501] area=1.0 perimeter=4.8 bbox=(1213,414,3,2)
[MASK M2502] area=0.0 perimeter=2.0 bbox=(738,414,1,2)
[MASK M2503] area=8.5 perimeter=15.9 bbox=(322,414,4,6)
[MASK M2504] area=3.5 perimeter=10.2 bbox=(300,414,3,4)
[MASK M2505] area=0.0 perimeter=2.0 bbox=(596,413,1,2)
[MASK M2506] area=0.0 perimeter=0.0 bbox=(1237,412,1,1)
[MASK M2507] area=0.0 perimeter=0.0 bbox=(1002,411,1,1)
[MASK M2508] area=0.0 perimeter=0.0 bbox=(819,411,1,1)
[MASK M2509] area=1.5 perimeter=5.4 bbox=(587,410,2,3)
[MASK M2510] area=0.0 perimeter=2.0 bbox=(1145,409,2,1)
[MASK M2511] area=0.0 perimeter=0.0 bbox=(878,409,1,1)
[MASK M2512] area=0.0 perimeter=0.0 bbox=(810,409,1,1)
[MASK M2513] area=0.5 perimeter=3.4 bbox=(596,409,2,2)
[MASK M2514] area=12.0 perimeter=14.5 bbox=(1165,408,5,6)
[MASK M2515] area=0.5 perimeter=6.2 bbox=(1240,407,3,3)
[MASK M2516] area=0.0 perimeter=0.0 bbox=(1098,407,1,1)
[MASK M2517] area=0.0 perimeter=2.0 bbox=(873,407,1,2)
[MASK M2518] area=0.5 perimeter=3.4 bbox=(868,407,2,2)
[MASK M2519] area=1.0 perimeter=6.8 bbox=(836,407,2,4)
[MASK M2520] area=0.0 perimeter=0.0 bbox=(744,407,1,1)
[MASK M2521] area=1.5 perimeter=5.4 bbox=(287,407,2,3)
[MASK M2522] area=2.0 perimeter=6.0 bbox=(43,407,2,3)
[MASK M2523] area=7.5 perimeter=17.1 bbox=(1207,406,5,7)
[MASK M2524] area=1.0 perimeter=4.8 bbox=(1151,406,3,2)
[MASK M2525] area=6.0 perimeter=11.7 bbox=(602,406,3,5)
[MASK M2526] area=0.5 perimeter=8.2 bbox=(995,405,4,2)
[MASK M2527] area=0.0 perimeter=0.0 bbox=(1253,404,1,1)
[MASK M2528] area=0.0 perimeter=0.0 bbox=(1211,404,1,1)
[MASK M2529] area=2.5 perimeter=6.2 bbox=(1155,404,3,3)
[MASK M2530] area=0.0 perimeter=2.0 bbox=(1134,404,2,1)
[MASK M2531] area=0.0 perimeter=0.0 bbox=(1125,404,1,1)
[MASK M2532] area=0.0 perimeter=0.0 bbox=(818,404,1,1)
[MASK M2533] area=5.0 perimeter=8.8 bbox=(648,403,3,4)
[MASK M2534] area=1.0 perimeter=4.8 bbox=(643,403,2,3)
[MASK M2535] area=0.0 perimeter=0.0 bbox=(298,403,1,1)
[MASK M2536] area=17.5 perimeter=23.9 bbox=(1185,402,10,6)
[MASK M2537] area=0.0 perimeter=0.0 bbox=(1158,402,1,1)
[MASK M2538] area=0.0 perimeter=2.0 bbox=(1096,402,2,1)
[MASK M2539] area=0.0 perimeter=4.8 bbox=(1225,401,3,2)
[MASK M2540] area=48.5 perimeter=36.4 bbox=(0,401,13,10)
[MASK M2541] area=0.0 perimeter=0.0 bbox=(1159,400,1,1)
[MASK M2542] area=0.0 perimeter=0.0 bbox=(831,400,1,1)
[MASK M2543] area=0.0 perimeter=0.0 bbox=(667,400,1,1)
[MASK M2544] area=0.0 perimeter=0.0 bbox=(103,400,1,1)
[MASK M2545] area=0.0 perimeter=2.0 bbox=(1211,399,1,2)
[MASK M2546] area=0.5 perimeter=5.4 bbox=(1102,399,2,3)
[MASK M2547] area=0.0 perimeter=0.0 bbox=(1053,398,1,1)
[MASK M2548] area=5.0 perimeter=18.5 bbox=(340,398,4,9)
[MASK M2549] area=0.0 perimeter=0.0 bbox=(59,398,1,1)
[MASK M2550] area=12.5 perimeter=15.9 bbox=(1172,397,7,4)
[MASK M2551] area=0.5 perimeter=3.4 bbox=(421,397,2,2)
[MASK M2552] area=3.0 perimeter=6.8 bbox=(297,396,3,3)
[MASK M2553] area=0.0 perimeter=2.0 bbox=(1054,395,1,2)
[MASK M2554] area=0.0 perimeter=2.0 bbox=(859,395,2,1)
[MASK M2555] area=0.0 perimeter=0.0 bbox=(367,395,1,1)
[MASK M2556] area=53.5 perimeter=39.2 bbox=(595,394,11,14)
[MASK M2557] area=1.5 perimeter=5.4 bbox=(837,392,3,2)
[MASK M2558] area=0.5 perimeter=3.4 bbox=(831,392,2,2)
[MASK M2559] area=15.5 perimeter=19.9 bbox=(589,392,6,8)
[MASK M2560] area=2.0 perimeter=6.8 bbox=(1245,391,3,3)
[MASK M2561] area=0.0 perimeter=0.0 bbox=(1225,391,1,1)
[MASK M2562] area=0.0 perimeter=0.0 bbox=(1150,391,1,1)
[MASK M2563] area=0.0 perimeter=0.0 bbox=(822,391,1,1)
[MASK M2564] area=1.0 perimeter=4.0 bbox=(598,391,2,2)
[MASK M2565] area=1.5 perimeter=5.4 bbox=(1132,390,3,2)
[MASK M2566] area=0.0 perimeter=0.0 bbox=(961,390,1,1)
[MASK M2567] area=0.0 perimeter=2.0 bbox=(770,390,2,1)
[MASK M2568] area=5.0 perimeter=9.7 bbox=(506,390,4,4)
[MASK M2569] area=0.0 perimeter=0.0 bbox=(1249,389,1,1)
[MASK M2570] area=1.5 perimeter=5.4 bbox=(1191,389,2,3)
[MASK M2571] area=1.0 perimeter=6.8 bbox=(619,389,4,2)
[MASK M2572] area=13.5 perimeter=19.1 bbox=(326,389,5,8)
[MASK M2573] area=0.0 perimeter=0.0 bbox=(1118,387,1,1)
[MASK M2574] area=1.5 perimeter=7.4 bbox=(1072,387,4,2)
[MASK M2575] area=0.0 perimeter=0.0 bbox=(1092,386,1,1)
[MASK M2576] area=0.0 perimeter=0.0 bbox=(1084,386,1,1)
[MASK M2577] area=158.0 perimeter=81.8 bbox=(350,386,8,36)
[MASK M2578] area=0.5 perimeter=5.4 bbox=(1137,385,2,3)
[MASK M2579] area=0.0 perimeter=0.0 bbox=(41,385,1,1)
[MASK M2580] area=5.5 perimeter=11.1 bbox=(620,384,5,4)
[MASK M2581] area=45.0 perimeter=35.0 bbox=(399,384,7,14)
[MASK M2582] area=1.5 perimeter=5.4 bbox=(1104,383,3,2)
[MASK M2583] area=3.0 perimeter=10.8 bbox=(324,383,2,6)
[MASK M2584] area=0.5 perimeter=3.4 bbox=(293,383,2,2)
[MASK M2585] area=0.0 perimeter=0.0 bbox=(38,383,1,1)
[MASK M2586] area=6.5 perimeter=13.1 bbox=(1207,382,4,6)
[MASK M2587] area=0.0 perimeter=0.0 bbox=(172,381,1,1)
[MASK M2588] area=3.5 perimeter=8.2 bbox=(168,381,4,3)
[MASK M2589] area=1.0 perimeter=11.7 bbox=(1231,380,4,5)
[MASK M2590] area=0.0 perimeter=0.0 bbox=(902,380,1,1)
[MASK M2591] area=3.0 perimeter=6.8 bbox=(0,380,3,3)
[MASK M2592] area=0.0 perimeter=0.0 bbox=(1013,379,1,1)
[MASK M2593] area=0.0 perimeter=2.0 bbox=(664,379,1,2)
[MASK M2594] area=4.0 perimeter=10.0 bbox=(318,379,2,5)
[MASK M2595] area=1.5 perimeter=5.4 bbox=(868,378,3,2)
[MASK M2596] area=0.0 perimeter=2.0 bbox=(1190,377,1,2)
[MASK M2597] area=40.0 perimeter=29.3 bbox=(337,377,6,11)
[MASK M2598] area=0.5 perimeter=3.4 bbox=(1253,376,2,2)
[MASK M2599] area=0.5 perimeter=3.4 bbox=(1238,376,2,2)
[MASK M2600] area=2.5 perimeter=8.2 bbox=(1086,376,4,3)
[MASK M2601] area=1.0 perimeter=4.8 bbox=(746,376,2,3)
[MASK M2602] area=0.0 perimeter=0.0 bbox=(444,376,1,1)
[MASK M2603] area=0.0 perimeter=0.0 bbox=(317,376,1,1)
[MASK M2604] area=0.0 perimeter=2.0 bbox=(1225,375,1,2)
[MASK M2605] area=0.0 perimeter=4.0 bbox=(1094,375,3,1)
[MASK M2606] area=0.0 perimeter=2.0 bbox=(1259,374,1,2)
[MASK M2607] area=0.0 perimeter=0.0 bbox=(988,374,1,1)
[MASK M2608] area=0.0 perimeter=0.0 bbox=(446,374,1,1)
[MASK M2609] area=0.0 perimeter=0.0 bbox=(444,374,1,1)
[MASK M2610] area=0.0 perimeter=2.0 bbox=(1133,373,2,1)
[MASK M2611] area=12.5 perimeter=22.7 bbox=(921,373,9,6)
[MASK M2612] area=8.5 perimeter=16.2 bbox=(355,373,3,8)
[MASK M2613] area=4.0 perimeter=8.8 bbox=(330,373,3,4)
[MASK M2614] area=0.5 perimeter=3.4 bbox=(1238,372,2,2)
[MASK M2615] area=0.0 perimeter=2.0 bbox=(614,372,2,1)
[MASK M2616] area=1.5 perimeter=5.4 bbox=(312,372,2,3)
[MASK M2617] area=0.0 perimeter=0.0 bbox=(950,371,1,1)
[MASK M2618] area=0.0 perimeter=0.0 bbox=(331,371,1,1)
[MASK M2619] area=1.5 perimeter=5.4 bbox=(1038,370,3,2)
[MASK M2620] area=0.0 perimeter=2.0 bbox=(1237,369,2,1)
[MASK M2621] area=13.0 perimeter=31.0 bbox=(1170,369,8,11)
[MASK M2622] area=4.0 perimeter=10.8 bbox=(1252,368,2,6)
[MASK M2623] area=14.0 perimeter=19.3 bbox=(544,368,5,9)
[MASK M2624] area=0.0 perimeter=0.0 bbox=(1036,367,1,1)
[MASK M2625] area=0.0 perimeter=0.0 bbox=(316,366,1,1)
[MASK M2626] area=0.5 perimeter=3.4 bbox=(217,366,2,2)
[MASK M2627] area=0.0 perimeter=0.0 bbox=(1240,365,1,1)
[MASK M2628] area=1.5 perimeter=5.4 bbox=(1156,364,2,3)
[MASK M2629] area=6.0 perimeter=9.7 bbox=(331,364,4,4)
[MASK M2630] area=0.0 perimeter=0.0 bbox=(1095,362,1,1)
[MASK M2631] area=0.0 perimeter=2.0 bbox=(1029,362,2,1)
[MASK M2632] area=16.0 perimeter=29.7 bbox=(343,362,3,15)
[MASK M2633] area=3.0 perimeter=7.7 bbox=(1256,361,3,4)
[MASK M2634] area=2.5 perimeter=6.2 bbox=(1231,361,3,3)
[MASK M2635] area=0.0 perimeter=0.0 bbox=(1175,361,1,1)
[MASK M2636] area=3.5 perimeter=13.4 bbox=(1253,360,2,7)
[MASK M2637] area=133.5 perimeter=69.4 bbox=(637,360,10,28)
[MASK M2638] area=0.0 perimeter=0.0 bbox=(371,360,1,1)
[MASK M2639] area=6.5 perimeter=19.1 bbox=(355,360,4,8)
[MASK M2640] area=0.0 perimeter=2.0 bbox=(459,359,2,1)
[MASK M2641] area=1.5 perimeter=5.4 bbox=(34,358,2,3)
[MASK M2642] area=6.5 perimeter=13.1 bbox=(1134,357,4,6)
[MASK M2643] area=0.0 perimeter=4.8 bbox=(637,357,2,3)
[MASK M2644] area=0.0 perimeter=2.0 bbox=(371,356,2,1)
[MASK M2645] area=2.5 perimeter=7.4 bbox=(332,356,2,4)
[MASK M2646] area=4.5 perimeter=10.2 bbox=(1257,355,3,5)
[MASK M2647] area=0.0 perimeter=0.0 bbox=(1190,355,1,1)
[MASK M2648] area=1.5 perimeter=5.4 bbox=(1048,355,2,3)
[MASK M2649] area=0.0 perimeter=0.0 bbox=(959,355,1,1)
[MASK M2650] area=0.5 perimeter=3.4 bbox=(292,355,2,2)
[MASK M2651] area=0.0 perimeter=0.0 bbox=(4,355,1,1)
[MASK M2652] area=0.0 perimeter=0.0 bbox=(1201,353,1,1)
[MASK M2653] area=0.0 perimeter=0.0 bbox=(1156,353,1,1)
[MASK M2654] area=0.0 perimeter=2.0 bbox=(1055,353,2,1)
[MASK M2655] area=0.0 perimeter=0.0 bbox=(960,353,1,1)
[MASK M2656] area=23.0 perimeter=32.1 bbox=(1207,352,5,15)
[MASK M2657] area=1.5 perimeter=5.4 bbox=(678,352,2,3)
[MASK M2658] area=16.5 perimeter=19.1 bbox=(581,351,6,7)
[MASK M2659] area=30.5 perimeter=36.4 bbox=(313,351,7,13)
[MASK M2660] area=0.0 perimeter=2.0 bbox=(859,350,2,1)
[MASK M2661] area=4.0 perimeter=11.7 bbox=(330,350,3,5)
[MASK M2662] area=0.5 perimeter=3.4 bbox=(36,350,2,2)
[MASK M2663] area=5.5 perimeter=12.2 bbox=(1233,349,4,5)
[MASK M2664] area=2.0 perimeter=6.8 bbox=(1173,349,3,3)
[MASK M2665] area=1.5 perimeter=8.2 bbox=(820,349,3,4)
[MASK M2666] area=6.5 perimeter=14.2 bbox=(370,349,4,6)
[MASK M2667] area=0.0 perimeter=2.0 bbox=(362,349,1,2)
[MASK M2668] area=6.0 perimeter=12.5 bbox=(321,349,5,4)
[MASK M2669] area=19.0 perimeter=19.3 bbox=(1132,348,6,7)
[MASK M2670] area=0.0 perimeter=0.0 bbox=(870,348,1,1)
[MASK M2671] area=0.0 perimeter=2.0 bbox=(708,348,1,2)
[MASK M2672] area=16.5 perimeter=19.9 bbox=(390,348,7,7)
[MASK M2673] area=0.0 perimeter=2.0 bbox=(928,346,2,1)
[MASK M2674] area=0.5 perimeter=3.4 bbox=(702,345,2,2)
[MASK M2675] area=21.0 perimeter=21.7 bbox=(458,345,9,5)
[MASK M2676] area=0.5 perimeter=3.4 bbox=(374,345,2,2)
[MASK M2677] area=2.0 perimeter=6.0 bbox=(299,344,2,3)
[MASK M2678] area=0.0 perimeter=2.0 bbox=(1246,343,2,1)
[MASK M2679] area=2.5 perimeter=6.2 bbox=(1188,343,3,3)
[MASK M2680] area=0.0 perimeter=0.0 bbox=(467,343,1,1)
[MASK M2681] area=0.5 perimeter=3.4 bbox=(316,343,2,2)
[MASK M2682] area=1.5 perimeter=10.2 bbox=(921,342,4,4)
[MASK M2683] area=0.0 perimeter=0.0 bbox=(295,342,1,1)
[MASK M2684] area=2.5 perimeter=7.4 bbox=(1173,341,2,4)
[MASK M2685] area=0.0 perimeter=0.0 bbox=(55,341,1,1)
[MASK M2686] area=0.0 perimeter=2.0 bbox=(734,339,1,2)
[MASK M2687] area=6.5 perimeter=10.2 bbox=(1153,337,5,3)
[MASK M2688] area=1.0 perimeter=6.8 bbox=(924,337,4,2)
[MASK M2689] area=0.0 perimeter=0.0 bbox=(592,337,1,1)
[MASK M2690] area=3.0 perimeter=8.8 bbox=(362,337,2,5)
[MASK M2691] area=0.0 perimeter=2.0 bbox=(303,337,1,2)
[MASK M2692] area=50.0 perimeter=31.0 bbox=(640,336,11,10)
[MASK M2693] area=0.0 perimeter=2.8 bbox=(1054,335,2,2)
[MASK M2694] area=0.0 perimeter=0.0 bbox=(936,335,1,1)
[MASK M2695] area=121.5 perimeter=62.9 bbox=(346,335,15,21)
[MASK M2696] area=6.0 perimeter=9.7 bbox=(640,334,4,4)
[MASK M2697] area=15.0 perimeter=20.8 bbox=(1208,333,3,10)
[MASK M2698] area=5.0 perimeter=14.8 bbox=(327,332,3,7)
[MASK M2699] area=2.5 perimeter=7.4 bbox=(896,331,3,3)
[MASK M2700] area=0.0 perimeter=0.0 bbox=(1189,330,1,1)
[MASK M2701] area=16.5 perimeter=30.7 bbox=(1135,330,7,11)
[MASK M2702] area=30.0 perimeter=24.1 bbox=(605,330,8,9)
[MASK M2703] area=1.0 perimeter=10.8 bbox=(1173,328,2,6)
[MASK M2704] area=0.5 perimeter=3.4 bbox=(1210,327,2,2)
[MASK M2705] area=0.0 perimeter=2.0 bbox=(400,327,1,2)
[MASK M2706] area=0.0 perimeter=0.0 bbox=(291,327,1,1)
[MASK M2707] area=0.0 perimeter=6.8 bbox=(36,326,2,4)
[MASK M2708] area=3.0 perimeter=8.8 bbox=(342,325,4,3)
[MASK M2709] area=2.0 perimeter=6.8 bbox=(629,324,3,3)
[MASK M2710] area=0.0 perimeter=2.0 bbox=(837,323,1,2)
[MASK M2711] area=0.0 perimeter=0.0 bbox=(694,323,1,1)
[MASK M2712] area=21.0 perimeter=22.5 bbox=(438,320,6,9)
[MASK M2713] area=2.0 perimeter=6.8 bbox=(348,320,3,3)
[MASK M2714] area=6.0 perimeter=9.7 bbox=(632,319,4,4)
[MASK M2715] area=3.0 perimeter=8.8 bbox=(1187,317,3,4)
[MASK M2716] area=0.0 perimeter=0.0 bbox=(1152,317,1,1)
[MASK M2717] area=0.0 perimeter=0.0 bbox=(713,317,1,1)
[MASK M2718] area=1.5 perimeter=5.4 bbox=(318,317,2,3)
[MASK M2719] area=0.5 perimeter=3.4 bbox=(373,316,2,2)
[MASK M2720] area=15.0 perimeter=33.7 bbox=(325,316,4,15)
[MASK M2721] area=0.0 perimeter=0.0 bbox=(47,316,1,1)
[MASK M2722] area=6.0 perimeter=10.8 bbox=(1172,315,3,5)
[MASK M2723] area=0.0 perimeter=0.0 bbox=(293,315,1,1)
[MASK M2724] area=11.5 perimeter=16.2 bbox=(1135,314,3,8)
[MASK M2725] area=16.5 perimeter=21.9 bbox=(1207,313,4,10)
[MASK M2726] area=0.0 perimeter=2.0 bbox=(923,313,2,1)
[MASK M2727] area=45.5 perimeter=29.6 bbox=(413,312,8,12)
[MASK M2728] area=9.0 perimeter=20.5 bbox=(1246,310,4,10)
[MASK M2729] area=2.5 perimeter=8.2 bbox=(844,309,4,3)
[MASK M2730] area=0.0 perimeter=0.0 bbox=(807,309,1,1)
[MASK M2731] area=0.0 perimeter=0.0 bbox=(684,309,1,1)
[MASK M2732] area=1.5 perimeter=6.2 bbox=(648,307,3,3)
[MASK M2733] area=0.0 perimeter=0.0 bbox=(441,307,1,1)
[MASK M2734] area=0.5 perimeter=8.2 bbox=(1135,306,3,4)
[MASK M2735] area=61.0 perimeter=44.6 bbox=(656,305,10,16)
[MASK M2736] area=0.0 perimeter=2.0 bbox=(316,305,1,2)
[MASK M2737] area=4.0 perimeter=11.7 bbox=(418,303,6,3)
[MASK M2738] area=10.5 perimeter=13.1 bbox=(397,303,5,5)
[MASK M2739] area=37.5 perimeter=30.4 bbox=(342,303,7,12)
[MASK M2740] area=0.0 perimeter=0.0 bbox=(1135,302,1,1)
[MASK M2741] area=6.0 perimeter=11.7 bbox=(1107,302,5,4)
[MASK M2742] area=0.0 perimeter=2.0 bbox=(1075,302,2,1)
[MASK M2743] area=3.0 perimeter=7.7 bbox=(918,302,3,4)
[MASK M2744] area=4.5 perimeter=8.2 bbox=(325,302,3,4)
[MASK M2745] area=0.0 perimeter=0.0 bbox=(292,302,1,1)
[MASK M2746] area=8.0 perimeter=11.7 bbox=(1248,300,4,5)
[MASK M2747] area=0.0 perimeter=2.0 bbox=(654,299,2,1)
[MASK M2748] area=0.0 perimeter=0.0 bbox=(314,298,1,1)
[MASK M2749] area=1.5 perimeter=10.2 bbox=(356,297,3,5)
[MASK M2750] area=0.0 perimeter=2.0 bbox=(1136,296,1,2)
[MASK M2751] area=0.0 perimeter=0.0 bbox=(372,296,1,1)
[MASK M2752] area=0.5 perimeter=3.4 bbox=(324,296,2,2)
[MASK M2753] area=0.0 perimeter=4.0 bbox=(1251,295,1,3)
[MASK M2754] area=0.0 perimeter=0.0 bbox=(921,294,1,1)
[MASK M2755] area=0.0 perimeter=4.8 bbox=(411,294,3,2)
[MASK M2756] area=0.0 perimeter=0.0 bbox=(313,293,1,1)
[MASK M2757] area=1.5 perimeter=7.4 bbox=(296,292,2,4)
[MASK M2758] area=1.5 perimeter=5.4 bbox=(292,292,2,3)
[MASK M2759] area=2.5 perimeter=6.2 bbox=(315,291,3,3)
[MASK M2760] area=116.5 perimeter=138.0 bbox=(1253,290,7,63)
[MASK M2761] area=0.0 perimeter=0.0 bbox=(1196,290,1,1)
[MASK M2762] area=0.0 perimeter=0.0 bbox=(600,290,1,1)
[MASK M2763] area=0.0 perimeter=2.0 bbox=(309,290,1,2)
[MASK M2764] area=0.0 perimeter=0.0 bbox=(51,290,1,1)
[MASK M2765] area=0.0 perimeter=0.0 bbox=(308,288,1,1)
[MASK M2766] area=5.0 perimeter=9.7 bbox=(656,287,5,3)
[MASK M2767] area=16.0 perimeter=19.3 bbox=(412,287,7,7)
[MASK M2768] area=1.0 perimeter=4.8 bbox=(669,286,2,3)
[MASK M2769] area=0.5 perimeter=5.4 bbox=(377,286,2,3)
[MASK M2770] area=4.0 perimeter=12.5 bbox=(1251,285,3,6)
[MASK M2771] area=12.5 perimeter=17.9 bbox=(323,285,5,8)
[MASK M2772] area=3.5 perimeter=12.2 bbox=(312,285,3,6)
[MASK M2773] area=2.0 perimeter=6.8 bbox=(295,285,3,3)
[MASK M2774] area=0.0 perimeter=0.0 bbox=(778,284,1,1)
[MASK M2775] area=0.0 perimeter=0.0 bbox=(407,283,1,1)
[MASK M2776] area=0.0 perimeter=0.0 bbox=(311,283,1,1)
[MASK M2777] area=27.0 perimeter=22.5 bbox=(634,282,7,8)
[MASK M2778] area=0.0 perimeter=0.0 bbox=(450,282,1,1)
[MASK M2779] area=0.0 perimeter=2.0 bbox=(1136,281,2,1)
[MASK M2780] area=0.0 perimeter=2.0 bbox=(946,281,1,2)
[MASK M2781] area=2.5 perimeter=7.4 bbox=(921,281,4,2)
[MASK M2782] area=0.5 perimeter=8.2 bbox=(328,281,4,2)
[MASK M2783] area=20.5 perimeter=21.9 bbox=(381,280,7,8)
[MASK M2784] area=0.5 perimeter=3.4 bbox=(297,280,2,2)
[MASK M2785] area=0.0 perimeter=4.8 bbox=(1238,279,3,2)
[MASK M2786] area=109.5 perimeter=50.4 bbox=(341,278,8,22)
[MASK M2787] area=0.5 perimeter=3.4 bbox=(719,277,2,2)
[MASK M2788] area=6.5 perimeter=12.2 bbox=(326,276,5,4)
[MASK M2789] area=1.0 perimeter=13.7 bbox=(307,276,3,7)
[MASK M2790] area=0.0 perimeter=0.0 bbox=(393,275,1,1)
[MASK M2791] area=1.0 perimeter=4.8 bbox=(334,274,2,3)
[MASK M2792] area=0.5 perimeter=12.2 bbox=(1251,273,3,6)
[MASK M2793] area=0.0 perimeter=0.0 bbox=(672,273,1,1)
[MASK M2794] area=0.0 perimeter=4.0 bbox=(655,273,3,1)
[MASK M2795] area=0.5 perimeter=3.4 bbox=(632,273,2,2)
[MASK M2796] area=41.0 perimeter=73.8 bbox=(1208,270,4,35)
[MASK M2797] area=0.0 perimeter=2.0 bbox=(349,270,2,1)
[MASK M2798] area=39.0 perimeter=33.8 bbox=(451,269,11,10)
[MASK M2799] area=2.0 perimeter=6.8 bbox=(319,269,3,3)
[MASK M2800] area=0.0 perimeter=0.0 bbox=(1242,268,1,1)
[MASK M2801] area=7.0 perimeter=10.8 bbox=(400,268,3,5)
[MASK M2802] area=1.0 perimeter=4.0 bbox=(323,268,2,2)
[MASK M2803] area=7.0 perimeter=16.5 bbox=(312,268,5,6)
[MASK M2804] area=0.0 perimeter=0.0 bbox=(63,268,1,1)
[MASK M2805] area=0.0 perimeter=0.0 bbox=(624,267,1,1)
[MASK M2806] area=0.0 perimeter=0.0 bbox=(1151,266,1,1)
[MASK M2807] area=0.0 perimeter=2.0 bbox=(941,266,2,1)
[MASK M2808] area=0.0 perimeter=2.0 bbox=(687,266,1,2)
[MASK M2809] area=0.0 perimeter=0.0 bbox=(350,266,1,1)
[MASK M2810] area=7.0 perimeter=16.8 bbox=(391,264,3,8)
[MASK M2811] area=0.0 perimeter=0.0 bbox=(332,264,1,1)
[MASK M2812] area=4.5 perimeter=8.2 bbox=(323,264,4,3)
[MASK M2813] area=0.0 perimeter=2.0 bbox=(83,263,2,1)
[MASK M2814] area=0.0 perimeter=2.0 bbox=(1157,261,1,2)
[MASK M2815] area=3.0 perimeter=8.8 bbox=(916,261,4,3)
[MASK M2816] area=11.5 perimeter=21.9 bbox=(1251,260,4,10)
[MASK M2817] area=0.0 perimeter=0.0 bbox=(926,260,1,1)
[MASK M2818] area=0.0 perimeter=2.0 bbox=(364,260,1,2)
[MASK M2819] area=0.0 perimeter=0.0 bbox=(1119,259,1,1)
[MASK M2820] area=0.5 perimeter=3.4 bbox=(366,259,2,2)
[MASK M2821] area=53.0 perimeter=29.8 bbox=(644,258,11,10)
[MASK M2822] area=14.0 perimeter=16.5 bbox=(437,258,6,6)
[MASK M2823] area=27.5 perimeter=27.6 bbox=(1133,257,7,11)
[MASK M2824] area=21.0 perimeter=23.3 bbox=(306,256,5,10)
[MASK M2825] area=0.0 perimeter=2.0 bbox=(725,253,2,1)
[MASK M2826] area=0.0 perimeter=0.0 bbox=(502,253,1,1)
[MASK M2827] area=0.5 perimeter=3.4 bbox=(438,253,2,2)
[MASK M2828] area=0.0 perimeter=2.0 bbox=(941,252,2,1)
[MASK M2829] area=0.0 perimeter=0.0 bbox=(700,252,1,1)
[MASK M2830] area=1.5 perimeter=5.4 bbox=(370,252,2,3)
[MASK M2831] area=3.5 perimeter=12.2 bbox=(328,251,3,6)
[MASK M2832] area=0.0 perimeter=0.0 bbox=(459,249,1,1)
[MASK M2833] area=3.0 perimeter=8.8 bbox=(304,249,3,4)
[MASK M2834] area=0.0 perimeter=2.0 bbox=(782,248,1,2)
[MASK M2835] area=93.0 perimeter=45.5 bbox=(569,247,14,12)
[MASK M2836] area=0.0 perimeter=0.0 bbox=(629,246,1,1)
[MASK M2837] area=1.5 perimeter=5.4 bbox=(309,246,2,3)
[MASK M2838] area=0.0 perimeter=0.0 bbox=(1254,245,1,1)
[MASK M2839] area=2.0 perimeter=6.8 bbox=(1244,244,2,4)
[MASK M2840] area=39.5 perimeter=28.7 bbox=(596,244,9,10)
[MASK M2841] area=1.0 perimeter=4.0 bbox=(1027,243,2,2)
[MASK M2842] area=0.0 perimeter=2.0 bbox=(1019,243,1,2)
[MASK M2843] area=0.0 perimeter=0.0 bbox=(624,243,1,1)
[MASK M2844] area=0.0 perimeter=2.8 bbox=(323,243,2,2)
[MASK M2845] area=1.0 perimeter=4.8 bbox=(1135,242,2,3)
[MASK M2846] area=30.5 perimeter=50.4 bbox=(1206,241,5,23)
[MASK M2847] area=0.0 perimeter=4.0 bbox=(913,241,1,3)
[MASK M2848] area=6.5 perimeter=11.4 bbox=(450,241,3,5)
[MASK M2849] area=76.5 perimeter=56.0 bbox=(357,241,12,17)
[MASK M2850] area=0.0 perimeter=0.0 bbox=(359,241,1,1)
[MASK M2851] area=26.5 perimeter=24.7 bbox=(337,240,7,10)
[MASK M2852] area=0.0 perimeter=2.8 bbox=(1252,239,2,2)
[MASK M2853] area=6.5 perimeter=10.2 bbox=(454,239,4,4)
[MASK M2854] area=3.0 perimeter=6.8 bbox=(324,239,3,3)
[MASK M2855] area=3.5 perimeter=10.2 bbox=(1134,235,3,5)
[MASK M2856] area=0.0 perimeter=0.0 bbox=(0,235,1,1)
[MASK M2857] area=0.0 perimeter=0.0 bbox=(291,231,1,1)
[MASK M2858] area=1.5 perimeter=5.4 bbox=(1255,228,2,3)
[MASK M2859] area=0.0 perimeter=0.0 bbox=(1240,227,1,1)
[MASK M2860] area=3.0 perimeter=8.8 bbox=(340,227,3,4)
[MASK M2861] area=5.5 perimeter=12.2 bbox=(1134,225,3,6)
[MASK M2862] area=23.5 perimeter=30.7 bbox=(383,224,10,9)
[MASK M2863] area=0.0 perimeter=0.0 bbox=(1138,223,1,1)
[MASK M2864] area=0.0 perimeter=2.0 bbox=(892,223,2,1)
[MASK M2865] area=0.0 perimeter=0.0 bbox=(485,223,1,1)
[MASK M2866] area=0.0 perimeter=2.0 bbox=(285,223,2,1)
[MASK M2867] area=2.5 perimeter=6.2 bbox=(686,222,3,3)
[MASK M2868] area=0.0 perimeter=0.0 bbox=(312,222,1,1)
[MASK M2869] area=2.5 perimeter=12.2 bbox=(339,220,3,6)
[MASK M2870] area=0.0 perimeter=2.0 bbox=(70,220,2,1)
[MASK M2871] area=3.0 perimeter=8.8 bbox=(1010,219,4,3)
[MASK M2872] area=0.0 perimeter=2.0 bbox=(772,219,2,1)
[MASK M2873] area=0.5 perimeter=3.4 bbox=(684,219,2,2)
[MASK M2874] area=1.5 perimeter=5.4 bbox=(642,219,2,3)
[MASK M2875] area=0.0 perimeter=0.0 bbox=(567,219,1,1)
[MASK M2876] area=0.5 perimeter=3.4 bbox=(783,217,2,2)
[MASK M2877] area=1.5 perimeter=5.4 bbox=(796,216,2,3)
[MASK M2878] area=0.0 perimeter=2.0 bbox=(634,216,1,2)
[MASK M2879] area=34.5 perimeter=48.7 bbox=(1208,214,4,23)
[MASK M2880] area=6.0 perimeter=13.3 bbox=(447,213,4,5)
[MASK M2881] area=0.0 perimeter=0.0 bbox=(441,213,1,1)
[MASK M2882] area=0.0 perimeter=0.0 bbox=(313,213,1,1)
[MASK M2883] area=0.0 perimeter=2.0 bbox=(814,212,2,1)
[MASK M2884] area=4.0 perimeter=7.7 bbox=(316,212,4,3)
[MASK M2885] area=0.0 perimeter=2.0 bbox=(785,211,1,2)
[MASK M2886] area=0.0 perimeter=0.0 bbox=(768,211,1,1)
[MASK M2887] area=0.0 perimeter=0.0 bbox=(447,211,1,1)
[MASK M2888] area=15.0 perimeter=23.0 bbox=(567,210,8,8)
[MASK M2889] area=0.0 perimeter=0.0 bbox=(1253,209,1,1)
[MASK M2890] area=2.0 perimeter=6.8 bbox=(917,209,3,3)
[MASK M2891] area=0.0 perimeter=0.0 bbox=(765,209,1,1)
[MASK M2892] area=41.5 perimeter=31.6 bbox=(580,209,8,12)
[MASK M2893] area=2.5 perimeter=6.2 bbox=(339,205,3,3)
[MASK M2894] area=1.0 perimeter=4.8 bbox=(289,205,2,3)
[MASK M2895] area=0.0 perimeter=0.0 bbox=(287,204,1,1)
[MASK M2896] area=0.0 perimeter=4.0 bbox=(1136,203,1,3)
[MASK M2897] area=0.0 perimeter=2.0 bbox=(568,201,1,2)
[MASK M2898] area=0.0 perimeter=2.0 bbox=(1152,199,2,1)
[MASK M2899] area=3.0 perimeter=7.7 bbox=(303,199,4,3)
[MASK M2900] area=6.0 perimeter=10.8 bbox=(675,197,3,5)
[MASK M2901] area=53.5 perimeter=36.4 bbox=(347,197,11,12)
[MASK M2902] area=0.0 perimeter=0.0 bbox=(325,197,1,1)
[MASK M2903] area=0.0 perimeter=0.0 bbox=(63,197,1,1)
[MASK M2904] area=12.0 perimeter=17.7 bbox=(338,195,4,8)
[MASK M2905] area=3.5 perimeter=7.4 bbox=(678,194,3,3)
[MASK M2906] area=2.5 perimeter=10.2 bbox=(1134,193,3,5)
[MASK M2907] area=0.0 perimeter=2.0 bbox=(745,192,2,1)
[MASK M2908] area=1.0 perimeter=6.8 bbox=(913,191,4,2)
[MASK M2909] area=0.0 perimeter=0.0 bbox=(736,191,1,1)
[MASK M2910] area=3.0 perimeter=7.7 bbox=(304,191,3,4)
[MASK M2911] area=20.5 perimeter=40.4 bbox=(1207,190,5,17)
[MASK M2912] area=25.0 perimeter=23.3 bbox=(578,190,9,7)
[MASK M2913] area=0.0 perimeter=0.0 bbox=(288,190,1,1)
[MASK M2914] area=0.0 perimeter=0.0 bbox=(434,188,1,1)
[MASK M2915] area=0.0 perimeter=2.0 bbox=(400,188,2,1)
[MASK M2916] area=1.0 perimeter=4.0 bbox=(898,187,2,2)
[MASK M2917] area=0.0 perimeter=0.0 bbox=(302,187,1,1)
[MASK M2918] area=0.0 perimeter=2.0 bbox=(285,187,1,2)
[MASK M2919] area=0.0 perimeter=2.0 bbox=(1134,186,1,2)
[MASK M2920] area=1.0 perimeter=4.0 bbox=(1003,186,2,2)
[MASK M2921] area=0.5 perimeter=3.4 bbox=(679,186,2,2)
[MASK M2922] area=3.5 perimeter=11.4 bbox=(1258,184,2,6)
[MASK M2923] area=0.0 perimeter=0.0 bbox=(434,184,1,1)
[MASK M2924] area=4.5 perimeter=11.9 bbox=(655,183,5,4)
[MASK M2925] area=10.0 perimeter=20.1 bbox=(324,183,7,6)
[MASK M2926] area=0.0 perimeter=2.0 bbox=(1244,182,1,2)
[MASK M2927] area=1.5 perimeter=5.4 bbox=(1151,182,3,2)
[MASK M2928] area=0.0 perimeter=0.0 bbox=(661,181,1,1)
[MASK M2929] area=42.0 perimeter=49.5 bbox=(495,181,15,12)
[MASK M2930] area=1.0 perimeter=4.8 bbox=(43,181,2,3)
[MASK M2931] area=3.5 perimeter=8.2 bbox=(522,180,4,3)
[MASK M2932] area=2.0 perimeter=6.8 bbox=(282,180,3,3)
[MASK M2933] area=0.5 perimeter=3.4 bbox=(106,180,2,2)
[MASK M2934] area=1.0 perimeter=4.8 bbox=(1135,179,2,3)
[MASK M2935] area=0.0 perimeter=0.0 bbox=(47,179,1,1)
[MASK M2936] area=0.5 perimeter=3.4 bbox=(503,178,2,2)
[MASK M2937] area=4.5 perimeter=17.1 bbox=(337,177,4,8)
[MASK M2938] area=1.5 perimeter=5.4 bbox=(106,177,3,2)
[MASK M2939] area=18.0 perimeter=25.3 bbox=(1207,176,4,12)
[MASK M2940] area=57.5 perimeter=30.7 bbox=(345,176,10,10)
[MASK M2941] area=0.5 perimeter=3.4 bbox=(1258,175,2,2)
[MASK M2942] area=0.5 perimeter=3.4 bbox=(748,175,2,2)
[MASK M2943] area=0.5 perimeter=3.4 bbox=(283,175,2,2)
[MASK M2944] area=39.0 perimeter=31.0 bbox=(1139,172,13,8)
[MASK M2945] area=8.0 perimeter=23.3 bbox=(433,172,4,10)
[MASK M2946] area=0.0 perimeter=0.0 bbox=(362,171,1,1)
[MASK M2947] area=3.5 perimeter=8.2 bbox=(338,171,3,4)
[MASK M2948] area=0.0 perimeter=0.0 bbox=(1259,170,1,1)
[MASK M2949] area=4.5 perimeter=10.2 bbox=(916,170,4,4)
[MASK M2950] area=1.5 perimeter=5.4 bbox=(433,169,3,2)
[MASK M2951] area=0.0 perimeter=2.0 bbox=(423,169,2,1)
[MASK M2952] area=5.5 perimeter=10.2 bbox=(1208,168,3,5)
[MASK M2953] area=1.5 perimeter=5.4 bbox=(1082,167,3,2)
[MASK M2954] area=4.5 perimeter=8.2 bbox=(353,167,3,4)
[MASK M2955] area=27.0 perimeter=29.3 bbox=(307,167,8,11)
[MASK M2956] area=0.0 perimeter=0.0 bbox=(1210,166,1,1)
[MASK M2957] area=0.0 perimeter=0.0 bbox=(337,166,1,1)
[MASK M2958] area=0.0 perimeter=0.0 bbox=(281,166,1,1)
[MASK M2959] area=8.0 perimeter=16.5 bbox=(581,165,6,4)
[MASK M2960] area=0.0 perimeter=2.0 bbox=(310,165,2,1)
[MASK M2961] area=0.0 perimeter=4.8 bbox=(322,164,2,3)
[MASK M2962] area=7.0 perimeter=11.7 bbox=(313,164,5,4)
[MASK M2963] area=0.0 perimeter=2.0 bbox=(28,164,1,2)
[MASK M2964] area=30.0 perimeter=24.5 bbox=(658,163,8,8)
[MASK M2965] area=1.5 perimeter=5.4 bbox=(1208,162,2,3)
[MASK M2966] area=4.0 perimeter=8.8 bbox=(304,162,3,4)
[MASK M2967] area=0.0 perimeter=0.0 bbox=(67,162,1,1)
[MASK M2968] area=0.0 perimeter=2.0 bbox=(778,161,1,2)
[MASK M2969] area=0.0 perimeter=0.0 bbox=(367,161,1,1)
[MASK M2970] area=0.0 perimeter=0.0 bbox=(1055,160,1,1)
[MASK M2971] area=4.0 perimeter=12.5 bbox=(325,159,3,6)
[MASK M2972] area=5.0 perimeter=10.8 bbox=(314,159,4,4)
[MASK M2973] area=0.0 perimeter=0.0 bbox=(1208,158,1,1)
[MASK M2974] area=0.0 perimeter=0.0 bbox=(23,158,1,1)
[MASK M2975] area=0.0 perimeter=2.0 bbox=(324,156,2,1)
[MASK M2976] area=0.0 perimeter=0.0 bbox=(282,156,1,1)
[MASK M2977] area=0.0 perimeter=0.0 bbox=(418,155,1,1)
[MASK M2978] area=0.0 perimeter=0.0 bbox=(27,155,1,1)
[MASK M2979] area=0.5 perimeter=3.4 bbox=(422,154,2,2)
[MASK M2980] area=0.0 perimeter=2.0 bbox=(25,154,1,2)
[MASK M2981] area=1.0 perimeter=4.8 bbox=(228,153,2,3)
[MASK M2982] area=0.0 perimeter=0.0 bbox=(1255,152,1,1)
[MASK M2983] area=39.0 perimeter=43.8 bbox=(388,152,11,13)
[MASK M2984] area=0.5 perimeter=5.4 bbox=(308,152,2,3)
[MASK M2985] area=32.0 perimeter=23.3 bbox=(527,151,9,7)
[MASK M2986] area=0.0 perimeter=0.0 bbox=(729,150,1,1)
[MASK M2987] area=0.5 perimeter=3.4 bbox=(489,150,2,2)
[MASK M2988] area=0.5 perimeter=9.1 bbox=(323,149,4,4)
[MASK M2989] area=5.5 perimeter=10.2 bbox=(1207,148,4,4)
[MASK M2990] area=0.0 perimeter=0.0 bbox=(308,148,1,1)
[MASK M2991] area=0.0 perimeter=2.0 bbox=(283,148,1,2)
[MASK M2992] area=2.5 perimeter=6.2 bbox=(1134,147,3,3)
[MASK M2993] area=41.5 perimeter=44.0 bbox=(632,147,8,13)
[MASK M2994] area=11.5 perimeter=28.7 bbox=(579,147,6,10)
[MASK M2995] area=68.0 perimeter=73.0 bbox=(293,147,6,33)
[MASK M2996] area=0.0 perimeter=0.0 bbox=(47,146,1,1)
[MASK M2997] area=0.0 perimeter=0.0 bbox=(994,145,1,1)
[MASK M2998] area=0.0 perimeter=2.0 bbox=(635,144,2,1)
[MASK M2999] area=0.5 perimeter=6.2 bbox=(487,144,3,3)
[MASK M3000] area=0.0 perimeter=4.0 bbox=(1134,143,3,1)
[MASK M3001] area=2.0 perimeter=6.8 bbox=(639,143,3,3)
[MASK M3002] area=0.0 perimeter=0.0 bbox=(569,143,1,1)
[MASK M3003] area=0.0 perimeter=2.0 bbox=(571,142,1,2)
[MASK M3004] area=103.0 perimeter=61.9 bbox=(344,142,11,20)
[MASK M3005] area=0.0 perimeter=2.0 bbox=(34,142,1,2)
[MASK M3006] area=4.0 perimeter=11.7 bbox=(292,140,4,4)
[MASK M3007] area=0.0 perimeter=2.0 bbox=(1134,139,2,1)
[MASK M3008] area=0.0 perimeter=2.0 bbox=(488,139,1,2)
[MASK M3009] area=2.5 perimeter=8.2 bbox=(307,139,3,4)
[MASK M3010] area=0.0 perimeter=2.0 bbox=(1240,137,1,2)
[MASK M3011] area=0.0 perimeter=2.8 bbox=(647,136,2,2)
[MASK M3012] area=6.5 perimeter=13.1 bbox=(383,136,4,6)
[MASK M3013] area=1.5 perimeter=5.4 bbox=(1208,135,2,3)
[MASK M3014] area=38.0 perimeter=29.0 bbox=(600,135,8,11)
[MASK M3015] area=45.0 perimeter=29.3 bbox=(231,135,8,11)
[MASK M3016] area=6.0 perimeter=10.5 bbox=(292,133,4,5)
[MASK M3017] area=4.0 perimeter=8.8 bbox=(1133,132,3,4)
[MASK M3018] area=1.0 perimeter=4.8 bbox=(742,132,3,2)
[MASK M3019] area=1.0 perimeter=6.8 bbox=(722,132,3,3)
[MASK M3020] area=1.0 perimeter=8.8 bbox=(430,132,2,5)
[MASK M3021] area=0.0 perimeter=2.0 bbox=(434,131,1,2)
[MASK M3022] area=31.0 perimeter=23.3 bbox=(327,130,8,7)
[MASK M3023] area=7.0 perimeter=26.1 bbox=(307,130,7,6)
[MASK M3024] area=0.0 perimeter=2.0 bbox=(38,128,2,1)
[MASK M3025] area=0.0 perimeter=2.0 bbox=(1208,127,1,2)
[MASK M3026] area=0.0 perimeter=0.0 bbox=(92,125,1,1)
[MASK M3027] area=28.5 perimeter=26.7 bbox=(522,124,10,6)
[MASK M3028] area=0.0 perimeter=0.0 bbox=(921,123,1,1)
[MASK M3029] area=0.0 perimeter=0.0 bbox=(915,123,1,1)
[MASK M3030] area=0.0 perimeter=2.0 bbox=(1209,122,1,2)
[MASK M3031] area=3.5 perimeter=7.4 bbox=(911,122,3,3)
[MASK M3032] area=1.5 perimeter=5.4 bbox=(726,122,3,2)
[MASK M3033] area=0.0 perimeter=2.0 bbox=(22,122,2,1)
[MASK M3034] area=1.0 perimeter=4.8 bbox=(1244,121,2,3)
[MASK M3035] area=6.0 perimeter=11.7 bbox=(304,121,4,5)
[MASK M3036] area=2.0 perimeter=9.7 bbox=(1132,120,3,5)
[MASK M3037] area=1.0 perimeter=4.0 bbox=(657,120,2,2)
[MASK M3038] area=0.5 perimeter=3.4 bbox=(32,120,2,2)
[MASK M3039] area=0.0 perimeter=0.0 bbox=(904,119,1,1)
[MASK M3040] area=60.0 perimeter=35.8 bbox=(343,119,13,10)
[MASK M3041] area=0.0 perimeter=0.0 bbox=(79,118,1,1)
[MASK M3042] area=0.0 perimeter=2.0 bbox=(1257,117,1,2)
[MASK M3043] area=7.5 perimeter=13.9 bbox=(279,116,6,4)
[MASK M3044] area=14.5 perimeter=32.4 bbox=(548,115,6,10)
[MASK M3045] area=2.5 perimeter=6.2 bbox=(730,113,3,3)
[MASK M3046] area=12.0 perimeter=19.3 bbox=(564,113,8,6)
[MASK M3047] area=0.0 perimeter=0.0 bbox=(1209,112,1,1)
[MASK M3048] area=0.0 perimeter=2.0 bbox=(1259,111,1,2)
[MASK M3049] area=1.0 perimeter=4.0 bbox=(895,111,2,2)
[MASK M3050] area=0.0 perimeter=2.0 bbox=(893,111,1,2)
[MASK M3051] area=0.0 perimeter=2.8 bbox=(887,111,2,2)
[MASK M3052] area=0.0 perimeter=0.0 bbox=(434,110,1,1)
[MASK M3053] area=0.0 perimeter=0.0 bbox=(32,110,1,1)
[MASK M3054] area=0.0 perimeter=0.0 bbox=(284,108,1,1)
[MASK M3055] area=0.0 perimeter=2.8 bbox=(29,108,2,2)
[MASK M3056] area=0.0 perimeter=0.0 bbox=(869,106,1,1)
[MASK M3057] area=0.0 perimeter=0.0 bbox=(612,106,1,1)
[MASK M3058] area=1.0 perimeter=4.0 bbox=(1134,105,2,2)
[MASK M3059] area=8.5 perimeter=19.1 bbox=(869,105,8,5)
[MASK M3060] area=2.5 perimeter=6.2 bbox=(500,105,3,3)
[MASK M3061] area=0.0 perimeter=2.0 bbox=(404,105,1,2)
[MASK M3062] area=0.0 perimeter=0.0 bbox=(345,105,1,1)
[MASK M3063] area=0.0 perimeter=0.0 bbox=(608,104,1,1)
[MASK M3064] area=37.5 perimeter=41.6 bbox=(303,104,7,15)
[MASK M3065] area=0.0 perimeter=2.0 bbox=(653,101,1,2)
[MASK M3066] area=0.5 perimeter=3.4 bbox=(304,101,2,2)
[MASK M3067] area=9.5 perimeter=15.1 bbox=(385,98,5,6)
[MASK M3068] area=1.0 perimeter=4.8 bbox=(309,98,3,2)
[MASK M3069] area=0.0 perimeter=4.0 bbox=(753,97,3,1)
[MASK M3070] area=6.5 perimeter=19.9 bbox=(348,97,7,7)
[MASK M3071] area=2.0 perimeter=6.8 bbox=(295,97,2,4)
[MASK M3072] area=1.0 perimeter=4.8 bbox=(654,96,2,3)
[MASK M3073] area=0.0 perimeter=0.0 bbox=(340,95,1,1)
[MASK M3074] area=3.0 perimeter=8.0 bbox=(279,94,2,4)
[MASK M3075] area=1.0 perimeter=7.7 bbox=(42,94,3,3)
[MASK M3076] area=1.0 perimeter=4.8 bbox=(22,94,2,3)
[MASK M3077] area=5.5 perimeter=12.2 bbox=(311,93,5,4)
[MASK M3078] area=17.0 perimeter=19.3 bbox=(759,92,8,6)
[MASK M3079] area=14.5 perimeter=15.1 bbox=(1126,90,5,6)
[MASK M3080] area=20.5 perimeter=28.7 bbox=(744,90,9,9)
[MASK M3081] area=23.5 perimeter=22.7 bbox=(607,90,9,7)
[MASK M3082] area=49.0 perimeter=35.0 bbox=(547,90,9,12)
[MASK M3083] area=0.0 perimeter=0.0 bbox=(548,90,1,1)
[MASK M3084] area=35.5 perimeter=23.9 bbox=(1132,87,9,7)
[MASK M3085] area=12.0 perimeter=29.0 bbox=(442,87,10,10)
[MASK M3086] area=0.0 perimeter=0.0 bbox=(382,87,1,1)
[MASK M3087] area=2.5 perimeter=13.1 bbox=(276,87,4,6)
[MASK M3088] area=0.0 perimeter=0.0 bbox=(16,87,1,1)
[MASK M3089] area=24.5 perimeter=49.2 bbox=(723,86,19,7)
[MASK M3090] area=0.5 perimeter=3.4 bbox=(91,86,2,2)
[MASK M3091] area=14.0 perimeter=21.3 bbox=(605,83,7,6)
[MASK M3092] area=0.0 perimeter=0.0 bbox=(279,83,1,1)
[MASK M3093] area=0.0 perimeter=2.8 bbox=(67,83,2,2)
[MASK M3094] area=0.0 perimeter=0.0 bbox=(18,82,1,1)
[MASK M3095] area=0.0 perimeter=0.0 bbox=(318,81,1,1)
[MASK M3096] area=0.0 perimeter=0.0 bbox=(69,81,1,1)
[MASK M3097] area=119.0 perimeter=49.5 bbox=(339,80,14,16)
[MASK M3098] area=10.5 perimeter=25.1 bbox=(312,80,4,11)
[MASK M3099] area=3.0 perimeter=7.7 bbox=(362,79,3,4)
[MASK M3100] area=0.0 perimeter=0.0 bbox=(92,78,1,1)
[MASK M3101] area=51.0 perimeter=29.0 bbox=(1123,77,10,10)
[MASK M3102] area=0.0 perimeter=2.0 bbox=(738,77,2,1)
[MASK M3103] area=3.5 perimeter=8.2 bbox=(595,77,3,4)
[MASK M3104] area=0.0 perimeter=2.0 bbox=(731,76,2,1)
[MASK M3105] area=30.5 perimeter=29.9 bbox=(382,76,7,11)
[MASK M3106] area=68.0 perimeter=48.6 bbox=(291,76,7,20)
[MASK M3107] area=2.0 perimeter=7.7 bbox=(68,76,3,4)
[MASK M3108] area=1.0 perimeter=4.0 bbox=(313,75,2,2)
[MASK M3109] area=0.0 perimeter=0.0 bbox=(716,74,1,1)
[MASK M3110] area=0.0 perimeter=0.0 bbox=(669,74,1,1)
[MASK M3111] area=0.0 perimeter=2.8 bbox=(361,74,2,2)
[MASK M3112] area=0.0 perimeter=0.0 bbox=(909,72,1,1)
[MASK M3113] area=3.5 perimeter=8.2 bbox=(718,72,3,4)
[MASK M3114] area=0.0 perimeter=2.0 bbox=(659,71,1,2)
[MASK M3115] area=0.5 perimeter=3.4 bbox=(959,70,2,2)
[MASK M3116] area=38.0 perimeter=62.3 bbox=(28,70,5,28)
[MASK M3117] area=0.0 perimeter=2.8 bbox=(717,69,2,2)
[MASK M3118] area=2.0 perimeter=6.0 bbox=(580,69,3,2)
[MASK M3119] area=4.0 perimeter=8.8 bbox=(1133,67,4,3)
[MASK M3120] area=1.0 perimeter=4.8 bbox=(703,66,2,3)
[MASK M3121] area=1.5 perimeter=5.4 bbox=(699,65,3,2)
[MASK M3122] area=1.5 perimeter=5.4 bbox=(377,65,2,3)
[MASK M3123] area=0.0 perimeter=0.0 bbox=(1088,64,1,1)
[MASK M3124] area=11.5 perimeter=13.9 bbox=(402,64,6,5)
[MASK M3125] area=0.0 perimeter=2.8 bbox=(62,64,2,2)
[MASK M3126] area=0.0 perimeter=0.0 bbox=(696,63,1,1)
[MASK M3127] area=0.0 perimeter=0.0 bbox=(347,63,1,1)
[MASK M3128] area=0.0 perimeter=0.0 bbox=(1258,62,1,1)
[MASK M3129] area=11.0 perimeter=24.5 bbox=(687,62,8,5)
[MASK M3130] area=4.0 perimeter=7.7 bbox=(579,62,3,4)
[MASK M3131] area=8.0 perimeter=12.8 bbox=(297,62,3,6)
[MASK M3132] area=0.0 perimeter=0.0 bbox=(270,62,1,1)
[MASK M3133] area=0.0 perimeter=0.0 bbox=(668,61,1,1)
[MASK M3134] area=0.0 perimeter=2.0 bbox=(121,61,1,2)
[MASK M3135] area=13.5 perimeter=19.9 bbox=(530,60,6,7)
[MASK M3136] area=23.0 perimeter=36.6 bbox=(348,60,7,11)
[MASK M3137] area=13.5 perimeter=27.9 bbox=(285,60,3,13)
[MASK M3138] area=0.0 perimeter=0.0 bbox=(51,60,1,1)
[MASK M3139] area=19.0 perimeter=23.3 bbox=(415,59,9,6)
[MASK M3140] area=0.0 perimeter=0.0 bbox=(909,58,1,1)
[MASK M3141] area=2.0 perimeter=6.8 bbox=(675,58,2,4)
[MASK M3142] area=29.0 perimeter=37.0 bbox=(308,57,6,16)
[MASK M3143] area=0.0 perimeter=0.0 bbox=(247,54,1,1)
[MASK M3144] area=0.0 perimeter=0.0 bbox=(200,54,1,1)
[MASK M3145] area=0.5 perimeter=3.4 bbox=(81,53,2,2)
[MASK M3146] area=0.0 perimeter=2.0 bbox=(639,51,2,1)
[MASK M3147] area=8.0 perimeter=13.7 bbox=(310,51,5,5)
[MASK M3148] area=0.0 perimeter=0.0 bbox=(212,51,1,1)
[MASK M3149] area=0.0 perimeter=0.0 bbox=(185,49,1,1)
[MASK M3150] area=39.5 perimeter=46.0 bbox=(102,49,12,11)
[MASK M3151] area=5.0 perimeter=11.7 bbox=(37,49,6,3)
[MASK M3152] area=1.5 perimeter=5.4 bbox=(309,48,2,3)
[MASK M3153] area=69.0 perimeter=48.6 bbox=(264,48,17,12)
[MASK M3154] area=14.0 perimeter=18.5 bbox=(188,48,8,5)
[MASK M3155] area=146.5 perimeter=91.8 bbox=(0,48,24,18)
[MASK M3156] area=0.5 perimeter=3.4 bbox=(645,47,2,2)
[MASK M3157] area=58.5 perimeter=57.7 bbox=(369,47,18,11)
[MASK M3158] area=186.0 perimeter=140.9 bbox=(124,47,60,9)
[MASK M3159] area=175.5 perimeter=134.3 bbox=(47,47,58,9)
[MASK M3160] area=0.0 perimeter=0.0 bbox=(626,46,1,1)
[MASK M3161] area=58.0 perimeter=62.3 bbox=(339,46,28,6)
[MASK M3162] area=118.0 perimeter=135.3 bbox=(203,46,58,9)
[MASK M3163] area=39.5 perimeter=37.6 bbox=(320,45,16,5)
[MASK M3164] area=0.0 perimeter=0.0 bbox=(800,44,1,1)
[MASK M3165] area=11.5 perimeter=26.2 bbox=(83,44,13,3)
[MASK M3166] area=0.0 perimeter=2.0 bbox=(203,43,2,1)
[MASK M3167] area=7.0 perimeter=10.8 bbox=(72,43,4,4)
[MASK M3168] area=9.0 perimeter=12.5 bbox=(46,43,6,4)
[MASK M3169] area=34.0 perimeter=26.5 bbox=(0,43,10,7)
[MASK M3170] area=0.5 perimeter=5.4 bbox=(650,42,3,2)
[MASK M3171] area=0.0 perimeter=2.0 bbox=(508,42,2,1)
[MASK M3172] area=0.0 perimeter=0.0 bbox=(259,42,1,1)
[MASK M3173] area=25.0 perimeter=43.3 bbox=(232,42,21,4)
[MASK M3174] area=1.5 perimeter=5.4 bbox=(130,42,2,3)
[MASK M3175] area=19.5 perimeter=20.2 bbox=(102,42,8,5)
[MASK M3176] area=6.0 perimeter=11.7 bbox=(489,41,5,4)
[MASK M3177] area=21.0 perimeter=22.5 bbox=(477,41,11,4)
[MASK M3178] area=35.0 perimeter=45.8 bbox=(385,41,20,8)
[MASK M3179] area=55.5 perimeter=41.2 bbox=(288,41,13,14)
[MASK M3180] area=49.0 perimeter=32.5 bbox=(114,40,11,8)
[MASK M3181] area=29.5 perimeter=22.7 bbox=(58,40,8,8)
[MASK M3182] area=91.0 perimeter=45.8 bbox=(17,40,17,11)
[MASK M3183] area=0.0 perimeter=0.0 bbox=(1255,39,1,1)
[MASK M3184] area=10.0 perimeter=12.5 bbox=(11,39,5,5)
[MASK M3185] area=29.5 perimeter=23.1 bbox=(495,38,9,6)
[MASK M3186] area=2.5 perimeter=7.4 bbox=(359,38,3,3)
[MASK M3187] area=0.0 perimeter=0.0 bbox=(246,38,1,1)
[MASK M3188] area=0.0 perimeter=2.8 bbox=(91,38,2,2)
[MASK M3189] area=1.0 perimeter=12.8 bbox=(858,37,7,2)
[MASK M3190] area=136.0 perimeter=101.9 bbox=(802,37,43,11)
[MASK M3191] area=1.5 perimeter=5.4 bbox=(305,37,2,3)
[MASK M3192] area=25.5 perimeter=24.7 bbox=(191,37,7,9)
[MASK M3193] area=0.0 perimeter=0.0 bbox=(143,37,1,1)
[MASK M3194] area=216.5 perimeter=155.0 bbox=(404,36,72,12)
[MASK M3195] area=44.0 perimeter=35.8 bbox=(342,36,11,11)
[MASK M3196] area=5.5 perimeter=9.4 bbox=(236,36,3,4)
[MASK M3197] area=114.0 perimeter=67.1 bbox=(166,36,24,12)
[MASK M3198] area=66.5 perimeter=48.9 bbox=(144,36,16,10)
[MASK M3199] area=50.0 perimeter=30.1 bbox=(376,35,12,8)
[MASK M3200] area=9.0 perimeter=13.7 bbox=(315,35,5,5)
[MASK M3201] area=2.5 perimeter=8.2 bbox=(284,35,4,3)
[MASK M3202] area=4.0 perimeter=8.8 bbox=(226,35,3,4)
[MASK M3203] area=0.0 perimeter=0.0 bbox=(998,34,1,1)
[MASK M3204] area=97.0 perimeter=67.9 bbox=(266,34,20,13)
[MASK M3205] area=3.0 perimeter=8.8 bbox=(132,34,5,2)
[MASK M3206] area=1048.5 perimeter=687.3 bbox=(513,33,286,14)
[MASK M3207] area=93.5 perimeter=46.4 bbox=(208,33,14,12)
[MASK M3208] area=1.0 perimeter=9.7 bbox=(258,32,3,4)
[MASK M3209] area=0.0 perimeter=4.0 bbox=(204,32,1,3)
[MASK M3210] area=0.0 perimeter=2.0 bbox=(29,31,2,1)
[MASK M3211] area=172.0 perimeter=137.3 bbox=(869,30,59,8)
[MASK M3212] area=3.0 perimeter=6.8 bbox=(818,30,3,3)
[MASK M3213] area=0.0 perimeter=2.8 bbox=(375,30,2,2)
[MASK M3214] area=2.0 perimeter=11.7 bbox=(360,30,4,5)
[MASK M3215] area=0.0 perimeter=0.0 bbox=(257,29,1,1)
[MASK M3216] area=0.0 perimeter=12.0 bbox=(230,29,7,1)
[MASK M3217] area=1.0 perimeter=16.8 bbox=(103,29,9,2)
[MASK M3218] area=104.5 perimeter=98.7 bbox=(49,29,48,5)
[MASK M3219] area=458.0 perimeter=185.5 bbox=(737,28,75,13)
[MASK M3220] area=0.0 perimeter=0.0 bbox=(736,28,1,1)
[MASK M3221] area=0.0 perimeter=18.0 bbox=(130,28,10,1)
[MASK M3222] area=0.0 perimeter=22.0 bbox=(113,28,12,1)
[MASK M3223] area=0.0 perimeter=0.0 bbox=(263,27,1,1)
[MASK M3224] area=0.0 perimeter=0.0 bbox=(154,27,1,1)
[MASK M3225] area=17.0 perimeter=20.5 bbox=(6,27,8,6)
[MASK M3226] area=23.0 perimeter=25.3 bbox=(820,26,9,6)
[MASK M3227] area=0.0 perimeter=6.8 bbox=(597,26,4,2)
[MASK M3228] area=0.0 perimeter=2.0 bbox=(332,26,1,2)
[MASK M3229] area=16.0 perimeter=25.3 bbox=(319,26,11,4)
[MASK M3230] area=0.0 perimeter=0.0 bbox=(261,26,1,1)
[MASK M3231] area=2.0 perimeter=6.0 bbox=(225,26,3,2)
[MASK M3232] area=2.0 perimeter=6.0 bbox=(156,26,3,2)
[MASK M3233] area=186.0 perimeter=85.9 bbox=(836,25,36,10)
[MASK M3234] area=0.0 perimeter=2.0 bbox=(543,25,1,2)
[MASK M3235] area=29.0 perimeter=38.6 bbox=(297,25,15,5)
[MASK M3236] area=0.0 perimeter=0.0 bbox=(258,25,1,1)
[MASK M3237] area=0.0 perimeter=0.0 bbox=(255,25,1,1)
[MASK M3238] area=0.0 perimeter=0.0 bbox=(186,25,1,1)
[MASK M3239] area=19.5 perimeter=28.7 bbox=(874,24,10,5)
[MASK M3240] area=0.5 perimeter=3.4 bbox=(288,24,2,2)
[MASK M3241] area=0.0 perimeter=2.0 bbox=(276,24,2,1)
[MASK M3242] area=29.0 perimeter=36.5 bbox=(232,24,17,5)
[MASK M3243] area=0.5 perimeter=3.4 bbox=(887,23,2,2)
[MASK M3244] area=73.0 perimeter=47.0 bbox=(716,23,18,9)
[MASK M3245] area=0.0 perimeter=2.0 bbox=(301,23,2,1)
[MASK M3246] area=412.0 perimeter=280.0 bbox=(384,22,119,12)
[MASK M3247] area=35.5 perimeter=23.9 bbox=(603,21,7,9)
[MASK M3248] area=0.0 perimeter=2.0 bbox=(542,21,2,1)
[MASK M3249] area=21.5 perimeter=29.6 bbox=(330,21,11,9)
[MASK M3250] area=335.5 perimeter=221.6 bbox=(613,20,101,9)
[MASK M3251] area=3.0 perimeter=6.8 bbox=(536,20,3,3)
[MASK M3252] area=2.0 perimeter=15.3 bbox=(138,20,7,3)
[MASK M3253] area=0.5 perimeter=6.2 bbox=(79,20,3,2)
[MASK M3254] area=81.0 perimeter=82.8 bbox=(504,19,29,11)
[MASK M3255] area=144.5 perimeter=129.5 bbox=(84,19,52,7)
[MASK M3256] area=858.0 perimeter=706.1 bbox=(946,18,314,17)
[MASK M3257] area=158.5 perimeter=105.4 bbox=(551,18,45,11)
[MASK M3258] area=0.0 perimeter=0.0 bbox=(541,18,1,1)
[MASK M3259] area=5.0 perimeter=17.7 bbox=(767,17,9,2)
[MASK M3260] area=0.0 perimeter=0.0 bbox=(391,17,1,1)
[MASK M3261] area=1.0 perimeter=6.8 bbox=(370,17,4,2)
[MASK M3262] area=0.5 perimeter=3.4 bbox=(166,17,2,2)
[MASK M3263] area=4.0 perimeter=9.7 bbox=(146,17,4,4)
[MASK M3264] area=0.0 perimeter=2.0 bbox=(907,16,2,1)
[MASK M3265] area=3.0 perimeter=7.7 bbox=(819,16,4,3)
[MASK M3266] area=5.0 perimeter=8.8 bbox=(458,16,4,3)
[MASK M3267] area=0.0 perimeter=2.0 bbox=(455,16,2,1)
[MASK M3268] area=4.5 perimeter=17.9 bbox=(323,16,8,3)
[MASK M3269] area=0.0 perimeter=0.0 bbox=(197,16,1,1)
[MASK M3270] area=0.0 perimeter=0.0 bbox=(191,16,1,1)
[MASK M3271] area=162.0 perimeter=107.8 bbox=(1153,15,52,6)
[MASK M3272] area=1213.5 perimeter=570.5 bbox=(890,15,262,16)
[MASK M3273] area=0.0 perimeter=0.0 bbox=(651,15,1,1)
[MASK M3274] area=1.0 perimeter=10.8 bbox=(644,15,6,2)
[MASK M3275] area=0.0 perimeter=0.0 bbox=(607,15,1,1)
[MASK M3276] area=11.0 perimeter=22.5 bbox=(489,15,9,5)
[MASK M3277] area=3.5 perimeter=9.4 bbox=(384,15,5,2)
[MASK M3278] area=4.5 perimeter=10.2 bbox=(377,15,4,4)
[MASK M3279] area=24.0 perimeter=39.0 bbox=(352,15,15,4)
[MASK M3280] area=7.5 perimeter=14.2 bbox=(342,15,6,4)
[MASK M3281] area=36.0 perimeter=31.7 bbox=(1211,14,15,4)
[MASK M3282] area=7.5 perimeter=13.1 bbox=(637,14,5,5)
[MASK M3283] area=0.0 perimeter=0.0 bbox=(614,14,1,1)
[MASK M3284] area=0.0 perimeter=0.0 bbox=(612,14,1,1)
[MASK M3285] area=0.5 perimeter=3.4 bbox=(484,14,2,2)
[MASK M3286] area=3.0 perimeter=6.8 bbox=(472,14,3,3)
[MASK M3287] area=2.0 perimeter=12.8 bbox=(460,14,7,2)
[MASK M3288] area=0.0 perimeter=0.0 bbox=(454,14,1,1)
[MASK M3289] area=0.0 perimeter=0.0 bbox=(444,14,1,1)
[MASK M3290] area=0.5 perimeter=5.4 bbox=(430,14,3,2)
[MASK M3291] area=18.0 perimeter=47.3 bbox=(405,14,21,3)
[MASK M3292] area=7.5 perimeter=17.9 bbox=(397,14,7,4)
[MASK M3293] area=4.5 perimeter=18.7 bbox=(617,13,7,5)
[MASK M3294] area=0.0 perimeter=0.0 bbox=(449,13,1,1)
[MASK M3295] area=0.0 perimeter=2.0 bbox=(271,13,1,2)
[MASK M3296] area=1.5 perimeter=8.2 bbox=(728,12,4,3)
[MASK M3297] area=0.0 perimeter=4.0 bbox=(677,12,3,1)
[MASK M3298] area=0.0 perimeter=0.0 bbox=(673,12,1,1)
[MASK M3299] area=0.0 perimeter=4.0 bbox=(642,12,1,3)
[MASK M3300] area=0.0 perimeter=0.0 bbox=(632,12,1,1)
[MASK M3301] area=6.0 perimeter=9.7 bbox=(596,12,4,4)
[MASK M3302] area=1.5 perimeter=5.4 bbox=(592,12,3,2)
[MASK M3303] area=17.5 perimeter=17.1 bbox=(524,12,7,5)
[MASK M3304] area=0.0 perimeter=0.0 bbox=(714,11,1,1)
[MASK M3305] area=70.5 perimeter=79.4 bbox=(1230,10,30,7)
[MASK M3306] area=7.0 perimeter=11.7 bbox=(1069,10,5,4)
[MASK M3307] area=2.0 perimeter=6.8 bbox=(1057,10,4,2)
[MASK M3308] area=1.5 perimeter=5.4 bbox=(858,10,2,3)
[MASK M3309] area=0.0 perimeter=0.0 bbox=(703,10,1,1)
[MASK M3310] area=0.0 perimeter=0.0 bbox=(670,10,1,1)
[MASK M3311] area=3.0 perimeter=12.8 bbox=(1199,8,7,2)
[MASK M3312] area=25.0 perimeter=48.5 bbox=(1093,8,24,3)
[MASK M3313] area=0.0 perimeter=2.0 bbox=(1195,7,2,1)
[MASK M3314] area=0.0 perimeter=0.0 bbox=(1184,6,1,1)
[MASK M3315] area=0.0 perimeter=8.0 bbox=(1178,6,5,1)
[MASK M3316] area=0.0 perimeter=0.0 bbox=(1176,5,1,1)
[MASK M3317] area=0.0 perimeter=0.0 bbox=(1156,5,1,1)
[MASK M3318] area=0.0 perimeter=0.0 bbox=(1154,5,1,1)
[MASK M3319] area=0.0 perimeter=2.0 bbox=(226,3,2,1)
[MASK M3320] area=0.0 perimeter=0.0 bbox=(223,3,1,1)
[MASK M3321] area=0.0 perimeter=2.0 bbox=(983,2,1,2)
[MASK M3322] area=0.0 perimeter=0.0 bbox=(446,2,1,1)
[MASK M3323] area=0.0 perimeter=2.0 bbox=(1015,1,2,1)
[MASK M3324] area=0.0 perimeter=0.0 bbox=(1001,1,1,1)
[MASK M3325] area=2.0 perimeter=7.7 bbox=(737,1,4,3)
[MASK M3326] area=0.0 perimeter=0.0 bbox=(636,1,1,1)
[MASK M3327] area=0.0 perimeter=2.0 bbox=(609,1,2,1)
[MASK M3328] area=0.0 perimeter=0.0 bbox=(411,1,1,1)
[MASK M3329] area=0.0 perimeter=0.0 bbox=(1047,0,1,1)
[MASK M3330] area=2.0 perimeter=6.8 bbox=(1023,0,3,3)
[MASK M3331] area=1.0 perimeter=4.0 bbox=(991,0,2,2)
[MASK M3332] area=0.5 perimeter=3.4 bbox=(987,0,2,2)
[MASK M3333] area=0.0 perimeter=4.0 bbox=(854,0,3,1)
[MASK M3334] area=4.5 perimeter=10.2 bbox=(841,0,5,3)
[MASK M3335] area=3.5 perimeter=9.4 bbox=(834,0,5,2)
[MASK M3336] area=2.0 perimeter=6.8 bbox=(824,0,4,2)
[MASK M3337] area=4.0 perimeter=8.8 bbox=(819,0,4,3)
[MASK M3338] area=10.5 perimeter=19.1 bbox=(802,0,8,4)
[MASK M3339] area=8.5 perimeter=16.2 bbox=(789,0,8,3)
[MASK M3340] area=3.5 perimeter=9.4 bbox=(779,0,5,2)
[MASK M3341] area=7.5 perimeter=13.4 bbox=(771,0,6,3)
[MASK M3342] area=1.5 perimeter=5.4 bbox=(767,0,3,2)
[MASK M3343] area=2.5 perimeter=7.4 bbox=(759,0,4,2)
[MASK M3344] area=2.0 perimeter=6.8 bbox=(751,0,4,2)
[MASK M3345] area=0.0 perimeter=0.0 bbox=(743,0,1,1)
[MASK M3346] area=1.5 perimeter=5.4 bbox=(733,0,2,3)
[MASK M3347] area=0.0 perimeter=0.0 bbox=(657,0,1,1)
[MASK M3348] area=5.5 perimeter=9.4 bbox=(629,0,4,3)
[MASK M3349] area=5.0 perimeter=12.0 bbox=(617,0,6,2)
[MASK M3350] area=0.0 perimeter=2.0 bbox=(613,0,1,2)
[MASK M3351] area=16.0 perimeter=19.7 bbox=(599,0,9,4)
[MASK M3352] area=2.5 perimeter=7.4 bbox=(594,0,2,4)
[MASK M3353] area=13.0 perimeter=20.8 bbox=(570,0,9,3)
[MASK M3354] area=0.0 perimeter=2.0 bbox=(566,0,1,2)
[MASK M3355] area=6.0 perimeter=12.8 bbox=(549,0,6,3)
[MASK M3356] area=5.0 perimeter=14.8 bbox=(539,0,7,2)
[MASK M3357] area=2.0 perimeter=6.8 bbox=(533,0,4,2)
[MASK M3358] area=0.0 perimeter=0.0 bbox=(529,0,1,1)
[MASK M3359] area=0.5 perimeter=3.4 bbox=(526,0,2,2)
[MASK M3360] area=8.0 perimeter=12.8 bbox=(512,0,6,3)
[MASK M3361] area=1.5 perimeter=5.4 bbox=(508,0,2,3)
[MASK M3362] area=5.0 perimeter=8.8 bbox=(502,0,4,3)
[MASK M3363] area=9.5 perimeter=21.1 bbox=(491,0,8,5)
[MASK M3364] area=3.5 perimeter=9.4 bbox=(480,0,5,2)
[MASK M3365] area=0.5 perimeter=3.4 bbox=(465,0,2,2)
[MASK M3366] area=0.0 perimeter=2.8 bbox=(451,0,2,2)
[MASK M3367] area=0.5 perimeter=3.4 bbox=(420,0,2,2)
[MASK M3368] area=1.5 perimeter=5.4 bbox=(415,0,2,3)
[MASK M3369] area=0.0 perimeter=0.0 bbox=(407,0,1,1)
[MASK M3370] area=0.0 perimeter=0.0 bbox=(402,0,1,1)
[MASK M3371] area=0.0 perimeter=2.0 bbox=(364,0,2,1)
[CLEAN C0] type=Rejected area=0.0 perimeter=12.0 bbox=(1166,964,7,1) long=6.0 box_short=0.0 box_aspect=inf skeleton_width=2.00 skeleton_range=2.00-2.00 skeleton_aspect=3.000 circularity=0.000
[CLEAN C0] REJECT Scratch: area 0.0 < 20; 旋转包围框存在零边长
[CLEAN C0] REJECT Pit: area 0.0 < 32; 旋转包围框存在零边长
[CLEAN C1] type=Rejected area=0.0 perimeter=26.0 bbox=(1147,964,14,1) long=13.0 box_short=0.0 box_aspect=inf skeleton_width=2.00 skeleton_range=2.00-2.00 skeleton_aspect=6.500 circularity=0.000
[CLEAN C1] REJECT Scratch: area 0.0 < 20; 旋转包围框存在零边长
[CLEAN C1] REJECT Pit: area 0.0 < 32; 旋转包围框存在零边长
[CLEAN C2] type=Rejected area=0.0 perimeter=8.0 bbox=(1131,964,5,1) long=4.0 box_short=0.0 box_aspect=inf skeleton_width=2.00 skeleton_range=2.00-2.00 skeleton_aspect=2.000 circularity=0.000
[CLEAN C2] REJECT Scratch: area 0.0 < 20; 旋转包围框存在零边长; skeleton_aspect 2.000 < 2.5
[CLEAN C2] REJECT Pit: area 0.0 < 32; 旋转包围框存在零边长
[CLEAN C3] type=Rejected area=0.0 perimeter=4.0 bbox=(1105,964,3,1) long=2.0 box_short=0.0 box_aspect=inf skeleton_width=2.00 skeleton_range=2.00-2.00 skeleton_aspect=1.000 circularity=0.000
[CLEAN C3] REJECT Scratch: area 0.0 < 20; 旋转包围框存在零边长; skeleton_aspect 1.000 < 2.5
[CLEAN C3] REJECT Pit: area 0.0 < 32; 旋转包围框存在零边长
[CLEAN C4] type=Rejected area=0.0 perimeter=2.0 bbox=(718,964,2,1) long=1.0 box_short=0.0 box_aspect=inf skeleton_width=2.00 skeleton_range=2.00-2.00 skeleton_aspect=0.500 circularity=0.000
[CLEAN C4] REJECT Scratch: area 0.0 < 20; 旋转包围框存在零边长; skeleton_aspect 0.500 < 2.5
[CLEAN C4] REJECT Pit: area 0.0 < 32; 旋转包围框存在零边长
[CLEAN C5] type=Rejected area=0.0 perimeter=2.0 bbox=(365,964,2,1) long=1.0 box_short=0.0 box_aspect=inf skeleton_width=2.00 skeleton_range=2.00-2.00 skeleton_aspect=0.500 circularity=0.000
[CLEAN C5] REJECT Scratch: area 0.0 < 20; 旋转包围框存在零边长; skeleton_aspect 0.500 < 2.5
[CLEAN C5] REJECT Pit: area 0.0 < 32; 旋转包围框存在零边长
[CLEAN C6] type=Rejected area=0.0 perimeter=12.0 bbox=(275,964,7,1) long=6.0 box_short=0.0 box_aspect=inf skeleton_width=2.00 skeleton_range=2.00-2.00 skeleton_aspect=3.000 circularity=0.000
[CLEAN C6] REJECT Scratch: area 0.0 < 20; 旋转包围框存在零边长
[CLEAN C6] REJECT Pit: area 0.0 < 32; 旋转包围框存在零边长
[CLEAN C7] type=Rejected area=3.5 perimeter=9.4 bbox=(1186,963,5,2) long=4.0 box_short=1.0 box_aspect=4.000 skeleton_width=2.00 skeleton_range=2.00-2.00 skeleton_aspect=2.000 circularity=0.496
[CLEAN C7] REJECT Scratch: area 3.5 < 20; long_side 4.0 < 10; skeleton_aspect 2.000 < 2.5
[CLEAN C7] REJECT Pit: area 3.5 < 32; circularity 0.496 < 0.55
[CLEAN C8] type=Rejected area=1.5 perimeter=7.4 bbox=(696,963,4,2) long=3.0 box_short=1.0 box_aspect=3.000 skeleton_width=2.00 skeleton_range=2.00-2.00 skeleton_aspect=1.500 circularity=0.343
[CLEAN C8] REJECT Scratch: area 1.5 < 20; long_side 3.0 < 10; skeleton_aspect 1.500 < 2.5
[CLEAN C8] REJECT Pit: area 1.5 < 32; circularity 0.343 < 0.55
[CLEAN C9] type=Rejected area=1.0 perimeter=4.0 bbox=(597,963,2,2) long=1.0 box_short=1.0 box_aspect=1.000 skeleton_width=2.00 skeleton_range=2.00-2.00 skeleton_aspect=0.500 circularity=0.785
[CLEAN C9] REJECT Scratch: area 1.0 < 20; long_side 1.0 < 10; skeleton_aspect 0.500 < 2.5
[CLEAN C9] REJECT Pit: area 1.0 < 32
[CLEAN C10] type=Rejected area=5.0 perimeter=20.8 bbox=(257,963,11,2) long=10.0 box_short=1.0 box_aspect=10.000 skeleton_width=2.00 skeleton_range=2.00-2.00 skeleton_aspect=5.000 circularity=0.145
[CLEAN C10] REJECT Scratch: area 5.0 < 20
[CLEAN C10] REJECT Pit: area 5.0 < 32; circularity 0.145 < 0.55; aspect_ratio 10.000 > 5.0
[CLEAN C11] type=Rejected area=7.5 perimeter=12.2 bbox=(510,962,6,3) long=5.0 box_short=2.0 box_aspect=2.500 skeleton_width=2.40 skeleton_range=2.00-4.00 skeleton_aspect=2.083 circularity=0.629
[CLEAN C11] REJECT Scratch: area 7.5 < 20; long_side 5.0 < 10; skeleton_aspect 2.083 < 2.5
[CLEAN C11] REJECT Pit: area 7.5 < 32
[CLEAN C12] type=Scratch area=47.5 perimeter=58.2 bbox=(1232,961,28,4) long=27.0 box_short=3.0 box_aspect=9.000 skeleton_width=2.80 skeleton_range=2.00-4.00 skeleton_aspect=9.643 circularity=0.176
[MEASURE C12] Scratch 不可测: 划痕最大宽度点超出中央有效测量区域
[CLEAN C13] type=Rejected area=11.0 perimeter=12.8 bbox=(611,961,5,4) long=4.0 box_short=3.0 box_aspect=1.333 skeleton_width=3.40 skeleton_range=2.00-4.00 skeleton_aspect=1.176 circularity=0.840
[CLEAN C13] REJECT Scratch: area 11.0 < 20; long_side 4.0 < 10; skeleton_aspect 1.176 < 2.5
[CLEAN C13] REJECT Pit: area 11.0 < 32
[CLEAN C14] type=Rejected area=3.0 perimeter=8.0 bbox=(228,961,2,4) long=3.0 box_short=1.0 box_aspect=3.000 skeleton_width=2.00 skeleton_range=2.00-2.00 skeleton_aspect=1.500 circularity=0.589
[CLEAN C14] REJECT Scratch: area 3.0 < 20; long_side 3.0 < 10; skeleton_aspect 1.500 < 2.5
[CLEAN C14] REJECT Pit: area 3.0 < 32
[CLEAN C15] type=Rejected area=4.0 perimeter=10.0 bbox=(249,960,2,5) long=4.0 box_short=1.0 box_aspect=4.000 skeleton_width=2.00 skeleton_range=2.00-2.00 skeleton_aspect=2.000 circularity=0.503
[CLEAN C15] REJECT Scratch: area 4.0 < 20; long_side 4.0 < 10; skeleton_aspect 2.000 < 2.5
[CLEAN C15] REJECT Pit: area 4.0 < 32; circularity 0.503 < 0.55
[CLEAN C16] type=Rejected area=18.5 perimeter=20.2 bbox=(620,957,5,8) long=7.0 box_short=4.0 box_aspect=1.750 skeleton_width=2.80 skeleton_range=2.00-4.00 skeleton_aspect=2.500 circularity=0.567
[CLEAN C16] REJECT Scratch: area 18.5 < 20; long_side 7.0 < 10
[CLEAN C16] REJECT Pit: area 18.5 < 32
[CLEAN C17] type=Pit area=38.0 perimeter=24.8 bbox=(669,956,6,9) long=8.0 box_short=5.0 box_aspect=1.600 skeleton_width=5.60 skeleton_range=2.00-6.00 skeleton_aspect=1.429 circularity=0.775
[MEASURE C17] Pit diameter=0.214921 mm valid=False
[CLEAN C18] type=Rejected area=15.5 perimeter=25.4 bbox=(538,953,3,12) long=11.0 box_short=2.0 box_aspect=5.500 skeleton_width=2.00 skeleton_range=2.00-4.00 skeleton_aspect=5.500 circularity=0.302
[CLEAN C18] REJECT Scratch: area 15.5 < 20
[CLEAN C18] REJECT Pit: area 15.5 < 32; circularity 0.302 < 0.55; aspect_ratio 5.500 > 5.0
[CLEAN C19] type=Rejected area=1.0 perimeter=4.0 bbox=(1173,952,2,2) long=1.0 box_short=1.0 box_aspect=1.000 skeleton_width=2.00 skeleton_range=2.00-2.00 skeleton_aspect=0.500 circularity=0.785
[CLEAN C19] REJECT Scratch: area 1.0 < 20; long_side 1.0 < 10; skeleton_aspect 0.500 < 2.5
[CLEAN C19] REJECT Pit: area 1.0 < 32
[CLEAN C20] type=Scratch area=62.0 perimeter=78.5 bbox=(1194,951,28,14) long=27.0 box_short=13.0 box_aspect=2.077 skeleton_width=2.00 skeleton_range=2.00-4.00 skeleton_aspect=13.500 circularity=0.126
[MEASURE C20] Scratch 不可测: 划痕最大宽度点超出中央有效测量区域
[CLEAN C21] type=Rejected area=2.0 perimeter=6.0 bbox=(1164,951,3,2) long=2.0 box_short=1.0 box_aspect=2.000 skeleton_width=2.00 skeleton_range=2.00-2.00 skeleton_aspect=1.000 circularity=0.698
[CLEAN C21] REJECT Scratch: area 2.0 < 20; long_side 2.0 < 10; skeleton_aspect 1.000 < 2.5
[CLEAN C21] REJECT Pit: area 2.0 < 32
[CLEAN C22] type=Rejected area=7.5 perimeter=12.2 bbox=(712,948,4,5) long=4.7 box_short=2.5 box_aspect=1.875 skeleton_width=2.40 skeleton_range=2.00-4.00 skeleton_aspect=1.976 circularity=0.629
[CLEAN C22] REJECT Scratch: area 7.5 < 20; long_side 4.7 < 10; skeleton_aspect 1.976 < 2.5
[CLEAN C22] REJECT Pit: area 7.5 < 32
[CLEAN C23] type=Pit area=39.0 perimeter=25.7 bbox=(622,941,8,8) long=7.0 box_short=7.0 box_aspect=1.000 skeleton_width=4.20 skeleton_range=2.00-7.19 skeleton_aspect=1.668 circularity=0.745
[MEASURE C23] Pit diameter=0.219715 mm valid=False
[CLEAN C24] type=Scratch area=111.0 perimeter=46.1 bbox=(395,939,9,19) long=18.1 box_short=7.9 box_aspect=2.286 skeleton_width=7.19 skeleton_range=2.00-8.00 skeleton_aspect=2.515 circularity=0.655
[MEASURE C24] Scratch width=0.210767 mm valid=False
[CLEAN C25] type=Rejected area=1.0 perimeter=4.0 bbox=(900,937,2,2) long=1.0 box_short=1.0 box_aspect=1.000 skeleton_width=2.00 skeleton_range=2.00-2.00 skeleton_aspect=0.500 circularity=0.785
[CLEAN C25] REJECT Scratch: area 1.0 < 20; long_side 1.0 < 10; skeleton_aspect 0.500 < 2.5
[CLEAN C25] REJECT Pit: area 1.0 < 32
[CLEAN C26] type=Scratch area=29.0 perimeter=27.7 bbox=(699,937,5,12) long=11.3 box_short=3.9 box_aspect=2.914 skeleton_width=4.00 skeleton_range=2.00-4.00 skeleton_aspect=2.816 circularity=0.476
[MEASURE C26] Scratch width=0.101839 mm valid=False
[CLEAN C27] type=Rejected area=15.0 perimeter=18.8 bbox=(903,933,8,4) long=7.0 box_short=3.0 box_aspect=2.333 skeleton_width=2.80 skeleton_range=2.00-4.00 skeleton_aspect=2.500 circularity=0.532
[CLEAN C27] REJECT Scratch: area 15.0 < 20; long_side 7.0 < 10
[CLEAN C27] REJECT Pit: area 15.0 < 32; circularity 0.532 < 0.55
[CLEAN C28] type=Rejected area=10.5 perimeter=20.2 bbox=(452,932,7,6) long=7.4 box_short=3.5 box_aspect=2.105 skeleton_width=2.00 skeleton_range=2.00-4.00 skeleton_aspect=3.714 circularity=0.322
[CLEAN C28] REJECT Scratch: area 10.5 < 20; long_side 7.4 < 10
[CLEAN C28] REJECT Pit: area 10.5 < 32; circularity 0.322 < 0.55
[CLEAN C29] type=Scratch area=98.0 perimeter=79.8 bbox=(680,931,11,34) long=34.2 box_short=6.9 box_aspect=4.925 skeleton_width=4.00 skeleton_range=2.00-7.19 skeleton_aspect=8.551 circularity=0.193
[MEASURE C29] Scratch width=0.185126 mm valid=False
[CLEAN C30] type=Rejected area=2.0 perimeter=6.0 bbox=(371,931,2,3) long=2.0 box_short=1.0 box_aspect=2.000 skeleton_width=2.00 skeleton_range=2.00-2.00 skeleton_aspect=1.000 circularity=0.698
[CLEAN C30] REJECT Scratch: area 2.0 < 20; long_side 2.0 < 10; skeleton_aspect 1.000 < 2.5
[CLEAN C30] REJECT Pit: area 2.0 < 32
[CLEAN C31] type=Rejected area=0.0 perimeter=2.0 bbox=(1259,928,1,2) long=1.0 box_short=0.0 box_aspect=inf skeleton_width=2.00 skeleton_range=2.00-2.00 skeleton_aspect=0.500 circularity=0.000
[CLEAN C31] REJECT Scratch: area 0.0 < 20; 旋转包围框存在零边长; skeleton_aspect 0.500 < 2.5
[CLEAN C31] REJECT Pit: area 0.0 < 32; 旋转包围框存在零边长
[CLEAN C32] type=Rejected area=1.0 perimeter=4.0 bbox=(944,926,2,2) long=1.0 box_short=1.0 box_aspect=1.000 skeleton_width=2.00 skeleton_range=2.00-2.00 skeleton_aspect=0.500 circularity=0.785
[CLEAN C32] REJECT Scratch: area 1.0 < 20; long_side 1.0 < 10; skeleton_aspect 0.500 < 2.5
[CLEAN C32] REJECT Pit: area 1.0 < 32
[CLEAN C33] type=Scratch area=163.0 perimeter=89.8 bbox=(435,926,8,39) long=38.2 box_short=6.9 box_aspect=5.555 skeleton_width=5.60 skeleton_range=2.00-8.00 skeleton_aspect=6.816 circularity=0.254
[MEASURE C33] Scratch width=0.181096 mm valid=False
[CLEAN C34] type=Scratch area=465.5 perimeter=324.7 bbox=(1102,924,137,17) long=136.1 box_short=12.7 box_aspect=10.745 skeleton_width=4.00 skeleton_range=2.00-8.00 skeleton_aspect=34.026 circularity=0.055
[MEASURE C34] Scratch 不可测: 划痕最大宽度点超出中央有效测量区域
[CLEAN C35] type=Scratch area=50.5 perimeter=59.9 bbox=(523,923,4,28) long=27.0 box_short=3.0 box_aspect=9.000 skeleton_width=2.40 skeleton_range=2.00-4.00 skeleton_aspect=11.250 circularity=0.177
[MEASURE C35] Scratch width=0.096586 mm valid=False
[CLEAN C36] type=Rejected area=14.5 perimeter=19.4 bbox=(1251,922,5,7) long=6.0 box_short=4.0 box_aspect=1.500 skeleton_width=2.40 skeleton_range=2.00-4.00 skeleton_aspect=2.500 circularity=0.483
[CLEAN C36] REJECT Scratch: area 14.5 < 20; long_side 6.0 < 10; skeleton_aspect 2.500 < 2.5
[CLEAN C36] REJECT Pit: area 14.5 < 32; circularity 0.483 < 0.55
[CLEAN C37] type=Pit area=49.5 perimeter=26.7 bbox=(579,922,9,9) long=8.0 box_short=8.0 box_aspect=1.000 skeleton_width=5.00 skeleton_range=2.00-8.39 skeleton_aspect=1.601 circularity=0.871
[MEASURE C37] Pit diameter=0.222043 mm valid=False
[CLEAN C38] type=Rejected area=3.0 perimeter=8.0 bbox=(615,920,2,4) long=3.0 box_short=1.0 box_aspect=3.000 skeleton_width=2.00 skeleton_range=2.00-2.00 skeleton_aspect=1.500 circularity=0.589
[CLEAN C38] REJECT Scratch: area 3.0 < 20; long_side 3.0 < 10; skeleton_aspect 1.500 < 2.5
[CLEAN C38] REJECT Pit: area 3.0 < 32
[CLEAN C39] type=Rejected area=2.0 perimeter=6.0 bbox=(1240,917,3,2) long=2.0 box_short=1.0 box_aspect=2.000 skeleton_width=2.00 skeleton_range=2.00-2.00 skeleton_aspect=1.000 circularity=0.698
[CLEAN C39] REJECT Scratch: area 2.0 < 20; long_side 2.0 < 10; skeleton_aspect 1.000 < 2.5
[CLEAN C39] REJECT Pit: area 2.0 < 32
[CLEAN C40] type=Rejected area=10.0 perimeter=11.7 bbox=(193,917,5,4) long=4.0 box_short=3.0 box_aspect=1.333 skeleton_width=2.80 skeleton_range=2.80-4.00 skeleton_aspect=1.429 circularity=0.925
[CLEAN C40] REJECT Scratch: area 10.0 < 20; long_side 4.0 < 10; skeleton_aspect 1.429 < 2.5
[CLEAN C40] REJECT Pit: area 10.0 < 32
[CLEAN C41] type=Rejected area=1.0 perimeter=4.0 bbox=(665,915,2,2) long=1.0 box_short=1.0 box_aspect=1.000 skeleton_width=2.00 skeleton_range=2.00-2.00 skeleton_aspect=0.500 circularity=0.785
[CLEAN C41] REJECT Scratch: area 1.0 < 20; long_side 1.0 < 10; skeleton_aspect 0.500 < 2.5
[CLEAN C41] REJECT Pit: area 1.0 < 32
[CLEAN C42] type=Rejected area=2.0 perimeter=6.0 bbox=(899,914,3,2) long=2.0 box_short=1.0 box_aspect=2.000 skeleton_width=2.00 skeleton_range=2.00-2.00 skeleton_aspect=1.000 circularity=0.698
[CLEAN C42] REJECT Scratch: area 2.0 < 20; long_side 2.0 < 10; skeleton_aspect 1.000 < 2.5
[CLEAN C42] REJECT Pit: area 2.0 < 32
[CLEAN C43] type=Scratch area=98.0 perimeter=54.6 bbox=(464,913,20,10) long=19.1 box_short=8.3 box_aspect=2.293 skeleton_width=4.39 skeleton_range=2.00-8.39 skeleton_aspect=4.348 circularity=0.413
[MEASURE C43] Scratch width=0.220961 mm valid=False
[CLEAN C44] type=Rejected area=15.5 perimeter=15.1 bbox=(822,912,6,5) long=5.0 box_short=4.0 box_aspect=1.250 skeleton_width=2.80 skeleton_range=2.80-4.39 skeleton_aspect=1.786 circularity=0.858
[CLEAN C44] REJECT Scratch: area 15.5 < 20; long_side 5.0 < 10; skeleton_aspect 1.786 < 2.5
[CLEAN C44] REJECT Pit: area 15.5 < 32
[CLEAN C45] type=Rejected area=1.0 perimeter=4.0 bbox=(654,912,2,2) long=1.0 box_short=1.0 box_aspect=1.000 skeleton_width=2.00 skeleton_range=2.00-2.00 skeleton_aspect=0.500 circularity=0.785
[CLEAN C45] REJECT Scratch: area 1.0 < 20; long_side 1.0 < 10; skeleton_aspect 0.500 < 2.5
[CLEAN C45] REJECT Pit: area 1.0 < 32
[CLEAN C46] type=Rejected area=1.0 perimeter=4.0 bbox=(1185,910,2,2) long=1.0 box_short=1.0 box_aspect=1.000 skeleton_width=2.00 skeleton_range=2.00-2.00 skeleton_aspect=0.500 circularity=0.785
[CLEAN C46] REJECT Scratch: area 1.0 < 20; long_side 1.0 < 10; skeleton_aspect 0.500 < 2.5
[CLEAN C46] REJECT Pit: area 1.0 < 32
[CLEAN C47] type=Rejected area=2.0 perimeter=6.0 bbox=(884,910,3,2) long=2.0 box_short=1.0 box_aspect=2.000 skeleton_width=2.00 skeleton_range=2.00-2.00 skeleton_aspect=1.000 circularity=0.698
[CLEAN C47] REJECT Scratch: area 2.0 < 20; long_side 2.0 < 10; skeleton_aspect 1.000 < 2.5
[CLEAN C47] REJECT Pit: area 2.0 < 32
[CLEAN C48] type=Rejected area=1.0 perimeter=4.0 bbox=(97,909,2,2) long=1.0 box_short=1.0 box_aspect=1.000 skeleton_width=2.00 skeleton_range=2.00-2.00 skeleton_aspect=0.500 circularity=0.785
[CLEAN C48] REJECT Scratch: area 1.0 < 20; long_side 1.0 < 10; skeleton_aspect 0.500 < 2.5
[CLEAN C48] REJECT Pit: area 1.0 < 32
[CLEAN C49] type=Rejected area=1.0 perimeter=4.0 bbox=(202,907,2,2) long=1.0 box_short=1.0 box_aspect=1.000 skeleton_width=2.00 skeleton_range=2.00-2.00 skeleton_aspect=0.500 circularity=0.785
[CLEAN C49] REJECT Scratch: area 1.0 < 20; long_side 1.0 < 10; skeleton_aspect 0.500 < 2.5
[CLEAN C49] REJECT Pit: area 1.0 < 32
[CLEAN C50] type=Rejected area=8.5 perimeter=18.2 bbox=(1048,905,5,7) long=6.7 box_short=3.0 box_aspect=2.250 skeleton_width=2.00 skeleton_range=2.00-4.00 skeleton_aspect=3.343 circularity=0.321
[CLEAN C50] REJECT Scratch: area 8.5 < 20; long_side 6.7 < 10
[CLEAN C50] REJECT Pit: area 8.5 < 32; circularity 0.321 < 0.55
[CLEAN C51] type=Rejected area=9.0 perimeter=16.8 bbox=(510,903,3,8) long=7.0 box_short=2.0 box_aspect=3.500 skeleton_width=2.00 skeleton_range=2.00-2.80 skeleton_aspect=3.500 circularity=0.399
[CLEAN C51] REJECT Scratch: area 9.0 < 20; long_side 7.0 < 10
[CLEAN C51] REJECT Pit: area 9.0 < 32; circularity 0.399 < 0.55
[CLEAN C52] type=Rejected area=1.0 perimeter=4.0 bbox=(209,902,2,2) long=1.0 box_short=1.0 box_aspect=1.000 skeleton_width=2.00 skeleton_range=2.00-2.00 skeleton_aspect=0.500 circularity=0.785
[CLEAN C52] REJECT Scratch: area 1.0 < 20; long_side 1.0 < 10; skeleton_aspect 0.500 < 2.5
[CLEAN C52] REJECT Pit: area 1.0 < 32
[CLEAN C53] type=Rejected area=11.5 perimeter=15.4 bbox=(90,902,6,4) long=5.0 box_short=3.0 box_aspect=1.667 skeleton_width=2.80 skeleton_range=2.00-4.00 skeleton_aspect=1.786 circularity=0.608
[CLEAN C53] REJECT Scratch: area 11.5 < 20; long_side 5.0 < 10; skeleton_aspect 1.786 < 2.5
[CLEAN C53] REJECT Pit: area 11.5 < 32
[CLEAN C54] type=Rejected area=21.0 perimeter=18.8 bbox=(857,900,5,7) long=6.0 box_short=4.0 box_aspect=1.500 skeleton_width=4.00 skeleton_range=2.00-5.60 skeleton_aspect=1.500 circularity=0.744
[CLEAN C54] REJECT Scratch: long_side 6.0 < 10; skeleton_aspect 1.500 < 2.5
[CLEAN C54] REJECT Pit: area 21.0 < 32
[CLEAN C55] type=Rejected area=13.5 perimeter=15.1 bbox=(68,898,6,5) long=6.4 box_short=2.8 box_aspect=2.250 skeleton_width=3.40 skeleton_range=2.00-4.39 skeleton_aspect=1.872 circularity=0.747
[CLEAN C55] REJECT Scratch: area 13.5 < 20; long_side 6.4 < 10; skeleton_aspect 1.872 < 2.5
[CLEAN C55] REJECT Pit: area 13.5 < 32
[CLEAN C56] type=Rejected area=2.0 perimeter=6.0 bbox=(736,897,2,3) long=2.0 box_short=1.0 box_aspect=2.000 skeleton_width=2.00 skeleton_range=2.00-2.00 skeleton_aspect=1.000 circularity=0.698
[CLEAN C56] REJECT Scratch: area 2.0 < 20; long_side 2.0 < 10; skeleton_aspect 1.000 < 2.5
[CLEAN C56] REJECT Pit: area 2.0 < 32
[CLEAN C57] type=Pit area=110.5 perimeter=42.4 bbox=(616,897,11,16) long=15.0 box_short=10.0 box_aspect=1.500 skeleton_width=7.19 skeleton_range=2.80-9.99 skeleton_aspect=2.085 circularity=0.773
[MEASURE C57] Pit diameter=0.384858 mm valid=True
Pit: area = 110.5 diameter_mm = 0.3848583996295929 circularity = 0.7729517058678664
[CLEAN C58] type=Scratch area=73.5 perimeter=85.1 bbox=(535,897,5,41) long=40.2 box_short=3.2 box_aspect=12.533 skeleton_width=2.80 skeleton_range=2.00-4.00 skeleton_aspect=14.351 circularity=0.128
[MEASURE C58] Scratch width=0.078234 mm valid=False
[CLEAN C59] type=Rejected area=1.0 perimeter=4.0 bbox=(315,897,2,2) long=1.0 box_short=1.0 box_aspect=1.000 skeleton_width=2.00 skeleton_range=2.00-2.00 skeleton_aspect=0.500 circularity=0.785
[CLEAN C59] REJECT Scratch: area 1.0 < 20; long_side 1.0 < 10; skeleton_aspect 0.500 < 2.5
[CLEAN C59] REJECT Pit: area 1.0 < 32
[CLEAN C60] type=Scratch area=36.5 perimeter=41.9 bbox=(658,895,6,19) long=18.2 box_short=4.7 box_aspect=3.857 skeleton_width=2.00 skeleton_range=2.00-5.60 skeleton_aspect=9.122 circularity=0.261
[MEASURE C60] Scratch width=0.125157 mm valid=False
[CLEAN C61] type=Rejected area=8.0 perimeter=26.8 bbox=(1027,892,5,11) long=10.4 box_short=3.2 box_aspect=3.241 skeleton_width=2.00 skeleton_range=2.00-4.00 skeleton_aspect=5.190 circularity=0.140
[CLEAN C61] REJECT Scratch: area 8.0 < 20
[CLEAN C61] REJECT Pit: area 8.0 < 32; circularity 0.140 < 0.55
[CLEAN C62] type=Rejected area=2.0 perimeter=6.0 bbox=(572,890,3,2) long=2.0 box_short=1.0 box_aspect=2.000 skeleton_width=2.00 skeleton_range=2.00-2.00 skeleton_aspect=1.000 circularity=0.698
[CLEAN C62] REJECT Scratch: area 2.0 < 20; long_side 2.0 < 10; skeleton_aspect 1.000 < 2.5
[CLEAN C62] REJECT Pit: area 2.0 < 32
[CLEAN C63] type=Scratch area=27.5 perimeter=42.2 bbox=(521,890,4,20) long=19.1 box_short=2.6 box_aspect=7.243 skeleton_width=2.00 skeleton_range=2.00-4.00 skeleton_aspect=9.547 circularity=0.194
[MEASURE C63] Scratch width=0.078511 mm valid=False
[CLEAN C64] type=Scratch area=53.5 perimeter=31.6 bbox=(376,890,8,13) long=12.6 box_short=6.4 box_aspect=1.969 skeleton_width=5.00 skeleton_range=2.00-7.19 skeleton_aspect=2.522 circularity=0.675
[MEASURE C64] Scratch width=0.159323 mm valid=False
[CLEAN C65] type=Rejected area=1.0 perimeter=4.0 bbox=(453,889,2,2) long=1.0 box_short=1.0 box_aspect=1.000 skeleton_width=2.00 skeleton_range=2.00-2.00 skeleton_aspect=0.500 circularity=0.785
[CLEAN C65] REJECT Scratch: area 1.0 < 20; long_side 1.0 < 10; skeleton_aspect 0.500 < 2.5
[CLEAN C65] REJECT Pit: area 1.0 < 32
[CLEAN C66] type=Rejected area=25.0 perimeter=20.5 bbox=(1067,888,8,6) long=7.3 box_short=4.6 box_aspect=1.579 skeleton_width=4.20 skeleton_range=2.00-5.60 skeleton_aspect=1.734 circularity=0.749
[CLEAN C66] REJECT Scratch: long_side 7.3 < 10; skeleton_aspect 1.734 < 2.5
[CLEAN C66] REJECT Pit: area 25.0 < 32
[CLEAN C67] type=Rejected area=5.5 perimeter=9.4 bbox=(740,888,3,4) long=3.0 box_short=2.0 box_aspect=1.500 skeleton_width=2.00 skeleton_range=2.00-4.00 skeleton_aspect=1.500 circularity=0.780
[CLEAN C67] REJECT Scratch: area 5.5 < 20; long_side 3.0 < 10; skeleton_aspect 1.500 < 2.5
[CLEAN C67] REJECT Pit: area 5.5 < 32
[CLEAN C68] type=Rejected area=2.0 perimeter=6.0 bbox=(538,888,2,3) long=2.0 box_short=1.0 box_aspect=2.000 skeleton_width=2.00 skeleton_range=2.00-2.00 skeleton_aspect=1.000 circularity=0.698
[CLEAN C68] REJECT Scratch: area 2.0 < 20; long_side 2.0 < 10; skeleton_aspect 1.000 < 2.5
[CLEAN C68] REJECT Pit: area 2.0 < 32
[CLEAN C69] type=Rejected area=2.0 perimeter=6.0 bbox=(946,886,3,2) long=2.0 box_short=1.0 box_aspect=2.000 skeleton_width=2.00 skeleton_range=2.00-2.00 skeleton_aspect=1.000 circularity=0.698
[CLEAN C69] REJECT Scratch: area 2.0 < 20; long_side 2.0 < 10; skeleton_aspect 1.000 < 2.5
[CLEAN C69] REJECT Pit: area 2.0 < 32
[CLEAN C70] type=Rejected area=5.5 perimeter=9.4 bbox=(525,885,3,4) long=3.0 box_short=2.0 box_aspect=1.500 skeleton_width=2.00 skeleton_range=2.00-4.00 skeleton_aspect=1.500 circularity=0.780
[CLEAN C70] REJECT Scratch: area 5.5 < 20; long_side 3.0 < 10; skeleton_aspect 1.500 < 2.5
[CLEAN C70] REJECT Pit: area 5.5 < 32
[CLEAN C71] type=Rejected area=4.5 perimeter=9.4 bbox=(667,884,3,4) long=3.0 box_short=2.0 box_aspect=1.500 skeleton_width=2.00 skeleton_range=2.00-2.80 skeleton_aspect=1.500 circularity=0.638
[CLEAN C71] REJECT Scratch: area 4.5 < 20; long_side 3.0 < 10; skeleton_aspect 1.500 < 2.5
[CLEAN C71] REJECT Pit: area 4.5 < 32
[CLEAN C72] type=Rejected area=3.0 perimeter=6.8 bbox=(504,884,3,3) long=2.8 box_short=1.4 box_aspect=2.000 skeleton_width=2.00 skeleton_range=2.00-2.80 skeleton_aspect=1.414 circularity=0.809
[CLEAN C72] REJECT Scratch: area 3.0 < 20; long_side 2.8 < 10; skeleton_aspect 1.414 < 2.5
[CLEAN C72] REJECT Pit: area 3.0 < 32
[CLEAN C73] type=Rejected area=3.5 perimeter=7.4 bbox=(142,884,3,3) long=2.0 box_short=2.0 box_aspect=1.000 skeleton_width=2.00 skeleton_range=2.00-2.80 skeleton_aspect=1.000 circularity=0.800
[CLEAN C73] REJECT Scratch: area 3.5 < 20; long_side 2.0 < 10; skeleton_aspect 1.000 < 2.5
[CLEAN C73] REJECT Pit: area 3.5 < 32
[CLEAN C74] type=Rejected area=1.0 perimeter=4.0 bbox=(568,882,2,2) long=1.0 box_short=1.0 box_aspect=1.000 skeleton_width=2.00 skeleton_range=2.00-2.00 skeleton_aspect=0.500 circularity=0.785
[CLEAN C74] REJECT Scratch: area 1.0 < 20; long_side 1.0 < 10; skeleton_aspect 0.500 < 2.5
[CLEAN C74] REJECT Pit: area 1.0 < 32
[CLEAN C75] type=Scratch area=64.5 perimeter=73.1 bbox=(434,881,6,34) long=33.2 box_short=3.6 box_aspect=9.190 skeleton_width=4.00 skeleton_range=2.00-4.00 skeleton_aspect=8.312 circularity=0.152
[MEASURE C75] Scratch width=0.106225 mm valid=False
[CLEAN C76] type=Scratch area=64.5 perimeter=37.1 bbox=(0,880,9,13) long=12.0 box_short=8.0 box_aspect=1.500 skeleton_width=4.00 skeleton_range=2.00-8.00 skeleton_aspect=3.000 circularity=0.590
[MEASURE C76] Scratch 不可测: 划痕最大宽度点超出中央有效测量区域
[CLEAN C77] type=Scratch area=48.5 perimeter=46.7 bbox=(121,879,8,20) long=19.2 box_short=6.3 box_aspect=3.032 skeleton_width=2.00 skeleton_range=2.00-6.39 skeleton_aspect=9.579 circularity=0.279
[MEASURE C77] Scratch 不可测: 划痕最大宽度点超出中央有效测量区域
[CLEAN C78] type=Scratch area=28.0 perimeter=28.5 bbox=(852,878,8,10) long=11.4 box_short=4.7 box_aspect=2.433 skeleton_width=2.80 skeleton_range=2.00-4.00 skeleton_aspect=4.072 circularity=0.434
[MEASURE C78] Scratch width=0.125034 mm valid=False
[CLEAN C79] type=Rejected area=1.0 perimeter=4.0 bbox=(648,878,2,2) long=1.0 box_short=1.0 box_aspect=1.000 skeleton_width=2.00 skeleton_range=2.00-2.00 skeleton_aspect=0.500 circularity=0.785
[CLEAN C79] REJECT Scratch: area 1.0 < 20; long_side 1.0 < 10; skeleton_aspect 0.500 < 2.5
[CLEAN C79] REJECT Pit: area 1.0 < 32
[CLEAN C80] type=Rejected area=3.5 perimeter=7.4 bbox=(514,878,3,3) long=2.0 box_short=2.0 box_aspect=1.000 skeleton_width=2.00 skeleton_range=2.00-2.80 skeleton_aspect=1.000 circularity=0.800
[CLEAN C80] REJECT Scratch: area 3.5 < 20; long_side 2.0 < 10; skeleton_aspect 1.000 < 2.5
[CLEAN C80] REJECT Pit: area 3.5 < 32
[CLEAN C81] type=Rejected area=9.5 perimeter=20.2 bbox=(590,876,5,8) long=7.2 box_short=3.5 box_aspect=2.095 skeleton_width=2.00 skeleton_range=2.00-4.00 skeleton_aspect=3.617 circularity=0.291
[CLEAN C81] REJECT Scratch: area 9.5 < 20; long_side 7.2 < 10
[CLEAN C81] REJECT Pit: area 9.5 < 32; circularity 0.291 < 0.55
[CLEAN C82] type=Rejected area=15.5 perimeter=22.2 bbox=(1050,875,7,7) long=7.8 box_short=4.2 box_aspect=1.857 skeleton_width=2.00 skeleton_range=2.00-4.00 skeleton_aspect=3.900 circularity=0.394
[CLEAN C82] REJECT Scratch: area 15.5 < 20; long_side 7.8 < 10
[CLEAN C82] REJECT Pit: area 15.5 < 32; circularity 0.394 < 0.55
[CLEAN C83] type=Rejected area=7.5 perimeter=12.2 bbox=(771,874,5,4) long=4.4 box_short=2.5 box_aspect=1.750 skeleton_width=2.40 skeleton_range=2.00-2.80 skeleton_aspect=1.845 circularity=0.629
[CLEAN C83] REJECT Scratch: area 7.5 < 20; long_side 4.4 < 10; skeleton_aspect 1.845 < 2.5
[CLEAN C83] REJECT Pit: area 7.5 < 32
[CLEAN C84] type=Rejected area=3.5 perimeter=7.4 bbox=(754,874,3,3) long=2.0 box_short=2.0 box_aspect=1.000 skeleton_width=2.00 skeleton_range=2.00-2.80 skeleton_aspect=1.000 circularity=0.800
[CLEAN C84] REJECT Scratch: area 3.5 < 20; long_side 2.0 < 10; skeleton_aspect 1.000 < 2.5
[CLEAN C84] REJECT Pit: area 3.5 < 32
[CLEAN C85] type=Pit area=47.5 perimeter=27.6 bbox=(468,874,9,10) long=9.4 box_short=6.9 box_aspect=1.375 skeleton_width=5.00 skeleton_range=2.00-7.19 skeleton_aspect=1.888 circularity=0.786
[MEASURE C85] Pit diameter=0.234644 mm valid=False
[CLEAN C86] type=Rejected area=10.5 perimeter=36.2 bbox=(155,874,4,16) long=15.0 box_short=3.0 box_aspect=5.000 skeleton_width=2.00 skeleton_range=2.00-4.00 skeleton_aspect=7.500 circularity=0.100
[CLEAN C86] REJECT Scratch: area 10.5 < 20
[CLEAN C86] REJECT Pit: area 10.5 < 32; circularity 0.100 < 0.55
[CLEAN C87] type=Rejected area=6.5 perimeter=16.2 bbox=(1114,873,5,6) long=6.3 box_short=2.7 box_aspect=2.333 skeleton_width=2.00 skeleton_range=2.00-4.00 skeleton_aspect=3.130 circularity=0.310
[CLEAN C87] REJECT Scratch: area 6.5 < 20; long_side 6.3 < 10
[CLEAN C87] REJECT Pit: area 6.5 < 32; circularity 0.310 < 0.55
[CLEAN C88] type=Pit area=41.5 perimeter=27.1 bbox=(392,873,6,11) long=10.0 box_short=5.0 box_aspect=2.000 skeleton_width=5.60 skeleton_range=2.00-6.00 skeleton_aspect=1.786 circularity=0.712
[MEASURE C88] Pit diameter=0.270666 mm valid=True
Pit: area = 41.5 diameter_mm = 0.27066636085510254 circularity = 0.7116184363729262
[CLEAN C89] type=Rejected area=10.5 perimeter=13.4 bbox=(1029,872,5,4) long=4.0 box_short=3.0 box_aspect=1.333 skeleton_width=2.80 skeleton_range=2.00-4.00 skeleton_aspect=1.429 circularity=0.733
[CLEAN C89] REJECT Scratch: area 10.5 < 20; long_side 4.0 < 10; skeleton_aspect 1.429 < 2.5
[CLEAN C89] REJECT Pit: area 10.5 < 32
[CLEAN C90] type=Rejected area=8.0 perimeter=12.8 bbox=(713,872,3,6) long=5.0 box_short=2.0 box_aspect=2.500 skeleton_width=2.00 skeleton_range=2.00-4.00 skeleton_aspect=2.500 circularity=0.611
[CLEAN C90] REJECT Scratch: area 8.0 < 20; long_side 5.0 < 10
[CLEAN C90] REJECT Pit: area 8.0 < 32
[CLEAN C91] type=Rejected area=7.5 perimeter=11.4 bbox=(421,872,5,3) long=4.0 box_short=2.0 box_aspect=2.000 skeleton_width=2.40 skeleton_range=2.00-4.00 skeleton_aspect=1.667 circularity=0.723
[CLEAN C91] REJECT Scratch: area 7.5 < 20; long_side 4.0 < 10; skeleton_aspect 1.667 < 2.5
[CLEAN C91] REJECT Pit: area 7.5 < 32
[CLEAN C92] type=Rejected area=9.0 perimeter=36.5 bbox=(147,872,4,17) long=16.2 box_short=2.1 box_aspect=7.567 skeleton_width=2.00 skeleton_range=2.00-2.80 skeleton_aspect=8.087 circularity=0.085
[CLEAN C92] REJECT Scratch: area 9.0 < 20
[CLEAN C92] REJECT Pit: area 9.0 < 32; circularity 0.085 < 0.55; aspect_ratio 7.567 > 5.0
[CLEAN C93] type=Rejected area=1.0 perimeter=4.0 bbox=(1258,870,2,2) long=1.0 box_short=1.0 box_aspect=1.000 skeleton_width=2.00 skeleton_range=2.00-2.00 skeleton_aspect=0.500 circularity=0.785
[CLEAN C93] REJECT Scratch: area 1.0 < 20; long_side 1.0 < 10; skeleton_aspect 0.500 < 2.5
[CLEAN C93] REJECT Pit: area 1.0 < 32
[CLEAN C94] type=Rejected area=3.0 perimeter=12.8 bbox=(949,868,6,3) long=5.3 box_short=1.2 box_aspect=4.400 skeleton_width=2.00 skeleton_range=2.00-2.00 skeleton_aspect=2.668 circularity=0.229
[CLEAN C94] REJECT Scratch: area 3.0 < 20; long_side 5.3 < 10
[CLEAN C94] REJECT Pit: area 3.0 < 32; circularity 0.229 < 0.55
[CLEAN C95] type=Rejected area=16.0 perimeter=17.7 bbox=(846,868,7,5) long=6.0 box_short=4.0 box_aspect=1.500 skeleton_width=2.80 skeleton_range=2.00-4.00 skeleton_aspect=2.143 circularity=0.645
[CLEAN C95] REJECT Scratch: area 16.0 < 20; long_side 6.0 < 10; skeleton_aspect 2.143 < 2.5
[CLEAN C95] REJECT Pit: area 16.0 < 32
[CLEAN C96] type=Rejected area=1.0 perimeter=4.0 bbox=(1042,867,2,2) long=1.0 box_short=1.0 box_aspect=1.000 skeleton_width=2.00 skeleton_range=2.00-2.00 skeleton_aspect=0.500 circularity=0.785
[CLEAN C96] REJECT Scratch: area 1.0 < 20; long_side 1.0 < 10; skeleton_aspect 0.500 < 2.5
[CLEAN C96] REJECT Pit: area 1.0 < 32
[CLEAN C97] type=Scratch area=287.5 perimeter=132.9 bbox=(671,867,19,49) long=48.3 box_short=15.8 box_aspect=3.060 skeleton_width=5.00 skeleton_range=2.00-10.00 skeleton_aspect=9.667 circularity=0.205
[MEASURE C97] Scratch width=0.220950 mm valid=False
[CLEAN C98] type=Rejected area=4.0 perimeter=8.0 bbox=(426,866,3,3) long=2.0 box_short=2.0 box_aspect=1.000 skeleton_width=2.00 skeleton_range=2.00-4.00 skeleton_aspect=1.000 circularity=0.785
[CLEAN C98] REJECT Scratch: area 4.0 < 20; long_side 2.0 < 10; skeleton_aspect 1.000 < 2.5
[CLEAN C98] REJECT Pit: area 4.0 < 32
[CLEAN C99] type=Rejected area=2.0 perimeter=6.0 bbox=(717,865,3,2) long=2.0 box_short=1.0 box_aspect=2.000 skeleton_width=2.00 skeleton_range=2.00-2.00 skeleton_aspect=1.000 circularity=0.698
[CLEAN C99] REJECT Scratch: area 2.0 < 20; long_side 2.0 < 10; skeleton_aspect 1.000 < 2.5
[CLEAN C99] REJECT Pit: area 2.0 < 32
[CLEAN C100] type=Rejected area=6.0 perimeter=12.8 bbox=(662,865,3,6) long=5.0 box_short=2.0 box_aspect=2.500 skeleton_width=2.00 skeleton_range=2.00-2.80 skeleton_aspect=2.500 circularity=0.458
[CLEAN C100] REJECT Scratch: area 6.0 < 20; long_side 5.0 < 10
[CLEAN C100] REJECT Pit: area 6.0 < 32; circularity 0.458 < 0.55
[CLEAN C101] type=Rejected area=1.0 perimeter=4.0 bbox=(131,864,2,2) long=1.0 box_short=1.0 box_aspect=1.000 skeleton_width=2.00 skeleton_range=2.00-2.00 skeleton_aspect=0.500 circularity=0.785
[CLEAN C101] REJECT Scratch: area 1.0 < 20; long_side 1.0 < 10; skeleton_aspect 0.500 < 2.5
[CLEAN C101] REJECT Pit: area 1.0 < 32
[CLEAN C102] type=Rejected area=8.5 perimeter=20.2 bbox=(1080,861,8,5) long=7.8 box_short=3.2 box_aspect=2.462 skeleton_width=2.00 skeleton_range=2.00-4.00 skeleton_aspect=3.881 circularity=0.261
[CLEAN C102] REJECT Scratch: area 8.5 < 20; long_side 7.8 < 10
[CLEAN C102] REJECT Pit: area 8.5 < 32; circularity 0.261 < 0.55
[CLEAN C103] type=Rejected area=5.0 perimeter=12.0 bbox=(482,861,2,6) long=5.0 box_short=1.0 box_aspect=5.000 skeleton_width=2.00 skeleton_range=2.00-2.00 skeleton_aspect=2.500 circularity=0.436
[CLEAN C103] REJECT Scratch: area 5.0 < 20; long_side 5.0 < 10
[CLEAN C103] REJECT Pit: area 5.0 < 32; circularity 0.436 < 0.55
[CLEAN C104] type=Rejected area=1.0 perimeter=4.0 bbox=(112,861,2,2) long=1.0 box_short=1.0 box_aspect=1.000 skeleton_width=2.00 skeleton_range=2.00-2.00 skeleton_aspect=0.500 circularity=0.785
[CLEAN C104] REJECT Scratch: area 1.0 < 20; long_side 1.0 < 10; skeleton_aspect 0.500 < 2.5
[CLEAN C104] REJECT Pit: area 1.0 < 32
[CLEAN C105] type=Rejected area=3.5 perimeter=7.4 bbox=(624,860,3,3) long=2.0 box_short=2.0 box_aspect=1.000 skeleton_width=2.00 skeleton_range=2.00-2.80 skeleton_aspect=1.000 circularity=0.800
[CLEAN C105] REJECT Scratch: area 3.5 < 20; long_side 2.0 < 10; skeleton_aspect 1.000 < 2.5
[CLEAN C105] REJECT Pit: area 3.5 < 32
[CLEAN C106] type=Rejected area=3.0 perimeter=6.8 bbox=(472,860,3,3) long=2.8 box_short=1.4 box_aspect=2.000 skeleton_width=2.00 skeleton_range=2.00-2.80 skeleton_aspect=1.414 circularity=0.809
[CLEAN C106] REJECT Scratch: area 3.0 < 20; long_side 2.8 < 10; skeleton_aspect 1.414 < 2.5
[CLEAN C106] REJECT Pit: area 3.0 < 32
[CLEAN C107] type=Rejected area=1.0 perimeter=4.0 bbox=(1020,859,2,2) long=1.0 box_short=1.0 box_aspect=1.000 skeleton_width=2.00 skeleton_range=2.00-2.00 skeleton_aspect=0.500 circularity=0.785
[CLEAN C107] REJECT Scratch: area 1.0 < 20; long_side 1.0 < 10; skeleton_aspect 0.500 < 2.5
[CLEAN C107] REJECT Pit: area 1.0 < 32
[CLEAN C108] type=Scratch area=93.5 perimeter=64.7 bbox=(531,859,10,27) long=26.0 box_short=9.0 box_aspect=2.889 skeleton_width=2.80 skeleton_range=2.00-8.00 skeleton_aspect=9.286 circularity=0.280
[MEASURE C108] Scratch width=0.246780 mm valid=False
[CLEAN C109] type=Rejected area=3.0 perimeter=6.8 bbox=(322,859,3,3) long=2.8 box_short=1.4 box_aspect=2.000 skeleton_width=2.00 skeleton_range=2.00-2.80 skeleton_aspect=1.414 circularity=0.809
[CLEAN C109] REJECT Scratch: area 3.0 < 20; long_side 2.8 < 10; skeleton_aspect 1.414 < 2.5
[CLEAN C109] REJECT Pit: area 3.0 < 32
[CLEAN C110] type=Rejected area=1.0 perimeter=4.0 bbox=(127,857,2,2) long=1.0 box_short=1.0 box_aspect=1.000 skeleton_width=2.00 skeleton_range=2.00-2.00 skeleton_aspect=0.500 circularity=0.785
[CLEAN C110] REJECT Scratch: area 1.0 < 20; long_side 1.0 < 10; skeleton_aspect 0.500 < 2.5
[CLEAN C110] REJECT Pit: area 1.0 < 32
[CLEAN C111] type=Rejected area=6.5 perimeter=12.2 bbox=(924,856,4,5) long=4.5 box_short=2.7 box_aspect=1.667 skeleton_width=2.00 skeleton_range=2.00-2.80 skeleton_aspect=2.236 circularity=0.545
[CLEAN C111] REJECT Scratch: area 6.5 < 20; long_side 4.5 < 10; skeleton_aspect 2.236 < 2.5
[CLEAN C111] REJECT Pit: area 6.5 < 32; circularity 0.545 < 0.55
[CLEAN C112] type=Rejected area=2.0 perimeter=6.0 bbox=(605,854,3,2) long=2.0 box_short=1.0 box_aspect=2.000 skeleton_width=2.00 skeleton_range=2.00-2.00 skeleton_aspect=1.000 circularity=0.698
[CLEAN C112] REJECT Scratch: area 2.0 < 20; long_side 2.0 < 10; skeleton_aspect 1.000 < 2.5
[CLEAN C112] REJECT Pit: area 2.0 < 32
[CLEAN C113] type=Rejected area=7.0 perimeter=26.8 bbox=(514,854,3,13) long=12.1 box_short=1.4 box_aspect=8.375 skeleton_width=2.00 skeleton_range=2.00-2.00 skeleton_aspect=6.066 circularity=0.122
[CLEAN C113] REJECT Scratch: area 7.0 < 20
[CLEAN C113] REJECT Pit: area 7.0 < 32; circularity 0.122 < 0.55; aspect_ratio 8.375 > 5.0
[CLEAN C114] type=Rejected area=2.0 perimeter=6.0 bbox=(566,853,2,3) long=2.0 box_short=1.0 box_aspect=2.000 skeleton_width=2.00 skeleton_range=2.00-2.00 skeleton_aspect=1.000 circularity=0.698
[CLEAN C114] REJECT Scratch: area 2.0 < 20; long_side 2.0 < 10; skeleton_aspect 1.000 < 2.5
[CLEAN C114] REJECT Pit: area 2.0 < 32
[CLEAN C115] type=Scratch area=36.0 perimeter=44.5 bbox=(116,853,7,19) long=18.8 box_short=3.8 box_aspect=4.985 skeleton_width=2.80 skeleton_range=2.00-4.00 skeleton_aspect=6.703 circularity=0.229
[MEASURE C115] Scratch 不可测: 划痕最大宽度点超出中央有效测量区域
[CLEAN C116] type=Rejected area=8.0 perimeter=14.8 bbox=(547,852,3,7) long=6.0 box_short=2.0 box_aspect=3.000 skeleton_width=2.00 skeleton_range=2.00-2.80 skeleton_aspect=3.000 circularity=0.457
[CLEAN C116] REJECT Scratch: area 8.0 < 20; long_side 6.0 < 10
[CLEAN C116] REJECT Pit: area 8.0 < 32; circularity 0.457 < 0.55
[CLEAN C117] type=Rejected area=1.0 perimeter=4.0 bbox=(846,850,2,2) long=1.0 box_short=1.0 box_aspect=1.000 skeleton_width=2.00 skeleton_range=2.00-2.00 skeleton_aspect=0.500 circularity=0.785
[CLEAN C117] REJECT Scratch: area 1.0 < 20; long_side 1.0 < 10; skeleton_aspect 0.500 < 2.5
[CLEAN C117] REJECT Pit: area 1.0 < 32
[CLEAN C118] type=Rejected area=5.5 perimeter=9.4 bbox=(627,850,3,4) long=3.0 box_short=2.0 box_aspect=1.500 skeleton_width=2.00 skeleton_range=2.00-4.00 skeleton_aspect=1.500 circularity=0.780
[CLEAN C118] REJECT Scratch: area 5.5 < 20; long_side 3.0 < 10; skeleton_aspect 1.500 < 2.5
[CLEAN C118] REJECT Pit: area 5.5 < 32
[CLEAN C119] type=Rejected area=3.0 perimeter=6.8 bbox=(182,850,3,3) long=2.8 box_short=1.4 box_aspect=2.000 skeleton_width=2.00 skeleton_range=2.00-2.80 skeleton_aspect=1.414 circularity=0.809
[CLEAN C119] REJECT Scratch: area 3.0 < 20; long_side 2.8 < 10; skeleton_aspect 1.414 < 2.5
[CLEAN C119] REJECT Pit: area 3.0 < 32
[CLEAN C120] type=Scratch area=31.5 perimeter=43.1 bbox=(851,849,6,19) long=18.0 box_short=5.0 box_aspect=3.600 skeleton_width=2.00 skeleton_range=2.00-4.39 skeleton_aspect=9.000 circularity=0.213
[MEASURE C120] Scratch width=0.152858 mm valid=False
[CLEAN C121] type=Rejected area=3.0 perimeter=8.0 bbox=(1168,848,2,4) long=3.0 box_short=1.0 box_aspect=3.000 skeleton_width=2.00 skeleton_range=2.00-2.00 skeleton_aspect=1.500 circularity=0.589
[CLEAN C121] REJECT Scratch: area 3.0 < 20; long_side 3.0 < 10; skeleton_aspect 1.500 < 2.5
[CLEAN C121] REJECT Pit: area 3.0 < 32
[CLEAN C122] type=Scratch area=59.0 perimeter=37.3 bbox=(750,848,15,7) long=14.0 box_short=6.0 box_aspect=2.333 skeleton_width=4.39 skeleton_range=2.00-6.39 skeleton_aspect=3.186 circularity=0.533
[MEASURE C122] Scratch width=0.125009 mm valid=False
[CLEAN C123] type=Rejected area=18.5 perimeter=16.2 bbox=(382,848,5,6) long=5.0 box_short=4.0 box_aspect=1.250 skeleton_width=2.80 skeleton_range=2.00-5.60 skeleton_aspect=1.786 circularity=0.881
[CLEAN C123] REJECT Scratch: area 18.5 < 20; long_side 5.0 < 10; skeleton_aspect 1.786 < 2.5
[CLEAN C123] REJECT Pit: area 18.5 < 32
[CLEAN C124] type=Rejected area=22.0 perimeter=19.3 bbox=(370,848,6,8) long=7.1 box_short=4.2 box_aspect=1.667 skeleton_width=3.60 skeleton_range=2.00-4.39 skeleton_aspect=1.966 circularity=0.741
[CLEAN C124] REJECT Scratch: long_side 7.1 < 10; skeleton_aspect 1.966 < 2.5
[CLEAN C124] REJECT Pit: area 22.0 < 32
[CLEAN C125] type=Scratch area=212.0 perimeter=162.6 bbox=(913,847,8,76) long=75.0 box_short=6.0 box_aspect=12.401 skeleton_width=4.00 skeleton_range=2.00-6.00 skeleton_aspect=18.752 circularity=0.101
[MEASURE C125] Scratch width=0.140322 mm valid=False
[CLEAN C126] type=Scratch area=40.0 perimeter=31.3 bbox=(104,847,8,12) long=12.2 box_short=5.8 box_aspect=2.095 skeleton_width=4.00 skeleton_range=2.00-4.39 skeleton_aspect=3.051 circularity=0.513
[MEASURE C126] Scratch 不可测: 划痕最大宽度点超出中央有效测量区域
[CLEAN C127] type=Rejected area=12.5 perimeter=26.2 bbox=(657,845,4,12) long=11.1 box_short=2.6 box_aspect=4.308 skeleton_width=2.00 skeleton_range=2.00-4.00 skeleton_aspect=5.572 circularity=0.228
[CLEAN C127] REJECT Scratch: area 12.5 < 20
[CLEAN C127] REJECT Pit: area 12.5 < 32; circularity 0.228 < 0.55
[CLEAN C128] type=Rejected area=37.5 perimeter=31.9 bbox=(794,844,10,8) long=9.0 box_short=7.0 box_aspect=1.286 skeleton_width=4.00 skeleton_range=2.00-5.60 skeleton_aspect=2.250 circularity=0.463
[CLEAN C128] REJECT Scratch: long_side 9.0 < 10; skeleton_aspect 2.250 < 2.5
[CLEAN C128] REJECT Pit: circularity 0.463 < 0.55
[CLEAN C129] type=Rejected area=6.5 perimeter=12.2 bbox=(54,844,4,5) long=4.9 box_short=2.2 box_aspect=2.200 skeleton_width=2.00 skeleton_range=2.00-2.80 skeleton_aspect=2.460 circularity=0.545
[CLEAN C129] REJECT Scratch: area 6.5 < 20; long_side 4.9 < 10; skeleton_aspect 2.460 < 2.5
[CLEAN C129] REJECT Pit: area 6.5 < 32; circularity 0.545 < 0.55
[CLEAN C130] type=Rejected area=2.0 perimeter=6.0 bbox=(1193,843,3,2) long=2.0 box_short=1.0 box_aspect=2.000 skeleton_width=2.00 skeleton_range=2.00-2.00 skeleton_aspect=1.000 circularity=0.698
[CLEAN C130] REJECT Scratch: area 2.0 < 20; long_side 2.0 < 10; skeleton_aspect 1.000 < 2.5
[CLEAN C130] REJECT Pit: area 2.0 < 32
[CLEAN C131] type=Scratch area=71.0 perimeter=37.3 bbox=(772,843,10,13) long=12.0 box_short=8.8 box_aspect=1.371 skeleton_width=4.20 skeleton_range=2.00-8.40 skeleton_aspect=2.864 circularity=0.641
[MEASURE C131] Scratch width=0.188842 mm valid=False
[CLEAN C132] type=Scratch area=56.0 perimeter=36.1 bbox=(417,843,12,11) long=13.6 box_short=7.5 box_aspect=1.813 skeleton_width=4.20 skeleton_range=2.00-6.39 skeleton_aspect=3.237 circularity=0.539
[MEASURE C132] Scratch width=0.154296 mm valid=False
[CLEAN C133] type=Rejected area=1.0 perimeter=4.0 bbox=(336,843,2,2) long=1.0 box_short=1.0 box_aspect=1.000 skeleton_width=2.00 skeleton_range=2.00-2.00 skeleton_aspect=0.500 circularity=0.785
[CLEAN C133] REJECT Scratch: area 1.0 < 20; long_side 1.0 < 10; skeleton_aspect 0.500 < 2.5
[CLEAN C133] REJECT Pit: area 1.0 < 32
[CLEAN C134] type=Rejected area=2.0 perimeter=6.0 bbox=(1206,839,3,2) long=2.0 box_short=1.0 box_aspect=2.000 skeleton_width=2.00 skeleton_range=2.00-2.00 skeleton_aspect=1.000 circularity=0.698
[CLEAN C134] REJECT Scratch: area 2.0 < 20; long_side 2.0 < 10; skeleton_aspect 1.000 < 2.5
[CLEAN C134] REJECT Pit: area 2.0 < 32
[CLEAN C135] type=Scratch area=76.5 perimeter=90.2 bbox=(1148,839,20,35) long=38.9 box_short=6.4 box_aspect=6.114 skeleton_width=2.80 skeleton_range=2.00-5.60 skeleton_aspect=13.886 circularity=0.118
[MEASURE C135] Scratch 不可测: 划痕最大宽度点超出中央有效测量区域
[CLEAN C136] type=Rejected area=1.0 perimeter=4.0 bbox=(1084,839,2,2) long=1.0 box_short=1.0 box_aspect=1.000 skeleton_width=2.00 skeleton_range=2.00-2.00 skeleton_aspect=0.500 circularity=0.785
[CLEAN C136] REJECT Scratch: area 1.0 < 20; long_side 1.0 < 10; skeleton_aspect 0.500 < 2.5
[CLEAN C136] REJECT Pit: area 1.0 < 32
[CLEAN C137] type=Rejected area=5.0 perimeter=8.8 bbox=(810,839,4,3) long=3.0 box_short=2.0 box_aspect=1.500 skeleton_width=2.40 skeleton_range=2.00-2.80 skeleton_aspect=1.250 circularity=0.806
[CLEAN C137] REJECT Scratch: area 5.0 < 20; long_side 3.0 < 10; skeleton_aspect 1.250 < 2.5
[CLEAN C137] REJECT Pit: area 5.0 < 32
[CLEAN C138] type=Scratch area=36.5 perimeter=34.7 bbox=(675,838,10,12) long=14.2 box_short=5.7 box_aspect=2.507 skeleton_width=2.80 skeleton_range=2.00-6.00 skeleton_aspect=5.062 circularity=0.380
[MEASURE C138] Scratch width=0.149087 mm valid=False
[CLEAN C139] type=Scratch area=267.0 perimeter=118.6 bbox=(488,838,20,43) long=43.2 box_short=18.2 box_aspect=2.372 skeleton_width=4.00 skeleton_range=2.00-12.79 skeleton_aspect=10.796 circularity=0.238
[MEASURE C139] Scratch width=0.367188 mm valid=True
Scratch: area = 267.0 width_px = 4.0 width_mm = 0.3671884752344412 ratio = 10.79615306854248
[CLEAN C140] type=Rejected area=4.0 perimeter=10.0 bbox=(938,837,2,5) long=4.0 box_short=1.0 box_aspect=4.000 skeleton_width=2.00 skeleton_range=2.00-2.00 skeleton_aspect=2.000 circularity=0.503
[CLEAN C140] REJECT Scratch: area 4.0 < 20; long_side 4.0 < 10; skeleton_aspect 2.000 < 2.5
[CLEAN C140] REJECT Pit: area 4.0 < 32; circularity 0.503 < 0.55
[CLEAN C141] type=Rejected area=4.0 perimeter=10.0 bbox=(816,837,5,2) long=4.0 box_short=1.0 box_aspect=4.000 skeleton_width=2.00 skeleton_range=2.00-2.00 skeleton_aspect=2.000 circularity=0.503
[CLEAN C141] REJECT Scratch: area 4.0 < 20; long_side 4.0 < 10; skeleton_aspect 2.000 < 2.5
[CLEAN C141] REJECT Pit: area 4.0 < 32; circularity 0.503 < 0.55
[CLEAN C142] type=Rejected area=1.0 perimeter=4.0 bbox=(805,837,2,2) long=1.0 box_short=1.0 box_aspect=1.000 skeleton_width=2.00 skeleton_range=2.00-2.00 skeleton_aspect=0.500 circularity=0.785
[CLEAN C142] REJECT Scratch: area 1.0 < 20; long_side 1.0 < 10; skeleton_aspect 0.500 < 2.5
[CLEAN C142] REJECT Pit: area 1.0 < 32
[CLEAN C143] type=Rejected area=1.0 perimeter=4.0 bbox=(558,837,2,2) long=1.0 box_short=1.0 box_aspect=1.000 skeleton_width=2.00 skeleton_range=2.00-2.00 skeleton_aspect=0.500 circularity=0.785
[CLEAN C143] REJECT Scratch: area 1.0 < 20; long_side 1.0 < 10; skeleton_aspect 0.500 < 2.5
[CLEAN C143] REJECT Pit: area 1.0 < 32
[CLEAN C144] type=Rejected area=10.0 perimeter=16.8 bbox=(458,836,6,5) long=5.0 box_short=4.0 box_aspect=1.250 skeleton_width=2.00 skeleton_range=2.00-4.00 skeleton_aspect=2.500 circularity=0.444
[CLEAN C144] REJECT Scratch: area 10.0 < 20; long_side 5.0 < 10
[CLEAN C144] REJECT Pit: area 10.0 < 32; circularity 0.444 < 0.55
[CLEAN C145] type=Rejected area=1.0 perimeter=4.0 bbox=(1182,834,2,2) long=1.0 box_short=1.0 box_aspect=1.000 skeleton_width=2.00 skeleton_range=2.00-2.00 skeleton_aspect=0.500 circularity=0.785
[CLEAN C145] REJECT Scratch: area 1.0 < 20; long_side 1.0 < 10; skeleton_aspect 0.500 < 2.5
[CLEAN C145] REJECT Pit: area 1.0 < 32
[CLEAN C146] type=Rejected area=13.0 perimeter=14.8 bbox=(480,834,4,6) long=5.0 box_short=3.0 box_aspect=1.667 skeleton_width=3.40 skeleton_range=2.00-4.00 skeleton_aspect=1.471 circularity=0.743
[CLEAN C146] REJECT Scratch: area 13.0 < 20; long_side 5.0 < 10; skeleton_aspect 1.471 < 2.5
[CLEAN C146] REJECT Pit: area 13.0 < 32
[CLEAN C147] type=Rejected area=20.5 perimeter=25.1 bbox=(392,834,8,8) long=7.3 box_short=6.7 box_aspect=1.088 skeleton_width=2.00 skeleton_range=2.00-4.39 skeleton_aspect=3.628 circularity=0.410
[CLEAN C147] REJECT Scratch: long_side 7.3 < 10
[CLEAN C147] REJECT Pit: area 20.5 < 32; circularity 0.410 < 0.55
[CLEAN C148] type=Rejected area=2.0 perimeter=6.0 bbox=(788,833,2,3) long=2.0 box_short=1.0 box_aspect=2.000 skeleton_width=2.00 skeleton_range=2.00-2.00 skeleton_aspect=1.000 circularity=0.698
[CLEAN C148] REJECT Scratch: area 2.0 < 20; long_side 2.0 < 10; skeleton_aspect 1.000 < 2.5
[CLEAN C148] REJECT Pit: area 2.0 < 32
[CLEAN C149] type=Scratch area=93.5 perimeter=84.7 bbox=(734,833,11,32) long=31.0 box_short=10.0 box_aspect=3.100 skeleton_width=2.00 skeleton_range=2.00-7.19 skeleton_aspect=15.500 circularity=0.164
[MEASURE C149] Scratch width=0.175157 mm valid=False
[CLEAN C150] type=Scratch area=420.5 perimeter=215.8 bbox=(431,833,30,51) long=53.3 box_short=25.2 box_aspect=2.118 skeleton_width=4.00 skeleton_range=2.00-10.79 skeleton_aspect=13.334 circularity=0.113
[MEASURE C150] Scratch width=0.281448 mm valid=True
Scratch: area = 420.5 width_px = 4.0 width_mm = 0.28144765494981383 ratio = 13.333733558654785
[CLEAN C151] type=Rejected area=6.5 perimeter=12.2 bbox=(1022,832,4,5) long=4.9 box_short=2.2 box_aspect=2.200 skeleton_width=2.00 skeleton_range=2.00-2.80 skeleton_aspect=2.460 circularity=0.545
[CLEAN C151] REJECT Scratch: area 6.5 < 20; long_side 4.9 < 10; skeleton_aspect 2.460 < 2.5
[CLEAN C151] REJECT Pit: area 6.5 < 32; circularity 0.545 < 0.55
[CLEAN C152] type=Scratch area=117.0 perimeter=91.0 bbox=(520,832,10,40) long=39.1 box_short=8.7 box_aspect=4.474 skeleton_width=4.00 skeleton_range=2.00-6.00 skeleton_aspect=9.779 circularity=0.178
[MEASURE C152] Scratch width=0.126756 mm valid=False
[CLEAN C153] type=Scratch area=3907.5 perimeter=1375.3 bbox=(0,832,222,133) long=245.5 box_short=111.3 box_aspect=2.206 skeleton_width=4.00 skeleton_range=2.00-21.58 skeleton_aspect=61.366 circularity=0.026
[MEASURE C153] Scratch 不可测: 划痕最大宽度点超出中央有效测量区域
[CLEAN C154] type=Rejected area=3.5 perimeter=7.4 bbox=(1153,831,3,3) long=2.0 box_short=2.0 box_aspect=1.000 skeleton_width=2.00 skeleton_range=2.00-2.80 skeleton_aspect=1.000 circularity=0.800
[CLEAN C154] REJECT Scratch: area 3.5 < 20; long_side 2.0 < 10; skeleton_aspect 1.000 < 2.5
[CLEAN C154] REJECT Pit: area 3.5 < 32
[CLEAN C155] type=Rejected area=3.0 perimeter=6.8 bbox=(289,831,3,3) long=2.8 box_short=1.4 box_aspect=2.000 skeleton_width=2.00 skeleton_range=2.00-2.80 skeleton_aspect=1.414 circularity=0.809
[CLEAN C155] REJECT Scratch: area 3.0 < 20; long_side 2.8 < 10; skeleton_aspect 1.414 < 2.5
[CLEAN C155] REJECT Pit: area 3.0 < 32
[CLEAN C156] type=Rejected area=2.0 perimeter=6.0 bbox=(1232,829,3,2) long=2.0 box_short=1.0 box_aspect=2.000 skeleton_width=2.00 skeleton_range=2.00-2.00 skeleton_aspect=1.000 circularity=0.698
[CLEAN C156] REJECT Scratch: area 2.0 < 20; long_side 2.0 < 10; skeleton_aspect 1.000 < 2.5
[CLEAN C156] REJECT Pit: area 2.0 < 32
[CLEAN C157] type=Rejected area=2.0 perimeter=6.0 bbox=(649,828,2,3) long=2.0 box_short=1.0 box_aspect=2.000 skeleton_width=2.00 skeleton_range=2.00-2.00 skeleton_aspect=1.000 circularity=0.698
[CLEAN C157] REJECT Scratch: area 2.0 < 20; long_side 2.0 < 10; skeleton_aspect 1.000 < 2.5
[CLEAN C157] REJECT Pit: area 2.0 < 32
[CLEAN C158] type=Rejected area=27.5 perimeter=25.1 bbox=(952,827,6,10) long=9.8 box_short=4.4 box_aspect=2.214 skeleton_width=4.00 skeleton_range=2.00-4.39 skeleton_aspect=2.451 circularity=0.550
[CLEAN C158] REJECT Scratch: long_side 9.8 < 10; skeleton_aspect 2.451 < 2.5
[CLEAN C158] REJECT Pit: area 27.5 < 32; circularity 0.550 < 0.55
[CLEAN C159] type=Rejected area=15.5 perimeter=20.2 bbox=(766,827,6,7) long=6.0 box_short=5.0 box_aspect=1.200 skeleton_width=2.40 skeleton_range=2.00-4.00 skeleton_aspect=2.500 circularity=0.475
[CLEAN C159] REJECT Scratch: area 15.5 < 20; long_side 6.0 < 10; skeleton_aspect 2.500 < 2.5
[CLEAN C159] REJECT Pit: area 15.5 < 32; circularity 0.475 < 0.55
[CLEAN C160] type=Rejected area=5.0 perimeter=8.8 bbox=(129,827,4,3) long=3.0 box_short=2.0 box_aspect=1.500 skeleton_width=2.40 skeleton_range=2.00-2.80 skeleton_aspect=1.250 circularity=0.806
[CLEAN C160] REJECT Scratch: area 5.0 < 20; long_side 3.0 < 10; skeleton_aspect 1.250 < 2.5
[CLEAN C160] REJECT Pit: area 5.0 < 32
[CLEAN C161] type=Rejected area=1.0 perimeter=4.0 bbox=(140,826,2,2) long=1.0 box_short=1.0 box_aspect=1.000 skeleton_width=2.00 skeleton_range=2.00-2.00 skeleton_aspect=0.500 circularity=0.785
[CLEAN C161] REJECT Scratch: area 1.0 < 20; long_side 1.0 < 10; skeleton_aspect 0.500 < 2.5
[CLEAN C161] REJECT Pit: area 1.0 < 32
[CLEAN C162] type=Rejected area=1.0 perimeter=4.0 bbox=(108,826,2,2) long=1.0 box_short=1.0 box_aspect=1.000 skeleton_width=2.00 skeleton_range=2.00-2.00 skeleton_aspect=0.500 circularity=0.785
[CLEAN C162] REJECT Scratch: area 1.0 < 20; long_side 1.0 < 10; skeleton_aspect 0.500 < 2.5
[CLEAN C162] REJECT Pit: area 1.0 < 32
[CLEAN C163] type=Rejected area=17.5 perimeter=20.2 bbox=(565,825,4,9) long=8.0 box_short=3.0 box_aspect=2.667 skeleton_width=3.40 skeleton_range=2.00-4.00 skeleton_aspect=2.353 circularity=0.537
[CLEAN C163] REJECT Scratch: area 17.5 < 20; long_side 8.0 < 10; skeleton_aspect 2.353 < 2.5
[CLEAN C163] REJECT Pit: area 17.5 < 32; circularity 0.537 < 0.55
[CLEAN C164] type=Scratch area=25.5 perimeter=33.1 bbox=(542,825,13,5) long=12.0 box_short=4.0 box_aspect=3.000 skeleton_width=2.80 skeleton_range=2.00-4.00 skeleton_aspect=4.286 circularity=0.293
[MEASURE C164] Scratch width=0.095238 mm valid=False
[CLEAN C165] type=Rejected area=2.0 perimeter=6.0 bbox=(285,825,2,3) long=2.0 box_short=1.0 box_aspect=2.000 skeleton_width=2.00 skeleton_range=2.00-2.00 skeleton_aspect=1.000 circularity=0.698
[CLEAN C165] REJECT Scratch: area 2.0 < 20; long_side 2.0 < 10; skeleton_aspect 1.000 < 2.5
[CLEAN C165] REJECT Pit: area 2.0 < 32
[CLEAN C166] type=Rejected area=9.0 perimeter=12.8 bbox=(745,824,5,4) long=4.0 box_short=3.0 box_aspect=1.333 skeleton_width=2.80 skeleton_range=2.00-4.00 skeleton_aspect=1.429 circularity=0.687
[CLEAN C166] REJECT Scratch: area 9.0 < 20; long_side 4.0 < 10; skeleton_aspect 1.429 < 2.5
[CLEAN C166] REJECT Pit: area 9.0 < 32
[CLEAN C167] type=Scratch area=25.0 perimeter=26.8 bbox=(292,823,11,4) long=10.0 box_short=3.0 box_aspect=3.333 skeleton_width=4.00 skeleton_range=2.00-4.00 skeleton_aspect=2.500 circularity=0.436
[MEASURE C167] Scratch width=0.065476 mm valid=False
[CLEAN C168] type=Rejected area=3.5 perimeter=7.4 bbox=(1026,822,3,3) long=2.0 box_short=2.0 box_aspect=1.000 skeleton_width=2.00 skeleton_range=2.00-2.80 skeleton_aspect=1.000 circularity=0.800
[CLEAN C168] REJECT Scratch: area 3.5 < 20; long_side 2.0 < 10; skeleton_aspect 1.000 < 2.5
[CLEAN C168] REJECT Pit: area 3.5 < 32
[CLEAN C169] type=Rejected area=29.5 perimeter=23.9 bbox=(371,822,6,10) long=9.0 box_short=5.0 box_aspect=1.800 skeleton_width=4.00 skeleton_range=2.00-5.60 skeleton_aspect=2.250 circularity=0.649
[CLEAN C169] REJECT Scratch: long_side 9.0 < 10; skeleton_aspect 2.250 < 2.5
[CLEAN C169] REJECT Pit: area 29.5 < 32
[CLEAN C170] type=Rejected area=3.0 perimeter=6.8 bbox=(756,821,3,3) long=2.8 box_short=1.4 box_aspect=2.000 skeleton_width=2.00 skeleton_range=2.00-2.80 skeleton_aspect=1.414 circularity=0.809
[CLEAN C170] REJECT Scratch: area 3.0 < 20; long_side 2.8 < 10; skeleton_aspect 1.414 < 2.5
[CLEAN C170] REJECT Pit: area 3.0 < 32
[CLEAN C171] type=Rejected area=15.0 perimeter=15.7 bbox=(326,821,5,6) long=5.0 box_short=4.0 box_aspect=1.250 skeleton_width=3.40 skeleton_range=2.00-4.00 skeleton_aspect=1.471 circularity=0.769
[CLEAN C171] REJECT Scratch: area 15.0 < 20; long_side 5.0 < 10; skeleton_aspect 1.471 < 2.5
[CLEAN C171] REJECT Pit: area 15.0 < 32
[CLEAN C172] type=Rejected area=1.0 perimeter=4.0 bbox=(1121,820,2,2) long=1.0 box_short=1.0 box_aspect=1.000 skeleton_width=2.00 skeleton_range=2.00-2.00 skeleton_aspect=0.500 circularity=0.785
[CLEAN C172] REJECT Scratch: area 1.0 < 20; long_side 1.0 < 10; skeleton_aspect 0.500 < 2.5
[CLEAN C172] REJECT Pit: area 1.0 < 32
[CLEAN C173] type=Scratch area=335.5 perimeter=202.9 bbox=(899,820,10,92) long=91.2 box_short=7.9 box_aspect=11.504 skeleton_width=4.20 skeleton_range=2.00-8.00 skeleton_aspect=21.729 circularity=0.102
[MEASURE C173] Scratch width=0.218096 mm valid=False
[CLEAN C174] type=Rejected area=1.0 perimeter=4.0 bbox=(828,819,2,2) long=1.0 box_short=1.0 box_aspect=1.000 skeleton_width=2.00 skeleton_range=2.00-2.00 skeleton_aspect=0.500 circularity=0.785
[CLEAN C174] REJECT Scratch: area 1.0 < 20; long_side 1.0 < 10; skeleton_aspect 0.500 < 2.5
[CLEAN C174] REJECT Pit: area 1.0 < 32
[CLEAN C175] type=Scratch area=60.5 perimeter=47.9 bbox=(75,819,7,21) long=20.0 box_short=6.0 box_aspect=3.333 skeleton_width=4.00 skeleton_range=2.00-6.00 skeleton_aspect=5.000 circularity=0.331
[MEASURE C175] Scratch 不可测: 划痕最大宽度点超出中央有效测量区域
[CLEAN C176] type=Rejected area=7.0 perimeter=19.7 bbox=(1142,817,4,9) long=8.4 box_short=2.1 box_aspect=3.923 skeleton_width=2.00 skeleton_range=2.00-2.80 skeleton_aspect=4.192 circularity=0.228
[CLEAN C176] REJECT Scratch: area 7.0 < 20; long_side 8.4 < 10
[CLEAN C176] REJECT Pit: area 7.0 < 32; circularity 0.228 < 0.55
[CLEAN C177] type=Rejected area=8.5 perimeter=11.4 bbox=(469,817,4,4) long=3.0 box_short=3.0 box_aspect=1.000 skeleton_width=2.80 skeleton_range=2.00-4.00 skeleton_aspect=1.071 circularity=0.820
[CLEAN C177] REJECT Scratch: area 8.5 < 20; long_side 3.0 < 10; skeleton_aspect 1.071 < 2.5
[CLEAN C177] REJECT Pit: area 8.5 < 32
[CLEAN C178] type=Rejected area=20.5 perimeter=18.2 bbox=(1053,816,7,5) long=6.0 box_short=4.0 box_aspect=1.500 skeleton_width=4.00 skeleton_range=2.00-5.60 skeleton_aspect=1.500 circularity=0.774
[CLEAN C178] REJECT Scratch: long_side 6.0 < 10; skeleton_aspect 1.500 < 2.5
[CLEAN C178] REJECT Pit: area 20.5 < 32
[CLEAN C179] type=Scratch area=27.5 perimeter=36.2 bbox=(386,816,4,17) long=16.2 box_short=2.8 box_aspect=5.880 skeleton_width=2.80 skeleton_range=2.00-4.00 skeleton_aspect=5.798 circularity=0.263
[MEASURE C179] Scratch width=0.083783 mm valid=False
[CLEAN C180] type=Rejected area=2.0 perimeter=6.0 bbox=(820,815,2,3) long=2.0 box_short=1.0 box_aspect=2.000 skeleton_width=2.00 skeleton_range=2.00-2.00 skeleton_aspect=1.000 circularity=0.698
[CLEAN C180] REJECT Scratch: area 2.0 < 20; long_side 2.0 < 10; skeleton_aspect 1.000 < 2.5
[CLEAN C180] REJECT Pit: area 2.0 < 32
[CLEAN C181] type=Rejected area=8.0 perimeter=12.8 bbox=(789,814,6,3) long=5.0 box_short=2.0 box_aspect=2.500 skeleton_width=2.00 skeleton_range=2.00-4.00 skeleton_aspect=2.500 circularity=0.611
[CLEAN C181] REJECT Scratch: area 8.0 < 20; long_side 5.0 < 10
[CLEAN C181] REJECT Pit: area 8.0 < 32
[CLEAN C182] type=Rejected area=8.5 perimeter=18.2 bbox=(1236,813,8,4) long=7.5 box_short=2.4 box_aspect=3.167 skeleton_width=2.00 skeleton_range=2.00-4.00 skeleton_aspect=3.726 circularity=0.321
[CLEAN C182] REJECT Scratch: area 8.5 < 20; long_side 7.5 < 10
[CLEAN C182] REJECT Pit: area 8.5 < 32; circularity 0.321 < 0.55
[CLEAN C183] type=Rejected area=1.0 perimeter=4.0 bbox=(521,813,2,2) long=1.0 box_short=1.0 box_aspect=1.000 skeleton_width=2.00 skeleton_range=2.00-2.00 skeleton_aspect=0.500 circularity=0.785
[CLEAN C183] REJECT Scratch: area 1.0 < 20; long_side 1.0 < 10; skeleton_aspect 0.500 < 2.5
[CLEAN C183] REJECT Pit: area 1.0 < 32
[CLEAN C184] type=Rejected area=1.0 perimeter=4.0 bbox=(559,812,2,2) long=1.0 box_short=1.0 box_aspect=1.000 skeleton_width=2.00 skeleton_range=2.00-2.00 skeleton_aspect=0.500 circularity=0.785
[CLEAN C184] REJECT Scratch: area 1.0 < 20; long_side 1.0 < 10; skeleton_aspect 0.500 < 2.5
[CLEAN C184] REJECT Pit: area 1.0 < 32
[CLEAN C185] type=Scratch area=565.0 perimeter=252.2 bbox=(858,811,34,82) long=78.6 box_short=29.4 box_aspect=2.677 skeleton_width=6.00 skeleton_range=2.00-10.00 skeleton_aspect=13.097 circularity=0.112
[MEASURE C185] Scratch width=0.237385 mm valid=False
[CLEAN C186] type=Rejected area=4.0 perimeter=8.0 bbox=(782,811,3,3) long=2.0 box_short=2.0 box_aspect=1.000 skeleton_width=2.00 skeleton_range=2.00-4.00 skeleton_aspect=1.000 circularity=0.785
[CLEAN C186] REJECT Scratch: area 4.0 < 20; long_side 2.0 < 10; skeleton_aspect 1.000 < 2.5
[CLEAN C186] REJECT Pit: area 4.0 < 32
[CLEAN C187] type=Rejected area=1.0 perimeter=4.0 bbox=(746,811,2,2) long=1.0 box_short=1.0 box_aspect=1.000 skeleton_width=2.00 skeleton_range=2.00-2.00 skeleton_aspect=0.500 circularity=0.785
[CLEAN C187] REJECT Scratch: area 1.0 < 20; long_side 1.0 < 10; skeleton_aspect 0.500 < 2.5
[CLEAN C187] REJECT Pit: area 1.0 < 32
[CLEAN C188] type=Rejected area=1.0 perimeter=4.0 bbox=(682,811,2,2) long=1.0 box_short=1.0 box_aspect=1.000 skeleton_width=2.00 skeleton_range=2.00-2.00 skeleton_aspect=0.500 circularity=0.785
[CLEAN C188] REJECT Scratch: area 1.0 < 20; long_side 1.0 < 10; skeleton_aspect 0.500 < 2.5
[CLEAN C188] REJECT Pit: area 1.0 < 32
[CLEAN C189] type=Scratch area=54.5 perimeter=43.9 bbox=(496,811,6,20) long=19.0 box_short=5.0 box_aspect=3.800 skeleton_width=4.00 skeleton_range=2.00-5.60 skeleton_aspect=4.750 circularity=0.355
[MEASURE C189] Scratch width=0.127775 mm valid=False
[CLEAN C190] type=Rejected area=10.0 perimeter=15.7 bbox=(67,811,5,6) long=6.4 box_short=2.8 box_aspect=2.250 skeleton_width=2.00 skeleton_range=2.00-4.00 skeleton_aspect=3.182 circularity=0.513
[CLEAN C190] REJECT Scratch: area 10.0 < 20; long_side 6.4 < 10
[CLEAN C190] REJECT Pit: area 10.0 < 32; circularity 0.513 < 0.55
[CLEAN C191] type=Rejected area=17.0 perimeter=26.8 bbox=(49,811,3,13) long=12.0 box_short=2.0 box_aspect=6.000 skeleton_width=2.00 skeleton_range=2.00-4.00 skeleton_aspect=6.000 circularity=0.297
[CLEAN C191] REJECT Scratch: area 17.0 < 20
[CLEAN C191] REJECT Pit: area 17.0 < 32; circularity 0.297 < 0.55; aspect_ratio 6.000 > 5.0
[CLEAN C192] type=Rejected area=5.5 perimeter=9.4 bbox=(42,811,3,4) long=3.0 box_short=2.0 box_aspect=1.500 skeleton_width=2.00 skeleton_range=2.00-4.00 skeleton_aspect=1.500 circularity=0.780
[CLEAN C192] REJECT Scratch: area 5.5 < 20; long_side 3.0 < 10; skeleton_aspect 1.500 < 2.5
[CLEAN C192] REJECT Pit: area 5.5 < 32
[CLEAN C193] type=Scratch area=227.5 perimeter=189.0 bbox=(625,807,20,72) long=71.0 box_short=19.0 box_aspect=3.743 skeleton_width=4.00 skeleton_range=2.00-8.39 skeleton_aspect=17.748 circularity=0.080
[MEASURE C193] Scratch width=0.238103 mm valid=False
[CLEAN C194] type=Scratch area=45.5 perimeter=32.2 bbox=(461,807,6,13) long=12.0 box_short=5.0 box_aspect=2.400 skeleton_width=4.00 skeleton_range=2.00-6.00 skeleton_aspect=3.000 circularity=0.550
[MEASURE C194] Scratch width=0.129555 mm valid=False
[CLEAN C195] type=Scratch area=71.5 perimeter=79.9 bbox=(0,806,6,37) long=36.3 box_short=4.6 box_aspect=7.953 skeleton_width=4.00 skeleton_range=2.00-6.00 skeleton_aspect=9.066 circularity=0.141
[MEASURE C195] Scratch 不可测: 划痕最大宽度点超出中央有效测量区域
[CLEAN C196] type=Scratch area=24.5 perimeter=29.1 bbox=(1163,805,5,13) long=12.4 box_short=3.6 box_aspect=3.462 skeleton_width=2.80 skeleton_range=2.00-4.00 skeleton_aspect=4.415 circularity=0.364
[MEASURE C196] Scratch 不可测: 划痕最大宽度点超出中央有效测量区域
[CLEAN C197] type=Scratch area=1117.5 perimeter=486.4 bbox=(570,805,42,98) long=96.1 box_short=41.1 box_aspect=2.338 skeleton_width=6.00 skeleton_range=2.00-12.00 skeleton_aspect=16.019 circularity=0.059
[MEASURE C197] Scratch width=0.292484 mm valid=True
Scratch: area = 1117.5 width_px = 6.0 width_mm = 0.2924838334242333 ratio = 16.018712361653645
[CLEAN C198] type=Rejected area=15.5 perimeter=19.1 bbox=(107,804,7,6) long=6.0 box_short=5.0 box_aspect=1.200 skeleton_width=2.00 skeleton_range=2.00-4.39 skeleton_aspect=3.000 circularity=0.536
[CLEAN C198] REJECT Scratch: area 15.5 < 20; long_side 6.0 < 10
[CLEAN C198] REJECT Pit: area 15.5 < 32; circularity 0.536 < 0.55
[CLEAN C199] type=Scratch area=26.5 perimeter=30.7 bbox=(1223,803,11,9) long=12.0 box_short=4.2 box_aspect=2.833 skeleton_width=2.80 skeleton_range=2.00-4.39 skeleton_aspect=4.293 circularity=0.353
[MEASURE C199] Scratch 不可测: 划痕最大宽度点超出中央有效测量区域
[CLEAN C200] type=Scratch area=51.5 perimeter=51.1 bbox=(480,803,6,23) long=22.0 box_short=5.0 box_aspect=4.400 skeleton_width=4.00 skeleton_range=2.00-5.60 skeleton_aspect=5.500 circularity=0.248
[MEASURE C200] Scratch width=0.152763 mm valid=False
[CLEAN C201] type=Rejected area=20.0 perimeter=22.8 bbox=(193,803,4,10) long=9.0 box_short=3.0 box_aspect=3.000 skeleton_width=4.00 skeleton_range=2.00-4.00 skeleton_aspect=2.250 circularity=0.482
[CLEAN C201] REJECT Scratch: long_side 9.0 < 10; skeleton_aspect 2.250 < 2.5
[CLEAN C201] REJECT Pit: area 20.0 < 32; circularity 0.482 < 0.55
[CLEAN C202] type=Rejected area=6.0 perimeter=10.8 bbox=(950,802,3,5) long=4.0 box_short=2.0 box_aspect=2.000 skeleton_width=2.00 skeleton_range=2.00-2.80 skeleton_aspect=2.000 circularity=0.643
[CLEAN C202] REJECT Scratch: area 6.0 < 20; long_side 4.0 < 10; skeleton_aspect 2.000 < 2.5
[CLEAN C202] REJECT Pit: area 6.0 < 32
[CLEAN C203] type=Scratch area=211.0 perimeter=154.4 bbox=(712,800,26,45) long=44.1 box_short=24.7 box_aspect=1.787 skeleton_width=4.00 skeleton_range=2.00-7.19 skeleton_aspect=11.024 circularity=0.111
[MEASURE C203] Scratch width=0.256214 mm valid=True
Scratch: area = 211.0 width_px = 4.0 width_mm = 0.2562142479710816 ratio = 11.02372932434082
[CLEAN C204] type=Scratch area=28.0 perimeter=52.1 bbox=(1207,799,11,20) long=20.9 box_short=6.7 box_aspect=3.128 skeleton_width=2.00 skeleton_range=2.00-4.00 skeleton_aspect=10.461 circularity=0.129
[MEASURE C204] Scratch 不可测: 划痕最大宽度点超出中央有效测量区域
[CLEAN C205] type=Rejected area=1.0 perimeter=4.0 bbox=(1170,799,2,2) long=1.0 box_short=1.0 box_aspect=1.000 skeleton_width=2.00 skeleton_range=2.00-2.00 skeleton_aspect=0.500 circularity=0.785
[CLEAN C205] REJECT Scratch: area 1.0 < 20; long_side 1.0 < 10; skeleton_aspect 0.500 < 2.5
[CLEAN C205] REJECT Pit: area 1.0 < 32
[CLEAN C206] type=Rejected area=2.0 perimeter=6.0 bbox=(968,799,2,3) long=2.0 box_short=1.0 box_aspect=2.000 skeleton_width=2.00 skeleton_range=2.00-2.00 skeleton_aspect=1.000 circularity=0.698
[CLEAN C206] REJECT Scratch: area 2.0 < 20; long_side 2.0 < 10; skeleton_aspect 1.000 < 2.5
[CLEAN C206] REJECT Pit: area 2.0 < 32
[CLEAN C207] type=Rejected area=2.0 perimeter=6.0 bbox=(959,797,3,2) long=2.0 box_short=1.0 box_aspect=2.000 skeleton_width=2.00 skeleton_range=2.00-2.00 skeleton_aspect=1.000 circularity=0.698
[CLEAN C207] REJECT Scratch: area 2.0 < 20; long_side 2.0 < 10; skeleton_aspect 1.000 < 2.5
[CLEAN C207] REJECT Pit: area 2.0 < 32
[CLEAN C208] type=Rejected area=14.0 perimeter=25.7 bbox=(751,797,5,11) long=10.4 box_short=3.7 box_aspect=2.824 skeleton_width=2.00 skeleton_range=2.00-2.80 skeleton_aspect=5.206 circularity=0.267
[CLEAN C208] REJECT Scratch: area 14.0 < 20
[CLEAN C208] REJECT Pit: area 14.0 < 32; circularity 0.267 < 0.55
[CLEAN C209] type=Rejected area=4.5 perimeter=9.4 bbox=(475,797,3,4) long=3.0 box_short=2.0 box_aspect=1.500 skeleton_width=2.00 skeleton_range=2.00-2.80 skeleton_aspect=1.500 circularity=0.638
[CLEAN C209] REJECT Scratch: area 4.5 < 20; long_side 3.0 < 10; skeleton_aspect 1.500 < 2.5
[CLEAN C209] REJECT Pit: area 4.5 < 32
[CLEAN C210] type=Scratch area=148.0 perimeter=129.5 bbox=(606,796,17,36) long=35.2 box_short=14.4 box_aspect=2.454 skeleton_width=2.80 skeleton_range=2.00-8.00 skeleton_aspect=12.581 circularity=0.111
[MEASURE C210] Scratch width=0.208367 mm valid=False
[CLEAN C211] type=Scratch area=28.5 perimeter=25.4 bbox=(562,795,4,11) long=10.0 box_short=3.0 box_aspect=3.333 skeleton_width=4.00 skeleton_range=2.00-4.00 skeleton_aspect=2.500 circularity=0.554
[MEASURE C211] Scratch width=0.095763 mm valid=False
[CLEAN C212] type=Rejected area=15.0 perimeter=15.7 bbox=(225,795,5,6) long=4.5 box_short=4.5 box_aspect=1.000 skeleton_width=2.40 skeleton_range=2.00-4.39 skeleton_aspect=1.863 circularity=0.769
[CLEAN C212] REJECT Scratch: area 15.0 < 20; long_side 4.5 < 10; skeleton_aspect 1.863 < 2.5
[CLEAN C212] REJECT Pit: area 15.0 < 32
[CLEAN C213] type=Scratch area=132.5 perimeter=120.7 bbox=(528,794,7,58) long=57.2 box_short=4.2 box_aspect=13.470 skeleton_width=4.00 skeleton_range=2.00-4.00 skeleton_aspect=14.303 circularity=0.114
[MEASURE C213] Scratch width=0.102431 mm valid=False
[CLEAN C214] type=Scratch area=8084.5 perimeter=1984.2 bbox=(795,793,465,172) long=492.7 box_short=109.9 box_aspect=4.484 skeleton_width=6.00 skeleton_range=2.00-40.75 skeleton_aspect=82.110 circularity=0.026
[MEASURE C214] Scratch 不可测: 划痕最大宽度点超出中央有效测量区域
[CLEAN C215] type=Rejected area=11.0 perimeter=18.8 bbox=(555,793,3,9) long=8.0 box_short=2.0 box_aspect=4.000 skeleton_width=2.00 skeleton_range=2.00-4.00 skeleton_aspect=4.000 circularity=0.390
[CLEAN C215] REJECT Scratch: area 11.0 < 20; long_side 8.0 < 10
[CLEAN C215] REJECT Pit: area 11.0 < 32; circularity 0.390 < 0.55
[CLEAN C216] type=Rejected area=1.0 perimeter=4.0 bbox=(1187,792,2,2) long=1.0 box_short=1.0 box_aspect=1.000 skeleton_width=2.00 skeleton_range=2.00-2.00 skeleton_aspect=0.500 circularity=0.785
[CLEAN C216] REJECT Scratch: area 1.0 < 20; long_side 1.0 < 10; skeleton_aspect 0.500 < 2.5
[CLEAN C216] REJECT Pit: area 1.0 < 32
[CLEAN C217] type=Scratch area=213.5 perimeter=113.7 bbox=(391,792,25,39) long=43.5 box_short=12.5 box_aspect=3.484 skeleton_width=4.00 skeleton_range=2.00-10.79 skeleton_aspect=10.879 circularity=0.208
[MEASURE C217] Scratch width=0.302690 mm valid=True
Scratch: area = 213.5 width_px = 4.0 width_mm = 0.30269044267950784 ratio = 10.879182815551758
[CLEAN C218] type=Rejected area=2.0 perimeter=6.0 bbox=(1145,791,3,2) long=2.0 box_short=1.0 box_aspect=2.000 skeleton_width=2.00 skeleton_range=2.00-2.00 skeleton_aspect=1.000 circularity=0.698
[CLEAN C218] REJECT Scratch: area 2.0 < 20; long_side 2.0 < 10; skeleton_aspect 1.000 < 2.5
[CLEAN C218] REJECT Pit: area 2.0 < 32
[CLEAN C219] type=Rejected area=7.5 perimeter=16.2 bbox=(1108,791,5,6) long=6.4 box_short=2.8 box_aspect=2.250 skeleton_width=2.00 skeleton_range=2.00-4.00 skeleton_aspect=3.182 circularity=0.357
[CLEAN C219] REJECT Scratch: area 7.5 < 20; long_side 6.4 < 10
[CLEAN C219] REJECT Pit: area 7.5 < 32; circularity 0.357 < 0.55
[CLEAN C220] type=Scratch area=274.5 perimeter=181.0 bbox=(645,791,26,52) long=54.7 box_short=14.5 box_aspect=3.769 skeleton_width=4.00 skeleton_range=2.00-8.00 skeleton_aspect=13.675 circularity=0.105
[MEASURE C220] Scratch width=0.309769 mm valid=True
Scratch: area = 274.5 width_px = 4.0 width_mm = 0.3097689174874467 ratio = 13.67482852935791
[CLEAN C221] type=Rejected area=9.5 perimeter=12.2 bbox=(1232,790,5,4) long=4.0 box_short=3.0 box_aspect=1.333 skeleton_width=2.80 skeleton_range=2.00-4.00 skeleton_aspect=1.429 circularity=0.796
[CLEAN C221] REJECT Scratch: area 9.5 < 20; long_side 4.0 < 10; skeleton_aspect 1.429 < 2.5
[CLEAN C221] REJECT Pit: area 9.5 < 32
[CLEAN C222] type=Rejected area=1.0 perimeter=4.0 bbox=(312,790,2,2) long=1.0 box_short=1.0 box_aspect=1.000 skeleton_width=2.00 skeleton_range=2.00-2.00 skeleton_aspect=0.500 circularity=0.785
[CLEAN C222] REJECT Scratch: area 1.0 < 20; long_side 1.0 < 10; skeleton_aspect 0.500 < 2.5
[CLEAN C222] REJECT Pit: area 1.0 < 32
[CLEAN C223] type=Rejected area=23.0 perimeter=20.5 bbox=(863,789,7,7) long=8.5 box_short=4.2 box_aspect=2.000 skeleton_width=4.00 skeleton_range=2.00-5.60 skeleton_aspect=2.121 circularity=0.689
[CLEAN C223] REJECT Scratch: long_side 8.5 < 10; skeleton_aspect 2.121 < 2.5
[CLEAN C223] REJECT Pit: area 23.0 < 32
[CLEAN C224] type=Rejected area=17.0 perimeter=16.8 bbox=(789,788,6,5) long=5.0 box_short=4.0 box_aspect=1.250 skeleton_width=4.00 skeleton_range=2.00-4.39 skeleton_aspect=1.250 circularity=0.754
[CLEAN C224] REJECT Scratch: area 17.0 < 20; long_side 5.0 < 10; skeleton_aspect 1.250 < 2.5
[CLEAN C224] REJECT Pit: area 17.0 < 32
[CLEAN C225] type=Rejected area=4.0 perimeter=8.8 bbox=(70,788,4,3) long=3.0 box_short=2.0 box_aspect=1.500 skeleton_width=2.00 skeleton_range=2.00-2.80 skeleton_aspect=1.500 circularity=0.645
[CLEAN C225] REJECT Scratch: area 4.0 < 20; long_side 3.0 < 10; skeleton_aspect 1.500 < 2.5
[CLEAN C225] REJECT Pit: area 4.0 < 32
[CLEAN C226] type=Scratch area=68.0 perimeter=37.3 bbox=(453,787,8,15) long=14.0 box_short=7.0 box_aspect=2.000 skeleton_width=5.60 skeleton_range=2.00-8.00 skeleton_aspect=2.500 circularity=0.614
[MEASURE C226] Scratch width=0.179415 mm valid=False
[CLEAN C227] type=Rejected area=1.0 perimeter=4.0 bbox=(1251,785,2,2) long=1.0 box_short=1.0 box_aspect=1.000 skeleton_width=2.00 skeleton_range=2.00-2.00 skeleton_aspect=0.500 circularity=0.785
[CLEAN C227] REJECT Scratch: area 1.0 < 20; long_side 1.0 < 10; skeleton_aspect 0.500 < 2.5
[CLEAN C227] REJECT Pit: area 1.0 < 32
[CLEAN C228] type=Rejected area=5.5 perimeter=9.4 bbox=(723,785,4,3) long=3.0 box_short=2.0 box_aspect=1.500 skeleton_width=2.00 skeleton_range=2.00-4.00 skeleton_aspect=1.500 circularity=0.780
[CLEAN C228] REJECT Scratch: area 5.5 < 20; long_side 3.0 < 10; skeleton_aspect 1.500 < 2.5
[CLEAN C228] REJECT Pit: area 5.5 < 32
[CLEAN C229] type=Scratch area=406.5 perimeter=383.8 bbox=(84,785,32,118) long=117.7 box_short=17.6 box_aspect=6.692 skeleton_width=4.00 skeleton_range=2.00-8.00 skeleton_aspect=29.427 circularity=0.035
[MEASURE C229] Scratch 不可测: 划痕最大宽度点超出中央有效测量区域
[CLEAN C230] type=Rejected area=1.0 perimeter=4.0 bbox=(77,784,2,2) long=1.0 box_short=1.0 box_aspect=1.000 skeleton_width=2.00 skeleton_range=2.00-2.00 skeleton_aspect=0.500 circularity=0.785
[CLEAN C230] REJECT Scratch: area 1.0 < 20; long_side 1.0 < 10; skeleton_aspect 0.500 < 2.5
[CLEAN C230] REJECT Pit: area 1.0 < 32
[CLEAN C231] type=Rejected area=20.5 perimeter=25.9 bbox=(586,783,10,6) long=9.0 box_short=5.0 box_aspect=1.800 skeleton_width=2.00 skeleton_range=2.00-4.39 skeleton_aspect=4.500 circularity=0.384
[CLEAN C231] REJECT Scratch: long_side 9.0 < 10
[CLEAN C231] REJECT Pit: area 20.5 < 32; circularity 0.384 < 0.55
[CLEAN C232] type=Rejected area=18.0 perimeter=18.8 bbox=(532,783,6,6) long=5.0 box_short=5.0 box_aspect=1.000 skeleton_width=2.80 skeleton_range=2.00-4.39 skeleton_aspect=1.786 circularity=0.638
[CLEAN C232] REJECT Scratch: area 18.0 < 20; long_side 5.0 < 10; skeleton_aspect 1.786 < 2.5
[CLEAN C232] REJECT Pit: area 18.0 < 32
[CLEAN C233] type=Scratch area=74.0 perimeter=51.3 bbox=(566,782,16,10) long=15.0 box_short=9.0 box_aspect=1.667 skeleton_width=4.00 skeleton_range=2.00-8.00 skeleton_aspect=3.750 circularity=0.353
[MEASURE C233] Scratch width=0.172698 mm valid=False
[CLEAN C234] type=Rejected area=4.0 perimeter=24.8 bbox=(277,782,4,11) long=10.3 box_short=2.1 box_aspect=4.895 skeleton_width=2.00 skeleton_range=2.00-2.00 skeleton_aspect=5.135 circularity=0.082
[CLEAN C234] REJECT Scratch: area 4.0 < 20
[CLEAN C234] REJECT Pit: area 4.0 < 32; circularity 0.082 < 0.55
[CLEAN C235] type=Rejected area=4.5 perimeter=9.4 bbox=(252,782,3,4) long=3.0 box_short=2.0 box_aspect=1.500 skeleton_width=2.00 skeleton_range=2.00-2.80 skeleton_aspect=1.500 circularity=0.638
[CLEAN C235] REJECT Scratch: area 4.5 < 20; long_side 3.0 < 10; skeleton_aspect 1.500 < 2.5
[CLEAN C235] REJECT Pit: area 4.5 < 32
[CLEAN C236] type=Rejected area=10.0 perimeter=12.8 bbox=(208,782,5,4) long=4.0 box_short=3.0 box_aspect=1.333 skeleton_width=2.80 skeleton_range=2.00-4.00 skeleton_aspect=1.429 circularity=0.764
[CLEAN C236] REJECT Scratch: area 10.0 < 20; long_side 4.0 < 10; skeleton_aspect 1.429 < 2.5
[CLEAN C236] REJECT Pit: area 10.0 < 32
[CLEAN C237] type=Pit area=33.5 perimeter=23.1 bbox=(742,781,7,8) long=7.0 box_short=6.0 box_aspect=1.167 skeleton_width=4.20 skeleton_range=2.00-6.39 skeleton_aspect=1.668 circularity=0.791
[MEASURE C237] Pit diameter=0.193442 mm valid=False
[CLEAN C238] type=Rejected area=3.5 perimeter=7.4 bbox=(65,781,3,3) long=2.0 box_short=2.0 box_aspect=1.000 skeleton_width=2.00 skeleton_range=2.00-2.80 skeleton_aspect=1.000 circularity=0.800
[CLEAN C238] REJECT Scratch: area 3.5 < 20; long_side 2.0 < 10; skeleton_aspect 1.000 < 2.5
[CLEAN C238] REJECT Pit: area 3.5 < 32
[CLEAN C239] type=Scratch area=49.0 perimeter=42.1 bbox=(600,780,16,9) long=15.8 box_short=6.6 box_aspect=2.384 skeleton_width=4.00 skeleton_range=2.00-5.60 skeleton_aspect=3.942 circularity=0.347
[MEASURE C239] Scratch width=0.136929 mm valid=False
[CLEAN C240] type=Scratch area=130.0 perimeter=149.1 bbox=(114,780,13,67) long=66.8 box_short=6.5 box_aspect=10.246 skeleton_width=2.80 skeleton_range=2.00-5.60 skeleton_aspect=23.848 circularity=0.073
[MEASURE C240] Scratch 不可测: 划痕最大宽度点超出中央有效测量区域
[CLEAN C241] type=Rejected area=16.0 perimeter=15.7 bbox=(1223,779,6,5) long=5.0 box_short=4.0 box_aspect=1.250 skeleton_width=4.00 skeleton_range=2.00-4.39 skeleton_aspect=1.250 circularity=0.820
[CLEAN C241] REJECT Scratch: area 16.0 < 20; long_side 5.0 < 10; skeleton_aspect 1.250 < 2.5
[CLEAN C241] REJECT Pit: area 16.0 < 32
[CLEAN C242] type=Scratch area=45.0 perimeter=46.1 bbox=(850,779,7,19) long=18.2 box_short=5.5 box_aspect=3.312 skeleton_width=2.80 skeleton_range=2.00-4.39 skeleton_aspect=6.489 circularity=0.266
[MEASURE C242] Scratch width=0.159212 mm valid=False
[CLEAN C243] type=Scratch area=47.5 perimeter=39.9 bbox=(809,779,7,17) long=16.0 box_short=6.0 box_aspect=2.667 skeleton_width=4.00 skeleton_range=2.00-5.60 skeleton_aspect=4.000 circularity=0.375
[MEASURE C243] Scratch width=0.130470 mm valid=False
[CLEAN C244] type=Rejected area=1.0 perimeter=4.0 bbox=(762,779,2,2) long=1.0 box_short=1.0 box_aspect=1.000 skeleton_width=2.00 skeleton_range=2.00-2.00 skeleton_aspect=0.500 circularity=0.785
[CLEAN C244] REJECT Scratch: area 1.0 < 20; long_side 1.0 < 10; skeleton_aspect 0.500 < 2.5
[CLEAN C244] REJECT Pit: area 1.0 < 32
[CLEAN C245] type=Rejected area=1.0 perimeter=4.0 bbox=(475,779,2,2) long=1.0 box_short=1.0 box_aspect=1.000 skeleton_width=2.00 skeleton_range=2.00-2.00 skeleton_aspect=0.500 circularity=0.785
[CLEAN C245] REJECT Scratch: area 1.0 < 20; long_side 1.0 < 10; skeleton_aspect 0.500 < 2.5
[CLEAN C245] REJECT Pit: area 1.0 < 32
[CLEAN C246] type=Rejected area=16.0 perimeter=42.5 bbox=(465,778,7,18) long=18.0 box_short=4.4 box_aspect=4.071 skeleton_width=2.00 skeleton_range=2.00-4.00 skeleton_aspect=9.012 circularity=0.111
[CLEAN C246] REJECT Scratch: area 16.0 < 20
[CLEAN C246] REJECT Pit: area 16.0 < 32; circularity 0.111 < 0.55
[CLEAN C247] type=Scratch area=54.0 perimeter=59.3 bbox=(416,778,9,25) long=25.0 box_short=6.3 box_aspect=4.000 skeleton_width=2.40 skeleton_range=2.00-7.19 skeleton_aspect=10.435 circularity=0.193
[MEASURE C247] Scratch width=0.194100 mm valid=False
[CLEAN C248] type=Rejected area=26.0 perimeter=23.7 bbox=(1151,777,5,10) long=9.0 box_short=4.0 box_aspect=2.250 skeleton_width=4.00 skeleton_range=2.00-4.39 skeleton_aspect=2.250 circularity=0.584
[CLEAN C248] REJECT Scratch: long_side 9.0 < 10; skeleton_aspect 2.250 < 2.5
[CLEAN C248] REJECT Pit: area 26.0 < 32
[CLEAN C249] type=Rejected area=5.0 perimeter=8.8 bbox=(148,777,3,4) long=3.0 box_short=2.0 box_aspect=1.500 skeleton_width=2.40 skeleton_range=2.00-2.80 skeleton_aspect=1.250 circularity=0.806
[CLEAN C249] REJECT Scratch: area 5.0 < 20; long_side 3.0 < 10; skeleton_aspect 1.250 < 2.5
[CLEAN C249] REJECT Pit: area 5.0 < 32
[CLEAN C250] type=Scratch area=26.0 perimeter=28.5 bbox=(49,776,6,12) long=11.4 box_short=3.8 box_aspect=3.000 skeleton_width=2.80 skeleton_range=2.00-4.00 skeleton_aspect=4.066 circularity=0.403
[MEASURE C250] Scratch 不可测: 划痕最大宽度点超出中央有效测量区域
[CLEAN C251] type=Rejected area=3.5 perimeter=7.4 bbox=(1190,775,3,3) long=2.0 box_short=2.0 box_aspect=1.000 skeleton_width=2.00 skeleton_range=2.00-2.80 skeleton_aspect=1.000 circularity=0.800
[CLEAN C251] REJECT Scratch: area 3.5 < 20; long_side 2.0 < 10; skeleton_aspect 1.000 < 2.5
[CLEAN C251] REJECT Pit: area 3.5 < 32
[CLEAN C252] type=Scratch area=116.5 perimeter=94.4 bbox=(896,775,8,44) long=43.0 box_short=7.0 box_aspect=6.143 skeleton_width=4.00 skeleton_range=2.00-7.19 skeleton_aspect=10.750 circularity=0.164
[MEASURE C252] Scratch width=0.191124 mm valid=False
[CLEAN C253] type=Scratch area=194.5 perimeter=67.6 bbox=(487,775,10,29) long=28.3 box_short=8.5 box_aspect=3.320 skeleton_width=8.00 skeleton_range=2.00-10.00 skeleton_aspect=3.534 circularity=0.536
[MEASURE C253] Scratch width=0.213560 mm valid=False
[CLEAN C254] type=Rejected area=1.0 perimeter=4.0 bbox=(143,775,2,2) long=1.0 box_short=1.0 box_aspect=1.000 skeleton_width=2.00 skeleton_range=2.00-2.00 skeleton_aspect=0.500 circularity=0.785
[CLEAN C254] REJECT Scratch: area 1.0 < 20; long_side 1.0 < 10; skeleton_aspect 0.500 < 2.5
[CLEAN C254] REJECT Pit: area 1.0 < 32
[CLEAN C255] type=Rejected area=2.0 perimeter=6.0 bbox=(837,774,2,3) long=2.0 box_short=1.0 box_aspect=2.000 skeleton_width=2.00 skeleton_range=2.00-2.00 skeleton_aspect=1.000 circularity=0.698
[CLEAN C255] REJECT Scratch: area 2.0 < 20; long_side 2.0 < 10; skeleton_aspect 1.000 < 2.5
[CLEAN C255] REJECT Pit: area 2.0 < 32
[CLEAN C256] type=Rejected area=12.5 perimeter=16.2 bbox=(657,774,4,7) long=6.0 box_short=3.0 box_aspect=2.000 skeleton_width=2.80 skeleton_range=2.00-4.00 skeleton_aspect=2.143 circularity=0.595
[CLEAN C256] REJECT Scratch: area 12.5 < 20; long_side 6.0 < 10; skeleton_aspect 2.143 < 2.5
[CLEAN C256] REJECT Pit: area 12.5 < 32
[CLEAN C257] type=Pit area=35.0 perimeter=26.1 bbox=(637,774,8,10) long=10.3 box_short=5.0 box_aspect=2.056 skeleton_width=4.39 skeleton_range=2.00-5.60 skeleton_aspect=2.336 circularity=0.644
[MEASURE C257] Pit diameter=0.245341 mm valid=False
[CLEAN C258] type=Rejected area=6.0 perimeter=10.8 bbox=(332,773,3,5) long=4.0 box_short=2.0 box_aspect=2.000 skeleton_width=2.00 skeleton_range=2.00-2.80 skeleton_aspect=2.000 circularity=0.643
[CLEAN C258] REJECT Scratch: area 6.0 < 20; long_side 4.0 < 10; skeleton_aspect 2.000 < 2.5
[CLEAN C258] REJECT Pit: area 6.0 < 32
[CLEAN C259] type=Rejected area=2.0 perimeter=6.0 bbox=(157,773,2,3) long=2.0 box_short=1.0 box_aspect=2.000 skeleton_width=2.00 skeleton_range=2.00-2.00 skeleton_aspect=1.000 circularity=0.698
[CLEAN C259] REJECT Scratch: area 2.0 < 20; long_side 2.0 < 10; skeleton_aspect 1.000 < 2.5
[CLEAN C259] REJECT Pit: area 2.0 < 32
[CLEAN C260] type=Scratch area=65.0 perimeter=48.1 bbox=(768,772,9,20) long=19.0 box_short=8.0 box_aspect=2.375 skeleton_width=4.39 skeleton_range=2.00-6.00 skeleton_aspect=4.324 circularity=0.352
[MEASURE C260] Scratch width=0.128012 mm valid=False
[CLEAN C261] type=Rejected area=11.0 perimeter=13.7 bbox=(647,772,5,5) long=5.7 box_short=2.8 box_aspect=2.000 skeleton_width=2.80 skeleton_range=2.00-4.00 skeleton_aspect=2.020 circularity=0.741
[CLEAN C261] REJECT Scratch: area 11.0 < 20; long_side 5.7 < 10; skeleton_aspect 2.020 < 2.5
[CLEAN C261] REJECT Pit: area 11.0 < 32
[CLEAN C262] type=Rejected area=12.5 perimeter=14.2 bbox=(79,772,6,4) long=5.0 box_short=3.0 box_aspect=1.667 skeleton_width=2.80 skeleton_range=2.00-4.00 skeleton_aspect=1.786 circularity=0.774
[CLEAN C262] REJECT Scratch: area 12.5 < 20; long_side 5.0 < 10; skeleton_aspect 1.786 < 2.5
[CLEAN C262] REJECT Pit: area 12.5 < 32
[CLEAN C263] type=Rejected area=17.0 perimeter=21.7 bbox=(1116,771,4,10) long=9.2 box_short=2.9 box_aspect=3.167 skeleton_width=2.80 skeleton_range=2.00-4.00 skeleton_aspect=3.292 circularity=0.455
[CLEAN C263] REJECT Scratch: area 17.0 < 20; long_side 9.2 < 10
[CLEAN C263] REJECT Pit: area 17.0 < 32; circularity 0.455 < 0.55
[CLEAN C264] type=Rejected area=3.5 perimeter=7.4 bbox=(166,771,3,3) long=2.0 box_short=2.0 box_aspect=1.000 skeleton_width=2.00 skeleton_range=2.00-2.80 skeleton_aspect=1.000 circularity=0.800
[CLEAN C264] REJECT Scratch: area 3.5 < 20; long_side 2.0 < 10; skeleton_aspect 1.000 < 2.5
[CLEAN C264] REJECT Pit: area 3.5 < 32
[CLEAN C265] type=Scratch area=58.5 perimeter=41.9 bbox=(366,770,7,18) long=17.4 box_short=5.7 box_aspect=3.075 skeleton_width=4.00 skeleton_range=2.00-6.00 skeleton_aspect=4.349 circularity=0.419
[MEASURE C265] Scratch width=0.137163 mm valid=False
[CLEAN C266] type=Scratch area=197.0 perimeter=89.9 bbox=(285,769,29,18) long=28.8 box_short=14.8 box_aspect=1.944 skeleton_width=6.00 skeleton_range=2.00-7.19 skeleton_aspect=4.807 circularity=0.306
[MEASURE C266] Scratch width=0.167166 mm valid=False
[CLEAN C267] type=Scratch area=51.5 perimeter=39.9 bbox=(999,768,11,13) long=14.6 box_short=7.0 box_aspect=2.087 skeleton_width=2.80 skeleton_range=2.00-6.39 skeleton_aspect=5.231 circularity=0.407
[MEASURE C267] Scratch width=0.125109 mm valid=False
[CLEAN C268] type=Scratch area=110.5 perimeter=103.7 bbox=(536,767,16,36) long=35.2 box_short=14.6 box_aspect=2.420 skeleton_width=2.40 skeleton_range=2.00-7.19 skeleton_aspect=14.676 circularity=0.129
[MEASURE C268] Scratch width=0.179909 mm valid=False
[CLEAN C269] type=Rejected area=7.5 perimeter=11.4 bbox=(1212,766,4,4) long=3.0 box_short=3.0 box_aspect=1.000 skeleton_width=2.00 skeleton_range=2.00-4.00 skeleton_aspect=1.500 circularity=0.723
[CLEAN C269] REJECT Scratch: area 7.5 < 20; long_side 3.0 < 10; skeleton_aspect 1.500 < 2.5
[CLEAN C269] REJECT Pit: area 7.5 < 32
[CLEAN C270] type=Scratch area=149.5 perimeter=162.9 bbox=(907,766,10,75) long=74.2 box_short=6.1 box_aspect=12.230 skeleton_width=2.00 skeleton_range=2.00-6.00 skeleton_aspect=37.078 circularity=0.071
[MEASURE C270] Scratch width=0.139803 mm valid=False
[CLEAN C271] type=Rejected area=1.0 perimeter=4.0 bbox=(794,765,2,2) long=1.0 box_short=1.0 box_aspect=1.000 skeleton_width=2.00 skeleton_range=2.00-2.00 skeleton_aspect=0.500 circularity=0.785
[CLEAN C271] REJECT Scratch: area 1.0 < 20; long_side 1.0 < 10; skeleton_aspect 0.500 < 2.5
[CLEAN C271] REJECT Pit: area 1.0 < 32
[CLEAN C272] type=Scratch area=60.5 perimeter=37.6 bbox=(718,765,15,9) long=14.5 box_short=6.3 box_aspect=2.300 skeleton_width=5.00 skeleton_range=2.00-6.39 skeleton_aspect=2.911 circularity=0.539
[MEASURE C272] Scratch width=0.154819 mm valid=False
[CLEAN C273] type=Rejected area=2.0 perimeter=6.0 bbox=(58,765,2,3) long=2.0 box_short=1.0 box_aspect=2.000 skeleton_width=2.00 skeleton_range=2.00-2.00 skeleton_aspect=1.000 circularity=0.698
[CLEAN C273] REJECT Scratch: area 2.0 < 20; long_side 2.0 < 10; skeleton_aspect 1.000 < 2.5
[CLEAN C273] REJECT Pit: area 2.0 < 32
[CLEAN C274] type=Rejected area=7.0 perimeter=10.8 bbox=(40,764,3,5) long=4.0 box_short=2.0 box_aspect=2.000 skeleton_width=2.80 skeleton_range=2.00-4.00 skeleton_aspect=1.429 circularity=0.750
[CLEAN C274] REJECT Scratch: area 7.0 < 20; long_side 4.0 < 10; skeleton_aspect 1.429 < 2.5
[CLEAN C274] REJECT Pit: area 7.0 < 32
[CLEAN C275] type=Scratch area=87.5 perimeter=62.4 bbox=(500,763,9,27) long=26.0 box_short=7.2 box_aspect=3.597 skeleton_width=4.00 skeleton_range=2.00-8.00 skeleton_aspect=6.493 circularity=0.283
[MEASURE C275] Scratch width=0.194349 mm valid=False
[CLEAN C276] type=Rejected area=0.0 perimeter=6.0 bbox=(1259,762,1,4) long=3.0 box_short=0.0 box_aspect=inf skeleton_width=2.00 skeleton_range=2.00-2.00 skeleton_aspect=1.500 circularity=0.000
[CLEAN C276] REJECT Scratch: area 0.0 < 20; 旋转包围框存在零边长; skeleton_aspect 1.500 < 2.5
[CLEAN C276] REJECT Pit: area 0.0 < 32; 旋转包围框存在零边长
[CLEAN C277] type=Rejected area=3.5 perimeter=7.4 bbox=(1198,762,3,3) long=2.0 box_short=2.0 box_aspect=1.000 skeleton_width=2.00 skeleton_range=2.00-2.80 skeleton_aspect=1.000 circularity=0.800
[CLEAN C277] REJECT Scratch: area 3.5 < 20; long_side 2.0 < 10; skeleton_aspect 1.000 < 2.5
[CLEAN C277] REJECT Pit: area 3.5 < 32
[CLEAN C278] type=Rejected area=12.0 perimeter=14.8 bbox=(1017,762,4,6) long=5.0 box_short=3.0 box_aspect=1.667 skeleton_width=2.80 skeleton_range=2.00-4.00 skeleton_aspect=1.786 circularity=0.686
[CLEAN C278] REJECT Scratch: area 12.0 < 20; long_side 5.0 < 10; skeleton_aspect 1.786 < 2.5
[CLEAN C278] REJECT Pit: area 12.0 < 32
[CLEAN C279] type=Rejected area=10.5 perimeter=12.2 bbox=(862,762,5,4) long=4.0 box_short=3.0 box_aspect=1.333 skeleton_width=2.80 skeleton_range=2.00-4.00 skeleton_aspect=1.429 circularity=0.880
[CLEAN C279] REJECT Scratch: area 10.5 < 20; long_side 4.0 < 10; skeleton_aspect 1.429 < 2.5
[CLEAN C279] REJECT Pit: area 10.5 < 32
[CLEAN C280] type=Rejected area=2.0 perimeter=6.0 bbox=(261,762,2,3) long=2.0 box_short=1.0 box_aspect=2.000 skeleton_width=2.00 skeleton_range=2.00-2.00 skeleton_aspect=1.000 circularity=0.698
[CLEAN C280] REJECT Scratch: area 2.0 < 20; long_side 2.0 < 10; skeleton_aspect 1.000 < 2.5
[CLEAN C280] REJECT Pit: area 2.0 < 32
[CLEAN C281] type=Rejected area=2.0 perimeter=6.0 bbox=(926,761,3,2) long=2.0 box_short=1.0 box_aspect=2.000 skeleton_width=2.00 skeleton_range=2.00-2.00 skeleton_aspect=1.000 circularity=0.698
[CLEAN C281] REJECT Scratch: area 2.0 < 20; long_side 2.0 < 10; skeleton_aspect 1.000 < 2.5
[CLEAN C281] REJECT Pit: area 2.0 < 32
[CLEAN C282] type=Rejected area=1.0 perimeter=4.0 bbox=(853,761,2,2) long=1.0 box_short=1.0 box_aspect=1.000 skeleton_width=2.00 skeleton_range=2.00-2.00 skeleton_aspect=0.500 circularity=0.785
[CLEAN C282] REJECT Scratch: area 1.0 < 20; long_side 1.0 < 10; skeleton_aspect 0.500 < 2.5
[CLEAN C282] REJECT Pit: area 1.0 < 32
[CLEAN C283] type=Scratch area=721.0 perimeter=480.8 bbox=(680,761,32,119) long=118.6 box_short=25.8 box_aspect=4.591 skeleton_width=4.00 skeleton_range=2.00-10.39 skeleton_aspect=29.651 circularity=0.039
[MEASURE C283] Scratch width=0.221103 mm valid=False
[CLEAN C284] type=Rejected area=7.5 perimeter=11.4 bbox=(628,761,4,4) long=3.0 box_short=3.0 box_aspect=1.000 skeleton_width=2.00 skeleton_range=2.00-4.00 skeleton_aspect=1.500 circularity=0.723
[CLEAN C284] REJECT Scratch: area 7.5 < 20; long_side 3.0 < 10; skeleton_aspect 1.500 < 2.5
[CLEAN C284] REJECT Pit: area 7.5 < 32
[CLEAN C285] type=Rejected area=7.5 perimeter=11.4 bbox=(655,760,5,3) long=4.0 box_short=2.0 box_aspect=2.000 skeleton_width=2.40 skeleton_range=2.00-4.00 skeleton_aspect=1.667 circularity=0.723
[CLEAN C285] REJECT Scratch: area 7.5 < 20; long_side 4.0 < 10; skeleton_aspect 1.667 < 2.5
[CLEAN C285] REJECT Pit: area 7.5 < 32
[CLEAN C286] type=Rejected area=15.5 perimeter=20.2 bbox=(591,760,4,9) long=8.2 box_short=2.8 box_aspect=2.900 skeleton_width=2.80 skeleton_range=2.00-4.00 skeleton_aspect=2.929 circularity=0.475
[CLEAN C286] REJECT Scratch: area 15.5 < 20; long_side 8.2 < 10
[CLEAN C286] REJECT Pit: area 15.5 < 32; circularity 0.475 < 0.55
[CLEAN C287] type=Rejected area=2.0 perimeter=6.0 bbox=(580,760,2,3) long=2.0 box_short=1.0 box_aspect=2.000 skeleton_width=2.00 skeleton_range=2.00-2.00 skeleton_aspect=1.000 circularity=0.698
[CLEAN C287] REJECT Scratch: area 2.0 < 20; long_side 2.0 < 10; skeleton_aspect 1.000 < 2.5
[CLEAN C287] REJECT Pit: area 2.0 < 32
[CLEAN C288] type=Rejected area=1.0 perimeter=4.0 bbox=(934,759,2,2) long=1.0 box_short=1.0 box_aspect=1.000 skeleton_width=2.00 skeleton_range=2.00-2.00 skeleton_aspect=0.500 circularity=0.785
[CLEAN C288] REJECT Scratch: area 1.0 < 20; long_side 1.0 < 10; skeleton_aspect 0.500 < 2.5
[CLEAN C288] REJECT Pit: area 1.0 < 32
[CLEAN C289] type=Rejected area=12.0 perimeter=14.8 bbox=(765,759,5,5) long=4.0 box_short=4.0 box_aspect=1.000 skeleton_width=2.80 skeleton_range=2.00-4.00 skeleton_aspect=1.429 circularity=0.686
[CLEAN C289] REJECT Scratch: area 12.0 < 20; long_side 4.0 < 10; skeleton_aspect 1.429 < 2.5
[CLEAN C289] REJECT Pit: area 12.0 < 32
[CLEAN C290] type=Rejected area=13.0 perimeter=14.8 bbox=(572,759,4,6) long=5.0 box_short=3.0 box_aspect=1.667 skeleton_width=3.40 skeleton_range=2.00-4.00 skeleton_aspect=1.471 circularity=0.743
[CLEAN C290] REJECT Scratch: area 13.0 < 20; long_side 5.0 < 10; skeleton_aspect 1.471 < 2.5
[CLEAN C290] REJECT Pit: area 13.0 < 32
[CLEAN C291] type=Rejected area=1.0 perimeter=4.0 bbox=(479,759,2,2) long=1.0 box_short=1.0 box_aspect=1.000 skeleton_width=2.00 skeleton_range=2.00-2.00 skeleton_aspect=0.500 circularity=0.785
[CLEAN C291] REJECT Scratch: area 1.0 < 20; long_side 1.0 < 10; skeleton_aspect 0.500 < 2.5
[CLEAN C291] REJECT Pit: area 1.0 < 32
[CLEAN C292] type=Rejected area=1.0 perimeter=4.0 bbox=(131,758,2,2) long=1.0 box_short=1.0 box_aspect=1.000 skeleton_width=2.00 skeleton_range=2.00-2.00 skeleton_aspect=0.500 circularity=0.785
[CLEAN C292] REJECT Scratch: area 1.0 < 20; long_side 1.0 < 10; skeleton_aspect 0.500 < 2.5
[CLEAN C292] REJECT Pit: area 1.0 < 32
[CLEAN C293] type=Rejected area=1.0 perimeter=4.0 bbox=(74,758,2,2) long=1.0 box_short=1.0 box_aspect=1.000 skeleton_width=2.00 skeleton_range=2.00-2.00 skeleton_aspect=0.500 circularity=0.785
[CLEAN C293] REJECT Scratch: area 1.0 < 20; long_side 1.0 < 10; skeleton_aspect 0.500 < 2.5
[CLEAN C293] REJECT Pit: area 1.0 < 32
[CLEAN C294] type=Pit area=44.0 perimeter=29.3 bbox=(814,757,9,10) long=9.1 box_short=7.6 box_aspect=1.200 skeleton_width=4.20 skeleton_range=2.00-6.39 skeleton_aspect=2.160 circularity=0.643
[MEASURE C294] Pit diameter=0.261989 mm valid=True
Pit: area = 44.0 diameter_mm = 0.26198944449424744 circularity = 0.6434592080541391
[CLEAN C295] type=Rejected area=5.0 perimeter=20.8 bbox=(799,757,5,8) long=7.6 box_short=3.1 box_aspect=2.421 skeleton_width=2.00 skeleton_range=2.00-2.00 skeleton_aspect=3.781 circularity=0.145
[CLEAN C295] REJECT Scratch: area 5.0 < 20; long_side 7.6 < 10
[CLEAN C295] REJECT Pit: area 5.0 < 32; circularity 0.145 < 0.55
[CLEAN C296] type=Scratch area=84.5 perimeter=81.2 bbox=(99,757,12,33) long=32.5 box_short=8.6 box_aspect=3.759 skeleton_width=2.80 skeleton_range=2.00-6.00 skeleton_aspect=11.601 circularity=0.161
[MEASURE C296] Scratch 不可测: 划痕最大宽度点超出中央有效测量区域
[CLEAN C297] type=Pit area=51.0 perimeter=29.3 bbox=(700,756,11,8) long=10.0 box_short=7.0 box_aspect=1.429 skeleton_width=5.60 skeleton_range=2.00-7.19 skeleton_aspect=1.786 circularity=0.746
[MEASURE C297] Pit diameter=0.244708 mm valid=False
[CLEAN C298] type=Rejected area=8.0 perimeter=10.8 bbox=(349,756,4,4) long=3.0 box_short=3.0 box_aspect=1.000 skeleton_width=2.80 skeleton_range=2.00-4.00 skeleton_aspect=1.071 circularity=0.857
[CLEAN C298] REJECT Scratch: area 8.0 < 20; long_side 3.0 < 10; skeleton_aspect 1.071 < 2.5
[CLEAN C298] REJECT Pit: area 8.0 < 32
[CLEAN C299] type=Rejected area=1.0 perimeter=4.0 bbox=(35,756,2,2) long=1.0 box_short=1.0 box_aspect=1.000 skeleton_width=2.00 skeleton_range=2.00-2.00 skeleton_aspect=0.500 circularity=0.785
[CLEAN C299] REJECT Scratch: area 1.0 < 20; long_side 1.0 < 10; skeleton_aspect 0.500 < 2.5
[CLEAN C299] REJECT Pit: area 1.0 < 32
[CLEAN C300] type=Rejected area=13.5 perimeter=16.2 bbox=(340,754,4,7) long=6.0 box_short=3.0 box_aspect=2.000 skeleton_width=2.80 skeleton_range=2.00-4.00 skeleton_aspect=2.143 circularity=0.643
[CLEAN C300] REJECT Scratch: area 13.5 < 20; long_side 6.0 < 10; skeleton_aspect 2.143 < 2.5
[CLEAN C300] REJECT Pit: area 13.5 < 32
[CLEAN C301] type=Rejected area=7.0 perimeter=12.8 bbox=(50,754,3,6) long=5.0 box_short=2.0 box_aspect=2.500 skeleton_width=2.00 skeleton_range=2.00-2.80 skeleton_aspect=2.500 circularity=0.535
[CLEAN C301] REJECT Scratch: area 7.0 < 20; long_side 5.0 < 10
[CLEAN C301] REJECT Pit: area 7.0 < 32; circularity 0.535 < 0.55
[CLEAN C302] type=Rejected area=1.0 perimeter=4.0 bbox=(997,753,2,2) long=1.0 box_short=1.0 box_aspect=1.000 skeleton_width=2.00 skeleton_range=2.00-2.00 skeleton_aspect=0.500 circularity=0.785
[CLEAN C302] REJECT Scratch: area 1.0 < 20; long_side 1.0 < 10; skeleton_aspect 0.500 < 2.5
[CLEAN C302] REJECT Pit: area 1.0 < 32
[CLEAN C303] type=Scratch area=203.5 perimeter=114.9 bbox=(873,753,19,39) long=39.3 box_short=12.6 box_aspect=3.115 skeleton_width=6.00 skeleton_range=2.00-8.00 skeleton_aspect=6.548 circularity=0.194
[MEASURE C303] Scratch width=0.188622 mm valid=False
[CLEAN C304] type=Rejected area=1.0 perimeter=4.0 bbox=(582,752,2,2) long=1.0 box_short=1.0 box_aspect=1.000 skeleton_width=2.00 skeleton_range=2.00-2.00 skeleton_aspect=0.500 circularity=0.785
[CLEAN C304] REJECT Scratch: area 1.0 < 20; long_side 1.0 < 10; skeleton_aspect 0.500 < 2.5
[CLEAN C304] REJECT Pit: area 1.0 < 32
[CLEAN C305] type=Rejected area=4.0 perimeter=8.8 bbox=(541,752,4,3) long=3.0 box_short=2.0 box_aspect=1.500 skeleton_width=2.00 skeleton_range=2.00-2.80 skeleton_aspect=1.500 circularity=0.645
[CLEAN C305] REJECT Scratch: area 4.0 < 20; long_side 3.0 < 10; skeleton_aspect 1.500 < 2.5
[CLEAN C305] REJECT Pit: area 4.0 < 32
[CLEAN C306] type=Rejected area=1.0 perimeter=4.0 bbox=(170,752,2,2) long=1.0 box_short=1.0 box_aspect=1.000 skeleton_width=2.00 skeleton_range=2.00-2.00 skeleton_aspect=0.500 circularity=0.785
[CLEAN C306] REJECT Scratch: area 1.0 < 20; long_side 1.0 < 10; skeleton_aspect 0.500 < 2.5
[CLEAN C306] REJECT Pit: area 1.0 < 32
[CLEAN C307] type=Scratch area=25.5 perimeter=29.1 bbox=(671,751,11,7) long=11.0 box_short=4.8 box_aspect=2.292 skeleton_width=2.00 skeleton_range=2.00-4.39 skeleton_aspect=5.500 circularity=0.379
[MEASURE C307] Scratch width=0.089367 mm valid=False
[CLEAN C308] type=Rejected area=3.0 perimeter=8.0 bbox=(240,751,4,2) long=3.0 box_short=1.0 box_aspect=3.000 skeleton_width=2.00 skeleton_range=2.00-2.00 skeleton_aspect=1.500 circularity=0.589
[CLEAN C308] REJECT Scratch: area 3.0 < 20; long_side 3.0 < 10; skeleton_aspect 1.500 < 2.5
[CLEAN C308] REJECT Pit: area 3.0 < 32
[CLEAN C309] type=Scratch area=55.5 perimeter=39.9 bbox=(554,750,8,16) long=15.6 box_short=6.3 box_aspect=2.474 skeleton_width=4.00 skeleton_range=2.00-6.00 skeleton_aspect=3.893 circularity=0.438
[MEASURE C309] Scratch width=0.149762 mm valid=False
[CLEAN C310] type=Rejected area=1.0 perimeter=4.0 bbox=(200,750,2,2) long=1.0 box_short=1.0 box_aspect=1.000 skeleton_width=2.00 skeleton_range=2.00-2.00 skeleton_aspect=0.500 circularity=0.785
[CLEAN C310] REJECT Scratch: area 1.0 < 20; long_side 1.0 < 10; skeleton_aspect 0.500 < 2.5
[CLEAN C310] REJECT Pit: area 1.0 < 32
[CLEAN C311] type=Rejected area=15.5 perimeter=21.1 bbox=(39,749,8,6) long=7.6 box_short=3.8 box_aspect=2.000 skeleton_width=2.80 skeleton_range=2.00-4.00 skeleton_aspect=2.711 circularity=0.439
[CLEAN C311] REJECT Scratch: area 15.5 < 20; long_side 7.6 < 10
[CLEAN C311] REJECT Pit: area 15.5 < 32; circularity 0.439 < 0.55
[CLEAN C312] type=Rejected area=2.0 perimeter=6.0 bbox=(1106,746,2,3) long=2.0 box_short=1.0 box_aspect=2.000 skeleton_width=2.00 skeleton_range=2.00-2.00 skeleton_aspect=1.000 circularity=0.698
[CLEAN C312] REJECT Scratch: area 2.0 < 20; long_side 2.0 < 10; skeleton_aspect 1.000 < 2.5
[CLEAN C312] REJECT Pit: area 2.0 < 32
[CLEAN C313] type=Rejected area=11.0 perimeter=19.7 bbox=(946,745,4,9) long=8.5 box_short=2.2 box_aspect=3.857 skeleton_width=2.00 skeleton_range=2.00-2.80 skeleton_aspect=4.269 circularity=0.358
[CLEAN C313] REJECT Scratch: area 11.0 < 20; long_side 8.5 < 10
[CLEAN C313] REJECT Pit: area 11.0 < 32; circularity 0.358 < 0.55
[CLEAN C314] type=Rejected area=7.5 perimeter=11.4 bbox=(567,745,4,4) long=3.0 box_short=3.0 box_aspect=1.000 skeleton_width=2.00 skeleton_range=2.00-4.00 skeleton_aspect=1.500 circularity=0.723
[CLEAN C314] REJECT Scratch: area 7.5 < 20; long_side 3.0 < 10; skeleton_aspect 1.500 < 2.5
[CLEAN C314] REJECT Pit: area 7.5 < 32
[CLEAN C315] type=Rejected area=1.0 perimeter=4.0 bbox=(139,745,2,2) long=1.0 box_short=1.0 box_aspect=1.000 skeleton_width=2.00 skeleton_range=2.00-2.00 skeleton_aspect=0.500 circularity=0.785
[CLEAN C315] REJECT Scratch: area 1.0 < 20; long_side 1.0 < 10; skeleton_aspect 0.500 < 2.5
[CLEAN C315] REJECT Pit: area 1.0 < 32
[CLEAN C316] type=Scratch area=56.5 perimeter=45.2 bbox=(108,745,11,18) long=18.3 box_short=5.8 box_aspect=3.154 skeleton_width=4.00 skeleton_range=2.00-5.60 skeleton_aspect=4.584 circularity=0.347
[MEASURE C316] Scratch 不可测: 划痕最大宽度点超出中央有效测量区域
[CLEAN C317] type=Rejected area=14.0 perimeter=14.8 bbox=(536,744,4,6) long=5.0 box_short=3.0 box_aspect=1.667 skeleton_width=4.00 skeleton_range=2.00-4.00 skeleton_aspect=1.250 circularity=0.800
[CLEAN C317] REJECT Scratch: area 14.0 < 20; long_side 5.0 < 10; skeleton_aspect 1.250 < 2.5
[CLEAN C317] REJECT Pit: area 14.0 < 32
[CLEAN C318] type=Rejected area=2.0 perimeter=6.0 bbox=(282,744,2,3) long=2.0 box_short=1.0 box_aspect=2.000 skeleton_width=2.00 skeleton_range=2.00-2.00 skeleton_aspect=1.000 circularity=0.698
[CLEAN C318] REJECT Scratch: area 2.0 < 20; long_side 2.0 < 10; skeleton_aspect 1.000 < 2.5
[CLEAN C318] REJECT Pit: area 2.0 < 32
[CLEAN C319] type=Rejected area=6.5 perimeter=11.4 bbox=(609,743,3,5) long=4.0 box_short=2.0 box_aspect=2.000 skeleton_width=2.00 skeleton_range=2.00-4.00 skeleton_aspect=2.000 circularity=0.627
[CLEAN C319] REJECT Scratch: area 6.5 < 20; long_side 4.0 < 10; skeleton_aspect 2.000 < 2.5
[CLEAN C319] REJECT Pit: area 6.5 < 32
[CLEAN C320] type=Rejected area=1.0 perimeter=4.0 bbox=(860,742,2,2) long=1.0 box_short=1.0 box_aspect=1.000 skeleton_width=2.00 skeleton_range=2.00-2.00 skeleton_aspect=0.500 circularity=0.785
[CLEAN C320] REJECT Scratch: area 1.0 < 20; long_side 1.0 < 10; skeleton_aspect 0.500 < 2.5
[CLEAN C320] REJECT Pit: area 1.0 < 32
[CLEAN C321] type=Rejected area=19.5 perimeter=32.2 bbox=(738,742,5,14) long=13.2 box_short=3.2 box_aspect=4.171 skeleton_width=2.00 skeleton_range=2.00-4.00 skeleton_aspect=6.609 circularity=0.236
[CLEAN C321] REJECT Scratch: area 19.5 < 20
[CLEAN C321] REJECT Pit: area 19.5 < 32; circularity 0.236 < 0.55
[CLEAN C322] type=Rejected area=4.0 perimeter=8.0 bbox=(721,742,3,3) long=2.0 box_short=2.0 box_aspect=1.000 skeleton_width=2.00 skeleton_range=2.00-4.00 skeleton_aspect=1.000 circularity=0.785
[CLEAN C322] REJECT Scratch: area 4.0 < 20; long_side 2.0 < 10; skeleton_aspect 1.000 < 2.5
[CLEAN C322] REJECT Pit: area 4.0 < 32
[CLEAN C323] type=Rejected area=6.5 perimeter=12.2 bbox=(773,741,4,5) long=4.9 box_short=2.1 box_aspect=2.333 skeleton_width=2.00 skeleton_range=2.00-2.80 skeleton_aspect=2.475 circularity=0.545
[CLEAN C323] REJECT Scratch: area 6.5 < 20; long_side 4.9 < 10; skeleton_aspect 2.475 < 2.5
[CLEAN C323] REJECT Pit: area 6.5 < 32; circularity 0.545 < 0.55
[CLEAN C324] type=Rejected area=7.5 perimeter=15.4 bbox=(595,741,4,6) long=5.0 box_short=3.0 box_aspect=1.667 skeleton_width=2.00 skeleton_range=2.00-2.80 skeleton_aspect=2.500 circularity=0.397
[CLEAN C324] REJECT Scratch: area 7.5 < 20; long_side 5.0 < 10
[CLEAN C324] REJECT Pit: area 7.5 < 32; circularity 0.397 < 0.55
[CLEAN C325] type=Rejected area=1.0 perimeter=4.0 bbox=(572,741,2,2) long=1.0 box_short=1.0 box_aspect=1.000 skeleton_width=2.00 skeleton_range=2.00-2.00 skeleton_aspect=0.500 circularity=0.785
[CLEAN C325] REJECT Scratch: area 1.0 < 20; long_side 1.0 < 10; skeleton_aspect 0.500 < 2.5
[CLEAN C325] REJECT Pit: area 1.0 < 32
[CLEAN C326] type=Rejected area=6.0 perimeter=10.8 bbox=(964,739,4,4) long=3.0 box_short=3.0 box_aspect=1.000 skeleton_width=2.00 skeleton_range=2.00-2.80 skeleton_aspect=1.500 circularity=0.643
[CLEAN C326] REJECT Scratch: area 6.0 < 20; long_side 3.0 < 10; skeleton_aspect 1.500 < 2.5
[CLEAN C326] REJECT Pit: area 6.0 < 32
[CLEAN C327] type=Rejected area=23.5 perimeter=21.1 bbox=(844,739,8,6) long=7.0 box_short=5.0 box_aspect=1.400 skeleton_width=4.00 skeleton_range=2.00-5.60 skeleton_aspect=1.750 circularity=0.665
[CLEAN C327] REJECT Scratch: long_side 7.0 < 10; skeleton_aspect 1.750 < 2.5
[CLEAN C327] REJECT Pit: area 23.5 < 32
[CLEAN C328] type=Scratch area=81.5 perimeter=47.6 bbox=(687,738,10,19) long=18.9 box_short=7.5 box_aspect=2.516 skeleton_width=4.39 skeleton_range=2.00-8.00 skeleton_aspect=4.306 circularity=0.453
[MEASURE C328] Scratch width=0.173407 mm valid=False
[CLEAN C329] type=Scratch area=94.5 perimeter=84.7 bbox=(525,738,7,38) long=37.2 box_short=5.4 box_aspect=6.839 skeleton_width=4.00 skeleton_range=2.00-4.39 skeleton_aspect=9.292 circularity=0.165
[MEASURE C329] Scratch width=0.126648 mm valid=False
[CLEAN C330] type=Scratch area=119.5 perimeter=66.4 bbox=(412,738,13,25) long=23.9 box_short=10.8 box_aspect=2.218 skeleton_width=4.39 skeleton_range=2.00-8.00 skeleton_aspect=5.445 circularity=0.341
[MEASURE C330] Scratch width=0.208798 mm valid=False
[CLEAN C331] type=Scratch area=125.5 perimeter=64.7 bbox=(485,737,10,27) long=26.0 box_short=9.0 box_aspect=2.889 skeleton_width=2.80 skeleton_range=2.00-10.00 skeleton_aspect=9.286 circularity=0.376
[MEASURE C331] Scratch width=0.250136 mm valid=True
Scratch: area = 125.5 width_px = 2.799999952316284 width_mm = 0.25013635312683563 ratio = 9.285714443849061
[CLEAN C332] type=Rejected area=2.0 perimeter=6.0 bbox=(46,737,2,3) long=2.0 box_short=1.0 box_aspect=2.000 skeleton_width=2.00 skeleton_range=2.00-2.00 skeleton_aspect=1.000 circularity=0.698
[CLEAN C332] REJECT Scratch: area 2.0 < 20; long_side 2.0 < 10; skeleton_aspect 1.000 < 2.5
[CLEAN C332] REJECT Pit: area 2.0 < 32
[CLEAN C333] type=Rejected area=2.0 perimeter=6.0 bbox=(589,735,2,3) long=2.0 box_short=1.0 box_aspect=2.000 skeleton_width=2.00 skeleton_range=2.00-2.00 skeleton_aspect=1.000 circularity=0.698
[CLEAN C333] REJECT Scratch: area 2.0 < 20; long_side 2.0 < 10; skeleton_aspect 1.000 < 2.5
[CLEAN C333] REJECT Pit: area 2.0 < 32
[CLEAN C334] type=Rejected area=1.0 perimeter=4.0 bbox=(71,735,2,2) long=1.0 box_short=1.0 box_aspect=1.000 skeleton_width=2.00 skeleton_range=2.00-2.00 skeleton_aspect=0.500 circularity=0.785
[CLEAN C334] REJECT Scratch: area 1.0 < 20; long_side 1.0 < 10; skeleton_aspect 0.500 < 2.5
[CLEAN C334] REJECT Pit: area 1.0 < 32
[CLEAN C335] type=Rejected area=19.0 perimeter=30.8 bbox=(910,734,4,14) long=13.0 box_short=3.0 box_aspect=4.333 skeleton_width=2.00 skeleton_range=2.00-4.00 skeleton_aspect=6.500 circularity=0.251
[CLEAN C335] REJECT Scratch: area 19.0 < 20
[CLEAN C335] REJECT Pit: area 19.0 < 32; circularity 0.251 < 0.55
[CLEAN C336] type=Rejected area=4.0 perimeter=8.8 bbox=(600,734,3,4) long=3.0 box_short=2.0 box_aspect=1.500 skeleton_width=2.00 skeleton_range=2.00-2.80 skeleton_aspect=1.500 circularity=0.645
[CLEAN C336] REJECT Scratch: area 4.0 < 20; long_side 3.0 < 10; skeleton_aspect 1.500 < 2.5
[CLEAN C336] REJECT Pit: area 4.0 < 32
[CLEAN C337] type=Rejected area=9.5 perimeter=21.1 bbox=(26,733,5,9) long=8.5 box_short=2.5 box_aspect=3.444 skeleton_width=2.00 skeleton_range=2.00-2.80 skeleton_aspect=4.258 circularity=0.269
[CLEAN C337] REJECT Scratch: area 9.5 < 20; long_side 8.5 < 10
[CLEAN C337] REJECT Pit: area 9.5 < 32; circularity 0.269 < 0.55
[CLEAN C338] type=Rejected area=1.0 perimeter=4.0 bbox=(694,732,2,2) long=1.0 box_short=1.0 box_aspect=1.000 skeleton_width=2.00 skeleton_range=2.00-2.00 skeleton_aspect=0.500 circularity=0.785
[CLEAN C338] REJECT Scratch: area 1.0 < 20; long_side 1.0 < 10; skeleton_aspect 0.500 < 2.5
[CLEAN C338] REJECT Pit: area 1.0 < 32
[CLEAN C339] type=Pit area=43.0 perimeter=26.5 bbox=(127,732,8,9) long=8.0 box_short=7.0 box_aspect=1.143 skeleton_width=4.39 skeleton_range=2.00-8.00 skeleton_aspect=1.821 circularity=0.770
[MEASURE C339] Pit 不可测: 凹点中心超出中央有效测量区域
[CLEAN C340] type=Rejected area=1.0 perimeter=4.0 bbox=(730,731,2,2) long=1.0 box_short=1.0 box_aspect=1.000 skeleton_width=2.00 skeleton_range=2.00-2.00 skeleton_aspect=0.500 circularity=0.785
[CLEAN C340] REJECT Scratch: area 1.0 < 20; long_side 1.0 < 10; skeleton_aspect 0.500 < 2.5
[CLEAN C340] REJECT Pit: area 1.0 < 32
[CLEAN C341] type=Rejected area=1.0 perimeter=4.0 bbox=(974,730,2,2) long=1.0 box_short=1.0 box_aspect=1.000 skeleton_width=2.00 skeleton_range=2.00-2.00 skeleton_aspect=0.500 circularity=0.785
[CLEAN C341] REJECT Scratch: area 1.0 < 20; long_side 1.0 < 10; skeleton_aspect 0.500 < 2.5
[CLEAN C341] REJECT Pit: area 1.0 < 32
[CLEAN C342] type=Rejected area=3.0 perimeter=24.8 bbox=(748,730,3,12) long=11.1 box_short=1.1 box_aspect=10.182 skeleton_width=2.00 skeleton_range=2.00-2.00 skeleton_aspect=5.572 circularity=0.061
[CLEAN C342] REJECT Scratch: area 3.0 < 20
[CLEAN C342] REJECT Pit: area 3.0 < 32; circularity 0.061 < 0.55; aspect_ratio 10.182 > 5.0
[CLEAN C343] type=Rejected area=22.5 perimeter=22.2 bbox=(657,730,4,10) long=9.0 box_short=3.0 box_aspect=3.000 skeleton_width=4.00 skeleton_range=2.00-4.00 skeleton_aspect=2.250 circularity=0.572
[CLEAN C343] REJECT Scratch: long_side 9.0 < 10; skeleton_aspect 2.250 < 2.5
[CLEAN C343] REJECT Pit: area 22.5 < 32
[CLEAN C344] type=Scratch area=31.0 perimeter=41.3 bbox=(513,730,6,19) long=18.2 box_short=3.7 box_aspect=4.895 skeleton_width=2.00 skeleton_range=2.00-4.00 skeleton_aspect=9.119 circularity=0.228
[MEASURE C344] Scratch width=0.102904 mm valid=False
[CLEAN C345] type=Rejected area=13.0 perimeter=17.7 bbox=(1112,729,5,7) long=6.7 box_short=3.1 box_aspect=2.125 skeleton_width=2.80 skeleton_range=2.00-4.00 skeleton_aspect=2.381 circularity=0.524
[CLEAN C345] REJECT Scratch: area 13.0 < 20; long_side 6.7 < 10; skeleton_aspect 2.381 < 2.5
[CLEAN C345] REJECT Pit: area 13.0 < 32; circularity 0.524 < 0.55
[CLEAN C346] type=Rejected area=1.0 perimeter=4.0 bbox=(335,729,2,2) long=1.0 box_short=1.0 box_aspect=1.000 skeleton_width=2.00 skeleton_range=2.00-2.00 skeleton_aspect=0.500 circularity=0.785
[CLEAN C346] REJECT Scratch: area 1.0 < 20; long_side 1.0 < 10; skeleton_aspect 0.500 < 2.5
[CLEAN C346] REJECT Pit: area 1.0 < 32
[CLEAN C347] type=Scratch area=79.5 perimeter=80.0 bbox=(1207,727,17,26) long=26.0 box_short=14.3 box_aspect=1.814 skeleton_width=4.00 skeleton_range=2.00-5.60 skeleton_aspect=6.488 circularity=0.156
[MEASURE C347] Scratch 不可测: 划痕最大宽度点超出中央有效测量区域
[CLEAN C348] type=Pit area=46.0 perimeter=26.8 bbox=(981,725,9,7) long=8.0 box_short=6.0 box_aspect=1.333 skeleton_width=4.39 skeleton_range=2.00-8.00 skeleton_aspect=1.821 circularity=0.803
[MEASURE C348] Pit diameter=0.261205 mm valid=True
Pit: area = 46.0 diameter_mm = 0.26120513677597046 circularity = 0.8031141418478369
[CLEAN C349] type=Rejected area=1.0 perimeter=4.0 bbox=(864,725,2,2) long=1.0 box_short=1.0 box_aspect=1.000 skeleton_width=2.00 skeleton_range=2.00-2.00 skeleton_aspect=0.500 circularity=0.785
[CLEAN C349] REJECT Scratch: area 1.0 < 20; long_side 1.0 < 10; skeleton_aspect 0.500 < 2.5
[CLEAN C349] REJECT Pit: area 1.0 < 32
[CLEAN C350] type=Rejected area=4.5 perimeter=9.4 bbox=(150,725,3,4) long=3.0 box_short=2.0 box_aspect=1.500 skeleton_width=2.00 skeleton_range=2.00-2.80 skeleton_aspect=1.500 circularity=0.638
[CLEAN C350] REJECT Scratch: area 4.5 < 20; long_side 3.0 < 10; skeleton_aspect 1.500 < 2.5
[CLEAN C350] REJECT Pit: area 4.5 < 32
[CLEAN C351] type=Rejected area=1.0 perimeter=4.0 bbox=(500,724,2,2) long=1.0 box_short=1.0 box_aspect=1.000 skeleton_width=2.00 skeleton_range=2.00-2.00 skeleton_aspect=0.500 circularity=0.785
[CLEAN C351] REJECT Scratch: area 1.0 < 20; long_side 1.0 < 10; skeleton_aspect 0.500 < 2.5
[CLEAN C351] REJECT Pit: area 1.0 < 32
[CLEAN C352] type=Rejected area=1.0 perimeter=4.0 bbox=(758,723,2,2) long=1.0 box_short=1.0 box_aspect=1.000 skeleton_width=2.00 skeleton_range=2.00-2.00 skeleton_aspect=0.500 circularity=0.785
[CLEAN C352] REJECT Scratch: area 1.0 < 20; long_side 1.0 < 10; skeleton_aspect 0.500 < 2.5
[CLEAN C352] REJECT Pit: area 1.0 < 32
[CLEAN C353] type=Rejected area=9.5 perimeter=14.2 bbox=(467,723,4,6) long=5.0 box_short=3.0 box_aspect=1.667 skeleton_width=2.40 skeleton_range=2.00-4.00 skeleton_aspect=2.083 circularity=0.589
[CLEAN C353] REJECT Scratch: area 9.5 < 20; long_side 5.0 < 10; skeleton_aspect 2.083 < 2.5
[CLEAN C353] REJECT Pit: area 9.5 < 32
[CLEAN C354] type=Rejected area=3.0 perimeter=20.8 bbox=(278,723,3,10) long=9.2 box_short=1.1 box_aspect=8.222 skeleton_width=2.00 skeleton_range=2.00-2.00 skeleton_aspect=4.589 circularity=0.087
[CLEAN C354] REJECT Scratch: area 3.0 < 20; long_side 9.2 < 10
[CLEAN C354] REJECT Pit: area 3.0 < 32; circularity 0.087 < 0.55; aspect_ratio 8.222 > 5.0
[CLEAN C355] type=Rejected area=2.0 perimeter=6.0 bbox=(1000,722,3,2) long=2.0 box_short=1.0 box_aspect=2.000 skeleton_width=2.00 skeleton_range=2.00-2.00 skeleton_aspect=1.000 circularity=0.698
[CLEAN C355] REJECT Scratch: area 2.0 < 20; long_side 2.0 < 10; skeleton_aspect 1.000 < 2.5
[CLEAN C355] REJECT Pit: area 2.0 < 32
[CLEAN C356] type=Rejected area=1.0 perimeter=4.0 bbox=(770,722,2,2) long=1.0 box_short=1.0 box_aspect=1.000 skeleton_width=2.00 skeleton_range=2.00-2.00 skeleton_aspect=0.500 circularity=0.785
[CLEAN C356] REJECT Scratch: area 1.0 < 20; long_side 1.0 < 10; skeleton_aspect 0.500 < 2.5
[CLEAN C356] REJECT Pit: area 1.0 < 32
[CLEAN C357] type=Scratch area=36.5 perimeter=31.1 bbox=(315,722,7,12) long=11.6 box_short=4.9 box_aspect=2.343 skeleton_width=4.00 skeleton_range=2.00-4.39 skeleton_aspect=2.899 circularity=0.475
[MEASURE C357] Scratch width=0.116293 mm valid=False
[CLEAN C358] type=Rejected area=1.0 perimeter=4.0 bbox=(215,722,2,2) long=1.0 box_short=1.0 box_aspect=1.000 skeleton_width=2.00 skeleton_range=2.00-2.00 skeleton_aspect=0.500 circularity=0.785
[CLEAN C358] REJECT Scratch: area 1.0 < 20; long_side 1.0 < 10; skeleton_aspect 0.500 < 2.5
[CLEAN C358] REJECT Pit: area 1.0 < 32
[CLEAN C359] type=Rejected area=5.5 perimeter=9.4 bbox=(608,721,3,4) long=3.0 box_short=2.0 box_aspect=1.500 skeleton_width=2.00 skeleton_range=2.00-4.00 skeleton_aspect=1.500 circularity=0.780
[CLEAN C359] REJECT Scratch: area 5.5 < 20; long_side 3.0 < 10; skeleton_aspect 1.500 < 2.5
[CLEAN C359] REJECT Pit: area 5.5 < 32
[CLEAN C360] type=Rejected area=11.0 perimeter=14.8 bbox=(685,720,3,7) long=6.0 box_short=2.0 box_aspect=3.000 skeleton_width=2.80 skeleton_range=2.00-4.00 skeleton_aspect=2.143 circularity=0.629
[CLEAN C360] REJECT Scratch: area 11.0 < 20; long_side 6.0 < 10; skeleton_aspect 2.143 < 2.5
[CLEAN C360] REJECT Pit: area 11.0 < 32
[CLEAN C361] type=Rejected area=5.0 perimeter=10.8 bbox=(204,720,3,5) long=4.0 box_short=2.0 box_aspect=2.000 skeleton_width=2.00 skeleton_range=2.00-2.80 skeleton_aspect=2.000 circularity=0.536
[CLEAN C361] REJECT Scratch: area 5.0 < 20; long_side 4.0 < 10; skeleton_aspect 2.000 < 2.5
[CLEAN C361] REJECT Pit: area 5.0 < 32; circularity 0.536 < 0.55
[CLEAN C362] type=Rejected area=0.0 perimeter=4.0 bbox=(1259,718,1,3) long=2.0 box_short=0.0 box_aspect=inf skeleton_width=2.00 skeleton_range=2.00-2.00 skeleton_aspect=1.000 circularity=0.000
[CLEAN C362] REJECT Scratch: area 0.0 < 20; 旋转包围框存在零边长; skeleton_aspect 1.000 < 2.5
[CLEAN C362] REJECT Pit: area 0.0 < 32; 旋转包围框存在零边长
[CLEAN C363] type=Rejected area=3.0 perimeter=8.0 bbox=(723,718,4,2) long=3.0 box_short=1.0 box_aspect=3.000 skeleton_width=2.00 skeleton_range=2.00-2.00 skeleton_aspect=1.500 circularity=0.589
[CLEAN C363] REJECT Scratch: area 3.0 < 20; long_side 3.0 < 10; skeleton_aspect 1.500 < 2.5
[CLEAN C363] REJECT Pit: area 3.0 < 32
[CLEAN C364] type=Rejected area=7.5 perimeter=11.4 bbox=(157,718,5,3) long=4.0 box_short=2.0 box_aspect=2.000 skeleton_width=2.40 skeleton_range=2.00-4.00 skeleton_aspect=1.667 circularity=0.723
[CLEAN C364] REJECT Scratch: area 7.5 < 20; long_side 4.0 < 10; skeleton_aspect 1.667 < 2.5
[CLEAN C364] REJECT Pit: area 7.5 < 32
[CLEAN C365] type=Rejected area=1.0 perimeter=4.0 bbox=(776,717,2,2) long=1.0 box_short=1.0 box_aspect=1.000 skeleton_width=2.00 skeleton_range=2.00-2.00 skeleton_aspect=0.500 circularity=0.785
[CLEAN C365] REJECT Scratch: area 1.0 < 20; long_side 1.0 < 10; skeleton_aspect 0.500 < 2.5
[CLEAN C365] REJECT Pit: area 1.0 < 32
[CLEAN C366] type=Rejected area=23.5 perimeter=38.7 bbox=(616,717,10,9) long=9.0 box_short=8.0 box_aspect=1.125 skeleton_width=2.00 skeleton_range=2.00-4.00 skeleton_aspect=4.500 circularity=0.197
[CLEAN C366] REJECT Scratch: long_side 9.0 < 10
[CLEAN C366] REJECT Pit: area 23.5 < 32; circularity 0.197 < 0.55
[CLEAN C367] type=Rejected area=2.0 perimeter=6.0 bbox=(33,717,2,3) long=2.0 box_short=1.0 box_aspect=2.000 skeleton_width=2.00 skeleton_range=2.00-2.00 skeleton_aspect=1.000 circularity=0.698
[CLEAN C367] REJECT Scratch: area 2.0 < 20; long_side 2.0 < 10; skeleton_aspect 1.000 < 2.5
[CLEAN C367] REJECT Pit: area 2.0 < 32
[CLEAN C368] type=Rejected area=20.0 perimeter=20.5 bbox=(525,716,5,9) long=8.2 box_short=3.8 box_aspect=2.167 skeleton_width=2.80 skeleton_range=2.00-4.39 skeleton_aspect=2.936 circularity=0.599
[CLEAN C368] REJECT Scratch: long_side 8.2 < 10
[CLEAN C368] REJECT Pit: area 20.0 < 32
[CLEAN C369] type=Scratch area=31.5 perimeter=34.2 bbox=(447,716,4,16) long=15.0 box_short=3.0 box_aspect=5.000 skeleton_width=4.00 skeleton_range=2.00-4.00 skeleton_aspect=3.750 circularity=0.338
[MEASURE C369] Scratch width=0.068375 mm valid=False
[CLEAN C370] type=Scratch area=39.0 perimeter=47.3 bbox=(1120,715,8,20) long=19.6 box_short=5.5 box_aspect=3.549 skeleton_width=2.00 skeleton_range=2.00-4.39 skeleton_aspect=9.816 circularity=0.219
[MEASURE C370] Scratch 不可测: 划痕最大宽度点超出中央有效测量区域
[CLEAN C371] type=Rejected area=1.0 perimeter=4.0 bbox=(1015,715,2,2) long=1.0 box_short=1.0 box_aspect=1.000 skeleton_width=2.00 skeleton_range=2.00-2.00 skeleton_aspect=0.500 circularity=0.785
[CLEAN C371] REJECT Scratch: area 1.0 < 20; long_side 1.0 < 10; skeleton_aspect 0.500 < 2.5
[CLEAN C371] REJECT Pit: area 1.0 < 32
[CLEAN C372] type=Rejected area=7.0 perimeter=16.8 bbox=(1203,712,4,7) long=6.0 box_short=3.0 box_aspect=2.000 skeleton_width=2.00 skeleton_range=2.00-2.00 skeleton_aspect=3.000 circularity=0.311
[CLEAN C372] REJECT Scratch: area 7.0 < 20; long_side 6.0 < 10
[CLEAN C372] REJECT Pit: area 7.0 < 32; circularity 0.311 < 0.55
[CLEAN C373] type=Rejected area=2.0 perimeter=6.0 bbox=(959,712,2,3) long=2.0 box_short=1.0 box_aspect=2.000 skeleton_width=2.00 skeleton_range=2.00-2.00 skeleton_aspect=1.000 circularity=0.698
[CLEAN C373] REJECT Scratch: area 2.0 < 20; long_side 2.0 < 10; skeleton_aspect 1.000 < 2.5
[CLEAN C373] REJECT Pit: area 2.0 < 32
[CLEAN C374] type=Rejected area=3.0 perimeter=8.0 bbox=(821,712,2,4) long=3.0 box_short=1.0 box_aspect=3.000 skeleton_width=2.00 skeleton_range=2.00-2.00 skeleton_aspect=1.500 circularity=0.589
[CLEAN C374] REJECT Scratch: area 3.0 < 20; long_side 3.0 < 10; skeleton_aspect 1.500 < 2.5
[CLEAN C374] REJECT Pit: area 3.0 < 32
[CLEAN C375] type=Rejected area=2.0 perimeter=6.0 bbox=(1210,711,2,3) long=2.0 box_short=1.0 box_aspect=2.000 skeleton_width=2.00 skeleton_range=2.00-2.00 skeleton_aspect=1.000 circularity=0.698
[CLEAN C375] REJECT Scratch: area 2.0 < 20; long_side 2.0 < 10; skeleton_aspect 1.000 < 2.5
[CLEAN C375] REJECT Pit: area 2.0 < 32
[CLEAN C376] type=Rejected area=1.0 perimeter=4.0 bbox=(411,711,2,2) long=1.0 box_short=1.0 box_aspect=1.000 skeleton_width=2.00 skeleton_range=2.00-2.00 skeleton_aspect=0.500 circularity=0.785
[CLEAN C376] REJECT Scratch: area 1.0 < 20; long_side 1.0 < 10; skeleton_aspect 0.500 < 2.5
[CLEAN C376] REJECT Pit: area 1.0 < 32
[CLEAN C377] type=Rejected area=6.0 perimeter=10.0 bbox=(46,711,3,4) long=3.0 box_short=2.0 box_aspect=1.500 skeleton_width=2.00 skeleton_range=2.00-4.00 skeleton_aspect=1.500 circularity=0.754
[CLEAN C377] REJECT Scratch: area 6.0 < 20; long_side 3.0 < 10; skeleton_aspect 1.500 < 2.5
[CLEAN C377] REJECT Pit: area 6.0 < 32
[CLEAN C378] type=Rejected area=5.5 perimeter=9.4 bbox=(1104,710,3,4) long=3.0 box_short=2.0 box_aspect=1.500 skeleton_width=2.00 skeleton_range=2.00-4.00 skeleton_aspect=1.500 circularity=0.780
[CLEAN C378] REJECT Scratch: area 5.5 < 20; long_side 3.0 < 10; skeleton_aspect 1.500 < 2.5
[CLEAN C378] REJECT Pit: area 5.5 < 32
[CLEAN C379] type=Rejected area=5.5 perimeter=10.2 bbox=(268,710,4,4) long=3.0 box_short=3.0 box_aspect=1.000 skeleton_width=2.00 skeleton_range=2.00-2.80 skeleton_aspect=1.500 circularity=0.659
[CLEAN C379] REJECT Scratch: area 5.5 < 20; long_side 3.0 < 10; skeleton_aspect 1.500 < 2.5
[CLEAN C379] REJECT Pit: area 5.5 < 32
[CLEAN C380] type=Rejected area=1.0 perimeter=4.0 bbox=(197,710,2,2) long=1.0 box_short=1.0 box_aspect=1.000 skeleton_width=2.00 skeleton_range=2.00-2.00 skeleton_aspect=0.500 circularity=0.785
[CLEAN C380] REJECT Scratch: area 1.0 < 20; long_side 1.0 < 10; skeleton_aspect 0.500 < 2.5
[CLEAN C380] REJECT Pit: area 1.0 < 32
[CLEAN C381] type=Scratch area=55.0 perimeter=41.0 bbox=(535,709,13,13) long=14.8 box_short=6.4 box_aspect=2.333 skeleton_width=4.00 skeleton_range=2.00-7.19 skeleton_aspect=3.712 circularity=0.412
[MEASURE C381] Scratch width=0.173745 mm valid=False
[CLEAN C382] type=Rejected area=2.0 perimeter=6.0 bbox=(497,709,2,3) long=2.0 box_short=1.0 box_aspect=2.000 skeleton_width=2.00 skeleton_range=2.00-2.00 skeleton_aspect=1.000 circularity=0.698
[CLEAN C382] REJECT Scratch: area 2.0 < 20; long_side 2.0 < 10; skeleton_aspect 1.000 < 2.5
[CLEAN C382] REJECT Pit: area 2.0 < 32
[CLEAN C383] type=Rejected area=1.0 perimeter=4.0 bbox=(927,708,2,2) long=1.0 box_short=1.0 box_aspect=1.000 skeleton_width=2.00 skeleton_range=2.00-2.00 skeleton_aspect=0.500 circularity=0.785
[CLEAN C383] REJECT Scratch: area 1.0 < 20; long_side 1.0 < 10; skeleton_aspect 0.500 < 2.5
[CLEAN C383] REJECT Pit: area 1.0 < 32
[CLEAN C384] type=Rejected area=2.0 perimeter=6.0 bbox=(178,708,2,3) long=2.0 box_short=1.0 box_aspect=2.000 skeleton_width=2.00 skeleton_range=2.00-2.00 skeleton_aspect=1.000 circularity=0.698
[CLEAN C384] REJECT Scratch: area 2.0 < 20; long_side 2.0 < 10; skeleton_aspect 1.000 < 2.5
[CLEAN C384] REJECT Pit: area 2.0 < 32
[CLEAN C385] type=Rejected area=5.5 perimeter=9.4 bbox=(1046,707,4,3) long=3.0 box_short=2.0 box_aspect=1.500 skeleton_width=2.00 skeleton_range=2.00-4.00 skeleton_aspect=1.500 circularity=0.780
[CLEAN C385] REJECT Scratch: area 5.5 < 20; long_side 3.0 < 10; skeleton_aspect 1.500 < 2.5
[CLEAN C385] REJECT Pit: area 5.5 < 32
[CLEAN C386] type=Rejected area=1.0 perimeter=4.0 bbox=(797,707,2,2) long=1.0 box_short=1.0 box_aspect=1.000 skeleton_width=2.00 skeleton_range=2.00-2.00 skeleton_aspect=0.500 circularity=0.785
[CLEAN C386] REJECT Scratch: area 1.0 < 20; long_side 1.0 < 10; skeleton_aspect 0.500 < 2.5
[CLEAN C386] REJECT Pit: area 1.0 < 32
[CLEAN C387] type=Scratch area=47.0 perimeter=31.7 bbox=(131,707,7,12) long=11.0 box_short=6.0 box_aspect=1.833 skeleton_width=4.00 skeleton_range=2.00-6.39 skeleton_aspect=2.750 circularity=0.589
[MEASURE C387] Scratch 不可测: 划痕最大宽度点超出中央有效测量区域
[CLEAN C388] type=Scratch area=33.0 perimeter=64.1 bbox=(1154,706,10,27) long=27.3 box_short=4.1 box_aspect=6.619 skeleton_width=2.00 skeleton_range=2.00-4.00 skeleton_aspect=13.630 circularity=0.101
[MEASURE C388] Scratch 不可测: 划痕最大宽度点超出中央有效测量区域
[CLEAN C389] type=Rejected area=6.0 perimeter=10.8 bbox=(993,706,4,4) long=3.0 box_short=3.0 box_aspect=1.000 skeleton_width=2.00 skeleton_range=2.00-2.80 skeleton_aspect=1.500 circularity=0.643
[CLEAN C389] REJECT Scratch: area 6.0 < 20; long_side 3.0 < 10; skeleton_aspect 1.500 < 2.5
[CLEAN C389] REJECT Pit: area 6.0 < 32
[CLEAN C390] type=Rejected area=9.5 perimeter=12.2 bbox=(453,706,4,5) long=4.0 box_short=3.0 box_aspect=1.333 skeleton_width=2.80 skeleton_range=2.00-4.00 skeleton_aspect=1.429 circularity=0.796
[CLEAN C390] REJECT Scratch: area 9.5 < 20; long_side 4.0 < 10; skeleton_aspect 1.429 < 2.5
[CLEAN C390] REJECT Pit: area 9.5 < 32
[CLEAN C391] type=Rejected area=18.0 perimeter=19.7 bbox=(1135,705,5,8) long=7.8 box_short=3.2 box_aspect=2.462 skeleton_width=3.40 skeleton_range=2.00-4.00 skeleton_aspect=2.283 circularity=0.585
[CLEAN C391] REJECT Scratch: area 18.0 < 20; long_side 7.8 < 10; skeleton_aspect 2.283 < 2.5
[CLEAN C391] REJECT Pit: area 18.0 < 32
[CLEAN C392] type=Rejected area=2.0 perimeter=6.0 bbox=(915,705,2,3) long=2.0 box_short=1.0 box_aspect=2.000 skeleton_width=2.00 skeleton_range=2.00-2.00 skeleton_aspect=1.000 circularity=0.698
[CLEAN C392] REJECT Scratch: area 2.0 < 20; long_side 2.0 < 10; skeleton_aspect 1.000 < 2.5
[CLEAN C392] REJECT Pit: area 2.0 < 32
[CLEAN C393] type=Scratch area=1208.5 perimeter=530.3 bbox=(424,705,31,132) long=132.1 box_short=24.9 box_aspect=5.302 skeleton_width=5.60 skeleton_range=2.00-12.39 skeleton_aspect=23.590 circularity=0.054
[MEASURE C393] Scratch width=0.330655 mm valid=True
Scratch: area = 1208.5 width_px = 5.599999904632568 width_mm = 0.3306554545766527 ratio = 23.58994387882001
[CLEAN C394] type=Scratch area=226.0 perimeter=87.8 bbox=(872,704,16,32) long=30.9 box_short=14.3 box_aspect=2.165 skeleton_width=7.19 skeleton_range=2.00-8.79 skeleton_aspect=4.294 circularity=0.368
[MEASURE C394] Scratch width=0.359794 mm valid=True
Scratch: area = 226.0 width_px = 7.19379997253418 width_mm = 0.3597939781840223 ratio = 4.293667474188168
[CLEAN C395] type=Scratch area=31.5 perimeter=27.1 bbox=(1145,703,6,11) long=10.0 box_short=4.7 box_aspect=2.132 skeleton_width=4.00 skeleton_range=2.00-6.00 skeleton_aspect=2.512 circularity=0.540
[MEASURE C395] Scratch 不可测: 划痕最大宽度点超出中央有效测量区域
[CLEAN C396] type=Rejected area=5.5 perimeter=10.2 bbox=(695,703,4,4) long=4.2 box_short=2.1 box_aspect=2.000 skeleton_width=2.00 skeleton_range=2.00-2.80 skeleton_aspect=2.121 circularity=0.659
[CLEAN C396] REJECT Scratch: area 5.5 < 20; long_side 4.2 < 10; skeleton_aspect 2.121 < 2.5
[CLEAN C396] REJECT Pit: area 5.5 < 32
[CLEAN C397] type=Rejected area=3.0 perimeter=8.0 bbox=(864,702,4,2) long=3.0 box_short=1.0 box_aspect=3.000 skeleton_width=2.00 skeleton_range=2.00-2.00 skeleton_aspect=1.500 circularity=0.589
[CLEAN C397] REJECT Scratch: area 3.0 < 20; long_side 3.0 < 10; skeleton_aspect 1.500 < 2.5
[CLEAN C397] REJECT Pit: area 3.0 < 32
[CLEAN C398] type=Rejected area=17.0 perimeter=18.8 bbox=(501,702,4,8) long=7.0 box_short=3.0 box_aspect=2.333 skeleton_width=4.00 skeleton_range=2.00-4.00 skeleton_aspect=1.750 circularity=0.603
[CLEAN C398] REJECT Scratch: area 17.0 < 20; long_side 7.0 < 10; skeleton_aspect 1.750 < 2.5
[CLEAN C398] REJECT Pit: area 17.0 < 32
[CLEAN C399] type=Rejected area=29.5 perimeter=23.1 bbox=(320,702,6,9) long=8.0 box_short=5.0 box_aspect=1.600 skeleton_width=4.00 skeleton_range=2.00-6.00 skeleton_aspect=2.000 circularity=0.696
[CLEAN C399] REJECT Scratch: long_side 8.0 < 10; skeleton_aspect 2.000 < 2.5
[CLEAN C399] REJECT Pit: area 29.5 < 32
[CLEAN C400] type=Rejected area=1.0 perimeter=4.0 bbox=(1018,701,2,2) long=1.0 box_short=1.0 box_aspect=1.000 skeleton_width=2.00 skeleton_range=2.00-2.00 skeleton_aspect=0.500 circularity=0.785
[CLEAN C400] REJECT Scratch: area 1.0 < 20; long_side 1.0 < 10; skeleton_aspect 0.500 < 2.5
[CLEAN C400] REJECT Pit: area 1.0 < 32
[CLEAN C401] type=Rejected area=12.5 perimeter=15.4 bbox=(548,701,4,6) long=5.0 box_short=3.0 box_aspect=1.667 skeleton_width=3.40 skeleton_range=2.00-4.00 skeleton_aspect=1.471 circularity=0.661
[CLEAN C401] REJECT Scratch: area 12.5 < 20; long_side 5.0 < 10; skeleton_aspect 1.471 < 2.5
[CLEAN C401] REJECT Pit: area 12.5 < 32
[CLEAN C402] type=Scratch area=118.5 perimeter=56.7 bbox=(393,701,9,24) long=23.0 box_short=8.0 box_aspect=2.875 skeleton_width=6.00 skeleton_range=2.80-8.00 skeleton_aspect=3.833 circularity=0.463
[MEASURE C402] Scratch width=0.191812 mm valid=False
[CLEAN C403] type=Rejected area=2.0 perimeter=6.0 bbox=(788,700,2,3) long=2.0 box_short=1.0 box_aspect=2.000 skeleton_width=2.00 skeleton_range=2.00-2.00 skeleton_aspect=1.000 circularity=0.698
[CLEAN C403] REJECT Scratch: area 2.0 < 20; long_side 2.0 < 10; skeleton_aspect 1.000 < 2.5
[CLEAN C403] REJECT Pit: area 2.0 < 32
[CLEAN C404] type=Scratch area=99.5 perimeter=66.4 bbox=(568,700,12,26) long=25.9 box_short=9.2 box_aspect=2.828 skeleton_width=2.80 skeleton_range=2.00-8.79 skeleton_aspect=9.261 circularity=0.284
[MEASURE C404] Scratch width=0.215051 mm valid=False
[CLEAN C405] type=Rejected area=19.5 perimeter=21.1 bbox=(233,699,6,8) long=7.8 box_short=4.4 box_aspect=1.778 skeleton_width=2.80 skeleton_range=2.00-4.39 skeleton_aspect=2.772 circularity=0.552
[CLEAN C405] REJECT Scratch: area 19.5 < 20; long_side 7.8 < 10
[CLEAN C405] REJECT Pit: area 19.5 < 32
[CLEAN C406] type=Rejected area=16.5 perimeter=20.2 bbox=(892,698,4,9) long=8.0 box_short=3.0 box_aspect=2.667 skeleton_width=2.80 skeleton_range=2.00-4.00 skeleton_aspect=2.857 circularity=0.506
[CLEAN C406] REJECT Scratch: area 16.5 < 20; long_side 8.0 < 10
[CLEAN C406] REJECT Pit: area 16.5 < 32; circularity 0.506 < 0.55
[CLEAN C407] type=Rejected area=12.5 perimeter=27.1 bbox=(648,696,11,5) long=10.8 box_short=3.4 box_aspect=3.172 skeleton_width=2.00 skeleton_range=2.00-4.00 skeleton_aspect=5.384 circularity=0.214
[CLEAN C407] REJECT Scratch: area 12.5 < 20
[CLEAN C407] REJECT Pit: area 12.5 < 32; circularity 0.214 < 0.55
[CLEAN C408] type=Rejected area=5.5 perimeter=9.4 bbox=(445,695,4,3) long=3.0 box_short=2.0 box_aspect=1.500 skeleton_width=2.00 skeleton_range=2.00-4.00 skeleton_aspect=1.500 circularity=0.780
[CLEAN C408] REJECT Scratch: area 5.5 < 20; long_side 3.0 < 10; skeleton_aspect 1.500 < 2.5
[CLEAN C408] REJECT Pit: area 5.5 < 32
[CLEAN C409] type=Rejected area=7.5 perimeter=28.2 bbox=(348,695,4,13) long=12.1 box_short=2.3 box_aspect=5.360 skeleton_width=2.00 skeleton_range=2.00-4.00 skeleton_aspect=6.066 circularity=0.118
[CLEAN C409] REJECT Scratch: area 7.5 < 20
[CLEAN C409] REJECT Pit: area 7.5 < 32; circularity 0.118 < 0.55; aspect_ratio 5.360 > 5.0
[CLEAN C410] type=Rejected area=5.0 perimeter=8.8 bbox=(806,694,4,3) long=3.0 box_short=2.0 box_aspect=1.500 skeleton_width=2.40 skeleton_range=2.00-2.80 skeleton_aspect=1.250 circularity=0.806
[CLEAN C410] REJECT Scratch: area 5.0 < 20; long_side 3.0 < 10; skeleton_aspect 1.250 < 2.5
[CLEAN C410] REJECT Pit: area 5.0 < 32
[CLEAN C411] type=Rejected area=0.0 perimeter=2.0 bbox=(1259,692,1,2) long=1.0 box_short=0.0 box_aspect=inf skeleton_width=2.00 skeleton_range=2.00-2.00 skeleton_aspect=0.500 circularity=0.000
[CLEAN C411] REJECT Scratch: area 0.0 < 20; 旋转包围框存在零边长; skeleton_aspect 0.500 < 2.5
[CLEAN C411] REJECT Pit: area 0.0 < 32; 旋转包围框存在零边长
[CLEAN C412] type=Scratch area=312.5 perimeter=205.8 bbox=(642,692,37,54) long=44.4 box_short=35.9 box_aspect=1.235 skeleton_width=4.00 skeleton_range=2.00-10.00 skeleton_aspect=11.090 circularity=0.093
[MEASURE C412] Scratch width=0.309836 mm valid=True
Scratch: area = 312.5 width_px = 4.0 width_mm = 0.3098360566725492 ratio = 11.089847564697266
[CLEAN C413] type=Rejected area=2.0 perimeter=6.0 bbox=(283,691,3,2) long=2.0 box_short=1.0 box_aspect=2.000 skeleton_width=2.00 skeleton_range=2.00-2.00 skeleton_aspect=1.000 circularity=0.698
[CLEAN C413] REJECT Scratch: area 2.0 < 20; long_side 2.0 < 10; skeleton_aspect 1.000 < 2.5
[CLEAN C413] REJECT Pit: area 2.0 < 32
[CLEAN C414] type=Rejected area=1.0 perimeter=4.0 bbox=(1218,690,2,2) long=1.0 box_short=1.0 box_aspect=1.000 skeleton_width=2.00 skeleton_range=2.00-2.00 skeleton_aspect=0.500 circularity=0.785
[CLEAN C414] REJECT Scratch: area 1.0 < 20; long_side 1.0 < 10; skeleton_aspect 0.500 < 2.5
[CLEAN C414] REJECT Pit: area 1.0 < 32
[CLEAN C415] type=Rejected area=19.0 perimeter=17.7 bbox=(517,690,5,7) long=6.0 box_short=4.0 box_aspect=1.500 skeleton_width=2.80 skeleton_range=2.00-5.60 skeleton_aspect=2.143 circularity=0.766
[CLEAN C415] REJECT Scratch: area 19.0 < 20; long_side 6.0 < 10; skeleton_aspect 2.143 < 2.5
[CLEAN C415] REJECT Pit: area 19.0 < 32
[CLEAN C416] type=Rejected area=7.5 perimeter=12.2 bbox=(684,688,4,5) long=4.0 box_short=3.0 box_aspect=1.333 skeleton_width=2.00 skeleton_range=2.00-2.80 skeleton_aspect=2.000 circularity=0.629
[CLEAN C416] REJECT Scratch: area 7.5 < 20; long_side 4.0 < 10; skeleton_aspect 2.000 < 2.5
[CLEAN C416] REJECT Pit: area 7.5 < 32
[CLEAN C417] type=Scratch area=35.5 perimeter=49.1 bbox=(95,688,6,21) long=20.0 box_short=5.0 box_aspect=4.000 skeleton_width=2.00 skeleton_range=2.00-4.00 skeleton_aspect=10.000 circularity=0.185
[MEASURE C417] Scratch 不可测: 划痕最大宽度点超出中央有效测量区域
[CLEAN C418] type=Rejected area=16.5 perimeter=21.9 bbox=(1223,687,6,9) long=9.4 box_short=2.7 box_aspect=3.438 skeleton_width=2.80 skeleton_range=2.00-4.00 skeleton_aspect=3.369 circularity=0.432
[CLEAN C418] REJECT Scratch: area 16.5 < 20; long_side 9.4 < 10
[CLEAN C418] REJECT Pit: area 16.5 < 32; circularity 0.432 < 0.55
[CLEAN C419] type=Scratch area=65.5 perimeter=41.9 bbox=(952,687,10,15) long=16.5 box_short=7.6 box_aspect=2.176 skeleton_width=4.00 skeleton_range=2.00-7.19 skeleton_aspect=4.137 circularity=0.469
[MEASURE C419] Scratch width=0.195440 mm valid=False
[CLEAN C420] type=Scratch area=256.0 perimeter=145.1 bbox=(1169,686,15,50) long=49.0 box_short=14.0 box_aspect=3.500 skeleton_width=4.39 skeleton_range=2.00-8.79 skeleton_aspect=11.152 circularity=0.153
[MEASURE C420] Scratch 不可测: 划痕最大宽度点超出中央有效测量区域
[CLEAN C421] type=Scratch area=109.5 perimeter=63.9 bbox=(417,686,9,27) long=26.0 box_short=8.0 box_aspect=3.250 skeleton_width=4.00 skeleton_range=2.00-8.39 skeleton_aspect=6.500 circularity=0.337
[MEASURE C421] Scratch width=0.232499 mm valid=False
[CLEAN C422] type=Scratch area=66.0 perimeter=65.3 bbox=(53,686,10,21) long=20.0 box_short=9.0 box_aspect=2.222 skeleton_width=4.00 skeleton_range=2.00-4.39 skeleton_aspect=5.000 circularity=0.194
[MEASURE C422] Scratch 不可测: 划痕最大宽度点超出中央有效测量区域
[CLEAN C423] type=Scratch area=27.5 perimeter=35.1 bbox=(526,685,6,15) long=14.0 box_short=5.0 box_aspect=2.800 skeleton_width=2.00 skeleton_range=2.00-4.39 skeleton_aspect=7.000 circularity=0.281
[MEASURE C423] Scratch width=0.150731 mm valid=False
[CLEAN C424] type=Rejected area=30.5 perimeter=23.1 bbox=(183,685,7,8) long=7.0 box_short=6.0 box_aspect=1.167 skeleton_width=4.00 skeleton_range=2.00-6.39 skeleton_aspect=1.750 circularity=0.720
[CLEAN C424] REJECT Scratch: long_side 7.0 < 10; skeleton_aspect 1.750 < 2.5
[CLEAN C424] REJECT Pit: area 30.5 < 32
[CLEAN C425] type=Rejected area=3.5 perimeter=7.4 bbox=(167,685,3,3) long=2.0 box_short=2.0 box_aspect=1.000 skeleton_width=2.00 skeleton_range=2.00-2.80 skeleton_aspect=1.000 circularity=0.800
[CLEAN C425] REJECT Scratch: area 3.5 < 20; long_side 2.0 < 10; skeleton_aspect 1.000 < 2.5
[CLEAN C425] REJECT Pit: area 3.5 < 32
[CLEAN C426] type=Scratch area=36.5 perimeter=59.1 bbox=(19,685,8,20) long=19.4 box_short=6.7 box_aspect=2.892 skeleton_width=2.00 skeleton_range=2.00-4.00 skeleton_aspect=9.687 circularity=0.131
[MEASURE C426] Scratch 不可测: 划痕最大宽度点超出中央有效测量区域
[CLEAN C427] type=Rejected area=18.5 perimeter=21.9 bbox=(761,684,7,8) long=9.2 box_short=3.5 box_aspect=2.600 skeleton_width=2.80 skeleton_range=2.00-4.00 skeleton_aspect=3.283 circularity=0.485
[CLEAN C427] REJECT Scratch: area 18.5 < 20; long_side 9.2 < 10
[CLEAN C427] REJECT Pit: area 18.5 < 32; circularity 0.485 < 0.55
[CLEAN C428] type=Scratch area=29.0 perimeter=31.3 bbox=(672,684,10,10) long=11.5 box_short=4.8 box_aspect=2.393 skeleton_width=2.80 skeleton_range=2.00-4.39 skeleton_aspect=4.104 circularity=0.372
[MEASURE C428] Scratch width=0.137023 mm valid=False
[CLEAN C429] type=Rejected area=3.5 perimeter=7.4 bbox=(206,683,3,3) long=2.0 box_short=2.0 box_aspect=1.000 skeleton_width=2.00 skeleton_range=2.00-2.80 skeleton_aspect=1.000 circularity=0.800
[CLEAN C429] REJECT Scratch: area 3.5 < 20; long_side 2.0 < 10; skeleton_aspect 1.000 < 2.5
[CLEAN C429] REJECT Pit: area 3.5 < 32
[CLEAN C430] type=Rejected area=10.0 perimeter=13.7 bbox=(152,683,6,4) long=5.0 box_short=3.0 box_aspect=1.667 skeleton_width=2.80 skeleton_range=2.00-4.00 skeleton_aspect=1.786 circularity=0.674
[CLEAN C430] REJECT Scratch: area 10.0 < 20; long_side 5.0 < 10; skeleton_aspect 1.786 < 2.5
[CLEAN C430] REJECT Pit: area 10.0 < 32
[CLEAN C431] type=Scratch area=207.0 perimeter=107.1 bbox=(590,682,18,38) long=38.7 box_short=12.3 box_aspect=3.148 skeleton_width=4.20 skeleton_range=2.00-10.00 skeleton_aspect=9.229 circularity=0.227
[MEASURE C431] Scratch width=0.268132 mm valid=True
Scratch: area = 207.0 width_px = 4.196899890899658 width_mm = 0.2681319666655655 ratio = 9.229300745994705
[CLEAN C432] type=Scratch area=315.0 perimeter=159.1 bbox=(552,682,15,63) long=62.2 box_short=13.9 box_aspect=4.485 skeleton_width=6.00 skeleton_range=2.00-8.79 skeleton_aspect=10.371 circularity=0.156
[MEASURE C432] Scratch width=0.185554 mm valid=False
[CLEAN C433] type=Scratch area=40.5 perimeter=45.1 bbox=(247,682,9,17) long=17.0 box_short=5.8 box_aspect=2.917 skeleton_width=2.00 skeleton_range=2.00-6.00 skeleton_aspect=8.489 circularity=0.251
[MEASURE C433] Scratch width=0.184328 mm valid=False
[CLEAN C434] type=Rejected area=1.0 perimeter=4.0 bbox=(1202,681,2,2) long=1.0 box_short=1.0 box_aspect=1.000 skeleton_width=2.00 skeleton_range=2.00-2.00 skeleton_aspect=0.500 circularity=0.785
[CLEAN C434] REJECT Scratch: area 1.0 < 20; long_side 1.0 < 10; skeleton_aspect 0.500 < 2.5
[CLEAN C434] REJECT Pit: area 1.0 < 32
[CLEAN C435] type=Rejected area=1.0 perimeter=4.0 bbox=(1085,680,2,2) long=1.0 box_short=1.0 box_aspect=1.000 skeleton_width=2.00 skeleton_range=2.00-2.00 skeleton_aspect=0.500 circularity=0.785
[CLEAN C435] REJECT Scratch: area 1.0 < 20; long_side 1.0 < 10; skeleton_aspect 0.500 < 2.5
[CLEAN C435] REJECT Pit: area 1.0 < 32
[CLEAN C436] type=Rejected area=3.5 perimeter=7.4 bbox=(936,679,3,3) long=2.0 box_short=2.0 box_aspect=1.000 skeleton_width=2.00 skeleton_range=2.00-2.80 skeleton_aspect=1.000 circularity=0.800
[CLEAN C436] REJECT Scratch: area 3.5 < 20; long_side 2.0 < 10; skeleton_aspect 1.000 < 2.5
[CLEAN C436] REJECT Pit: area 3.5 < 32
[CLEAN C437] type=Scratch area=271.0 perimeter=142.3 bbox=(357,679,12,61) long=60.0 box_short=10.8 box_aspect=5.581 skeleton_width=6.00 skeleton_range=2.00-8.40 skeleton_aspect=10.003 circularity=0.168
[MEASURE C437] Scratch width=0.269094 mm valid=True
Scratch: area = 271.0 width_px = 6.0 width_mm = 0.2690941663345752 ratio = 10.002731323242188
[CLEAN C438] type=Rejected area=4.0 perimeter=8.8 bbox=(737,678,4,3) long=3.0 box_short=2.0 box_aspect=1.500 skeleton_width=2.00 skeleton_range=2.00-2.80 skeleton_aspect=1.500 circularity=0.645
[CLEAN C438] REJECT Scratch: area 4.0 < 20; long_side 3.0 < 10; skeleton_aspect 1.500 < 2.5
[CLEAN C438] REJECT Pit: area 4.0 < 32
[CLEAN C439] type=Rejected area=5.0 perimeter=8.8 bbox=(1102,677,4,3) long=3.0 box_short=2.0 box_aspect=1.500 skeleton_width=2.40 skeleton_range=2.00-2.80 skeleton_aspect=1.250 circularity=0.806
[CLEAN C439] REJECT Scratch: area 5.0 < 20; long_side 3.0 < 10; skeleton_aspect 1.250 < 2.5
[CLEAN C439] REJECT Pit: area 5.0 < 32
[CLEAN C440] type=Scratch area=26.0 perimeter=31.7 bbox=(123,677,7,12) long=11.3 box_short=5.5 box_aspect=2.068 skeleton_width=2.00 skeleton_range=2.00-6.00 skeleton_aspect=5.644 circularity=0.326
[MEASURE C440] Scratch 不可测: 划痕最大宽度点超出中央有效测量区域
[CLEAN C441] type=Scratch area=56.5 perimeter=102.4 bbox=(28,677,15,34) long=35.8 box_short=10.8 box_aspect=3.310 skeleton_width=2.00 skeleton_range=2.00-4.00 skeleton_aspect=17.923 circularity=0.068
[MEASURE C441] Scratch 不可测: 划痕最大宽度点超出中央有效测量区域
[CLEAN C442] type=Rejected area=28.0 perimeter=29.3 bbox=(995,676,11,8) long=9.9 box_short=5.7 box_aspect=1.750 skeleton_width=2.40 skeleton_range=2.00-4.39 skeleton_aspect=4.125 circularity=0.409
[CLEAN C442] REJECT Scratch: long_side 9.9 < 10
[CLEAN C442] REJECT Pit: area 28.0 < 32; circularity 0.409 < 0.55
[CLEAN C443] type=Scratch area=121.0 perimeter=53.3 bbox=(404,676,9,22) long=21.4 box_short=7.4 box_aspect=2.906 skeleton_width=7.19 skeleton_range=2.00-8.00 skeleton_aspect=2.975 circularity=0.535
[MEASURE C443] Scratch width=0.184393 mm valid=False
[CLEAN C444] type=Rejected area=4.0 perimeter=8.8 bbox=(383,676,4,3) long=3.0 box_short=2.0 box_aspect=1.500 skeleton_width=2.00 skeleton_range=2.00-2.80 skeleton_aspect=1.500 circularity=0.645
[CLEAN C444] REJECT Scratch: area 4.0 < 20; long_side 3.0 < 10; skeleton_aspect 1.500 < 2.5
[CLEAN C444] REJECT Pit: area 4.0 < 32
[CLEAN C445] type=Rejected area=6.5 perimeter=10.2 bbox=(1232,675,4,4) long=4.2 box_short=2.1 box_aspect=2.000 skeleton_width=2.80 skeleton_range=2.00-2.80 skeleton_aspect=1.515 circularity=0.779
[CLEAN C445] REJECT Scratch: area 6.5 < 20; long_side 4.2 < 10; skeleton_aspect 1.515 < 2.5
[CLEAN C445] REJECT Pit: area 6.5 < 32
[CLEAN C446] type=Rejected area=2.0 perimeter=6.0 bbox=(697,675,2,3) long=2.0 box_short=1.0 box_aspect=2.000 skeleton_width=2.00 skeleton_range=2.00-2.00 skeleton_aspect=1.000 circularity=0.698
[CLEAN C446] REJECT Scratch: area 2.0 < 20; long_side 2.0 < 10; skeleton_aspect 1.000 < 2.5
[CLEAN C446] REJECT Pit: area 2.0 < 32
[CLEAN C447] type=Rejected area=1.0 perimeter=4.0 bbox=(496,675,2,2) long=1.0 box_short=1.0 box_aspect=1.000 skeleton_width=2.00 skeleton_range=2.00-2.00 skeleton_aspect=0.500 circularity=0.785
[CLEAN C447] REJECT Scratch: area 1.0 < 20; long_side 1.0 < 10; skeleton_aspect 0.500 < 2.5
[CLEAN C447] REJECT Pit: area 1.0 < 32
[CLEAN C448] type=Scratch area=140.0 perimeter=105.0 bbox=(483,675,7,49) long=48.1 box_short=5.6 box_aspect=8.543 skeleton_width=4.00 skeleton_range=2.00-6.00 skeleton_aspect=12.032 circularity=0.160
[MEASURE C448] Scratch width=0.128293 mm valid=False
[CLEAN C449] type=Scratch area=247.0 perimeter=109.5 bbox=(453,675,16,43) long=41.8 box_short=14.7 box_aspect=2.838 skeleton_width=4.39 skeleton_range=2.00-10.00 skeleton_aspect=9.511 circularity=0.259
[MEASURE C449] Scratch width=0.228124 mm valid=False
[CLEAN C450] type=Scratch area=75.5 perimeter=54.4 bbox=(627,674,12,19) long=18.0 box_short=11.0 box_aspect=1.636 skeleton_width=4.00 skeleton_range=2.00-7.19 skeleton_aspect=4.500 circularity=0.321
[MEASURE C450] Scratch width=0.261912 mm valid=True
Scratch: area = 75.5 width_px = 4.0 width_mm = 0.26191198729307996 ratio = 4.5
[CLEAN C451] type=Rejected area=3.0 perimeter=8.0 bbox=(330,674,2,4) long=3.0 box_short=1.0 box_aspect=3.000 skeleton_width=2.00 skeleton_range=2.00-2.00 skeleton_aspect=1.500 circularity=0.589
[CLEAN C451] REJECT Scratch: area 3.0 < 20; long_side 3.0 < 10; skeleton_aspect 1.500 < 2.5
[CLEAN C451] REJECT Pit: area 3.0 < 32
[CLEAN C452] type=Rejected area=1.0 perimeter=4.0 bbox=(748,673,2,2) long=1.0 box_short=1.0 box_aspect=1.000 skeleton_width=2.00 skeleton_range=2.00-2.00 skeleton_aspect=0.500 circularity=0.785
[CLEAN C452] REJECT Scratch: area 1.0 < 20; long_side 1.0 < 10; skeleton_aspect 0.500 < 2.5
[CLEAN C452] REJECT Pit: area 1.0 < 32
[CLEAN C453] type=Rejected area=16.5 perimeter=17.1 bbox=(89,673,6,6) long=5.0 box_short=5.0 box_aspect=1.000 skeleton_width=2.80 skeleton_range=2.00-4.39 skeleton_aspect=1.786 circularity=0.711
[CLEAN C453] REJECT Scratch: area 16.5 < 20; long_side 5.0 < 10; skeleton_aspect 1.786 < 2.5
[CLEAN C453] REJECT Pit: area 16.5 < 32
[CLEAN C454] type=Rejected area=1.0 perimeter=4.0 bbox=(1207,672,2,2) long=1.0 box_short=1.0 box_aspect=1.000 skeleton_width=2.00 skeleton_range=2.00-2.00 skeleton_aspect=0.500 circularity=0.785
[CLEAN C454] REJECT Scratch: area 1.0 < 20; long_side 1.0 < 10; skeleton_aspect 0.500 < 2.5
[CLEAN C454] REJECT Pit: area 1.0 < 32
[CLEAN C455] type=Scratch area=64.5 perimeter=35.1 bbox=(1128,672,7,14) long=13.0 box_short=6.0 box_aspect=2.167 skeleton_width=4.39 skeleton_range=2.00-8.00 skeleton_aspect=2.959 circularity=0.659
[MEASURE C455] Scratch 不可测: 划痕最大宽度点超出中央有效测量区域
[CLEAN C456] type=Scratch area=218.5 perimeter=124.9 bbox=(900,672,14,50) long=49.2 box_short=11.4 box_aspect=4.321 skeleton_width=4.00 skeleton_range=2.00-8.00 skeleton_aspect=12.311 circularity=0.176
[MEASURE C456] Scratch width=0.218001 mm valid=False
[CLEAN C457] type=Rejected area=1.0 perimeter=4.0 bbox=(174,672,2,2) long=1.0 box_short=1.0 box_aspect=1.000 skeleton_width=2.00 skeleton_range=2.00-2.00 skeleton_aspect=0.500 circularity=0.785
[CLEAN C457] REJECT Scratch: area 1.0 < 20; long_side 1.0 < 10; skeleton_aspect 0.500 < 2.5
[CLEAN C457] REJECT Pit: area 1.0 < 32
[CLEAN C458] type=Rejected area=2.0 perimeter=6.0 bbox=(352,671,3,2) long=2.0 box_short=1.0 box_aspect=2.000 skeleton_width=2.00 skeleton_range=2.00-2.00 skeleton_aspect=1.000 circularity=0.698
[CLEAN C458] REJECT Scratch: area 2.0 < 20; long_side 2.0 < 10; skeleton_aspect 1.000 < 2.5
[CLEAN C458] REJECT Pit: area 2.0 < 32
[CLEAN C459] type=Rejected area=3.5 perimeter=7.4 bbox=(313,671,3,3) long=2.0 box_short=2.0 box_aspect=1.000 skeleton_width=2.00 skeleton_range=2.00-2.80 skeleton_aspect=1.000 circularity=0.800
[CLEAN C459] REJECT Scratch: area 3.5 < 20; long_side 2.0 < 10; skeleton_aspect 1.000 < 2.5
[CLEAN C459] REJECT Pit: area 3.5 < 32
[CLEAN C460] type=Rejected area=3.5 perimeter=7.4 bbox=(688,670,3,3) long=2.0 box_short=2.0 box_aspect=1.000 skeleton_width=2.00 skeleton_range=2.00-2.80 skeleton_aspect=1.000 circularity=0.800
[CLEAN C460] REJECT Scratch: area 3.5 < 20; long_side 2.0 < 10; skeleton_aspect 1.000 < 2.5
[CLEAN C460] REJECT Pit: area 3.5 < 32
[CLEAN C461] type=Rejected area=24.5 perimeter=19.1 bbox=(270,670,7,6) long=6.0 box_short=5.0 box_aspect=1.200 skeleton_width=4.39 skeleton_range=2.00-6.00 skeleton_aspect=1.366 circularity=0.846
[CLEAN C461] REJECT Scratch: long_side 6.0 < 10; skeleton_aspect 1.366 < 2.5
[CLEAN C461] REJECT Pit: area 24.5 < 32
[CLEAN C462] type=Scratch area=39.5 perimeter=28.2 bbox=(658,669,5,12) long=11.0 box_short=4.0 box_aspect=2.750 skeleton_width=4.20 skeleton_range=2.00-6.00 skeleton_aspect=2.621 circularity=0.622
[MEASURE C462] Scratch width=0.125144 mm valid=False
[CLEAN C463] type=Rejected area=3.0 perimeter=6.8 bbox=(254,669,3,3) long=2.8 box_short=1.4 box_aspect=2.000 skeleton_width=2.00 skeleton_range=2.00-2.80 skeleton_aspect=1.414 circularity=0.809
[CLEAN C463] REJECT Scratch: area 3.0 < 20; long_side 2.8 < 10; skeleton_aspect 1.414 < 2.5
[CLEAN C463] REJECT Pit: area 3.0 < 32
[CLEAN C464] type=Rejected area=3.0 perimeter=8.0 bbox=(1227,668,2,4) long=3.0 box_short=1.0 box_aspect=3.000 skeleton_width=2.00 skeleton_range=2.00-2.00 skeleton_aspect=1.500 circularity=0.589
[CLEAN C464] REJECT Scratch: area 3.0 < 20; long_side 3.0 < 10; skeleton_aspect 1.500 < 2.5
[CLEAN C464] REJECT Pit: area 3.0 < 32
[CLEAN C465] type=Rejected area=9.5 perimeter=14.2 bbox=(1072,667,4,6) long=5.0 box_short=3.0 box_aspect=1.667 skeleton_width=2.00 skeleton_range=2.00-4.00 skeleton_aspect=2.500 circularity=0.589
[CLEAN C465] REJECT Scratch: area 9.5 < 20; long_side 5.0 < 10
[CLEAN C465] REJECT Pit: area 9.5 < 32
[CLEAN C466] type=Rejected area=1.0 perimeter=4.0 bbox=(111,667,2,2) long=1.0 box_short=1.0 box_aspect=1.000 skeleton_width=2.00 skeleton_range=2.00-2.00 skeleton_aspect=0.500 circularity=0.785
[CLEAN C466] REJECT Scratch: area 1.0 < 20; long_side 1.0 < 10; skeleton_aspect 0.500 < 2.5
[CLEAN C466] REJECT Pit: area 1.0 < 32
[CLEAN C467] type=Rejected area=20.5 perimeter=18.2 bbox=(135,666,5,7) long=6.0 box_short=4.0 box_aspect=1.500 skeleton_width=4.00 skeleton_range=2.00-6.00 skeleton_aspect=1.500 circularity=0.774
[CLEAN C467] REJECT Scratch: long_side 6.0 < 10; skeleton_aspect 1.500 < 2.5
[CLEAN C467] REJECT Pit: area 20.5 < 32
[CLEAN C468] type=Rejected area=1.0 perimeter=4.0 bbox=(1178,665,2,2) long=1.0 box_short=1.0 box_aspect=1.000 skeleton_width=2.00 skeleton_range=2.00-2.00 skeleton_aspect=0.500 circularity=0.785
[CLEAN C468] REJECT Scratch: area 1.0 < 20; long_side 1.0 < 10; skeleton_aspect 0.500 < 2.5
[CLEAN C468] REJECT Pit: area 1.0 < 32
[CLEAN C469] type=Scratch area=57.5 perimeter=49.9 bbox=(840,664,9,20) long=19.2 box_short=7.4 box_aspect=2.580 skeleton_width=4.00 skeleton_range=2.00-8.00 skeleton_aspect=4.788 circularity=0.290
[MEASURE C469] Scratch width=0.208827 mm valid=False
[CLEAN C470] type=Scratch area=101.5 perimeter=66.7 bbox=(540,664,11,26) long=25.0 box_short=10.0 box_aspect=2.500 skeleton_width=2.00 skeleton_range=2.00-10.00 skeleton_aspect=12.500 circularity=0.286
[MEASURE C470] Scratch width=0.246217 mm valid=False
[CLEAN C471] type=Rejected area=38.5 perimeter=30.7 bbox=(217,664,11,8) long=9.9 box_short=5.8 box_aspect=1.708 skeleton_width=4.00 skeleton_range=2.00-5.60 skeleton_aspect=2.486 circularity=0.512
[CLEAN C471] REJECT Scratch: long_side 9.9 < 10; skeleton_aspect 2.486 < 2.5
[CLEAN C471] REJECT Pit: circularity 0.512 < 0.55
[CLEAN C472] type=Rejected area=4.5 perimeter=9.4 bbox=(149,664,3,4) long=3.0 box_short=2.0 box_aspect=1.500 skeleton_width=2.00 skeleton_range=2.00-2.80 skeleton_aspect=1.500 circularity=0.638
[CLEAN C472] REJECT Scratch: area 4.5 < 20; long_side 3.0 < 10; skeleton_aspect 1.500 < 2.5
[CLEAN C472] REJECT Pit: area 4.5 < 32
[CLEAN C473] type=Rejected area=4.5 perimeter=9.4 bbox=(1121,663,3,4) long=3.0 box_short=2.0 box_aspect=1.500 skeleton_width=2.00 skeleton_range=2.00-2.80 skeleton_aspect=1.500 circularity=0.638
[CLEAN C473] REJECT Scratch: area 4.5 < 20; long_side 3.0 < 10; skeleton_aspect 1.500 < 2.5
[CLEAN C473] REJECT Pit: area 4.5 < 32
[CLEAN C474] type=Rejected area=10.0 perimeter=18.8 bbox=(419,663,6,6) long=6.1 box_short=4.1 box_aspect=1.471 skeleton_width=2.00 skeleton_range=2.00-2.80 skeleton_aspect=3.032 circularity=0.354
[CLEAN C474] REJECT Scratch: area 10.0 < 20; long_side 6.1 < 10
[CLEAN C474] REJECT Pit: area 10.0 < 32; circularity 0.354 < 0.55
[CLEAN C475] type=Rejected area=2.0 perimeter=6.0 bbox=(83,663,3,2) long=2.0 box_short=1.0 box_aspect=2.000 skeleton_width=2.00 skeleton_range=2.00-2.00 skeleton_aspect=1.000 circularity=0.698
[CLEAN C475] REJECT Scratch: area 2.0 < 20; long_side 2.0 < 10; skeleton_aspect 1.000 < 2.5
[CLEAN C475] REJECT Pit: area 2.0 < 32
[CLEAN C476] type=Rejected area=11.5 perimeter=18.2 bbox=(13,663,6,6) long=6.3 box_short=3.6 box_aspect=1.750 skeleton_width=2.00 skeleton_range=2.00-4.00 skeleton_aspect=3.130 circularity=0.434
[CLEAN C476] REJECT Scratch: area 11.5 < 20; long_side 6.3 < 10
[CLEAN C476] REJECT Pit: area 11.5 < 32; circularity 0.434 < 0.55
[CLEAN C477] type=Rejected area=17.0 perimeter=17.7 bbox=(1041,662,5,7) long=6.0 box_short=4.0 box_aspect=1.500 skeleton_width=3.40 skeleton_range=2.00-4.00 skeleton_aspect=1.765 circularity=0.685
[CLEAN C477] REJECT Scratch: area 17.0 < 20; long_side 6.0 < 10; skeleton_aspect 1.765 < 2.5
[CLEAN C477] REJECT Pit: area 17.0 < 32
[CLEAN C478] type=Rejected area=1.0 perimeter=4.0 bbox=(631,662,2,2) long=1.0 box_short=1.0 box_aspect=1.000 skeleton_width=2.00 skeleton_range=2.00-2.00 skeleton_aspect=0.500 circularity=0.785
[CLEAN C478] REJECT Scratch: area 1.0 < 20; long_side 1.0 < 10; skeleton_aspect 0.500 < 2.5
[CLEAN C478] REJECT Pit: area 1.0 < 32
[CLEAN C479] type=Rejected area=8.5 perimeter=12.2 bbox=(1138,661,5,4) long=4.0 box_short=3.0 box_aspect=1.333 skeleton_width=2.80 skeleton_range=2.00-4.00 skeleton_aspect=1.429 circularity=0.713
[CLEAN C479] REJECT Scratch: area 8.5 < 20; long_side 4.0 < 10; skeleton_aspect 1.429 < 2.5
[CLEAN C479] REJECT Pit: area 8.5 < 32
[CLEAN C480] type=Rejected area=2.0 perimeter=6.0 bbox=(1051,661,2,3) long=2.0 box_short=1.0 box_aspect=2.000 skeleton_width=2.00 skeleton_range=2.00-2.00 skeleton_aspect=1.000 circularity=0.698
[CLEAN C480] REJECT Scratch: area 2.0 < 20; long_side 2.0 < 10; skeleton_aspect 1.000 < 2.5
[CLEAN C480] REJECT Pit: area 2.0 < 32
[CLEAN C481] type=Scratch area=166.5 perimeter=84.9 bbox=(874,661,19,28) long=27.8 box_short=15.6 box_aspect=1.777 skeleton_width=4.39 skeleton_range=2.00-10.00 skeleton_aspect=6.325 circularity=0.290
[MEASURE C481] Scratch width=0.249182 mm valid=False
[CLEAN C482] type=Scratch area=58.0 perimeter=41.3 bbox=(784,661,9,16) long=15.1 box_short=7.3 box_aspect=2.061 skeleton_width=2.40 skeleton_range=2.00-6.00 skeleton_aspect=6.298 circularity=0.427
[MEASURE C482] Scratch width=0.153650 mm valid=False
[CLEAN C483] type=Rejected area=2.0 perimeter=6.0 bbox=(498,661,3,2) long=2.0 box_short=1.0 box_aspect=2.000 skeleton_width=2.00 skeleton_range=2.00-2.00 skeleton_aspect=1.000 circularity=0.698
[CLEAN C483] REJECT Scratch: area 2.0 < 20; long_side 2.0 < 10; skeleton_aspect 1.000 < 2.5
[CLEAN C483] REJECT Pit: area 2.0 < 32
[CLEAN C484] type=Rejected area=0.0 perimeter=4.0 bbox=(1259,660,1,3) long=2.0 box_short=0.0 box_aspect=inf skeleton_width=2.00 skeleton_range=2.00-2.00 skeleton_aspect=1.000 circularity=0.000
[CLEAN C484] REJECT Scratch: area 0.0 < 20; 旋转包围框存在零边长; skeleton_aspect 1.000 < 2.5
[CLEAN C484] REJECT Pit: area 0.0 < 32; 旋转包围框存在零边长
[CLEAN C485] type=Rejected area=13.0 perimeter=16.8 bbox=(884,660,7,4) long=6.0 box_short=3.0 box_aspect=2.000 skeleton_width=2.80 skeleton_range=2.00-4.00 skeleton_aspect=2.143 circularity=0.577
[CLEAN C485] REJECT Scratch: area 13.0 < 20; long_side 6.0 < 10; skeleton_aspect 2.143 < 2.5
[CLEAN C485] REJECT Pit: area 13.0 < 32
[CLEAN C486] type=Rejected area=2.0 perimeter=6.0 bbox=(586,660,3,2) long=2.0 box_short=1.0 box_aspect=2.000 skeleton_width=2.00 skeleton_range=2.00-2.00 skeleton_aspect=1.000 circularity=0.698
[CLEAN C486] REJECT Scratch: area 2.0 < 20; long_side 2.0 < 10; skeleton_aspect 1.000 < 2.5
[CLEAN C486] REJECT Pit: area 2.0 < 32
[CLEAN C487] type=Rejected area=3.5 perimeter=7.4 bbox=(665,659,3,3) long=2.0 box_short=2.0 box_aspect=1.000 skeleton_width=2.00 skeleton_range=2.00-2.80 skeleton_aspect=1.000 circularity=0.800
[CLEAN C487] REJECT Scratch: area 3.5 < 20; long_side 2.0 < 10; skeleton_aspect 1.000 < 2.5
[CLEAN C487] REJECT Pit: area 3.5 < 32
[CLEAN C488] type=Scratch area=67.0 perimeter=38.1 bbox=(562,659,13,11) long=14.8 box_short=6.6 box_aspect=2.241 skeleton_width=5.00 skeleton_range=2.00-7.19 skeleton_aspect=2.971 circularity=0.579
[MEASURE C488] Scratch width=0.184642 mm valid=False
[CLEAN C489] type=Rejected area=3.0 perimeter=8.0 bbox=(800,658,4,2) long=3.0 box_short=1.0 box_aspect=3.000 skeleton_width=2.00 skeleton_range=2.00-2.00 skeleton_aspect=1.500 circularity=0.589
[CLEAN C489] REJECT Scratch: area 3.0 < 20; long_side 3.0 < 10; skeleton_aspect 1.500 < 2.5
[CLEAN C489] REJECT Pit: area 3.0 < 32
[CLEAN C490] type=Rejected area=1.0 perimeter=4.0 bbox=(727,658,2,2) long=1.0 box_short=1.0 box_aspect=1.000 skeleton_width=2.00 skeleton_range=2.00-2.00 skeleton_aspect=0.500 circularity=0.785
[CLEAN C490] REJECT Scratch: area 1.0 < 20; long_side 1.0 < 10; skeleton_aspect 0.500 < 2.5
[CLEAN C490] REJECT Pit: area 1.0 < 32
[CLEAN C491] type=Rejected area=4.0 perimeter=8.0 bbox=(753,657,3,3) long=2.0 box_short=2.0 box_aspect=1.000 skeleton_width=2.00 skeleton_range=2.00-4.00 skeleton_aspect=1.000 circularity=0.785
[CLEAN C491] REJECT Scratch: area 4.0 < 20; long_side 2.0 < 10; skeleton_aspect 1.000 < 2.5
[CLEAN C491] REJECT Pit: area 4.0 < 32
[CLEAN C492] type=Rejected area=1.0 perimeter=4.0 bbox=(557,657,2,2) long=1.0 box_short=1.0 box_aspect=1.000 skeleton_width=2.00 skeleton_range=2.00-2.00 skeleton_aspect=0.500 circularity=0.785
[CLEAN C492] REJECT Scratch: area 1.0 < 20; long_side 1.0 < 10; skeleton_aspect 0.500 < 2.5
[CLEAN C492] REJECT Pit: area 1.0 < 32
[CLEAN C493] type=Scratch area=27.5 perimeter=25.9 bbox=(127,656,6,11) long=10.0 box_short=5.0 box_aspect=2.000 skeleton_width=2.80 skeleton_range=2.00-5.60 skeleton_aspect=3.571 circularity=0.515
[MEASURE C493] Scratch 不可测: 划痕最大宽度点超出中央有效测量区域
[CLEAN C494] type=Rejected area=11.5 perimeter=18.2 bbox=(1147,655,4,8) long=7.5 box_short=2.4 box_aspect=3.100 skeleton_width=2.00 skeleton_range=2.00-4.00 skeleton_aspect=3.759 circularity=0.434
[CLEAN C494] REJECT Scratch: area 11.5 < 20; long_side 7.5 < 10
[CLEAN C494] REJECT Pit: area 11.5 < 32; circularity 0.434 < 0.55
[CLEAN C495] type=Rejected area=2.0 perimeter=6.0 bbox=(967,655,3,2) long=2.0 box_short=1.0 box_aspect=2.000 skeleton_width=2.00 skeleton_range=2.00-2.00 skeleton_aspect=1.000 circularity=0.698
[CLEAN C495] REJECT Scratch: area 2.0 < 20; long_side 2.0 < 10; skeleton_aspect 1.000 < 2.5
[CLEAN C495] REJECT Pit: area 2.0 < 32
[CLEAN C496] type=Rejected area=7.5 perimeter=11.4 bbox=(61,655,3,5) long=4.0 box_short=2.0 box_aspect=2.000 skeleton_width=2.40 skeleton_range=2.00-4.00 skeleton_aspect=1.667 circularity=0.723
[CLEAN C496] REJECT Scratch: area 7.5 < 20; long_side 4.0 < 10; skeleton_aspect 1.667 < 2.5
[CLEAN C496] REJECT Pit: area 7.5 < 32
[CLEAN C497] type=Rejected area=10.0 perimeter=12.8 bbox=(112,654,5,4) long=4.0 box_short=3.0 box_aspect=1.333 skeleton_width=2.80 skeleton_range=2.00-4.00 skeleton_aspect=1.429 circularity=0.764
[CLEAN C497] REJECT Scratch: area 10.0 < 20; long_side 4.0 < 10; skeleton_aspect 1.429 < 2.5
[CLEAN C497] REJECT Pit: area 10.0 < 32
[CLEAN C498] type=Rejected area=2.0 perimeter=6.0 bbox=(1182,653,2,3) long=2.0 box_short=1.0 box_aspect=2.000 skeleton_width=2.00 skeleton_range=2.00-2.00 skeleton_aspect=1.000 circularity=0.698
[CLEAN C498] REJECT Scratch: area 2.0 < 20; long_side 2.0 < 10; skeleton_aspect 1.000 < 2.5
[CLEAN C498] REJECT Pit: area 2.0 < 32
[CLEAN C499] type=Rejected area=4.0 perimeter=8.0 bbox=(559,652,3,3) long=2.0 box_short=2.0 box_aspect=1.000 skeleton_width=2.00 skeleton_range=2.00-4.00 skeleton_aspect=1.000 circularity=0.785
[CLEAN C499] REJECT Scratch: area 4.0 < 20; long_side 2.0 < 10; skeleton_aspect 1.000 < 2.5
[CLEAN C499] REJECT Pit: area 4.0 < 32
[CLEAN C500] type=Pit area=73.0 perimeter=37.0 bbox=(478,652,12,12) long=10.4 box_short=10.3 box_aspect=1.011 skeleton_width=5.00 skeleton_range=2.00-8.79 skeleton_aspect=2.085 circularity=0.671
[MEASURE C500] Pit diameter=0.297702 mm valid=True
Pit: area = 73.0 diameter_mm = 0.2977020740509033 circularity = 0.6711515712586391
[CLEAN C501] type=Rejected area=3.0 perimeter=6.8 bbox=(460,652,3,3) long=2.8 box_short=1.4 box_aspect=2.000 skeleton_width=2.00 skeleton_range=2.00-2.80 skeleton_aspect=1.414 circularity=0.809
[CLEAN C501] REJECT Scratch: area 3.0 < 20; long_side 2.8 < 10; skeleton_aspect 1.414 < 2.5
[CLEAN C501] REJECT Pit: area 3.0 < 32
[CLEAN C502] type=Rejected area=2.0 perimeter=6.0 bbox=(1095,651,2,3) long=2.0 box_short=1.0 box_aspect=2.000 skeleton_width=2.00 skeleton_range=2.00-2.00 skeleton_aspect=1.000 circularity=0.698
[CLEAN C502] REJECT Scratch: area 2.0 < 20; long_side 2.0 < 10; skeleton_aspect 1.000 < 2.5
[CLEAN C502] REJECT Pit: area 2.0 < 32
[CLEAN C503] type=Rejected area=1.0 perimeter=4.0 bbox=(702,651,2,2) long=1.0 box_short=1.0 box_aspect=1.000 skeleton_width=2.00 skeleton_range=2.00-2.00 skeleton_aspect=0.500 circularity=0.785
[CLEAN C503] REJECT Scratch: area 1.0 < 20; long_side 1.0 < 10; skeleton_aspect 0.500 < 2.5
[CLEAN C503] REJECT Pit: area 1.0 < 32
[CLEAN C504] type=Rejected area=1.0 perimeter=4.0 bbox=(1231,650,2,2) long=1.0 box_short=1.0 box_aspect=1.000 skeleton_width=2.00 skeleton_range=2.00-2.00 skeleton_aspect=0.500 circularity=0.785
[CLEAN C504] REJECT Scratch: area 1.0 < 20; long_side 1.0 < 10; skeleton_aspect 0.500 < 2.5
[CLEAN C504] REJECT Pit: area 1.0 < 32
[CLEAN C505] type=Rejected area=1.0 perimeter=4.0 bbox=(906,650,2,2) long=1.0 box_short=1.0 box_aspect=1.000 skeleton_width=2.00 skeleton_range=2.00-2.00 skeleton_aspect=0.500 circularity=0.785
[CLEAN C505] REJECT Scratch: area 1.0 < 20; long_side 1.0 < 10; skeleton_aspect 0.500 < 2.5
[CLEAN C505] REJECT Pit: area 1.0 < 32
[CLEAN C506] type=Rejected area=2.0 perimeter=6.0 bbox=(789,650,3,2) long=2.0 box_short=1.0 box_aspect=2.000 skeleton_width=2.00 skeleton_range=2.00-2.00 skeleton_aspect=1.000 circularity=0.698
[CLEAN C506] REJECT Scratch: area 2.0 < 20; long_side 2.0 < 10; skeleton_aspect 1.000 < 2.5
[CLEAN C506] REJECT Pit: area 2.0 < 32
[CLEAN C507] type=Rejected area=5.5 perimeter=10.2 bbox=(772,650,4,4) long=3.0 box_short=3.0 box_aspect=1.000 skeleton_width=2.00 skeleton_range=2.00-2.80 skeleton_aspect=1.500 circularity=0.659
[CLEAN C507] REJECT Scratch: area 5.5 < 20; long_side 3.0 < 10; skeleton_aspect 1.500 < 2.5
[CLEAN C507] REJECT Pit: area 5.5 < 32
[CLEAN C508] type=Rejected area=7.0 perimeter=12.8 bbox=(231,650,3,6) long=5.0 box_short=2.0 box_aspect=2.500 skeleton_width=2.00 skeleton_range=2.00-2.80 skeleton_aspect=2.500 circularity=0.535
[CLEAN C508] REJECT Scratch: area 7.0 < 20; long_side 5.0 < 10
[CLEAN C508] REJECT Pit: area 7.0 < 32; circularity 0.535 < 0.55
[CLEAN C509] type=Pit area=52.0 perimeter=29.7 bbox=(358,649,7,11) long=10.0 box_short=6.0 box_aspect=1.667 skeleton_width=4.39 skeleton_range=2.00-8.00 skeleton_aspect=2.276 circularity=0.743
[MEASURE C509] Pit diameter=0.272217 mm valid=True
Pit: area = 52.0 diameter_mm = 0.27221694588661194 circularity = 0.7429559153356595
[CLEAN C510] type=Rejected area=1.0 perimeter=4.0 bbox=(136,649,2,2) long=1.0 box_short=1.0 box_aspect=1.000 skeleton_width=2.00 skeleton_range=2.00-2.00 skeleton_aspect=0.500 circularity=0.785
[CLEAN C510] REJECT Scratch: area 1.0 < 20; long_side 1.0 < 10; skeleton_aspect 0.500 < 2.5
[CLEAN C510] REJECT Pit: area 1.0 < 32
[CLEAN C511] type=Rejected area=2.0 perimeter=6.0 bbox=(1188,648,3,2) long=2.0 box_short=1.0 box_aspect=2.000 skeleton_width=2.00 skeleton_range=2.00-2.00 skeleton_aspect=1.000 circularity=0.698
[CLEAN C511] REJECT Scratch: area 2.0 < 20; long_side 2.0 < 10; skeleton_aspect 1.000 < 2.5
[CLEAN C511] REJECT Pit: area 2.0 < 32
[CLEAN C512] type=Rejected area=11.5 perimeter=20.2 bbox=(1081,648,7,6) long=6.3 box_short=4.5 box_aspect=1.391 skeleton_width=2.00 skeleton_range=2.00-4.00 skeleton_aspect=3.138 circularity=0.353
[CLEAN C512] REJECT Scratch: area 11.5 < 20; long_side 6.3 < 10
[CLEAN C512] REJECT Pit: area 11.5 < 32; circularity 0.353 < 0.55
[CLEAN C513] type=Scratch area=49.0 perimeter=51.3 bbox=(982,648,14,15) long=17.7 box_short=9.4 box_aspect=1.894 skeleton_width=2.80 skeleton_range=2.00-6.00 skeleton_aspect=6.325 circularity=0.234
[MEASURE C513] Scratch width=0.230860 mm valid=False
[CLEAN C514] type=Rejected area=8.0 perimeter=10.8 bbox=(867,648,4,4) long=3.0 box_short=3.0 box_aspect=1.000 skeleton_width=2.80 skeleton_range=2.00-4.00 skeleton_aspect=1.071 circularity=0.857
[CLEAN C514] REJECT Scratch: area 8.0 < 20; long_side 3.0 < 10; skeleton_aspect 1.071 < 2.5
[CLEAN C514] REJECT Pit: area 8.0 < 32
[CLEAN C515] type=Scratch area=86.0 perimeter=63.8 bbox=(603,648,12,26) long=26.9 box_short=7.8 box_aspect=3.466 skeleton_width=4.00 skeleton_range=2.00-6.00 skeleton_aspect=6.724 circularity=0.266
[MEASURE C515] Scratch width=0.125043 mm valid=False
[CLEAN C516] type=Rejected area=24.5 perimeter=19.1 bbox=(317,647,7,6) long=6.0 box_short=5.0 box_aspect=1.200 skeleton_width=4.39 skeleton_range=2.00-5.60 skeleton_aspect=1.366 circularity=0.846
[CLEAN C516] REJECT Scratch: long_side 6.0 < 10; skeleton_aspect 1.366 < 2.5
[CLEAN C516] REJECT Pit: area 24.5 < 32
[CLEAN C517] type=Scratch area=61.0 perimeter=36.1 bbox=(436,646,8,15) long=14.2 box_short=6.6 box_aspect=2.143 skeleton_width=5.60 skeleton_range=2.00-6.39 skeleton_aspect=2.541 circularity=0.587
[MEASURE C517] Scratch width=0.205935 mm valid=False
[CLEAN C518] type=Rejected area=1.0 perimeter=4.0 bbox=(276,646,2,2) long=1.0 box_short=1.0 box_aspect=1.000 skeleton_width=2.00 skeleton_range=2.00-2.00 skeleton_aspect=0.500 circularity=0.785
[CLEAN C518] REJECT Scratch: area 1.0 < 20; long_side 1.0 < 10; skeleton_aspect 0.500 < 2.5
[CLEAN C518] REJECT Pit: area 1.0 < 32
[CLEAN C519] type=Scratch area=180.5 perimeter=130.0 bbox=(1152,645,11,56) long=55.1 box_short=9.4 box_aspect=5.875 skeleton_width=4.00 skeleton_range=2.00-7.19 skeleton_aspect=13.780 circularity=0.134
[MEASURE C519] Scratch 不可测: 划痕最大宽度点超出中央有效测量区域
[CLEAN C520] type=Scratch area=103.0 perimeter=57.3 bbox=(677,644,8,25) long=24.2 box_short=6.4 box_aspect=3.792 skeleton_width=4.39 skeleton_range=2.00-8.00 skeleton_aspect=5.519 circularity=0.394
[MEASURE C520] Scratch width=0.125394 mm valid=False
[CLEAN C521] type=Rejected area=17.0 perimeter=25.3 bbox=(999,643,10,6) long=9.2 box_short=4.6 box_aspect=2.000 skeleton_width=2.80 skeleton_range=2.00-4.00 skeleton_aspect=3.278 circularity=0.333
[CLEAN C521] REJECT Scratch: area 17.0 < 20; long_side 9.2 < 10
[CLEAN C521] REJECT Pit: area 17.0 < 32; circularity 0.333 < 0.55
[CLEAN C522] type=Rejected area=11.0 perimeter=12.8 bbox=(877,641,5,4) long=4.0 box_short=3.0 box_aspect=1.333 skeleton_width=3.40 skeleton_range=2.00-4.00 skeleton_aspect=1.176 circularity=0.840
[CLEAN C522] REJECT Scratch: area 11.0 < 20; long_side 4.0 < 10; skeleton_aspect 1.176 < 2.5
[CLEAN C522] REJECT Pit: area 11.0 < 32
[CLEAN C523] type=Pit area=114.5 perimeter=46.7 bbox=(590,641,12,16) long=15.0 box_short=11.0 box_aspect=1.364 skeleton_width=6.39 skeleton_range=2.00-10.00 skeleton_aspect=2.346 circularity=0.659
[MEASURE C523] Pit diameter=0.385780 mm valid=True
Pit: area = 114.5 diameter_mm = 0.3857796788215637 circularity = 0.6589651043279215
[CLEAN C524] type=Rejected area=1.0 perimeter=4.0 bbox=(1238,640,2,2) long=1.0 box_short=1.0 box_aspect=1.000 skeleton_width=2.00 skeleton_range=2.00-2.00 skeleton_aspect=0.500 circularity=0.785
[CLEAN C524] REJECT Scratch: area 1.0 < 20; long_side 1.0 < 10; skeleton_aspect 0.500 < 2.5
[CLEAN C524] REJECT Pit: area 1.0 < 32
[CLEAN C525] type=Rejected area=1.0 perimeter=4.0 bbox=(445,640,2,2) long=1.0 box_short=1.0 box_aspect=1.000 skeleton_width=2.00 skeleton_range=2.00-2.00 skeleton_aspect=0.500 circularity=0.785
[CLEAN C525] REJECT Scratch: area 1.0 < 20; long_side 1.0 < 10; skeleton_aspect 0.500 < 2.5
[CLEAN C525] REJECT Pit: area 1.0 < 32
[CLEAN C526] type=Scratch area=47.5 perimeter=41.1 bbox=(949,638,8,16) long=15.0 box_short=7.0 box_aspect=2.143 skeleton_width=4.00 skeleton_range=2.00-5.60 skeleton_aspect=3.750 circularity=0.354
[MEASURE C526] Scratch width=0.228329 mm valid=False
[CLEAN C527] type=Scratch area=69.5 perimeter=65.6 bbox=(687,638,13,21) long=20.0 box_short=12.0 box_aspect=1.667 skeleton_width=4.00 skeleton_range=2.00-6.00 skeleton_aspect=5.000 circularity=0.203
[MEASURE C527] Scratch width=0.173501 mm valid=False
[CLEAN C528] type=Rejected area=3.5 perimeter=7.4 bbox=(1015,637,3,3) long=2.0 box_short=2.0 box_aspect=1.000 skeleton_width=2.00 skeleton_range=2.00-2.80 skeleton_aspect=1.000 circularity=0.800
[CLEAN C528] REJECT Scratch: area 3.5 < 20; long_side 2.0 < 10; skeleton_aspect 1.000 < 2.5
[CLEAN C528] REJECT Pit: area 3.5 < 32
[CLEAN C529] type=Rejected area=1.0 perimeter=4.0 bbox=(1065,636,2,2) long=1.0 box_short=1.0 box_aspect=1.000 skeleton_width=2.00 skeleton_range=2.00-2.00 skeleton_aspect=0.500 circularity=0.785
[CLEAN C529] REJECT Scratch: area 1.0 < 20; long_side 1.0 < 10; skeleton_aspect 0.500 < 2.5
[CLEAN C529] REJECT Pit: area 1.0 < 32
[CLEAN C530] type=Rejected area=9.5 perimeter=13.4 bbox=(814,636,6,3) long=5.0 box_short=2.0 box_aspect=2.500 skeleton_width=2.80 skeleton_range=2.00-4.00 skeleton_aspect=1.786 circularity=0.663
[CLEAN C530] REJECT Scratch: area 9.5 < 20; long_side 5.0 < 10; skeleton_aspect 1.786 < 2.5
[CLEAN C530] REJECT Pit: area 9.5 < 32
[CLEAN C531] type=Rejected area=3.0 perimeter=8.0 bbox=(778,636,2,4) long=3.0 box_short=1.0 box_aspect=3.000 skeleton_width=2.00 skeleton_range=2.00-2.00 skeleton_aspect=1.500 circularity=0.589
[CLEAN C531] REJECT Scratch: area 3.0 < 20; long_side 3.0 < 10; skeleton_aspect 1.500 < 2.5
[CLEAN C531] REJECT Pit: area 3.0 < 32
[CLEAN C532] type=Rejected area=3.5 perimeter=7.4 bbox=(582,636,3,3) long=2.0 box_short=2.0 box_aspect=1.000 skeleton_width=2.00 skeleton_range=2.00-2.80 skeleton_aspect=1.000 circularity=0.800
[CLEAN C532] REJECT Scratch: area 3.5 < 20; long_side 2.0 < 10; skeleton_aspect 1.000 < 2.5
[CLEAN C532] REJECT Pit: area 3.5 < 32
[CLEAN C533] type=Rejected area=2.0 perimeter=6.0 bbox=(14,636,2,3) long=2.0 box_short=1.0 box_aspect=2.000 skeleton_width=2.00 skeleton_range=2.00-2.00 skeleton_aspect=1.000 circularity=0.698
[CLEAN C533] REJECT Scratch: area 2.0 < 20; long_side 2.0 < 10; skeleton_aspect 1.000 < 2.5
[CLEAN C533] REJECT Pit: area 2.0 < 32
[CLEAN C534] type=Rejected area=17.0 perimeter=17.7 bbox=(1137,635,7,5) long=6.0 box_short=4.0 box_aspect=1.500 skeleton_width=4.00 skeleton_range=2.00-4.39 skeleton_aspect=1.500 circularity=0.685
[CLEAN C534] REJECT Scratch: area 17.0 < 20; long_side 6.0 < 10; skeleton_aspect 1.500 < 2.5
[CLEAN C534] REJECT Pit: area 17.0 < 32
[CLEAN C535] type=Scratch area=42.0 perimeter=42.1 bbox=(737,635,8,18) long=17.5 box_short=4.6 box_aspect=3.817 skeleton_width=2.80 skeleton_range=2.00-4.39 skeleton_aspect=6.235 circularity=0.297
[MEASURE C535] Scratch width=0.120844 mm valid=False
[CLEAN C536] type=Rejected area=5.0 perimeter=8.8 bbox=(138,635,4,3) long=3.0 box_short=2.0 box_aspect=1.500 skeleton_width=2.40 skeleton_range=2.00-2.80 skeleton_aspect=1.250 circularity=0.806
[CLEAN C536] REJECT Scratch: area 5.0 < 20; long_side 3.0 < 10; skeleton_aspect 1.250 < 2.5
[CLEAN C536] REJECT Pit: area 5.0 < 32
[CLEAN C537] type=Scratch area=48.5 perimeter=55.1 bbox=(1070,634,6,25) long=24.0 box_short=5.0 box_aspect=4.800 skeleton_width=2.00 skeleton_range=2.00-5.60 skeleton_aspect=12.000 circularity=0.201
[MEASURE C537] Scratch 不可测: 划痕最大宽度点超出中央有效测量区域
[CLEAN C538] type=Rejected area=4.0 perimeter=12.8 bbox=(421,634,3,6) long=5.3 box_short=1.5 box_aspect=3.667 skeleton_width=2.00 skeleton_range=2.00-2.00 skeleton_aspect=2.668 circularity=0.305
[CLEAN C538] REJECT Scratch: area 4.0 < 20; long_side 5.3 < 10
[CLEAN C538] REJECT Pit: area 4.0 < 32; circularity 0.305 < 0.55
[CLEAN C539] type=Rejected area=1.0 perimeter=4.0 bbox=(926,633,2,2) long=1.0 box_short=1.0 box_aspect=1.000 skeleton_width=2.00 skeleton_range=2.00-2.00 skeleton_aspect=0.500 circularity=0.785
[CLEAN C539] REJECT Scratch: area 1.0 < 20; long_side 1.0 < 10; skeleton_aspect 0.500 < 2.5
[CLEAN C539] REJECT Pit: area 1.0 < 32
[CLEAN C540] type=Rejected area=2.0 perimeter=6.0 bbox=(95,633,2,3) long=2.0 box_short=1.0 box_aspect=2.000 skeleton_width=2.00 skeleton_range=2.00-2.00 skeleton_aspect=1.000 circularity=0.698
[CLEAN C540] REJECT Scratch: area 2.0 < 20; long_side 2.0 < 10; skeleton_aspect 1.000 < 2.5
[CLEAN C540] REJECT Pit: area 2.0 < 32
[CLEAN C541] type=Rejected area=5.5 perimeter=9.4 bbox=(23,633,3,4) long=3.0 box_short=2.0 box_aspect=1.500 skeleton_width=2.00 skeleton_range=2.00-4.00 skeleton_aspect=1.500 circularity=0.780
[CLEAN C541] REJECT Scratch: area 5.5 < 20; long_side 3.0 < 10; skeleton_aspect 1.500 < 2.5
[CLEAN C541] REJECT Pit: area 5.5 < 32
[CLEAN C542] type=Rejected area=3.0 perimeter=12.8 bbox=(890,631,6,3) long=5.3 box_short=1.2 box_aspect=4.400 skeleton_width=2.00 skeleton_range=2.00-2.00 skeleton_aspect=2.668 circularity=0.229
[CLEAN C542] REJECT Scratch: area 3.0 < 20; long_side 5.3 < 10
[CLEAN C542] REJECT Pit: area 3.0 < 32; circularity 0.229 < 0.55
[CLEAN C543] type=Scratch area=41.0 perimeter=38.5 bbox=(613,630,7,16) long=15.4 box_short=5.2 box_aspect=2.952 skeleton_width=4.00 skeleton_range=2.00-4.39 skeleton_aspect=3.845 circularity=0.348
[MEASURE C543] Scratch width=0.130981 mm valid=False
[CLEAN C544] type=Rejected area=6.0 perimeter=10.0 bbox=(295,630,4,3) long=3.0 box_short=2.0 box_aspect=1.500 skeleton_width=2.00 skeleton_range=2.00-4.00 skeleton_aspect=1.500 circularity=0.754
[CLEAN C544] REJECT Scratch: area 6.0 < 20; long_side 3.0 < 10; skeleton_aspect 1.500 < 2.5
[CLEAN C544] REJECT Pit: area 6.0 < 32
[CLEAN C545] type=Scratch area=49.5 perimeter=42.2 bbox=(1089,629,6,18) long=17.0 box_short=5.0 box_aspect=3.400 skeleton_width=4.00 skeleton_range=2.00-6.00 skeleton_aspect=4.250 circularity=0.349
[MEASURE C545] Scratch 不可测: 划痕最大宽度点超出中央有效测量区域
[CLEAN C546] type=Rejected area=4.0 perimeter=8.8 bbox=(1078,629,3,4) long=3.0 box_short=2.0 box_aspect=1.500 skeleton_width=2.00 skeleton_range=2.00-2.80 skeleton_aspect=1.500 circularity=0.645
[CLEAN C546] REJECT Scratch: area 4.0 < 20; long_side 3.0 < 10; skeleton_aspect 1.500 < 2.5
[CLEAN C546] REJECT Pit: area 4.0 < 32
[CLEAN C547] type=Rejected area=1.0 perimeter=4.0 bbox=(838,629,2,2) long=1.0 box_short=1.0 box_aspect=1.000 skeleton_width=2.00 skeleton_range=2.00-2.00 skeleton_aspect=0.500 circularity=0.785
[CLEAN C547] REJECT Scratch: area 1.0 < 20; long_side 1.0 < 10; skeleton_aspect 0.500 < 2.5
[CLEAN C547] REJECT Pit: area 1.0 < 32
[CLEAN C548] type=Scratch area=90.5 perimeter=52.4 bbox=(161,629,13,19) long=21.1 box_short=9.2 box_aspect=2.295 skeleton_width=5.60 skeleton_range=2.00-7.19 skeleton_aspect=3.761 circularity=0.414
[MEASURE C548] Scratch 不可测: 划痕最大宽度点超出中央有效测量区域
[CLEAN C549] type=Scratch area=43.0 perimeter=52.1 bbox=(624,628,10,19) long=18.4 box_short=7.4 box_aspect=2.485 skeleton_width=2.80 skeleton_range=2.00-6.00 skeleton_aspect=6.585 circularity=0.199
[MEASURE C549] Scratch width=0.178572 mm valid=False
[CLEAN C550] type=Rejected area=4.0 perimeter=8.8 bbox=(508,628,4,3) long=3.0 box_short=2.0 box_aspect=1.500 skeleton_width=2.00 skeleton_range=2.00-2.80 skeleton_aspect=1.500 circularity=0.645
[CLEAN C550] REJECT Scratch: area 4.0 < 20; long_side 3.0 < 10; skeleton_aspect 1.500 < 2.5
[CLEAN C550] REJECT Pit: area 4.0 < 32
[CLEAN C551] type=Rejected area=9.0 perimeter=20.0 bbox=(451,628,2,10) long=9.0 box_short=1.0 box_aspect=9.000 skeleton_width=2.00 skeleton_range=2.00-2.00 skeleton_aspect=4.500 circularity=0.283
[CLEAN C551] REJECT Scratch: area 9.0 < 20; long_side 9.0 < 10
[CLEAN C551] REJECT Pit: area 9.0 < 32; circularity 0.283 < 0.55; aspect_ratio 9.000 > 5.0
[CLEAN C552] type=Scratch area=39.5 perimeter=33.1 bbox=(766,627,6,14) long=13.0 box_short=5.0 box_aspect=2.600 skeleton_width=4.00 skeleton_range=2.00-6.00 skeleton_aspect=3.250 circularity=0.454
[MEASURE C552] Scratch width=0.152486 mm valid=False
[CLEAN C553] type=Scratch area=156.5 perimeter=67.7 bbox=(707,627,15,26) long=26.2 box_short=9.5 box_aspect=2.765 skeleton_width=6.39 skeleton_range=2.00-8.79 skeleton_aspect=4.095 circularity=0.429
[MEASURE C553] Scratch width=0.215839 mm valid=False
[CLEAN C554] type=Rejected area=1.0 perimeter=4.0 bbox=(571,627,2,2) long=1.0 box_short=1.0 box_aspect=1.000 skeleton_width=2.00 skeleton_range=2.00-2.00 skeleton_aspect=0.500 circularity=0.785
[CLEAN C554] REJECT Scratch: area 1.0 < 20; long_side 1.0 < 10; skeleton_aspect 0.500 < 2.5
[CLEAN C554] REJECT Pit: area 1.0 < 32
[CLEAN C555] type=Scratch area=1691.0 perimeter=825.6 bbox=(62,627,56,161) long=159.2 box_short=51.5 box_aspect=3.090 skeleton_width=4.00 skeleton_range=2.00-18.00 skeleton_aspect=39.788 circularity=0.031
[MEASURE C555] Scratch 不可测: 划痕最大宽度点超出中央有效测量区域
[CLEAN C556] type=Rejected area=7.0 perimeter=10.8 bbox=(788,626,4,4) long=3.0 box_short=3.0 box_aspect=1.000 skeleton_width=2.40 skeleton_range=2.00-4.00 skeleton_aspect=1.250 circularity=0.750
[CLEAN C556] REJECT Scratch: area 7.0 < 20; long_side 3.0 < 10; skeleton_aspect 1.250 < 2.5
[CLEAN C556] REJECT Pit: area 7.0 < 32
[CLEAN C557] type=Rejected area=8.5 perimeter=12.2 bbox=(330,625,5,4) long=4.0 box_short=3.0 box_aspect=1.333 skeleton_width=2.80 skeleton_range=2.00-4.00 skeleton_aspect=1.429 circularity=0.713
[CLEAN C557] REJECT Scratch: area 8.5 < 20; long_side 4.0 < 10; skeleton_aspect 1.429 < 2.5
[CLEAN C557] REJECT Pit: area 8.5 < 32
[CLEAN C558] type=Rejected area=1.0 perimeter=4.0 bbox=(923,624,2,2) long=1.0 box_short=1.0 box_aspect=1.000 skeleton_width=2.00 skeleton_range=2.00-2.00 skeleton_aspect=0.500 circularity=0.785
[CLEAN C558] REJECT Scratch: area 1.0 < 20; long_side 1.0 < 10; skeleton_aspect 0.500 < 2.5
[CLEAN C558] REJECT Pit: area 1.0 < 32
[CLEAN C559] type=Rejected area=1.0 perimeter=4.0 bbox=(750,624,2,2) long=1.0 box_short=1.0 box_aspect=1.000 skeleton_width=2.00 skeleton_range=2.00-2.00 skeleton_aspect=0.500 circularity=0.785
[CLEAN C559] REJECT Scratch: area 1.0 < 20; long_side 1.0 < 10; skeleton_aspect 0.500 < 2.5
[CLEAN C559] REJECT Pit: area 1.0 < 32
[CLEAN C560] type=Rejected area=22.5 perimeter=23.1 bbox=(636,624,5,10) long=9.0 box_short=4.0 box_aspect=2.250 skeleton_width=4.00 skeleton_range=2.00-4.00 skeleton_aspect=2.250 circularity=0.531
[CLEAN C560] REJECT Scratch: long_side 9.0 < 10; skeleton_aspect 2.250 < 2.5
[CLEAN C560] REJECT Pit: area 22.5 < 32; circularity 0.531 < 0.55
[CLEAN C561] type=Rejected area=4.5 perimeter=9.4 bbox=(1094,622,4,3) long=3.0 box_short=2.0 box_aspect=1.500 skeleton_width=2.00 skeleton_range=2.00-2.80 skeleton_aspect=1.500 circularity=0.638
[CLEAN C561] REJECT Scratch: area 4.5 < 20; long_side 3.0 < 10; skeleton_aspect 1.500 < 2.5
[CLEAN C561] REJECT Pit: area 4.5 < 32
[CLEAN C562] type=Scratch area=101.0 perimeter=73.8 bbox=(1040,622,16,23) long=24.1 box_short=13.0 box_aspect=1.862 skeleton_width=4.00 skeleton_range=2.00-6.39 skeleton_aspect=6.037 circularity=0.233
[MEASURE C562] Scratch 不可测: 划痕最大宽度点超出中央有效测量区域
[CLEAN C563] type=Rejected area=1.0 perimeter=4.0 bbox=(757,622,2,2) long=1.0 box_short=1.0 box_aspect=1.000 skeleton_width=2.00 skeleton_range=2.00-2.00 skeleton_aspect=0.500 circularity=0.785
[CLEAN C563] REJECT Scratch: area 1.0 < 20; long_side 1.0 < 10; skeleton_aspect 0.500 < 2.5
[CLEAN C563] REJECT Pit: area 1.0 < 32
[CLEAN C564] type=Rejected area=5.5 perimeter=9.4 bbox=(199,622,3,4) long=3.0 box_short=2.0 box_aspect=1.500 skeleton_width=2.00 skeleton_range=2.00-4.00 skeleton_aspect=1.500 circularity=0.780
[CLEAN C564] REJECT Scratch: area 5.5 < 20; long_side 3.0 < 10; skeleton_aspect 1.500 < 2.5
[CLEAN C564] REJECT Pit: area 5.5 < 32
[CLEAN C565] type=Scratch area=370.0 perimeter=184.8 bbox=(850,620,16,75) long=74.1 box_short=14.6 box_aspect=5.091 skeleton_width=6.00 skeleton_range=2.00-7.19 skeleton_aspect=12.352 circularity=0.136
[MEASURE C565] Scratch width=0.287306 mm valid=True
Scratch: area = 370.0 width_px = 6.0 width_mm = 0.28730635478794037 ratio = 12.352300008138021
[CLEAN C566] type=Rejected area=5.0 perimeter=12.8 bbox=(680,620,6,3) long=5.3 box_short=1.7 box_aspect=3.143 skeleton_width=2.00 skeleton_range=2.00-2.00 skeleton_aspect=2.668 circularity=0.382
[CLEAN C566] REJECT Scratch: area 5.0 < 20; long_side 5.3 < 10
[CLEAN C566] REJECT Pit: area 5.0 < 32; circularity 0.382 < 0.55
[CLEAN C567] type=Scratch area=41.5 perimeter=61.9 bbox=(406,620,5,29) long=28.2 box_short=3.6 box_aspect=7.867 skeleton_width=2.00 skeleton_range=2.00-4.00 skeleton_aspect=14.115 circularity=0.136
[MEASURE C567] Scratch width=0.082643 mm valid=False
[CLEAN C568] type=Scratch area=39.5 perimeter=36.4 bbox=(938,618,13,11) long=13.4 box_short=5.7 box_aspect=2.375 skeleton_width=2.80 skeleton_range=2.00-5.60 skeleton_aspect=4.798 circularity=0.375
[MEASURE C568] Scratch width=0.174355 mm valid=False
[CLEAN C569] type=Rejected area=1.0 perimeter=4.0 bbox=(870,618,2,2) long=1.0 box_short=1.0 box_aspect=1.000 skeleton_width=2.00 skeleton_range=2.00-2.00 skeleton_aspect=0.500 circularity=0.785
[CLEAN C569] REJECT Scratch: area 1.0 < 20; long_side 1.0 < 10; skeleton_aspect 0.500 < 2.5
[CLEAN C569] REJECT Pit: area 1.0 < 32
[CLEAN C570] type=Rejected area=17.0 perimeter=27.7 bbox=(590,618,5,12) long=11.0 box_short=4.0 box_aspect=2.750 skeleton_width=2.00 skeleton_range=2.00-4.00 skeleton_aspect=5.500 circularity=0.279
[CLEAN C570] REJECT Scratch: area 17.0 < 20
[CLEAN C570] REJECT Pit: area 17.0 < 32; circularity 0.279 < 0.55
[CLEAN C571] type=Scratch area=24.0 perimeter=26.8 bbox=(440,618,4,12) long=11.0 box_short=3.0 box_aspect=3.667 skeleton_width=2.80 skeleton_range=2.00-4.00 skeleton_aspect=3.929 circularity=0.419
[MEASURE C571] Scratch width=0.081005 mm valid=False
[CLEAN C572] type=Rejected area=1.0 perimeter=4.0 bbox=(1223,616,2,2) long=1.0 box_short=1.0 box_aspect=1.000 skeleton_width=2.00 skeleton_range=2.00-2.00 skeleton_aspect=0.500 circularity=0.785
[CLEAN C572] REJECT Scratch: area 1.0 < 20; long_side 1.0 < 10; skeleton_aspect 0.500 < 2.5
[CLEAN C572] REJECT Pit: area 1.0 < 32
[CLEAN C573] type=Scratch area=40.5 perimeter=35.1 bbox=(1009,615,7,14) long=13.0 box_short=6.0 box_aspect=2.167 skeleton_width=4.00 skeleton_range=2.00-6.00 skeleton_aspect=3.250 circularity=0.414
[MEASURE C573] Scratch 不可测: 划痕最大宽度点超出中央有效测量区域
[CLEAN C574] type=Rejected area=1.0 perimeter=4.0 bbox=(990,615,2,2) long=1.0 box_short=1.0 box_aspect=1.000 skeleton_width=2.00 skeleton_range=2.00-2.00 skeleton_aspect=0.500 circularity=0.785
[CLEAN C574] REJECT Scratch: area 1.0 < 20; long_side 1.0 < 10; skeleton_aspect 0.500 < 2.5
[CLEAN C574] REJECT Pit: area 1.0 < 32
[CLEAN C575] type=Scratch area=80.0 perimeter=68.5 bbox=(655,615,6,32) long=31.2 box_short=4.4 box_aspect=7.094 skeleton_width=4.00 skeleton_range=2.00-4.00 skeleton_aspect=7.806 circularity=0.214
[MEASURE C575] Scratch width=0.101283 mm valid=False
[CLEAN C576] type=Rejected area=11.5 perimeter=13.4 bbox=(629,613,4,5) long=4.0 box_short=3.0 box_aspect=1.333 skeleton_width=4.00 skeleton_range=2.00-4.00 skeleton_aspect=1.000 circularity=0.803
[CLEAN C576] REJECT Scratch: area 11.5 < 20; long_side 4.0 < 10; skeleton_aspect 1.000 < 2.5
[CLEAN C576] REJECT Pit: area 11.5 < 32
[CLEAN C577] type=Scratch area=474.5 perimeter=480.1 bbox=(370,613,16,183) long=182.1 box_short=11.9 box_aspect=15.258 skeleton_width=4.00 skeleton_range=2.00-6.00 skeleton_aspect=45.517 circularity=0.026
[MEASURE C577] Scratch width=0.323402 mm valid=True
Scratch: area = 474.5 width_px = 4.0 width_mm = 0.32340177900216244 ratio = 45.51710891723633
[CLEAN C578] type=Rejected area=5.5 perimeter=9.4 bbox=(37,613,3,4) long=3.0 box_short=2.0 box_aspect=1.500 skeleton_width=2.00 skeleton_range=2.00-4.00 skeleton_aspect=1.500 circularity=0.780
[CLEAN C578] REJECT Scratch: area 5.5 < 20; long_side 3.0 < 10; skeleton_aspect 1.500 < 2.5
[CLEAN C578] REJECT Pit: area 5.5 < 32
[CLEAN C579] type=Rejected area=4.5 perimeter=9.4 bbox=(83,612,3,4) long=3.0 box_short=2.0 box_aspect=1.500 skeleton_width=2.00 skeleton_range=2.00-2.80 skeleton_aspect=1.500 circularity=0.638
[CLEAN C579] REJECT Scratch: area 4.5 < 20; long_side 3.0 < 10; skeleton_aspect 1.500 < 2.5
[CLEAN C579] REJECT Pit: area 4.5 < 32
[CLEAN C580] type=Rejected area=2.0 perimeter=6.0 bbox=(1184,611,3,2) long=2.0 box_short=1.0 box_aspect=2.000 skeleton_width=2.00 skeleton_range=2.00-2.00 skeleton_aspect=1.000 circularity=0.698
[CLEAN C580] REJECT Scratch: area 2.0 < 20; long_side 2.0 < 10; skeleton_aspect 1.000 < 2.5
[CLEAN C580] REJECT Pit: area 2.0 < 32
[CLEAN C581] type=Scratch area=133.0 perimeter=153.1 bbox=(1167,610,15,69) long=68.9 box_short=7.3 box_aspect=9.412 skeleton_width=3.40 skeleton_range=2.00-5.60 skeleton_aspect=20.254 circularity=0.071
[MEASURE C581] Scratch 不可测: 划痕最大宽度点超出中央有效测量区域
[CLEAN C582] type=Rejected area=5.0 perimeter=8.8 bbox=(1072,610,4,3) long=3.0 box_short=2.0 box_aspect=1.500 skeleton_width=2.40 skeleton_range=2.00-2.80 skeleton_aspect=1.250 circularity=0.806
[CLEAN C582] REJECT Scratch: area 5.0 < 20; long_side 3.0 < 10; skeleton_aspect 1.250 < 2.5
[CLEAN C582] REJECT Pit: area 5.0 < 32
[CLEAN C583] type=Rejected area=1.0 perimeter=4.0 bbox=(636,610,2,2) long=1.0 box_short=1.0 box_aspect=1.000 skeleton_width=2.00 skeleton_range=2.00-2.00 skeleton_aspect=0.500 circularity=0.785
[CLEAN C583] REJECT Scratch: area 1.0 < 20; long_side 1.0 < 10; skeleton_aspect 0.500 < 2.5
[CLEAN C583] REJECT Pit: area 1.0 < 32
[CLEAN C584] type=Pit area=66.0 perimeter=37.0 bbox=(15,609,12,11) long=11.0 box_short=10.0 box_aspect=1.100 skeleton_width=5.60 skeleton_range=2.00-6.39 skeleton_aspect=1.964 circularity=0.607
[MEASURE C584] Pit 不可测: 凹点中心超出中央有效测量区域
[CLEAN C585] type=Rejected area=2.0 perimeter=6.0 bbox=(300,608,2,3) long=2.0 box_short=1.0 box_aspect=2.000 skeleton_width=2.00 skeleton_range=2.00-2.00 skeleton_aspect=1.000 circularity=0.698
[CLEAN C585] REJECT Scratch: area 2.0 < 20; long_side 2.0 < 10; skeleton_aspect 1.000 < 2.5
[CLEAN C585] REJECT Pit: area 2.0 < 32
[CLEAN C586] type=Scratch area=75.5 perimeter=39.9 bbox=(267,607,7,17) long=16.0 box_short=6.0 box_aspect=2.667 skeleton_width=6.00 skeleton_range=2.00-7.19 skeleton_aspect=2.667 circularity=0.596
[MEASURE C586] Scratch width=0.209436 mm valid=False
[CLEAN C587] type=Rejected area=1.0 perimeter=4.0 bbox=(1076,606,2,2) long=1.0 box_short=1.0 box_aspect=1.000 skeleton_width=2.00 skeleton_range=2.00-2.00 skeleton_aspect=0.500 circularity=0.785
[CLEAN C587] REJECT Scratch: area 1.0 < 20; long_side 1.0 < 10; skeleton_aspect 0.500 < 2.5
[CLEAN C587] REJECT Pit: area 1.0 < 32
[CLEAN C588] type=Rejected area=1.0 perimeter=4.0 bbox=(486,606,2,2) long=1.0 box_short=1.0 box_aspect=1.000 skeleton_width=2.00 skeleton_range=2.00-2.00 skeleton_aspect=0.500 circularity=0.785
[CLEAN C588] REJECT Scratch: area 1.0 < 20; long_side 1.0 < 10; skeleton_aspect 0.500 < 2.5
[CLEAN C588] REJECT Pit: area 1.0 < 32
[CLEAN C589] type=Rejected area=4.0 perimeter=8.8 bbox=(318,606,4,3) long=3.0 box_short=2.0 box_aspect=1.500 skeleton_width=2.00 skeleton_range=2.00-2.80 skeleton_aspect=1.500 circularity=0.645
[CLEAN C589] REJECT Scratch: area 4.0 < 20; long_side 3.0 < 10; skeleton_aspect 1.500 < 2.5
[CLEAN C589] REJECT Pit: area 4.0 < 32
[CLEAN C590] type=Scratch area=88.0 perimeter=51.3 bbox=(1106,605,9,21) long=20.0 box_short=7.5 box_aspect=2.678 skeleton_width=5.60 skeleton_range=2.00-7.19 skeleton_aspect=3.574 circularity=0.420
[MEASURE C590] Scratch 不可测: 划痕最大宽度点超出中央有效测量区域
[CLEAN C591] type=Scratch area=21.5 perimeter=25.9 bbox=(1080,605,7,10) long=10.7 box_short=3.6 box_aspect=3.000 skeleton_width=2.80 skeleton_range=2.00-4.00 skeleton_aspect=3.833 circularity=0.403
[MEASURE C591] Scratch 不可测: 划痕最大宽度点超出中央有效测量区域
[CLEAN C592] type=Scratch area=35.5 perimeter=27.9 bbox=(540,605,11,6) long=10.0 box_short=5.0 box_aspect=2.000 skeleton_width=4.00 skeleton_range=2.00-5.60 skeleton_aspect=2.500 circularity=0.573
[MEASURE C592] Scratch width=0.125013 mm valid=False
[CLEAN C593] type=Rejected area=7.0 perimeter=10.8 bbox=(346,605,3,5) long=4.0 box_short=2.0 box_aspect=2.000 skeleton_width=2.80 skeleton_range=2.00-4.00 skeleton_aspect=1.429 circularity=0.750
[CLEAN C593] REJECT Scratch: area 7.0 < 20; long_side 4.0 < 10; skeleton_aspect 1.429 < 2.5
[CLEAN C593] REJECT Pit: area 7.0 < 32
[CLEAN C594] type=Scratch area=103.0 perimeter=95.8 bbox=(1022,604,16,32) long=31.0 box_short=15.0 box_aspect=2.067 skeleton_width=2.80 skeleton_range=2.00-6.39 skeleton_aspect=11.071 circularity=0.141
[MEASURE C594] Scratch 不可测: 划痕最大宽度点超出中央有效测量区域
[CLEAN C595] type=Rejected area=13.0 perimeter=15.7 bbox=(532,604,4,7) long=6.0 box_short=3.0 box_aspect=2.000 skeleton_width=2.80 skeleton_range=2.00-4.00 skeleton_aspect=2.143 circularity=0.666
[CLEAN C595] REJECT Scratch: area 13.0 < 20; long_side 6.0 < 10; skeleton_aspect 2.143 < 2.5
[CLEAN C595] REJECT Pit: area 13.0 < 32
[CLEAN C596] type=Rejected area=8.0 perimeter=12.8 bbox=(1119,601,5,4) long=4.0 box_short=3.0 box_aspect=1.333 skeleton_width=2.00 skeleton_range=2.00-4.00 skeleton_aspect=2.000 circularity=0.611
[CLEAN C596] REJECT Scratch: area 8.0 < 20; long_side 4.0 < 10; skeleton_aspect 2.000 < 2.5
[CLEAN C596] REJECT Pit: area 8.0 < 32
[CLEAN C597] type=Rejected area=13.5 perimeter=21.4 bbox=(664,601,3,10) long=9.0 box_short=2.0 box_aspect=4.500 skeleton_width=2.00 skeleton_range=2.00-4.00 skeleton_aspect=4.500 circularity=0.370
[CLEAN C597] REJECT Scratch: area 13.5 < 20; long_side 9.0 < 10
[CLEAN C597] REJECT Pit: area 13.5 < 32; circularity 0.370 < 0.55
[CLEAN C598] type=Scratch area=152.0 perimeter=58.6 bbox=(230,601,16,20) long=21.0 box_short=12.3 box_aspect=1.708 skeleton_width=5.20 skeleton_range=2.00-11.59 skeleton_aspect=4.049 circularity=0.556
[MEASURE C598] Scratch 不可测: 划痕最大宽度点超出中央有效测量区域
[CLEAN C599] type=Rejected area=2.0 perimeter=6.0 bbox=(1195,600,2,3) long=2.0 box_short=1.0 box_aspect=2.000 skeleton_width=2.00 skeleton_range=2.00-2.00 skeleton_aspect=1.000 circularity=0.698
[CLEAN C599] REJECT Scratch: area 2.0 < 20; long_side 2.0 < 10; skeleton_aspect 1.000 < 2.5
[CLEAN C599] REJECT Pit: area 2.0 < 32
[CLEAN C600] type=Scratch area=70.5 perimeter=89.6 bbox=(1157,600,11,34) long=33.0 box_short=9.3 box_aspect=3.534 skeleton_width=2.00 skeleton_range=2.00-6.00 skeleton_aspect=16.494 circularity=0.110
[MEASURE C600] Scratch 不可测: 划痕最大宽度点超出中央有效测量区域
[CLEAN C601] type=Rejected area=1.0 perimeter=4.0 bbox=(80,600,2,2) long=1.0 box_short=1.0 box_aspect=1.000 skeleton_width=2.00 skeleton_range=2.00-2.00 skeleton_aspect=0.500 circularity=0.785
[CLEAN C601] REJECT Scratch: area 1.0 < 20; long_side 1.0 < 10; skeleton_aspect 0.500 < 2.5
[CLEAN C601] REJECT Pit: area 1.0 < 32
[CLEAN C602] type=Rejected area=5.0 perimeter=10.8 bbox=(1189,598,3,5) long=4.0 box_short=2.0 box_aspect=2.000 skeleton_width=2.00 skeleton_range=2.00-2.80 skeleton_aspect=2.000 circularity=0.536
[CLEAN C602] REJECT Scratch: area 5.0 < 20; long_side 4.0 < 10; skeleton_aspect 2.000 < 2.5
[CLEAN C602] REJECT Pit: area 5.0 < 32; circularity 0.536 < 0.55
[CLEAN C603] type=Rejected area=1.0 perimeter=4.0 bbox=(1098,598,2,2) long=1.0 box_short=1.0 box_aspect=1.000 skeleton_width=2.00 skeleton_range=2.00-2.00 skeleton_aspect=0.500 circularity=0.785
[CLEAN C603] REJECT Scratch: area 1.0 < 20; long_side 1.0 < 10; skeleton_aspect 0.500 < 2.5
[CLEAN C603] REJECT Pit: area 1.0 < 32
[CLEAN C604] type=Scratch area=62.5 perimeter=36.7 bbox=(701,598,10,13) long=12.6 box_short=7.1 box_aspect=1.770 skeleton_width=4.39 skeleton_range=2.00-6.39 skeleton_aspect=2.877 circularity=0.582
[MEASURE C604] Scratch width=0.149862 mm valid=False
[CLEAN C605] type=Rejected area=13.0 perimeter=14.8 bbox=(357,597,4,6) long=5.0 box_short=3.0 box_aspect=1.667 skeleton_width=3.40 skeleton_range=2.00-4.00 skeleton_aspect=1.471 circularity=0.743
[CLEAN C605] REJECT Scratch: area 13.0 < 20; long_side 5.0 < 10; skeleton_aspect 1.471 < 2.5
[CLEAN C605] REJECT Pit: area 13.0 < 32
[CLEAN C606] type=Rejected area=2.0 perimeter=6.0 bbox=(326,597,2,3) long=2.0 box_short=1.0 box_aspect=2.000 skeleton_width=2.00 skeleton_range=2.00-2.00 skeleton_aspect=1.000 circularity=0.698
[CLEAN C606] REJECT Scratch: area 2.0 < 20; long_side 2.0 < 10; skeleton_aspect 1.000 < 2.5
[CLEAN C606] REJECT Pit: area 2.0 < 32
[CLEAN C607] type=Rejected area=5.0 perimeter=8.8 bbox=(660,596,3,4) long=3.0 box_short=2.0 box_aspect=1.500 skeleton_width=2.40 skeleton_range=2.00-2.80 skeleton_aspect=1.250 circularity=0.806
[CLEAN C607] REJECT Scratch: area 5.0 < 20; long_side 3.0 < 10; skeleton_aspect 1.250 < 2.5
[CLEAN C607] REJECT Pit: area 5.0 < 32
[CLEAN C608] type=Rejected area=3.5 perimeter=7.4 bbox=(1116,594,3,3) long=2.0 box_short=2.0 box_aspect=1.000 skeleton_width=2.00 skeleton_range=2.00-2.80 skeleton_aspect=1.000 circularity=0.800
[CLEAN C608] REJECT Scratch: area 3.5 < 20; long_side 2.0 < 10; skeleton_aspect 1.000 < 2.5
[CLEAN C608] REJECT Pit: area 3.5 < 32
[CLEAN C609] type=Rejected area=1.0 perimeter=4.0 bbox=(1011,594,2,2) long=1.0 box_short=1.0 box_aspect=1.000 skeleton_width=2.00 skeleton_range=2.00-2.00 skeleton_aspect=0.500 circularity=0.785
[CLEAN C609] REJECT Scratch: area 1.0 < 20; long_side 1.0 < 10; skeleton_aspect 0.500 < 2.5
[CLEAN C609] REJECT Pit: area 1.0 < 32
[CLEAN C610] type=Rejected area=30.0 perimeter=21.7 bbox=(196,594,6,8) long=7.0 box_short=5.0 box_aspect=1.400 skeleton_width=4.39 skeleton_range=2.00-6.00 skeleton_aspect=1.593 circularity=0.804
[CLEAN C610] REJECT Scratch: long_side 7.0 < 10; skeleton_aspect 1.593 < 2.5
[CLEAN C610] REJECT Pit: area 30.0 < 32
[CLEAN C611] type=Scratch area=161.5 perimeter=111.2 bbox=(1144,593,12,49) long=48.4 box_short=8.1 box_aspect=5.965 skeleton_width=4.00 skeleton_range=2.00-8.00 skeleton_aspect=12.088 circularity=0.164
[MEASURE C611] Scratch 不可测: 划痕最大宽度点超出中央有效测量区域
[CLEAN C612] type=Rejected area=1.0 perimeter=4.0 bbox=(1003,593,2,2) long=1.0 box_short=1.0 box_aspect=1.000 skeleton_width=2.00 skeleton_range=2.00-2.00 skeleton_aspect=0.500 circularity=0.785
[CLEAN C612] REJECT Scratch: area 1.0 < 20; long_side 1.0 < 10; skeleton_aspect 0.500 < 2.5
[CLEAN C612] REJECT Pit: area 1.0 < 32
[CLEAN C613] type=Rejected area=1.0 perimeter=4.0 bbox=(481,593,2,2) long=1.0 box_short=1.0 box_aspect=1.000 skeleton_width=2.00 skeleton_range=2.00-2.00 skeleton_aspect=0.500 circularity=0.785
[CLEAN C613] REJECT Scratch: area 1.0 < 20; long_side 1.0 < 10; skeleton_aspect 0.500 < 2.5
[CLEAN C613] REJECT Pit: area 1.0 < 32
[CLEAN C614] type=Rejected area=3.5 perimeter=7.4 bbox=(1078,592,3,3) long=2.0 box_short=2.0 box_aspect=1.000 skeleton_width=2.00 skeleton_range=2.00-2.80 skeleton_aspect=1.000 circularity=0.800
[CLEAN C614] REJECT Scratch: area 3.5 < 20; long_side 2.0 < 10; skeleton_aspect 1.000 < 2.5
[CLEAN C614] REJECT Pit: area 3.5 < 32
[CLEAN C615] type=Rejected area=1.0 perimeter=4.0 bbox=(442,592,2,2) long=1.0 box_short=1.0 box_aspect=1.000 skeleton_width=2.00 skeleton_range=2.00-2.00 skeleton_aspect=0.500 circularity=0.785
[CLEAN C615] REJECT Scratch: area 1.0 < 20; long_side 1.0 < 10; skeleton_aspect 0.500 < 2.5
[CLEAN C615] REJECT Pit: area 1.0 < 32
[CLEAN C616] type=Scratch area=156.5 perimeter=164.5 bbox=(1113,591,24,64) long=62.6 box_short=16.3 box_aspect=3.830 skeleton_width=2.00 skeleton_range=2.00-6.00 skeleton_aspect=31.290 circularity=0.073
[MEASURE C616] Scratch 不可测: 划痕最大宽度点超出中央有效测量区域
[CLEAN C617] type=Rejected area=19.0 perimeter=18.5 bbox=(367,591,6,7) long=6.7 box_short=4.0 box_aspect=1.667 skeleton_width=3.40 skeleton_range=2.00-4.39 skeleton_aspect=1.973 circularity=0.699
[CLEAN C617] REJECT Scratch: area 19.0 < 20; long_side 6.7 < 10; skeleton_aspect 1.973 < 2.5
[CLEAN C617] REJECT Pit: area 19.0 < 32
[CLEAN C618] type=Rejected area=1.0 perimeter=4.0 bbox=(269,591,2,2) long=1.0 box_short=1.0 box_aspect=1.000 skeleton_width=2.00 skeleton_range=2.00-2.00 skeleton_aspect=0.500 circularity=0.785
[CLEAN C618] REJECT Scratch: area 1.0 < 20; long_side 1.0 < 10; skeleton_aspect 0.500 < 2.5
[CLEAN C618] REJECT Pit: area 1.0 < 32
[CLEAN C619] type=Pit area=42.0 perimeter=28.5 bbox=(1052,590,10,8) long=9.0 box_short=7.0 box_aspect=1.286 skeleton_width=4.00 skeleton_range=2.00-7.19 skeleton_aspect=2.250 circularity=0.650
[MEASURE C619] Pit 不可测: 凹点中心超出中央有效测量区域
[CLEAN C620] type=Rejected area=1.0 perimeter=4.0 bbox=(342,590,2,2) long=1.0 box_short=1.0 box_aspect=1.000 skeleton_width=2.00 skeleton_range=2.00-2.00 skeleton_aspect=0.500 circularity=0.785
[CLEAN C620] REJECT Scratch: area 1.0 < 20; long_side 1.0 < 10; skeleton_aspect 0.500 < 2.5
[CLEAN C620] REJECT Pit: area 1.0 < 32
[CLEAN C621] type=Rejected area=12.0 perimeter=17.7 bbox=(505,589,5,7) long=6.3 box_short=3.3 box_aspect=1.882 skeleton_width=2.80 skeleton_range=2.00-4.00 skeleton_aspect=2.241 circularity=0.484
[CLEAN C621] REJECT Scratch: area 12.0 < 20; long_side 6.3 < 10; skeleton_aspect 2.241 < 2.5
[CLEAN C621] REJECT Pit: area 12.0 < 32; circularity 0.484 < 0.55
[CLEAN C622] type=Rejected area=1.0 perimeter=4.0 bbox=(969,588,2,2) long=1.0 box_short=1.0 box_aspect=1.000 skeleton_width=2.00 skeleton_range=2.00-2.00 skeleton_aspect=0.500 circularity=0.785
[CLEAN C622] REJECT Scratch: area 1.0 < 20; long_side 1.0 < 10; skeleton_aspect 0.500 < 2.5
[CLEAN C622] REJECT Pit: area 1.0 < 32
[CLEAN C623] type=Rejected area=1.0 perimeter=4.0 bbox=(697,587,2,2) long=1.0 box_short=1.0 box_aspect=1.000 skeleton_width=2.00 skeleton_range=2.00-2.00 skeleton_aspect=0.500 circularity=0.785
[CLEAN C623] REJECT Scratch: area 1.0 < 20; long_side 1.0 < 10; skeleton_aspect 0.500 < 2.5
[CLEAN C623] REJECT Pit: area 1.0 < 32
[CLEAN C624] type=Scratch area=191.5 perimeter=109.7 bbox=(596,587,14,44) long=43.0 box_short=10.8 box_aspect=3.979 skeleton_width=6.00 skeleton_range=2.00-8.39 skeleton_aspect=7.171 circularity=0.200
[MEASURE C624] Scratch width=0.220481 mm valid=False
[CLEAN C625] type=Rejected area=5.0 perimeter=12.0 bbox=(1176,586,2,6) long=5.0 box_short=1.0 box_aspect=5.000 skeleton_width=2.00 skeleton_range=2.00-2.00 skeleton_aspect=2.500 circularity=0.436
[CLEAN C625] REJECT Scratch: area 5.0 < 20; long_side 5.0 < 10
[CLEAN C625] REJECT Pit: area 5.0 < 32; circularity 0.436 < 0.55
[CLEAN C626] type=Rejected area=2.0 perimeter=6.0 bbox=(405,586,2,3) long=2.0 box_short=1.0 box_aspect=2.000 skeleton_width=2.00 skeleton_range=2.00-2.00 skeleton_aspect=1.000 circularity=0.698
[CLEAN C626] REJECT Scratch: area 2.0 < 20; long_side 2.0 < 10; skeleton_aspect 1.000 < 2.5
[CLEAN C626] REJECT Pit: area 2.0 < 32
[CLEAN C627] type=Scratch area=323.0 perimeter=141.1 bbox=(452,585,15,56) long=55.0 box_short=14.0 box_aspect=3.929 skeleton_width=6.00 skeleton_range=2.00-10.39 skeleton_aspect=9.167 circularity=0.204
[MEASURE C627] Scratch width=0.277814 mm valid=True
Scratch: area = 323.0 width_px = 6.0 width_mm = 0.2778138194768766 ratio = 9.166666666666666
[CLEAN C628] type=Scratch area=125.0 perimeter=74.6 bbox=(854,584,19,25) long=26.4 box_short=11.4 box_aspect=2.326 skeleton_width=5.60 skeleton_range=2.00-6.00 skeleton_aspect=4.714 circularity=0.282
[MEASURE C628] Scratch width=0.134047 mm valid=False
[CLEAN C629] type=Scratch area=127.0 perimeter=68.6 bbox=(612,582,16,21) long=20.7 box_short=12.8 box_aspect=1.620 skeleton_width=5.60 skeleton_range=2.00-8.00 skeleton_aspect=3.704 circularity=0.339
[MEASURE C629] Scratch width=0.226199 mm valid=False
[CLEAN C630] type=Rejected area=9.5 perimeter=16.2 bbox=(1085,581,4,7) long=6.5 box_short=2.4 box_aspect=2.700 skeleton_width=2.00 skeleton_range=2.00-4.00 skeleton_aspect=3.274 circularity=0.453
[CLEAN C630] REJECT Scratch: area 9.5 < 20; long_side 6.5 < 10
[CLEAN C630] REJECT Pit: area 9.5 < 32; circularity 0.453 < 0.55
[CLEAN C631] type=Rejected area=3.0 perimeter=6.8 bbox=(290,581,3,3) long=2.8 box_short=1.4 box_aspect=2.000 skeleton_width=2.00 skeleton_range=2.00-2.80 skeleton_aspect=1.414 circularity=0.809
[CLEAN C631] REJECT Scratch: area 3.0 < 20; long_side 2.8 < 10; skeleton_aspect 1.414 < 2.5
[CLEAN C631] REJECT Pit: area 3.0 < 32
[CLEAN C632] type=Rejected area=1.0 perimeter=4.0 bbox=(278,580,2,2) long=1.0 box_short=1.0 box_aspect=1.000 skeleton_width=2.00 skeleton_range=2.00-2.00 skeleton_aspect=0.500 circularity=0.785
[CLEAN C632] REJECT Scratch: area 1.0 < 20; long_side 1.0 < 10; skeleton_aspect 0.500 < 2.5
[CLEAN C632] REJECT Pit: area 1.0 < 32
[CLEAN C633] type=Rejected area=1.0 perimeter=4.0 bbox=(1178,579,2,2) long=1.0 box_short=1.0 box_aspect=1.000 skeleton_width=2.00 skeleton_range=2.00-2.00 skeleton_aspect=0.500 circularity=0.785
[CLEAN C633] REJECT Scratch: area 1.0 < 20; long_side 1.0 < 10; skeleton_aspect 0.500 < 2.5
[CLEAN C633] REJECT Pit: area 1.0 < 32
[CLEAN C634] type=Rejected area=2.0 perimeter=6.0 bbox=(431,579,3,2) long=2.0 box_short=1.0 box_aspect=2.000 skeleton_width=2.00 skeleton_range=2.00-2.00 skeleton_aspect=1.000 circularity=0.698
[CLEAN C634] REJECT Scratch: area 2.0 < 20; long_side 2.0 < 10; skeleton_aspect 1.000 < 2.5
[CLEAN C634] REJECT Pit: area 2.0 < 32
[CLEAN C635] type=Rejected area=2.0 perimeter=6.0 bbox=(1066,578,2,3) long=2.0 box_short=1.0 box_aspect=2.000 skeleton_width=2.00 skeleton_range=2.00-2.00 skeleton_aspect=1.000 circularity=0.698
[CLEAN C635] REJECT Scratch: area 2.0 < 20; long_side 2.0 < 10; skeleton_aspect 1.000 < 2.5
[CLEAN C635] REJECT Pit: area 2.0 < 32
[CLEAN C636] type=Rejected area=5.5 perimeter=26.2 bbox=(1141,577,4,12) long=11.1 box_short=2.2 box_aspect=5.091 skeleton_width=2.00 skeleton_range=2.00-2.80 skeleton_aspect=5.572 circularity=0.100
[CLEAN C636] REJECT Scratch: area 5.5 < 20
[CLEAN C636] REJECT Pit: area 5.5 < 32; circularity 0.100 < 0.55; aspect_ratio 5.091 > 5.0
[CLEAN C637] type=Rejected area=11.0 perimeter=14.8 bbox=(1184,576,4,6) long=5.0 box_short=3.0 box_aspect=1.667 skeleton_width=2.80 skeleton_range=2.00-4.00 skeleton_aspect=1.786 circularity=0.629
[CLEAN C637] REJECT Scratch: area 11.0 < 20; long_side 5.0 < 10; skeleton_aspect 1.786 < 2.5
[CLEAN C637] REJECT Pit: area 11.0 < 32
[CLEAN C638] type=Rejected area=2.0 perimeter=6.0 bbox=(45,576,2,3) long=2.0 box_short=1.0 box_aspect=2.000 skeleton_width=2.00 skeleton_range=2.00-2.00 skeleton_aspect=1.000 circularity=0.698
[CLEAN C638] REJECT Scratch: area 2.0 < 20; long_side 2.0 < 10; skeleton_aspect 1.000 < 2.5
[CLEAN C638] REJECT Pit: area 2.0 < 32
[CLEAN C639] type=Rejected area=5.0 perimeter=8.8 bbox=(635,575,4,3) long=3.0 box_short=2.0 box_aspect=1.500 skeleton_width=2.40 skeleton_range=2.00-2.80 skeleton_aspect=1.250 circularity=0.806
[CLEAN C639] REJECT Scratch: area 5.0 < 20; long_side 3.0 < 10; skeleton_aspect 1.250 < 2.5
[CLEAN C639] REJECT Pit: area 5.0 < 32
[CLEAN C640] type=Scratch area=28.0 perimeter=45.7 bbox=(22,575,8,18) long=17.6 box_short=5.6 box_aspect=3.147 skeleton_width=2.00 skeleton_range=2.00-6.00 skeleton_aspect=8.795 circularity=0.169
[MEASURE C640] Scratch 不可测: 划痕最大宽度点超出中央有效测量区域
[CLEAN C641] type=Rejected area=8.0 perimeter=12.8 bbox=(1127,574,4,5) long=4.0 box_short=3.0 box_aspect=1.333 skeleton_width=2.00 skeleton_range=2.00-4.00 skeleton_aspect=2.000 circularity=0.611
[CLEAN C641] REJECT Scratch: area 8.0 < 20; long_side 4.0 < 10; skeleton_aspect 2.000 < 2.5
[CLEAN C641] REJECT Pit: area 8.0 < 32
[CLEAN C642] type=Scratch area=43.5 perimeter=39.1 bbox=(1168,572,5,18) long=17.0 box_short=4.0 box_aspect=4.250 skeleton_width=4.00 skeleton_range=2.00-5.60 skeleton_aspect=4.250 circularity=0.358
[MEASURE C642] Scratch 不可测: 划痕最大宽度点超出中央有效测量区域
[CLEAN C643] type=Scratch area=71.0 perimeter=45.0 bbox=(664,572,16,11) long=17.0 box_short=7.2 box_aspect=2.375 skeleton_width=4.00 skeleton_range=2.00-8.00 skeleton_aspect=4.249 circularity=0.441
[MEASURE C643] Scratch width=0.184612 mm valid=False
[CLEAN C644] type=Rejected area=1.0 perimeter=4.0 bbox=(196,572,2,2) long=1.0 box_short=1.0 box_aspect=1.000 skeleton_width=2.00 skeleton_range=2.00-2.00 skeleton_aspect=0.500 circularity=0.785
[CLEAN C644] REJECT Scratch: area 1.0 < 20; long_side 1.0 < 10; skeleton_aspect 0.500 < 2.5
[CLEAN C644] REJECT Pit: area 1.0 < 32
[CLEAN C645] type=Scratch area=22.5 perimeter=36.2 bbox=(1194,571,4,17) long=16.0 box_short=3.0 box_aspect=5.333 skeleton_width=2.00 skeleton_range=2.00-4.00 skeleton_aspect=8.000 circularity=0.215
[MEASURE C645] Scratch 不可测: 划痕最大宽度点超出中央有效测量区域
[CLEAN C646] type=Rejected area=29.0 perimeter=22.5 bbox=(842,571,8,7) long=6.5 box_short=6.3 box_aspect=1.038 skeleton_width=4.20 skeleton_range=2.00-6.00 skeleton_aspect=1.560 circularity=0.721
[CLEAN C646] REJECT Scratch: long_side 6.5 < 10; skeleton_aspect 1.560 < 2.5
[CLEAN C646] REJECT Pit: area 29.0 < 32
[CLEAN C647] type=Rejected area=13.5 perimeter=16.2 bbox=(1151,570,5,6) long=5.0 box_short=4.0 box_aspect=1.250 skeleton_width=2.80 skeleton_range=2.00-4.00 skeleton_aspect=1.786 circularity=0.643
[CLEAN C647] REJECT Scratch: area 13.5 < 20; long_side 5.0 < 10; skeleton_aspect 1.786 < 2.5
[CLEAN C647] REJECT Pit: area 13.5 < 32
[CLEAN C648] type=Rejected area=2.0 perimeter=6.0 bbox=(1055,570,3,2) long=2.0 box_short=1.0 box_aspect=2.000 skeleton_width=2.00 skeleton_range=2.00-2.00 skeleton_aspect=1.000 circularity=0.698
[CLEAN C648] REJECT Scratch: area 2.0 < 20; long_side 2.0 < 10; skeleton_aspect 1.000 < 2.5
[CLEAN C648] REJECT Pit: area 2.0 < 32
[CLEAN C649] type=Rejected area=9.5 perimeter=12.2 bbox=(745,569,4,5) long=4.0 box_short=3.0 box_aspect=1.333 skeleton_width=2.80 skeleton_range=2.00-4.00 skeleton_aspect=1.429 circularity=0.796
[CLEAN C649] REJECT Scratch: area 9.5 < 20; long_side 4.0 < 10; skeleton_aspect 1.429 < 2.5
[CLEAN C649] REJECT Pit: area 9.5 < 32
[CLEAN C650] type=Scratch area=39.5 perimeter=34.2 bbox=(652,569,4,16) long=15.0 box_short=3.0 box_aspect=5.000 skeleton_width=4.00 skeleton_range=2.00-4.00 skeleton_aspect=3.750 circularity=0.423
[MEASURE C650] Scratch width=0.101264 mm valid=False
[CLEAN C651] type=Rejected area=27.5 perimeter=21.1 bbox=(597,569,7,7) long=6.0 box_short=6.0 box_aspect=1.000 skeleton_width=4.39 skeleton_range=2.00-5.60 skeleton_aspect=1.366 circularity=0.778
[CLEAN C651] REJECT Scratch: long_side 6.0 < 10; skeleton_aspect 1.366 < 2.5
[CLEAN C651] REJECT Pit: area 27.5 < 32
[CLEAN C652] type=Scratch area=45.0 perimeter=52.5 bbox=(518,569,5,24) long=23.2 box_short=3.7 box_aspect=6.239 skeleton_width=3.40 skeleton_range=2.00-4.00 skeleton_aspect=6.820 circularity=0.205
[MEASURE C652] Scratch width=0.078552 mm valid=False
[CLEAN C653] type=Rejected area=3.0 perimeter=8.0 bbox=(1248,568,2,4) long=3.0 box_short=1.0 box_aspect=3.000 skeleton_width=2.00 skeleton_range=2.00-2.00 skeleton_aspect=1.500 circularity=0.589
[CLEAN C653] REJECT Scratch: area 3.0 < 20; long_side 3.0 < 10; skeleton_aspect 1.500 < 2.5
[CLEAN C653] REJECT Pit: area 3.0 < 32
[CLEAN C654] type=Scratch area=51.0 perimeter=49.3 bbox=(1158,567,6,22) long=21.3 box_short=4.7 box_aspect=4.549 skeleton_width=4.00 skeleton_range=2.00-5.60 skeleton_aspect=5.336 circularity=0.264
[MEASURE C654] Scratch 不可测: 划痕最大宽度点超出中央有效测量区域
[CLEAN C655] type=Scratch area=105.0 perimeter=111.5 bbox=(1215,566,13,37) long=37.0 box_short=9.5 box_aspect=3.914 skeleton_width=2.00 skeleton_range=2.00-8.00 skeleton_aspect=18.519 circularity=0.106
[MEASURE C655] Scratch 不可测: 划痕最大宽度点超出中央有效测量区域
[CLEAN C656] type=Scratch area=48.5 perimeter=30.7 bbox=(858,565,12,8) long=11.6 box_short=5.9 box_aspect=1.967 skeleton_width=4.39 skeleton_range=2.00-6.39 skeleton_aspect=2.633 circularity=0.645
[MEASURE C656] Scratch width=0.126350 mm valid=False
[CLEAN C657] type=Rejected area=3.5 perimeter=7.4 bbox=(19,563,3,3) long=2.0 box_short=2.0 box_aspect=1.000 skeleton_width=2.00 skeleton_range=2.00-2.80 skeleton_aspect=1.000 circularity=0.800
[CLEAN C657] REJECT Scratch: area 3.5 < 20; long_side 2.0 < 10; skeleton_aspect 1.000 < 2.5
[CLEAN C657] REJECT Pit: area 3.5 < 32
[CLEAN C658] type=Rejected area=9.5 perimeter=13.4 bbox=(1084,562,5,4) long=4.0 box_short=3.0 box_aspect=1.333 skeleton_width=2.40 skeleton_range=2.00-4.00 skeleton_aspect=1.667 circularity=0.663
[CLEAN C658] REJECT Scratch: area 9.5 < 20; long_side 4.0 < 10; skeleton_aspect 1.667 < 2.5
[CLEAN C658] REJECT Pit: area 9.5 < 32
[CLEAN C659] type=Rejected area=5.5 perimeter=9.4 bbox=(641,562,4,3) long=3.0 box_short=2.0 box_aspect=1.500 skeleton_width=2.00 skeleton_range=2.00-4.00 skeleton_aspect=1.500 circularity=0.780
[CLEAN C659] REJECT Scratch: area 5.5 < 20; long_side 3.0 < 10; skeleton_aspect 1.500 < 2.5
[CLEAN C659] REJECT Pit: area 5.5 < 32
[CLEAN C660] type=Scratch area=47.5 perimeter=47.1 bbox=(419,562,6,21) long=20.4 box_short=4.1 box_aspect=4.930 skeleton_width=4.00 skeleton_range=2.00-4.00 skeleton_aspect=5.112 circularity=0.269
[MEASURE C660] Scratch width=0.100703 mm valid=False
[CLEAN C661] type=Rejected area=13.5 perimeter=16.2 bbox=(1144,561,7,4) long=6.0 box_short=3.0 box_aspect=2.000 skeleton_width=2.80 skeleton_range=2.00-4.00 skeleton_aspect=2.143 circularity=0.643
[CLEAN C661] REJECT Scratch: area 13.5 < 20; long_side 6.0 < 10; skeleton_aspect 2.143 < 2.5
[CLEAN C661] REJECT Pit: area 13.5 < 32
[CLEAN C662] type=Rejected area=1.0 perimeter=4.0 bbox=(987,561,2,2) long=1.0 box_short=1.0 box_aspect=1.000 skeleton_width=2.00 skeleton_range=2.00-2.00 skeleton_aspect=0.500 circularity=0.785
[CLEAN C662] REJECT Scratch: area 1.0 < 20; long_side 1.0 < 10; skeleton_aspect 0.500 < 2.5
[CLEAN C662] REJECT Pit: area 1.0 < 32
[CLEAN C663] type=Rejected area=2.0 perimeter=6.0 bbox=(356,561,2,3) long=2.0 box_short=1.0 box_aspect=2.000 skeleton_width=2.00 skeleton_range=2.00-2.00 skeleton_aspect=1.000 circularity=0.698
[CLEAN C663] REJECT Scratch: area 2.0 < 20; long_side 2.0 < 10; skeleton_aspect 1.000 < 2.5
[CLEAN C663] REJECT Pit: area 2.0 < 32
[CLEAN C664] type=Rejected area=15.0 perimeter=18.8 bbox=(1173,560,4,8) long=7.0 box_short=3.0 box_aspect=2.333 skeleton_width=3.40 skeleton_range=2.00-4.00 skeleton_aspect=2.059 circularity=0.532
[CLEAN C664] REJECT Scratch: area 15.0 < 20; long_side 7.0 < 10; skeleton_aspect 2.059 < 2.5
[CLEAN C664] REJECT Pit: area 15.0 < 32; circularity 0.532 < 0.55
[CLEAN C665] type=Scratch area=664.0 perimeter=351.1 bbox=(379,558,24,126) long=125.0 box_short=19.0 box_aspect=6.588 skeleton_width=4.00 skeleton_range=2.00-12.00 skeleton_aspect=31.257 circularity=0.068
[MEASURE C665] Scratch width=0.355229 mm valid=True
Scratch: area = 664.0 width_px = 4.0 width_mm = 0.355228948011318 ratio = 31.256757736206055
[CLEAN C666] type=Rejected area=3.0 perimeter=8.8 bbox=(211,558,4,3) long=3.6 box_short=1.3 box_aspect=2.667 skeleton_width=2.00 skeleton_range=2.00-2.00 skeleton_aspect=1.789 circularity=0.484
[CLEAN C666] REJECT Scratch: area 3.0 < 20; long_side 3.6 < 10; skeleton_aspect 1.789 < 2.5
[CLEAN C666] REJECT Pit: area 3.0 < 32; circularity 0.484 < 0.55
[CLEAN C667] type=Rejected area=7.0 perimeter=10.8 bbox=(42,556,5,3) long=4.0 box_short=2.0 box_aspect=2.000 skeleton_width=2.80 skeleton_range=2.00-4.00 skeleton_aspect=1.429 circularity=0.750
[CLEAN C667] REJECT Scratch: area 7.0 < 20; long_side 4.0 < 10; skeleton_aspect 1.429 < 2.5
[CLEAN C667] REJECT Pit: area 7.0 < 32
[CLEAN C668] type=Rejected area=2.0 perimeter=6.0 bbox=(1236,554,3,2) long=2.0 box_short=1.0 box_aspect=2.000 skeleton_width=2.00 skeleton_range=2.00-2.00 skeleton_aspect=1.000 circularity=0.698
[CLEAN C668] REJECT Scratch: area 2.0 < 20; long_side 2.0 < 10; skeleton_aspect 1.000 < 2.5
[CLEAN C668] REJECT Pit: area 2.0 < 32
[CLEAN C669] type=Rejected area=2.0 perimeter=6.0 bbox=(1029,554,2,3) long=2.0 box_short=1.0 box_aspect=2.000 skeleton_width=2.00 skeleton_range=2.00-2.00 skeleton_aspect=1.000 circularity=0.698
[CLEAN C669] REJECT Scratch: area 2.0 < 20; long_side 2.0 < 10; skeleton_aspect 1.000 < 2.5
[CLEAN C669] REJECT Pit: area 2.0 < 32
[CLEAN C670] type=Scratch area=40.0 perimeter=30.1 bbox=(568,554,12,8) long=12.2 box_short=5.1 box_aspect=2.375 skeleton_width=4.39 skeleton_range=2.00-5.60 skeleton_aspect=2.768 circularity=0.553
[MEASURE C670] Scratch width=0.125151 mm valid=False
[CLEAN C671] type=Rejected area=1.0 perimeter=4.0 bbox=(707,553,2,2) long=1.0 box_short=1.0 box_aspect=1.000 skeleton_width=2.00 skeleton_range=2.00-2.00 skeleton_aspect=0.500 circularity=0.785
[CLEAN C671] REJECT Scratch: area 1.0 < 20; long_side 1.0 < 10; skeleton_aspect 0.500 < 2.5
[CLEAN C671] REJECT Pit: area 1.0 < 32
[CLEAN C672] type=Scratch area=84.5 perimeter=42.7 bbox=(435,553,9,17) long=16.3 box_short=7.4 box_aspect=2.219 skeleton_width=6.00 skeleton_range=2.00-8.00 skeleton_aspect=2.723 circularity=0.582
[MEASURE C672] Scratch width=0.181098 mm valid=False
[CLEAN C673] type=Rejected area=3.0 perimeter=8.0 bbox=(1184,552,2,4) long=3.0 box_short=1.0 box_aspect=3.000 skeleton_width=2.00 skeleton_range=2.00-2.00 skeleton_aspect=1.500 circularity=0.589
[CLEAN C673] REJECT Scratch: area 3.0 < 20; long_side 3.0 < 10; skeleton_aspect 1.500 < 2.5
[CLEAN C673] REJECT Pit: area 3.0 < 32
[CLEAN C674] type=Rejected area=1.0 perimeter=4.0 bbox=(1152,552,2,2) long=1.0 box_short=1.0 box_aspect=1.000 skeleton_width=2.00 skeleton_range=2.00-2.00 skeleton_aspect=0.500 circularity=0.785
[CLEAN C674] REJECT Scratch: area 1.0 < 20; long_side 1.0 < 10; skeleton_aspect 0.500 < 2.5
[CLEAN C674] REJECT Pit: area 1.0 < 32
[CLEAN C675] type=Scratch area=30.5 perimeter=51.9 bbox=(1133,552,5,24) long=23.0 box_short=4.0 box_aspect=5.750 skeleton_width=2.00 skeleton_range=2.00-5.60 skeleton_aspect=11.500 circularity=0.142
[MEASURE C675] Scratch 不可测: 划痕最大宽度点超出中央有效测量区域
[CLEAN C676] type=Rejected area=1.0 perimeter=4.0 bbox=(960,552,2,2) long=1.0 box_short=1.0 box_aspect=1.000 skeleton_width=2.00 skeleton_range=2.00-2.00 skeleton_aspect=0.500 circularity=0.785
[CLEAN C676] REJECT Scratch: area 1.0 < 20; long_side 1.0 < 10; skeleton_aspect 0.500 < 2.5
[CLEAN C676] REJECT Pit: area 1.0 < 32
[CLEAN C677] type=Rejected area=6.0 perimeter=10.0 bbox=(875,551,4,3) long=3.0 box_short=2.0 box_aspect=1.500 skeleton_width=2.00 skeleton_range=2.00-4.00 skeleton_aspect=1.500 circularity=0.754
[CLEAN C677] REJECT Scratch: area 6.0 < 20; long_side 3.0 < 10; skeleton_aspect 1.500 < 2.5
[CLEAN C677] REJECT Pit: area 6.0 < 32
[CLEAN C678] type=Scratch area=166.5 perimeter=127.7 bbox=(1201,550,12,52) long=51.1 box_short=10.6 box_aspect=4.837 skeleton_width=4.00 skeleton_range=2.00-6.39 skeleton_aspect=12.767 circularity=0.128
[MEASURE C678] Scratch 不可测: 划痕最大宽度点超出中央有效测量区域
[CLEAN C679] type=Pit area=43.0 perimeter=28.5 bbox=(927,550,9,9) long=8.0 box_short=8.0 box_aspect=1.000 skeleton_width=4.39 skeleton_range=2.00-6.39 skeleton_aspect=1.821 circularity=0.666
[MEASURE C679] Pit diameter=0.288890 mm valid=True
Pit: area = 43.0 diameter_mm = 0.28889000415802 circularity = 0.6659433710590223
[CLEAN C680] type=Rejected area=1.0 perimeter=4.0 bbox=(511,549,2,2) long=1.0 box_short=1.0 box_aspect=1.000 skeleton_width=2.00 skeleton_range=2.00-2.00 skeleton_aspect=0.500 circularity=0.785
[CLEAN C680] REJECT Scratch: area 1.0 < 20; long_side 1.0 < 10; skeleton_aspect 0.500 < 2.5
[CLEAN C680] REJECT Pit: area 1.0 < 32
[CLEAN C681] type=Rejected area=1.0 perimeter=4.0 bbox=(457,549,2,2) long=1.0 box_short=1.0 box_aspect=1.000 skeleton_width=2.00 skeleton_range=2.00-2.00 skeleton_aspect=0.500 circularity=0.785
[CLEAN C681] REJECT Scratch: area 1.0 < 20; long_side 1.0 < 10; skeleton_aspect 0.500 < 2.5
[CLEAN C681] REJECT Pit: area 1.0 < 32
[CLEAN C682] type=Scratch area=109.0 perimeter=48.1 bbox=(358,549,20,9) long=19.5 box_short=7.7 box_aspect=2.532 skeleton_width=6.39 skeleton_range=2.00-8.00 skeleton_aspect=3.046 circularity=0.591
[MEASURE C682] Scratch width=0.197643 mm valid=False
[CLEAN C683] type=Rejected area=3.5 perimeter=7.4 bbox=(520,548,3,3) long=2.0 box_short=2.0 box_aspect=1.000 skeleton_width=2.00 skeleton_range=2.00-2.80 skeleton_aspect=1.000 circularity=0.800
[CLEAN C683] REJECT Scratch: area 3.5 < 20; long_side 2.0 < 10; skeleton_aspect 1.000 < 2.5
[CLEAN C683] REJECT Pit: area 3.5 < 32
[CLEAN C684] type=Rejected area=10.5 perimeter=14.2 bbox=(396,548,4,6) long=5.0 box_short=3.0 box_aspect=1.667 skeleton_width=2.80 skeleton_range=2.00-4.00 skeleton_aspect=1.786 circularity=0.650
[CLEAN C684] REJECT Scratch: area 10.5 < 20; long_side 5.0 < 10; skeleton_aspect 1.786 < 2.5
[CLEAN C684] REJECT Pit: area 10.5 < 32
[CLEAN C685] type=Rejected area=2.0 perimeter=6.0 bbox=(233,548,3,2) long=2.0 box_short=1.0 box_aspect=2.000 skeleton_width=2.00 skeleton_range=2.00-2.00 skeleton_aspect=1.000 circularity=0.698
[CLEAN C685] REJECT Scratch: area 2.0 < 20; long_side 2.0 < 10; skeleton_aspect 1.000 < 2.5
[CLEAN C685] REJECT Pit: area 2.0 < 32
[CLEAN C686] type=Rejected area=1.0 perimeter=4.0 bbox=(613,546,2,2) long=1.0 box_short=1.0 box_aspect=1.000 skeleton_width=2.00 skeleton_range=2.00-2.00 skeleton_aspect=0.500 circularity=0.785
[CLEAN C686] REJECT Scratch: area 1.0 < 20; long_side 1.0 < 10; skeleton_aspect 0.500 < 2.5
[CLEAN C686] REJECT Pit: area 1.0 < 32
[CLEAN C687] type=Rejected area=18.5 perimeter=18.2 bbox=(1179,544,4,8) long=7.0 box_short=3.0 box_aspect=2.333 skeleton_width=4.00 skeleton_range=2.00-4.00 skeleton_aspect=1.750 circularity=0.699
[CLEAN C687] REJECT Scratch: area 18.5 < 20; long_side 7.0 < 10; skeleton_aspect 1.750 < 2.5
[CLEAN C687] REJECT Pit: area 18.5 < 32
[CLEAN C688] type=Rejected area=5.0 perimeter=8.8 bbox=(390,544,4,3) long=3.0 box_short=2.0 box_aspect=1.500 skeleton_width=2.40 skeleton_range=2.00-2.80 skeleton_aspect=1.250 circularity=0.806
[CLEAN C688] REJECT Scratch: area 5.0 < 20; long_side 3.0 < 10; skeleton_aspect 1.250 < 2.5
[CLEAN C688] REJECT Pit: area 5.0 < 32
[CLEAN C689] type=Rejected area=5.5 perimeter=9.4 bbox=(1011,543,3,4) long=3.0 box_short=2.0 box_aspect=1.500 skeleton_width=2.00 skeleton_range=2.00-4.00 skeleton_aspect=1.500 circularity=0.780
[CLEAN C689] REJECT Scratch: area 5.5 < 20; long_side 3.0 < 10; skeleton_aspect 1.500 < 2.5
[CLEAN C689] REJECT Pit: area 5.5 < 32
[CLEAN C690] type=Rejected area=1.0 perimeter=4.0 bbox=(971,542,2,2) long=1.0 box_short=1.0 box_aspect=1.000 skeleton_width=2.00 skeleton_range=2.00-2.00 skeleton_aspect=0.500 circularity=0.785
[CLEAN C690] REJECT Scratch: area 1.0 < 20; long_side 1.0 < 10; skeleton_aspect 0.500 < 2.5
[CLEAN C690] REJECT Pit: area 1.0 < 32
[CLEAN C691] type=Scratch area=96.5 perimeter=75.6 bbox=(944,542,12,21) long=21.1 box_short=10.1 box_aspect=2.089 skeleton_width=2.00 skeleton_range=2.00-7.19 skeleton_aspect=10.564 circularity=0.212
[MEASURE C691] Scratch width=0.228288 mm valid=False
[CLEAN C692] type=Scratch area=40.5 perimeter=81.1 bbox=(495,542,5,38) long=37.2 box_short=3.1 box_aspect=11.829 skeleton_width=2.00 skeleton_range=2.00-4.00 skeleton_aspect=18.599 circularity=0.077
[MEASURE C692] Scratch width=0.066951 mm valid=False
[CLEAN C693] type=Scratch area=60.5 perimeter=71.9 bbox=(1187,540,6,33) long=32.0 box_short=4.8 box_aspect=6.698 skeleton_width=2.00 skeleton_range=2.00-4.39 skeleton_aspect=15.989 circularity=0.147
[MEASURE C693] Scratch 不可测: 划痕最大宽度点超出中央有效测量区域
[CLEAN C694] type=Scratch area=27.5 perimeter=27.1 bbox=(905,540,5,12) long=11.0 box_short=4.0 box_aspect=2.750 skeleton_width=2.80 skeleton_range=2.00-5.60 skeleton_aspect=3.929 circularity=0.472
[MEASURE C694] Scratch width=0.125975 mm valid=False
[CLEAN C695] type=Rejected area=1.0 perimeter=4.0 bbox=(439,540,2,2) long=1.0 box_short=1.0 box_aspect=1.000 skeleton_width=2.00 skeleton_range=2.00-2.00 skeleton_aspect=0.500 circularity=0.785
[CLEAN C695] REJECT Scratch: area 1.0 < 20; long_side 1.0 < 10; skeleton_aspect 0.500 < 2.5
[CLEAN C695] REJECT Pit: area 1.0 < 32
[CLEAN C696] type=Rejected area=3.0 perimeter=6.8 bbox=(227,539,3,3) long=2.8 box_short=1.4 box_aspect=2.000 skeleton_width=2.00 skeleton_range=2.00-2.80 skeleton_aspect=1.414 circularity=0.809
[CLEAN C696] REJECT Scratch: area 3.0 < 20; long_side 2.8 < 10; skeleton_aspect 1.414 < 2.5
[CLEAN C696] REJECT Pit: area 3.0 < 32
[CLEAN C697] type=Scratch area=20.0 perimeter=27.7 bbox=(1199,538,4,13) long=12.0 box_short=3.0 box_aspect=4.000 skeleton_width=2.00 skeleton_range=2.00-4.00 skeleton_aspect=6.000 circularity=0.329
[MEASURE C697] Scratch 不可测: 划痕最大宽度点超出中央有效测量区域
[CLEAN C698] type=Rejected area=5.0 perimeter=8.8 bbox=(1137,537,3,4) long=3.0 box_short=2.0 box_aspect=1.500 skeleton_width=2.40 skeleton_range=2.00-2.80 skeleton_aspect=1.250 circularity=0.806
[CLEAN C698] REJECT Scratch: area 5.0 < 20; long_side 3.0 < 10; skeleton_aspect 1.250 < 2.5
[CLEAN C698] REJECT Pit: area 5.0 < 32
[CLEAN C699] type=Rejected area=26.0 perimeter=21.7 bbox=(880,537,8,6) long=7.0 box_short=5.0 box_aspect=1.400 skeleton_width=4.00 skeleton_range=2.00-5.60 skeleton_aspect=1.750 circularity=0.697
[CLEAN C699] REJECT Scratch: long_side 7.0 < 10; skeleton_aspect 1.750 < 2.5
[CLEAN C699] REJECT Pit: area 26.0 < 32
[CLEAN C700] type=Scratch area=34.0 perimeter=26.5 bbox=(841,537,6,11) long=10.0 box_short=4.9 box_aspect=2.029 skeleton_width=4.00 skeleton_range=2.00-6.00 skeleton_aspect=2.510 circularity=0.609
[MEASURE C700] Scratch width=0.132272 mm valid=False
[CLEAN C701] type=Rejected area=2.0 perimeter=6.0 bbox=(443,537,3,2) long=2.0 box_short=1.0 box_aspect=2.000 skeleton_width=2.00 skeleton_range=2.00-2.00 skeleton_aspect=1.000 circularity=0.698
[CLEAN C701] REJECT Scratch: area 2.0 < 20; long_side 2.0 < 10; skeleton_aspect 1.000 < 2.5
[CLEAN C701] REJECT Pit: area 2.0 < 32
[CLEAN C702] type=Rejected area=10.0 perimeter=14.8 bbox=(433,537,3,7) long=6.0 box_short=2.0 box_aspect=3.000 skeleton_width=2.40 skeleton_range=2.00-4.00 skeleton_aspect=2.500 circularity=0.572
[CLEAN C702] REJECT Scratch: area 10.0 < 20; long_side 6.0 < 10; skeleton_aspect 2.500 < 2.5
[CLEAN C702] REJECT Pit: area 10.0 < 32
[CLEAN C703] type=Pit area=76.5 perimeter=33.6 bbox=(258,537,9,13) long=12.0 box_short=8.0 box_aspect=1.500 skeleton_width=6.79 skeleton_range=2.80-9.99 skeleton_aspect=1.766 circularity=0.854
[MEASURE C703] Pit diameter=0.309039 mm valid=True
Pit: area = 76.5 diameter_mm = 0.3090387284755707 circularity = 0.8537326603137566
[CLEAN C704] type=Rejected area=11.5 perimeter=14.2 bbox=(939,536,5,5) long=4.0 box_short=4.0 box_aspect=1.000 skeleton_width=2.80 skeleton_range=2.00-4.00 skeleton_aspect=1.429 circularity=0.712
[CLEAN C704] REJECT Scratch: area 11.5 < 20; long_side 4.0 < 10; skeleton_aspect 1.429 < 2.5
[CLEAN C704] REJECT Pit: area 11.5 < 32
[CLEAN C705] type=Scratch area=26.5 perimeter=29.1 bbox=(914,536,11,6) long=10.0 box_short=5.0 box_aspect=2.000 skeleton_width=2.00 skeleton_range=2.00-5.60 skeleton_aspect=5.000 circularity=0.394
[MEASURE C705] Scratch width=0.157692 mm valid=False
[CLEAN C706] type=Rejected area=2.0 perimeter=6.0 bbox=(159,536,2,3) long=2.0 box_short=1.0 box_aspect=2.000 skeleton_width=2.00 skeleton_range=2.00-2.00 skeleton_aspect=1.000 circularity=0.698
[CLEAN C706] REJECT Scratch: area 2.0 < 20; long_side 2.0 < 10; skeleton_aspect 1.000 < 2.5
[CLEAN C706] REJECT Pit: area 2.0 < 32
[CLEAN C707] type=Scratch area=57.0 perimeter=44.1 bbox=(604,535,9,18) long=18.8 box_short=5.5 box_aspect=3.426 skeleton_width=4.00 skeleton_range=2.00-6.00 skeleton_aspect=4.696 circularity=0.368
[MEASURE C707] Scratch width=0.125052 mm valid=False
[CLEAN C708] type=Scratch area=100.5 perimeter=52.7 bbox=(1160,534,9,22) long=21.0 box_short=8.0 box_aspect=2.625 skeleton_width=5.00 skeleton_range=2.00-8.00 skeleton_aspect=4.203 circularity=0.454
[MEASURE C708] Scratch 不可测: 划痕最大宽度点超出中央有效测量区域
[CLEAN C709] type=Rejected area=5.5 perimeter=9.4 bbox=(189,534,4,3) long=3.0 box_short=2.0 box_aspect=1.500 skeleton_width=2.00 skeleton_range=2.00-4.00 skeleton_aspect=1.500 circularity=0.780
[CLEAN C709] REJECT Scratch: area 5.5 < 20; long_side 3.0 < 10; skeleton_aspect 1.500 < 2.5
[CLEAN C709] REJECT Pit: area 5.5 < 32
[CLEAN C710] type=Rejected area=2.0 perimeter=6.0 bbox=(1045,533,3,2) long=2.0 box_short=1.0 box_aspect=2.000 skeleton_width=2.00 skeleton_range=2.00-2.00 skeleton_aspect=1.000 circularity=0.698
[CLEAN C710] REJECT Scratch: area 2.0 < 20; long_side 2.0 < 10; skeleton_aspect 1.000 < 2.5
[CLEAN C710] REJECT Pit: area 2.0 < 32
[CLEAN C711] type=Rejected area=15.5 perimeter=31.1 bbox=(1218,532,5,14) long=13.3 box_short=3.5 box_aspect=3.857 skeleton_width=2.00 skeleton_range=2.00-2.80 skeleton_aspect=6.658 circularity=0.202
[CLEAN C711] REJECT Scratch: area 15.5 < 20
[CLEAN C711] REJECT Pit: area 15.5 < 32; circularity 0.202 < 0.55
[CLEAN C712] type=Rejected area=2.0 perimeter=6.0 bbox=(640,532,2,3) long=2.0 box_short=1.0 box_aspect=2.000 skeleton_width=2.00 skeleton_range=2.00-2.00 skeleton_aspect=1.000 circularity=0.698
[CLEAN C712] REJECT Scratch: area 2.0 < 20; long_side 2.0 < 10; skeleton_aspect 1.000 < 2.5
[CLEAN C712] REJECT Pit: area 2.0 < 32
[CLEAN C713] type=Pit area=32.5 perimeter=25.1 bbox=(308,531,6,10) long=9.0 box_short=5.0 box_aspect=1.800 skeleton_width=4.00 skeleton_range=2.00-5.60 skeleton_aspect=2.250 circularity=0.650
[MEASURE C713] Pit diameter=0.223060 mm valid=False
[CLEAN C714] type=Rejected area=2.0 perimeter=6.0 bbox=(283,531,3,2) long=2.0 box_short=1.0 box_aspect=2.000 skeleton_width=2.00 skeleton_range=2.00-2.00 skeleton_aspect=1.000 circularity=0.698
[CLEAN C714] REJECT Scratch: area 2.0 < 20; long_side 2.0 < 10; skeleton_aspect 1.000 < 2.5
[CLEAN C714] REJECT Pit: area 2.0 < 32
[CLEAN C715] type=Rejected area=2.0 perimeter=6.0 bbox=(645,530,2,3) long=2.0 box_short=1.0 box_aspect=2.000 skeleton_width=2.00 skeleton_range=2.00-2.00 skeleton_aspect=1.000 circularity=0.698
[CLEAN C715] REJECT Scratch: area 2.0 < 20; long_side 2.0 < 10; skeleton_aspect 1.000 < 2.5
[CLEAN C715] REJECT Pit: area 2.0 < 32
[CLEAN C716] type=Rejected area=16.5 perimeter=17.1 bbox=(405,530,6,6) long=5.1 box_short=4.7 box_aspect=1.067 skeleton_width=2.80 skeleton_range=2.00-4.39 skeleton_aspect=1.807 circularity=0.711
[CLEAN C716] REJECT Scratch: area 16.5 < 20; long_side 5.1 < 10; skeleton_aspect 1.807 < 2.5
[CLEAN C716] REJECT Pit: area 16.5 < 32
[CLEAN C717] type=Rejected area=5.5 perimeter=9.4 bbox=(0,530,4,3) long=3.0 box_short=2.0 box_aspect=1.500 skeleton_width=2.00 skeleton_range=2.00-4.00 skeleton_aspect=1.500 circularity=0.780
[CLEAN C717] REJECT Scratch: area 5.5 < 20; long_side 3.0 < 10; skeleton_aspect 1.500 < 2.5
[CLEAN C717] REJECT Pit: area 5.5 < 32
[CLEAN C718] type=Rejected area=3.0 perimeter=8.8 bbox=(602,529,4,3) long=3.6 box_short=1.3 box_aspect=2.667 skeleton_width=2.00 skeleton_range=2.00-2.00 skeleton_aspect=1.789 circularity=0.484
[CLEAN C718] REJECT Scratch: area 3.0 < 20; long_side 3.6 < 10; skeleton_aspect 1.789 < 2.5
[CLEAN C718] REJECT Pit: area 3.0 < 32; circularity 0.484 < 0.55
[CLEAN C719] type=Scratch area=45.5 perimeter=30.7 bbox=(985,528,9,11) long=12.1 box_short=6.3 box_aspect=1.929 skeleton_width=4.39 skeleton_range=2.00-6.39 skeleton_aspect=2.748 circularity=0.606
[MEASURE C719] Scratch width=0.195447 mm valid=False
[CLEAN C720] type=Rejected area=3.0 perimeter=6.8 bbox=(10,528,3,3) long=2.8 box_short=1.4 box_aspect=2.000 skeleton_width=2.00 skeleton_range=2.00-2.80 skeleton_aspect=1.414 circularity=0.809
[CLEAN C720] REJECT Scratch: area 3.0 < 20; long_side 2.8 < 10; skeleton_aspect 1.414 < 2.5
[CLEAN C720] REJECT Pit: area 3.0 < 32
[CLEAN C721] type=Rejected area=6.0 perimeter=17.7 bbox=(855,527,8,4) long=7.6 box_short=1.6 box_aspect=4.800 skeleton_width=2.00 skeleton_range=2.00-2.00 skeleton_aspect=3.795 circularity=0.242
[CLEAN C721] REJECT Scratch: area 6.0 < 20; long_side 7.6 < 10
[CLEAN C721] REJECT Pit: area 6.0 < 32; circularity 0.242 < 0.55
[CLEAN C722] type=Scratch area=83.0 perimeter=41.8 bbox=(344,527,15,11) long=14.0 box_short=9.7 box_aspect=1.454 skeleton_width=5.60 skeleton_range=2.00-8.39 skeleton_aspect=2.505 circularity=0.597
[MEASURE C722] Scratch width=0.245952 mm valid=False
[CLEAN C723] type=Scratch area=1042.0 perimeter=350.0 bbox=(49,526,28,125) long=125.0 box_short=21.2 box_aspect=5.895 skeleton_width=6.00 skeleton_range=2.00-15.18 skeleton_aspect=20.838 circularity=0.107
[MEASURE C723] Scratch 不可测: 划痕最大宽度点超出中央有效测量区域
[CLEAN C724] type=Rejected area=4.5 perimeter=9.4 bbox=(1142,525,3,4) long=3.0 box_short=2.0 box_aspect=1.500 skeleton_width=2.00 skeleton_range=2.00-2.80 skeleton_aspect=1.500 circularity=0.638
[CLEAN C724] REJECT Scratch: area 4.5 < 20; long_side 3.0 < 10; skeleton_aspect 1.500 < 2.5
[CLEAN C724] REJECT Pit: area 4.5 < 32
[CLEAN C725] type=Rejected area=14.0 perimeter=14.8 bbox=(1081,525,6,4) long=5.0 box_short=3.0 box_aspect=1.667 skeleton_width=4.00 skeleton_range=2.00-4.00 skeleton_aspect=1.250 circularity=0.800
[CLEAN C725] REJECT Scratch: area 14.0 < 20; long_side 5.0 < 10; skeleton_aspect 1.250 < 2.5
[CLEAN C725] REJECT Pit: area 14.0 < 32
[CLEAN C726] type=Rejected area=1.0 perimeter=4.0 bbox=(1200,524,2,2) long=1.0 box_short=1.0 box_aspect=1.000 skeleton_width=2.00 skeleton_range=2.00-2.00 skeleton_aspect=0.500 circularity=0.785
[CLEAN C726] REJECT Scratch: area 1.0 < 20; long_side 1.0 < 10; skeleton_aspect 0.500 < 2.5
[CLEAN C726] REJECT Pit: area 1.0 < 32
[CLEAN C727] type=Rejected area=11.5 perimeter=18.2 bbox=(428,522,4,8) long=7.0 box_short=3.0 box_aspect=2.333 skeleton_width=2.00 skeleton_range=2.00-4.00 skeleton_aspect=3.500 circularity=0.434
[CLEAN C727] REJECT Scratch: area 11.5 < 20; long_side 7.0 < 10
[CLEAN C727] REJECT Pit: area 11.5 < 32; circularity 0.434 < 0.55
[CLEAN C728] type=Pit area=111.5 perimeter=42.0 bbox=(382,521,17,11) long=14.8 box_short=9.9 box_aspect=1.500 skeleton_width=8.40 skeleton_range=4.39-9.99 skeleton_aspect=1.768 circularity=0.793
[MEASURE C728] Pit diameter=0.428954 mm valid=True
Pit: area = 111.5 diameter_mm = 0.42895394563674927 circularity = 0.7927306304304834
[CLEAN C729] type=Rejected area=23.0 perimeter=19.7 bbox=(329,521,8,5) long=7.0 box_short=4.0 box_aspect=1.750 skeleton_width=2.80 skeleton_range=2.00-6.00 skeleton_aspect=2.500 circularity=0.748
[CLEAN C729] REJECT Scratch: long_side 7.0 < 10
[CLEAN C729] REJECT Pit: area 23.0 < 32
[CLEAN C730] type=Scratch area=147.5 perimeter=84.4 bbox=(647,520,11,37) long=36.0 box_short=9.2 box_aspect=3.919 skeleton_width=4.00 skeleton_range=2.00-8.00 skeleton_aspect=8.993 circularity=0.260
[MEASURE C730] Scratch width=0.196539 mm valid=False
[CLEAN C731] type=Scratch area=67.0 perimeter=41.7 bbox=(1020,519,6,18) long=17.0 box_short=5.0 box_aspect=3.400 skeleton_width=4.20 skeleton_range=2.00-6.00 skeleton_aspect=4.051 circularity=0.485
[MEASURE C731] Scratch 不可测: 划痕最大宽度点超出中央有效测量区域
[CLEAN C732] type=Rejected area=3.0 perimeter=8.0 bbox=(929,519,4,2) long=3.0 box_short=1.0 box_aspect=3.000 skeleton_width=2.00 skeleton_range=2.00-2.00 skeleton_aspect=1.500 circularity=0.589
[CLEAN C732] REJECT Scratch: area 3.0 < 20; long_side 3.0 < 10; skeleton_aspect 1.500 < 2.5
[CLEAN C732] REJECT Pit: area 3.0 < 32
[CLEAN C733] type=Rejected area=3.5 perimeter=7.4 bbox=(247,519,3,3) long=2.0 box_short=2.0 box_aspect=1.000 skeleton_width=2.00 skeleton_range=2.00-2.80 skeleton_aspect=1.000 circularity=0.800
[CLEAN C733] REJECT Scratch: area 3.5 < 20; long_side 2.0 < 10; skeleton_aspect 1.000 < 2.5
[CLEAN C733] REJECT Pit: area 3.5 < 32
[CLEAN C734] type=Scratch area=90.0 perimeter=73.3 bbox=(621,518,8,32) long=31.2 box_short=6.1 box_aspect=5.121 skeleton_width=4.20 skeleton_range=2.00-6.00 skeleton_aspect=7.437 circularity=0.210
[MEASURE C734] Scratch width=0.148813 mm valid=False
[CLEAN C735] type=Pit area=56.5 perimeter=31.9 bbox=(553,518,11,9) long=10.0 box_short=8.0 box_aspect=1.250 skeleton_width=4.80 skeleton_range=2.00-7.19 skeleton_aspect=2.083 circularity=0.698
[MEASURE C735] Pit diameter=0.292104 mm valid=True
Pit: area = 56.5 diameter_mm = 0.29210442304611206 circularity = 0.6977353113971826
[CLEAN C736] type=Rejected area=3.5 perimeter=7.4 bbox=(269,518,3,3) long=2.0 box_short=2.0 box_aspect=1.000 skeleton_width=2.00 skeleton_range=2.00-2.80 skeleton_aspect=1.000 circularity=0.800
[CLEAN C736] REJECT Scratch: area 3.5 < 20; long_side 2.0 < 10; skeleton_aspect 1.000 < 2.5
[CLEAN C736] REJECT Pit: area 3.5 < 32
[CLEAN C737] type=Rejected area=13.0 perimeter=14.8 bbox=(916,516,6,4) long=5.0 box_short=3.0 box_aspect=1.667 skeleton_width=3.40 skeleton_range=2.00-4.00 skeleton_aspect=1.471 circularity=0.743
[CLEAN C737] REJECT Scratch: area 13.0 < 20; long_side 5.0 < 10; skeleton_aspect 1.471 < 2.5
[CLEAN C737] REJECT Pit: area 13.0 < 32
[CLEAN C738] type=Scratch area=94.0 perimeter=46.1 bbox=(493,514,14,14) long=13.1 box_short=12.4 box_aspect=1.062 skeleton_width=4.39 skeleton_range=2.00-9.99 skeleton_aspect=2.991 circularity=0.555
[MEASURE C738] Scratch width=0.208939 mm valid=False
[CLEAN C739] type=Rejected area=4.0 perimeter=8.0 bbox=(44,514,3,3) long=2.0 box_short=2.0 box_aspect=1.000 skeleton_width=2.00 skeleton_range=2.00-4.00 skeleton_aspect=1.000 circularity=0.785
[CLEAN C739] REJECT Scratch: area 4.0 < 20; long_side 2.0 < 10; skeleton_aspect 1.000 < 2.5
[CLEAN C739] REJECT Pit: area 4.0 < 32
[CLEAN C740] type=Rejected area=12.0 perimeter=16.8 bbox=(1175,513,4,7) long=6.0 box_short=3.0 box_aspect=2.000 skeleton_width=2.00 skeleton_range=2.00-4.00 skeleton_aspect=3.000 circularity=0.532
[CLEAN C740] REJECT Scratch: area 12.0 < 20; long_side 6.0 < 10
[CLEAN C740] REJECT Pit: area 12.0 < 32; circularity 0.532 < 0.55
[CLEAN C741] type=Scratch area=58.0 perimeter=44.5 bbox=(1116,513,10,16) long=16.1 box_short=7.4 box_aspect=2.178 skeleton_width=4.00 skeleton_range=2.00-6.00 skeleton_aspect=4.036 circularity=0.368
[MEASURE C741] Scratch 不可测: 划痕最大宽度点超出中央有效测量区域
[CLEAN C742] type=Rejected area=2.0 perimeter=6.0 bbox=(1102,513,2,3) long=2.0 box_short=1.0 box_aspect=2.000 skeleton_width=2.00 skeleton_range=2.00-2.00 skeleton_aspect=1.000 circularity=0.698
[CLEAN C742] REJECT Scratch: area 2.0 < 20; long_side 2.0 < 10; skeleton_aspect 1.000 < 2.5
[CLEAN C742] REJECT Pit: area 2.0 < 32
[CLEAN C743] type=Rejected area=1.0 perimeter=4.0 bbox=(625,512,2,2) long=1.0 box_short=1.0 box_aspect=1.000 skeleton_width=2.00 skeleton_range=2.00-2.00 skeleton_aspect=0.500 circularity=0.785
[CLEAN C743] REJECT Scratch: area 1.0 < 20; long_side 1.0 < 10; skeleton_aspect 0.500 < 2.5
[CLEAN C743] REJECT Pit: area 1.0 < 32
[CLEAN C744] type=Rejected area=4.0 perimeter=8.0 bbox=(1166,509,3,3) long=2.0 box_short=2.0 box_aspect=1.000 skeleton_width=2.00 skeleton_range=2.00-4.00 skeleton_aspect=1.000 circularity=0.785
[CLEAN C744] REJECT Scratch: area 4.0 < 20; long_side 2.0 < 10; skeleton_aspect 1.000 < 2.5
[CLEAN C744] REJECT Pit: area 4.0 < 32
[CLEAN C745] type=Rejected area=1.0 perimeter=4.0 bbox=(570,508,2,2) long=1.0 box_short=1.0 box_aspect=1.000 skeleton_width=2.00 skeleton_range=2.00-2.00 skeleton_aspect=0.500 circularity=0.785
[CLEAN C745] REJECT Scratch: area 1.0 < 20; long_side 1.0 < 10; skeleton_aspect 0.500 < 2.5
[CLEAN C745] REJECT Pit: area 1.0 < 32
[CLEAN C746] type=Scratch area=72.5 perimeter=86.4 bbox=(69,508,10,39) long=38.5 box_short=4.2 box_aspect=9.067 skeleton_width=2.80 skeleton_range=2.00-4.39 skeleton_aspect=13.738 circularity=0.122
[MEASURE C746] Scratch 不可测: 划痕最大宽度点超出中央有效测量区域
[CLEAN C747] type=Rejected area=1.0 perimeter=4.0 bbox=(1137,506,2,2) long=1.0 box_short=1.0 box_aspect=1.000 skeleton_width=2.00 skeleton_range=2.00-2.00 skeleton_aspect=0.500 circularity=0.785
[CLEAN C747] REJECT Scratch: area 1.0 < 20; long_side 1.0 < 10; skeleton_aspect 0.500 < 2.5
[CLEAN C747] REJECT Pit: area 1.0 < 32
[CLEAN C748] type=Rejected area=5.0 perimeter=8.8 bbox=(995,506,3,4) long=3.0 box_short=2.0 box_aspect=1.500 skeleton_width=2.40 skeleton_range=2.00-2.80 skeleton_aspect=1.250 circularity=0.806
[CLEAN C748] REJECT Scratch: area 5.0 < 20; long_side 3.0 < 10; skeleton_aspect 1.250 < 2.5
[CLEAN C748] REJECT Pit: area 5.0 < 32
[CLEAN C749] type=Rejected area=12.0 perimeter=15.7 bbox=(848,506,7,4) long=6.0 box_short=3.0 box_aspect=2.000 skeleton_width=2.80 skeleton_range=2.00-4.00 skeleton_aspect=2.143 circularity=0.615
[CLEAN C749] REJECT Scratch: area 12.0 < 20; long_side 6.0 < 10; skeleton_aspect 2.143 < 2.5
[CLEAN C749] REJECT Pit: area 12.0 < 32
[CLEAN C750] type=Rejected area=8.0 perimeter=10.8 bbox=(704,506,4,4) long=3.0 box_short=3.0 box_aspect=1.000 skeleton_width=2.80 skeleton_range=2.00-4.00 skeleton_aspect=1.071 circularity=0.857
[CLEAN C750] REJECT Scratch: area 8.0 < 20; long_side 3.0 < 10; skeleton_aspect 1.071 < 2.5
[CLEAN C750] REJECT Pit: area 8.0 < 32
[CLEAN C751] type=Pit area=40.5 perimeter=28.2 bbox=(452,506,6,11) long=10.0 box_short=5.0 box_aspect=2.000 skeleton_width=4.39 skeleton_range=2.00-6.00 skeleton_aspect=2.276 circularity=0.638
[MEASURE C751] Pit diameter=0.252266 mm valid=True
Pit: area = 40.5 diameter_mm = 0.2522661089897156 circularity = 0.6380493753606353
[CLEAN C752] type=Rejected area=8.0 perimeter=10.8 bbox=(490,505,4,4) long=3.0 box_short=3.0 box_aspect=1.000 skeleton_width=2.80 skeleton_range=2.00-4.00 skeleton_aspect=1.071 circularity=0.857
[CLEAN C752] REJECT Scratch: area 8.0 < 20; long_side 3.0 < 10; skeleton_aspect 1.071 < 2.5
[CLEAN C752] REJECT Pit: area 8.0 < 32
[CLEAN C753] type=Scratch area=20.5 perimeter=29.1 bbox=(983,504,5,13) long=12.0 box_short=4.0 box_aspect=3.000 skeleton_width=2.00 skeleton_range=2.00-4.39 skeleton_aspect=6.000 circularity=0.305
[MEASURE C753] Scratch width=0.135670 mm valid=False
[CLEAN C754] type=Scratch area=39.5 perimeter=52.7 bbox=(874,503,7,21) long=20.0 box_short=6.0 box_aspect=3.333 skeleton_width=2.00 skeleton_range=2.00-4.39 skeleton_aspect=10.000 circularity=0.179
[MEASURE C754] Scratch width=0.135608 mm valid=False
[CLEAN C755] type=Rejected area=1.0 perimeter=4.0 bbox=(354,502,2,2) long=1.0 box_short=1.0 box_aspect=1.000 skeleton_width=2.00 skeleton_range=2.00-2.00 skeleton_aspect=0.500 circularity=0.785
[CLEAN C755] REJECT Scratch: area 1.0 < 20; long_side 1.0 < 10; skeleton_aspect 0.500 < 2.5
[CLEAN C755] REJECT Pit: area 1.0 < 32
[CLEAN C756] type=Scratch area=81.5 perimeter=76.7 bbox=(35,501,8,35) long=34.2 box_short=6.1 box_aspect=5.639 skeleton_width=2.80 skeleton_range=2.00-6.00 skeleton_aspect=12.225 circularity=0.174
[MEASURE C756] Scratch 不可测: 划痕最大宽度点超出中央有效测量区域
[CLEAN C757] type=Rejected area=1.0 perimeter=4.0 bbox=(829,500,2,2) long=1.0 box_short=1.0 box_aspect=1.000 skeleton_width=2.00 skeleton_range=2.00-2.00 skeleton_aspect=0.500 circularity=0.785
[CLEAN C757] REJECT Scratch: area 1.0 < 20; long_side 1.0 < 10; skeleton_aspect 0.500 < 2.5
[CLEAN C757] REJECT Pit: area 1.0 < 32
[CLEAN C758] type=Scratch area=296.5 perimeter=183.0 bbox=(402,500,19,74) long=74.3 box_short=15.3 box_aspect=4.870 skeleton_width=4.00 skeleton_range=2.00-8.40 skeleton_aspect=18.572 circularity=0.111
[MEASURE C758] Scratch width=0.215598 mm valid=False
[CLEAN C759] type=Rejected area=2.0 perimeter=6.0 bbox=(1200,499,3,2) long=2.0 box_short=1.0 box_aspect=2.000 skeleton_width=2.00 skeleton_range=2.00-2.00 skeleton_aspect=1.000 circularity=0.698
[CLEAN C759] REJECT Scratch: area 2.0 < 20; long_side 2.0 < 10; skeleton_aspect 1.000 < 2.5
[CLEAN C759] REJECT Pit: area 2.0 < 32
[CLEAN C760] type=Rejected area=28.5 perimeter=21.9 bbox=(396,499,6,9) long=8.0 box_short=5.0 box_aspect=1.600 skeleton_width=4.39 skeleton_range=2.00-5.60 skeleton_aspect=1.821 circularity=0.747
[CLEAN C760] REJECT Scratch: long_side 8.0 < 10; skeleton_aspect 1.821 < 2.5
[CLEAN C760] REJECT Pit: area 28.5 < 32
[CLEAN C761] type=Scratch area=116.0 perimeter=79.8 bbox=(1189,498,9,34) long=33.3 box_short=6.7 box_aspect=4.951 skeleton_width=4.00 skeleton_range=2.00-6.00 skeleton_aspect=8.325 circularity=0.229
[MEASURE C761] Scratch 不可测: 划痕最大宽度点超出中央有效测量区域
[CLEAN C762] type=Scratch area=49.5 perimeter=51.9 bbox=(635,497,6,23) long=22.0 box_short=5.0 box_aspect=4.400 skeleton_width=2.00 skeleton_range=2.00-5.60 skeleton_aspect=11.000 circularity=0.231
[MEASURE C762] Scratch width=0.148822 mm valid=False
[CLEAN C763] type=Scratch area=76.5 perimeter=38.7 bbox=(259,497,8,16) long=15.1 box_short=6.8 box_aspect=2.229 skeleton_width=6.00 skeleton_range=2.00-8.00 skeleton_aspect=2.522 circularity=0.641
[MEASURE C763] Scratch width=0.210889 mm valid=False
[CLEAN C764] type=Rejected area=2.0 perimeter=6.0 bbox=(1111,496,2,3) long=2.0 box_short=1.0 box_aspect=2.000 skeleton_width=2.00 skeleton_range=2.00-2.00 skeleton_aspect=1.000 circularity=0.698
[CLEAN C764] REJECT Scratch: area 2.0 < 20; long_side 2.0 < 10; skeleton_aspect 1.000 < 2.5
[CLEAN C764] REJECT Pit: area 2.0 < 32
[CLEAN C765] type=Pit area=69.0 perimeter=35.3 bbox=(937,496,10,12) long=11.0 box_short=9.0 box_aspect=1.222 skeleton_width=5.00 skeleton_range=2.00-8.39 skeleton_aspect=2.201 circularity=0.695
[MEASURE C765] Pit diameter=0.309403 mm valid=True
Pit: area = 69.0 diameter_mm = 0.3094031512737274 circularity = 0.6953001194577152
[CLEAN C766] type=Rejected area=5.0 perimeter=11.7 bbox=(677,496,4,5) long=5.0 box_short=1.7 box_aspect=3.000 skeleton_width=2.00 skeleton_range=2.00-2.80 skeleton_aspect=2.496 circularity=0.462
[CLEAN C766] REJECT Scratch: area 5.0 < 20; long_side 5.0 < 10; skeleton_aspect 2.496 < 2.5
[CLEAN C766] REJECT Pit: area 5.0 < 32; circularity 0.462 < 0.55
[CLEAN C767] type=Rejected area=3.5 perimeter=7.4 bbox=(14,495,3,3) long=2.0 box_short=2.0 box_aspect=1.000 skeleton_width=2.00 skeleton_range=2.00-2.80 skeleton_aspect=1.000 circularity=0.800
[CLEAN C767] REJECT Scratch: area 3.5 < 20; long_side 2.0 < 10; skeleton_aspect 1.000 < 2.5
[CLEAN C767] REJECT Pit: area 3.5 < 32
[CLEAN C768] type=Rejected area=1.0 perimeter=4.0 bbox=(1019,494,2,2) long=1.0 box_short=1.0 box_aspect=1.000 skeleton_width=2.00 skeleton_range=2.00-2.00 skeleton_aspect=0.500 circularity=0.785
[CLEAN C768] REJECT Scratch: area 1.0 < 20; long_side 1.0 < 10; skeleton_aspect 0.500 < 2.5
[CLEAN C768] REJECT Pit: area 1.0 < 32
[CLEAN C769] type=Pit area=85.0 perimeter=39.0 bbox=(366,493,10,15) long=14.0 box_short=9.0 box_aspect=1.556 skeleton_width=6.00 skeleton_range=2.00-8.79 skeleton_aspect=2.335 circularity=0.703
[MEASURE C769] Pit diameter=0.358165 mm valid=True
Pit: area = 85.0 diameter_mm = 0.3581654131412506 circularity = 0.7033240071530216
[CLEAN C770] type=Rejected area=12.0 perimeter=29.7 bbox=(1180,492,4,14) long=13.2 box_short=2.3 box_aspect=5.783 skeleton_width=2.00 skeleton_range=2.00-4.00 skeleton_aspect=6.617 circularity=0.171
[CLEAN C770] REJECT Scratch: area 12.0 < 20
[CLEAN C770] REJECT Pit: area 12.0 < 32; circularity 0.171 < 0.55; aspect_ratio 5.783 > 5.0
[CLEAN C771] type=Scratch area=100.0 perimeter=71.0 bbox=(53,492,10,31) long=30.7 box_short=7.6 box_aspect=4.023 skeleton_width=4.00 skeleton_range=2.00-6.00 skeleton_aspect=7.681 circularity=0.249
[MEASURE C771] Scratch 不可测: 划痕最大宽度点超出中央有效测量区域
[CLEAN C772] type=Rejected area=17.5 perimeter=17.9 bbox=(1169,487,6,7) long=6.4 box_short=4.2 box_aspect=1.500 skeleton_width=3.40 skeleton_range=2.00-4.39 skeleton_aspect=1.872 circularity=0.686
[CLEAN C772] REJECT Scratch: area 17.5 < 20; long_side 6.4 < 10; skeleton_aspect 1.872 < 2.5
[CLEAN C772] REJECT Pit: area 17.5 < 32
[CLEAN C773] type=Rejected area=8.0 perimeter=12.8 bbox=(856,487,6,3) long=5.0 box_short=2.0 box_aspect=2.500 skeleton_width=2.00 skeleton_range=2.00-4.00 skeleton_aspect=2.500 circularity=0.611
[CLEAN C773] REJECT Scratch: area 8.0 < 20; long_side 5.0 < 10
[CLEAN C773] REJECT Pit: area 8.0 < 32
[CLEAN C774] type=Rejected area=1.0 perimeter=4.0 bbox=(571,487,2,2) long=1.0 box_short=1.0 box_aspect=1.000 skeleton_width=2.00 skeleton_range=2.00-2.00 skeleton_aspect=0.500 circularity=0.785
[CLEAN C774] REJECT Scratch: area 1.0 < 20; long_side 1.0 < 10; skeleton_aspect 0.500 < 2.5
[CLEAN C774] REJECT Pit: area 1.0 < 32
[CLEAN C775] type=Scratch area=29.0 perimeter=25.3 bbox=(551,487,7,10) long=10.3 box_short=4.5 box_aspect=2.300 skeleton_width=3.40 skeleton_range=2.00-5.60 skeleton_aspect=3.025 circularity=0.569
[MEASURE C775] Scratch width=0.125870 mm valid=False
[CLEAN C776] type=Scratch area=144.0 perimeter=75.0 bbox=(599,486,10,32) long=31.1 box_short=8.7 box_aspect=3.582 skeleton_width=4.39 skeleton_range=2.00-10.00 skeleton_aspect=7.086 circularity=0.322
[MEASURE C776] Scratch width=0.232313 mm valid=False
[CLEAN C777] type=Rejected area=5.0 perimeter=8.8 bbox=(474,486,3,4) long=3.0 box_short=2.0 box_aspect=1.500 skeleton_width=2.40 skeleton_range=2.00-2.80 skeleton_aspect=1.250 circularity=0.806
[CLEAN C777] REJECT Scratch: area 5.0 < 20; long_side 3.0 < 10; skeleton_aspect 1.250 < 2.5
[CLEAN C777] REJECT Pit: area 5.0 < 32
[CLEAN C778] type=Rejected area=3.0 perimeter=8.8 bbox=(455,485,3,4) long=3.6 box_short=1.3 box_aspect=2.667 skeleton_width=2.00 skeleton_range=2.00-2.00 skeleton_aspect=1.789 circularity=0.484
[CLEAN C778] REJECT Scratch: area 3.0 < 20; long_side 3.6 < 10; skeleton_aspect 1.789 < 2.5
[CLEAN C778] REJECT Pit: area 3.0 < 32; circularity 0.484 < 0.55
[CLEAN C779] type=Scratch area=30.0 perimeter=38.5 bbox=(45,485,6,17) long=16.0 box_short=5.0 box_aspect=3.200 skeleton_width=2.00 skeleton_range=2.00-4.39 skeleton_aspect=8.000 circularity=0.255
[MEASURE C779] Scratch 不可测: 划痕最大宽度点超出中央有效测量区域
[CLEAN C780] type=Scratch area=55.0 perimeter=65.7 bbox=(0,485,6,29) long=28.0 box_short=5.0 box_aspect=5.600 skeleton_width=2.00 skeleton_range=2.00-4.39 skeleton_aspect=14.000 circularity=0.160
[MEASURE C780] Scratch 不可测: 划痕最大宽度点超出中央有效测量区域
[CLEAN C781] type=Rejected area=2.0 perimeter=6.0 bbox=(1157,484,2,3) long=2.0 box_short=1.0 box_aspect=2.000 skeleton_width=2.00 skeleton_range=2.00-2.00 skeleton_aspect=1.000 circularity=0.698
[CLEAN C781] REJECT Scratch: area 2.0 < 20; long_side 2.0 < 10; skeleton_aspect 1.000 < 2.5
[CLEAN C781] REJECT Pit: area 2.0 < 32
[CLEAN C782] type=Rejected area=1.0 perimeter=4.0 bbox=(1192,483,2,2) long=1.0 box_short=1.0 box_aspect=1.000 skeleton_width=2.00 skeleton_range=2.00-2.00 skeleton_aspect=0.500 circularity=0.785
[CLEAN C782] REJECT Scratch: area 1.0 < 20; long_side 1.0 < 10; skeleton_aspect 0.500 < 2.5
[CLEAN C782] REJECT Pit: area 1.0 < 32
[CLEAN C783] type=Scratch area=109.5 perimeter=59.9 bbox=(578,483,10,24) long=23.1 box_short=8.5 box_aspect=2.709 skeleton_width=4.00 skeleton_range=2.00-8.39 skeleton_aspect=5.767 circularity=0.384
[MEASURE C783] Scratch width=0.220827 mm valid=False
[CLEAN C784] type=Scratch area=147.0 perimeter=105.8 bbox=(1114,482,20,28) long=29.0 box_short=15.8 box_aspect=1.837 skeleton_width=4.00 skeleton_range=2.00-6.00 skeleton_aspect=7.260 circularity=0.165
[MEASURE C784] Scratch 不可测: 划痕最大宽度点超出中央有效测量区域
[CLEAN C785] type=Rejected area=2.0 perimeter=6.0 bbox=(368,482,3,2) long=2.0 box_short=1.0 box_aspect=2.000 skeleton_width=2.00 skeleton_range=2.00-2.00 skeleton_aspect=1.000 circularity=0.698
[CLEAN C785] REJECT Scratch: area 2.0 < 20; long_side 2.0 < 10; skeleton_aspect 1.000 < 2.5
[CLEAN C785] REJECT Pit: area 2.0 < 32
[CLEAN C786] type=Rejected area=1.0 perimeter=4.0 bbox=(870,480,2,2) long=1.0 box_short=1.0 box_aspect=1.000 skeleton_width=2.00 skeleton_range=2.00-2.00 skeleton_aspect=0.500 circularity=0.785
[CLEAN C786] REJECT Scratch: area 1.0 < 20; long_side 1.0 < 10; skeleton_aspect 0.500 < 2.5
[CLEAN C786] REJECT Pit: area 1.0 < 32
[CLEAN C787] type=Scratch area=31.0 perimeter=33.3 bbox=(839,480,9,12) long=11.1 box_short=6.1 box_aspect=1.810 skeleton_width=2.80 skeleton_range=2.00-4.39 skeleton_aspect=3.975 circularity=0.351
[MEASURE C787] Scratch width=0.182706 mm valid=False
[CLEAN C788] type=Rejected area=3.0 perimeter=8.0 bbox=(1045,479,4,2) long=3.0 box_short=1.0 box_aspect=3.000 skeleton_width=2.00 skeleton_range=2.00-2.00 skeleton_aspect=1.500 circularity=0.589
[CLEAN C788] REJECT Scratch: area 3.0 < 20; long_side 3.0 < 10; skeleton_aspect 1.500 < 2.5
[CLEAN C788] REJECT Pit: area 3.0 < 32
[CLEAN C789] type=Rejected area=22.0 perimeter=22.8 bbox=(7,479,8,6) long=7.0 box_short=5.0 box_aspect=1.400 skeleton_width=2.80 skeleton_range=2.00-6.00 skeleton_aspect=2.500 circularity=0.530
[CLEAN C789] REJECT Scratch: long_side 7.0 < 10
[CLEAN C789] REJECT Pit: area 22.0 < 32; circularity 0.530 < 0.55
[CLEAN C790] type=Rejected area=2.0 perimeter=6.0 bbox=(1162,478,3,2) long=2.0 box_short=1.0 box_aspect=2.000 skeleton_width=2.00 skeleton_range=2.00-2.00 skeleton_aspect=1.000 circularity=0.698
[CLEAN C790] REJECT Scratch: area 2.0 < 20; long_side 2.0 < 10; skeleton_aspect 1.000 < 2.5
[CLEAN C790] REJECT Pit: area 2.0 < 32
[CLEAN C791] type=Rejected area=1.0 perimeter=4.0 bbox=(716,478,2,2) long=1.0 box_short=1.0 box_aspect=1.000 skeleton_width=2.00 skeleton_range=2.00-2.00 skeleton_aspect=0.500 circularity=0.785
[CLEAN C791] REJECT Scratch: area 1.0 < 20; long_side 1.0 < 10; skeleton_aspect 0.500 < 2.5
[CLEAN C791] REJECT Pit: area 1.0 < 32
[CLEAN C792] type=Rejected area=16.0 perimeter=15.7 bbox=(684,478,6,5) long=5.0 box_short=4.0 box_aspect=1.250 skeleton_width=2.80 skeleton_range=2.00-4.39 skeleton_aspect=1.786 circularity=0.820
[CLEAN C792] REJECT Scratch: area 16.0 < 20; long_side 5.0 < 10; skeleton_aspect 1.786 < 2.5
[CLEAN C792] REJECT Pit: area 16.0 < 32
[CLEAN C793] type=Rejected area=1.0 perimeter=4.0 bbox=(1175,474,2,2) long=1.0 box_short=1.0 box_aspect=1.000 skeleton_width=2.00 skeleton_range=2.00-2.00 skeleton_aspect=0.500 circularity=0.785
[CLEAN C793] REJECT Scratch: area 1.0 < 20; long_side 1.0 < 10; skeleton_aspect 0.500 < 2.5
[CLEAN C793] REJECT Pit: area 1.0 < 32
[CLEAN C794] type=Rejected area=16.0 perimeter=29.7 bbox=(1022,470,5,13) long=12.4 box_short=3.0 box_aspect=4.148 skeleton_width=2.00 skeleton_range=2.00-2.80 skeleton_aspect=6.184 circularity=0.229
[CLEAN C794] REJECT Scratch: area 16.0 < 20
[CLEAN C794] REJECT Pit: area 16.0 < 32; circularity 0.229 < 0.55
[CLEAN C795] type=Scratch area=28.0 perimeter=31.7 bbox=(1009,470,5,14) long=13.0 box_short=4.0 box_aspect=3.250 skeleton_width=4.00 skeleton_range=2.00-4.00 skeleton_aspect=3.250 circularity=0.351
[MEASURE C795] Scratch 不可测: 划痕最大宽度点超出中央有效测量区域
[CLEAN C796] type=Rejected area=1.0 perimeter=4.0 bbox=(328,470,2,2) long=1.0 box_short=1.0 box_aspect=1.000 skeleton_width=2.00 skeleton_range=2.00-2.00 skeleton_aspect=0.500 circularity=0.785
[CLEAN C796] REJECT Scratch: area 1.0 < 20; long_side 1.0 < 10; skeleton_aspect 0.500 < 2.5
[CLEAN C796] REJECT Pit: area 1.0 < 32
[CLEAN C797] type=Rejected area=4.0 perimeter=8.0 bbox=(0,470,3,3) long=2.0 box_short=2.0 box_aspect=1.000 skeleton_width=2.00 skeleton_range=2.00-4.00 skeleton_aspect=1.000 circularity=0.785
[CLEAN C797] REJECT Scratch: area 4.0 < 20; long_side 2.0 < 10; skeleton_aspect 1.000 < 2.5
[CLEAN C797] REJECT Pit: area 4.0 < 32
[CLEAN C798] type=Rejected area=1.0 perimeter=4.0 bbox=(944,468,2,2) long=1.0 box_short=1.0 box_aspect=1.000 skeleton_width=2.00 skeleton_range=2.00-2.00 skeleton_aspect=0.500 circularity=0.785
[CLEAN C798] REJECT Scratch: area 1.0 < 20; long_side 1.0 < 10; skeleton_aspect 0.500 < 2.5
[CLEAN C798] REJECT Pit: area 1.0 < 32
[CLEAN C799] type=Scratch area=61.0 perimeter=36.1 bbox=(511,467,9,14) long=13.6 box_short=6.7 box_aspect=2.016 skeleton_width=4.39 skeleton_range=2.00-6.39 skeleton_aspect=3.086 circularity=0.587
[MEASURE C799] Scratch width=0.151194 mm valid=False
[CLEAN C800] type=Rejected area=1.0 perimeter=4.0 bbox=(1152,466,2,2) long=1.0 box_short=1.0 box_aspect=1.000 skeleton_width=2.00 skeleton_range=2.00-2.00 skeleton_aspect=0.500 circularity=0.785
[CLEAN C800] REJECT Scratch: area 1.0 < 20; long_side 1.0 < 10; skeleton_aspect 0.500 < 2.5
[CLEAN C800] REJECT Pit: area 1.0 < 32
[CLEAN C801] type=Rejected area=1.0 perimeter=4.0 bbox=(737,465,2,2) long=1.0 box_short=1.0 box_aspect=1.000 skeleton_width=2.00 skeleton_range=2.00-2.00 skeleton_aspect=0.500 circularity=0.785
[CLEAN C801] REJECT Scratch: area 1.0 < 20; long_side 1.0 < 10; skeleton_aspect 0.500 < 2.5
[CLEAN C801] REJECT Pit: area 1.0 < 32
[CLEAN C802] type=Rejected area=1.0 perimeter=4.0 bbox=(322,465,2,2) long=1.0 box_short=1.0 box_aspect=1.000 skeleton_width=2.00 skeleton_range=2.00-2.00 skeleton_aspect=0.500 circularity=0.785
[CLEAN C802] REJECT Scratch: area 1.0 < 20; long_side 1.0 < 10; skeleton_aspect 0.500 < 2.5
[CLEAN C802] REJECT Pit: area 1.0 < 32
[CLEAN C803] type=Rejected area=1.0 perimeter=4.0 bbox=(306,465,2,2) long=1.0 box_short=1.0 box_aspect=1.000 skeleton_width=2.00 skeleton_range=2.00-2.00 skeleton_aspect=0.500 circularity=0.785
[CLEAN C803] REJECT Scratch: area 1.0 < 20; long_side 1.0 < 10; skeleton_aspect 0.500 < 2.5
[CLEAN C803] REJECT Pit: area 1.0 < 32
[CLEAN C804] type=Rejected area=1.0 perimeter=4.0 bbox=(108,464,2,2) long=1.0 box_short=1.0 box_aspect=1.000 skeleton_width=2.00 skeleton_range=2.00-2.00 skeleton_aspect=0.500 circularity=0.785
[CLEAN C804] REJECT Scratch: area 1.0 < 20; long_side 1.0 < 10; skeleton_aspect 0.500 < 2.5
[CLEAN C804] REJECT Pit: area 1.0 < 32
[CLEAN C805] type=Rejected area=8.5 perimeter=12.2 bbox=(1240,462,5,4) long=4.0 box_short=3.0 box_aspect=1.333 skeleton_width=2.80 skeleton_range=2.00-4.00 skeleton_aspect=1.429 circularity=0.713
[CLEAN C805] REJECT Scratch: area 8.5 < 20; long_side 4.0 < 10; skeleton_aspect 1.429 < 2.5
[CLEAN C805] REJECT Pit: area 8.5 < 32
[CLEAN C806] type=Rejected area=10.0 perimeter=12.8 bbox=(838,462,4,5) long=4.0 box_short=3.0 box_aspect=1.333 skeleton_width=2.80 skeleton_range=2.00-4.00 skeleton_aspect=1.429 circularity=0.764
[CLEAN C806] REJECT Scratch: area 10.0 < 20; long_side 4.0 < 10; skeleton_aspect 1.429 < 2.5
[CLEAN C806] REJECT Pit: area 10.0 < 32
[CLEAN C807] type=Scratch area=411.5 perimeter=236.3 bbox=(463,462,21,101) long=100.1 box_short=16.0 box_aspect=6.264 skeleton_width=4.39 skeleton_range=2.00-8.39 skeleton_aspect=22.784 circularity=0.093
[MEASURE C807] Scratch width=0.227846 mm valid=False
[CLEAN C808] type=Scratch area=108.5 perimeter=109.7 bbox=(394,462,17,41) long=41.4 box_short=11.6 box_aspect=3.560 skeleton_width=2.80 skeleton_range=2.00-6.39 skeleton_aspect=14.798 circularity=0.113
[MEASURE C808] Scratch width=0.155761 mm valid=False
[CLEAN C809] type=Scratch area=57.5 perimeter=39.2 bbox=(593,459,13,13) long=16.3 box_short=6.3 box_aspect=2.586 skeleton_width=3.40 skeleton_range=2.00-7.19 skeleton_aspect=4.785 circularity=0.470
[MEASURE C809] Scratch width=0.160798 mm valid=False
[CLEAN C810] type=Rejected area=1.0 perimeter=4.0 bbox=(510,458,2,2) long=1.0 box_short=1.0 box_aspect=1.000 skeleton_width=2.00 skeleton_range=2.00-2.00 skeleton_aspect=0.500 circularity=0.785
[CLEAN C810] REJECT Scratch: area 1.0 < 20; long_side 1.0 < 10; skeleton_aspect 0.500 < 2.5
[CLEAN C810] REJECT Pit: area 1.0 < 32
[CLEAN C811] type=Scratch area=80.5 perimeter=84.4 bbox=(61,458,9,36) long=35.5 box_short=6.7 box_aspect=5.287 skeleton_width=2.00 skeleton_range=2.00-6.39 skeleton_aspect=17.734 circularity=0.142
[MEASURE C811] Scratch 不可测: 划痕最大宽度点超出中央有效测量区域
[CLEAN C812] type=Rejected area=13.0 perimeter=34.8 bbox=(15,458,5,15) long=14.5 box_short=2.6 box_aspect=5.500 skeleton_width=2.00 skeleton_range=2.00-4.00 skeleton_aspect=7.234 circularity=0.135
[CLEAN C812] REJECT Scratch: area 13.0 < 20
[CLEAN C812] REJECT Pit: area 13.0 < 32; circularity 0.135 < 0.55; aspect_ratio 5.500 > 5.0
[CLEAN C813] type=Rejected area=1.0 perimeter=4.0 bbox=(1026,457,2,2) long=1.0 box_short=1.0 box_aspect=1.000 skeleton_width=2.00 skeleton_range=2.00-2.00 skeleton_aspect=0.500 circularity=0.785
[CLEAN C813] REJECT Scratch: area 1.0 < 20; long_side 1.0 < 10; skeleton_aspect 0.500 < 2.5
[CLEAN C813] REJECT Pit: area 1.0 < 32
[CLEAN C814] type=Rejected area=3.0 perimeter=6.8 bbox=(1195,455,3,3) long=2.8 box_short=1.4 box_aspect=2.000 skeleton_width=2.00 skeleton_range=2.00-2.80 skeleton_aspect=1.414 circularity=0.809
[CLEAN C814] REJECT Scratch: area 3.0 < 20; long_side 2.8 < 10; skeleton_aspect 1.414 < 2.5
[CLEAN C814] REJECT Pit: area 3.0 < 32
[CLEAN C815] type=Rejected area=1.0 perimeter=4.0 bbox=(1181,455,2,2) long=1.0 box_short=1.0 box_aspect=1.000 skeleton_width=2.00 skeleton_range=2.00-2.00 skeleton_aspect=0.500 circularity=0.785
[CLEAN C815] REJECT Scratch: area 1.0 < 20; long_side 1.0 < 10; skeleton_aspect 0.500 < 2.5
[CLEAN C815] REJECT Pit: area 1.0 < 32
[CLEAN C816] type=Rejected area=20.5 perimeter=22.2 bbox=(357,455,4,10) long=9.0 box_short=3.0 box_aspect=3.000 skeleton_width=3.40 skeleton_range=2.00-4.00 skeleton_aspect=2.647 circularity=0.521
[CLEAN C816] REJECT Scratch: long_side 9.0 < 10
[CLEAN C816] REJECT Pit: area 20.5 < 32; circularity 0.521 < 0.55
[CLEAN C817] type=Rejected area=3.0 perimeter=8.0 bbox=(911,454,4,2) long=3.0 box_short=1.0 box_aspect=3.000 skeleton_width=2.00 skeleton_range=2.00-2.00 skeleton_aspect=1.500 circularity=0.589
[CLEAN C817] REJECT Scratch: area 3.0 < 20; long_side 3.0 < 10; skeleton_aspect 1.500 < 2.5
[CLEAN C817] REJECT Pit: area 3.0 < 32
[CLEAN C818] type=Rejected area=1.0 perimeter=4.0 bbox=(363,453,2,2) long=1.0 box_short=1.0 box_aspect=1.000 skeleton_width=2.00 skeleton_range=2.00-2.00 skeleton_aspect=0.500 circularity=0.785
[CLEAN C818] REJECT Scratch: area 1.0 < 20; long_side 1.0 < 10; skeleton_aspect 0.500 < 2.5
[CLEAN C818] REJECT Pit: area 1.0 < 32
[CLEAN C819] type=Rejected area=2.0 perimeter=6.0 bbox=(116,453,2,3) long=2.0 box_short=1.0 box_aspect=2.000 skeleton_width=2.00 skeleton_range=2.00-2.00 skeleton_aspect=1.000 circularity=0.698
[CLEAN C819] REJECT Scratch: area 2.0 < 20; long_side 2.0 < 10; skeleton_aspect 1.000 < 2.5
[CLEAN C819] REJECT Pit: area 2.0 < 32
[CLEAN C820] type=Rejected area=8.5 perimeter=30.2 bbox=(9,453,7,11) long=10.2 box_short=5.2 box_aspect=1.957 skeleton_width=2.00 skeleton_range=2.00-2.80 skeleton_aspect=5.080 circularity=0.117
[CLEAN C820] REJECT Scratch: area 8.5 < 20
[CLEAN C820] REJECT Pit: area 8.5 < 32; circularity 0.117 < 0.55
[CLEAN C821] type=Rejected area=21.0 perimeter=18.5 bbox=(185,451,7,6) long=6.0 box_short=5.0 box_aspect=1.200 skeleton_width=3.60 skeleton_range=2.00-5.60 skeleton_aspect=1.668 circularity=0.772
[CLEAN C821] REJECT Scratch: long_side 6.0 < 10; skeleton_aspect 1.668 < 2.5
[CLEAN C821] REJECT Pit: area 21.0 < 32
[CLEAN C822] type=Rejected area=2.0 perimeter=6.0 bbox=(1112,449,2,3) long=2.0 box_short=1.0 box_aspect=2.000 skeleton_width=2.00 skeleton_range=2.00-2.00 skeleton_aspect=1.000 circularity=0.698
[CLEAN C822] REJECT Scratch: area 2.0 < 20; long_side 2.0 < 10; skeleton_aspect 1.000 < 2.5
[CLEAN C822] REJECT Pit: area 2.0 < 32
[CLEAN C823] type=Rejected area=10.5 perimeter=15.1 bbox=(394,446,5,6) long=5.7 box_short=2.8 box_aspect=2.000 skeleton_width=2.80 skeleton_range=2.00-2.80 skeleton_aspect=2.020 circularity=0.581
[CLEAN C823] REJECT Scratch: area 10.5 < 20; long_side 5.7 < 10; skeleton_aspect 2.020 < 2.5
[CLEAN C823] REJECT Pit: area 10.5 < 32
[CLEAN C824] type=Rejected area=1.0 perimeter=4.0 bbox=(844,444,2,2) long=1.0 box_short=1.0 box_aspect=1.000 skeleton_width=2.00 skeleton_range=2.00-2.00 skeleton_aspect=0.500 circularity=0.785
[CLEAN C824] REJECT Scratch: area 1.0 < 20; long_side 1.0 < 10; skeleton_aspect 0.500 < 2.5
[CLEAN C824] REJECT Pit: area 1.0 < 32
[CLEAN C825] type=Rejected area=14.5 perimeter=17.1 bbox=(26,444,7,5) long=7.0 box_short=3.2 box_aspect=2.200 skeleton_width=2.80 skeleton_range=2.00-4.00 skeleton_aspect=2.485 circularity=0.625
[CLEAN C825] REJECT Scratch: area 14.5 < 20; long_side 7.0 < 10; skeleton_aspect 2.485 < 2.5
[CLEAN C825] REJECT Pit: area 14.5 < 32
[CLEAN C826] type=Rejected area=1.0 perimeter=4.0 bbox=(1029,443,2,2) long=1.0 box_short=1.0 box_aspect=1.000 skeleton_width=2.00 skeleton_range=2.00-2.00 skeleton_aspect=0.500 circularity=0.785
[CLEAN C826] REJECT Scratch: area 1.0 < 20; long_side 1.0 < 10; skeleton_aspect 0.500 < 2.5
[CLEAN C826] REJECT Pit: area 1.0 < 32
[CLEAN C827] type=Scratch area=20.0 perimeter=28.5 bbox=(836,441,6,12) long=11.7 box_short=4.4 box_aspect=2.643 skeleton_width=2.00 skeleton_range=2.00-4.00 skeleton_aspect=5.850 circularity=0.310
[MEASURE C827] Scratch width=0.132544 mm valid=False
[CLEAN C828] type=Rejected area=21.5 perimeter=19.9 bbox=(603,438,7,7) long=8.5 box_short=3.5 box_aspect=2.400 skeleton_width=4.00 skeleton_range=2.00-4.39 skeleton_aspect=2.121 circularity=0.682
[CLEAN C828] REJECT Scratch: long_side 8.5 < 10; skeleton_aspect 2.121 < 2.5
[CLEAN C828] REJECT Pit: area 21.5 < 32
[CLEAN C829] type=Scratch area=25.5 perimeter=29.4 bbox=(0,438,3,14) long=13.0 box_short=2.0 box_aspect=6.500 skeleton_width=4.00 skeleton_range=2.00-4.00 skeleton_aspect=3.250 circularity=0.370
[MEASURE C829] Scratch 不可测: 划痕最大宽度点超出中央有效测量区域
[CLEAN C830] type=Scratch area=287.0 perimeter=169.6 bbox=(639,436,14,72) long=71.2 box_short=11.8 box_aspect=6.055 skeleton_width=4.00 skeleton_range=2.00-10.00 skeleton_aspect=17.794 circularity=0.125
[MEASURE C830] Scratch width=0.244114 mm valid=False
[CLEAN C831] type=Rejected area=1.0 perimeter=4.0 bbox=(970,433,2,2) long=1.0 box_short=1.0 box_aspect=1.000 skeleton_width=2.00 skeleton_range=2.00-2.00 skeleton_aspect=0.500 circularity=0.785
[CLEAN C831] REJECT Scratch: area 1.0 < 20; long_side 1.0 < 10; skeleton_aspect 0.500 < 2.5
[CLEAN C831] REJECT Pit: area 1.0 < 32
[CLEAN C832] type=Rejected area=1.0 perimeter=4.0 bbox=(965,433,2,2) long=1.0 box_short=1.0 box_aspect=1.000 skeleton_width=2.00 skeleton_range=2.00-2.00 skeleton_aspect=0.500 circularity=0.785
[CLEAN C832] REJECT Scratch: area 1.0 < 20; long_side 1.0 < 10; skeleton_aspect 0.500 < 2.5
[CLEAN C832] REJECT Pit: area 1.0 < 32
[CLEAN C833] type=Rejected area=16.0 perimeter=17.7 bbox=(551,433,4,8) long=7.0 box_short=3.0 box_aspect=2.333 skeleton_width=2.80 skeleton_range=2.00-4.00 skeleton_aspect=2.500 circularity=0.645
[CLEAN C833] REJECT Scratch: area 16.0 < 20; long_side 7.0 < 10
[CLEAN C833] REJECT Pit: area 16.0 < 32
[CLEAN C834] type=Scratch area=83.0 perimeter=51.0 bbox=(370,431,13,16) long=15.0 box_short=12.0 box_aspect=1.250 skeleton_width=4.00 skeleton_range=2.00-8.00 skeleton_aspect=3.750 circularity=0.401
[MEASURE C834] Scratch width=0.270686 mm valid=True
Scratch: area = 83.0 width_px = 4.0 width_mm = 0.27068551180916883 ratio = 3.75
[CLEAN C835] type=Rejected area=1.0 perimeter=4.0 bbox=(1190,430,2,2) long=1.0 box_short=1.0 box_aspect=1.000 skeleton_width=2.00 skeleton_range=2.00-2.00 skeleton_aspect=0.500 circularity=0.785
[CLEAN C835] REJECT Scratch: area 1.0 < 20; long_side 1.0 < 10; skeleton_aspect 0.500 < 2.5
[CLEAN C835] REJECT Pit: area 1.0 < 32
[CLEAN C836] type=Rejected area=3.5 perimeter=7.4 bbox=(1177,429,3,3) long=2.0 box_short=2.0 box_aspect=1.000 skeleton_width=2.00 skeleton_range=2.00-2.80 skeleton_aspect=1.000 circularity=0.800
[CLEAN C836] REJECT Scratch: area 3.5 < 20; long_side 2.0 < 10; skeleton_aspect 1.000 < 2.5
[CLEAN C836] REJECT Pit: area 3.5 < 32
[CLEAN C837] type=Rejected area=3.5 perimeter=7.4 bbox=(1112,429,3,3) long=2.0 box_short=2.0 box_aspect=1.000 skeleton_width=2.00 skeleton_range=2.00-2.80 skeleton_aspect=1.000 circularity=0.800
[CLEAN C837] REJECT Scratch: area 3.5 < 20; long_side 2.0 < 10; skeleton_aspect 1.000 < 2.5
[CLEAN C837] REJECT Pit: area 3.5 < 32
[CLEAN C838] type=Rejected area=2.0 perimeter=6.0 bbox=(145,429,2,3) long=2.0 box_short=1.0 box_aspect=2.000 skeleton_width=2.00 skeleton_range=2.00-2.00 skeleton_aspect=1.000 circularity=0.698
[CLEAN C838] REJECT Scratch: area 2.0 < 20; long_side 2.0 < 10; skeleton_aspect 1.000 < 2.5
[CLEAN C838] REJECT Pit: area 2.0 < 32
[CLEAN C839] type=Rejected area=11.0 perimeter=33.7 bbox=(358,428,4,16) long=15.1 box_short=2.3 box_aspect=6.625 skeleton_width=2.00 skeleton_range=2.00-4.00 skeleton_aspect=7.552 circularity=0.122
[CLEAN C839] REJECT Scratch: area 11.0 < 20
[CLEAN C839] REJECT Pit: area 11.0 < 32; circularity 0.122 < 0.55; aspect_ratio 6.625 > 5.0
[CLEAN C840] type=Rejected area=1.0 perimeter=4.0 bbox=(1140,426,2,2) long=1.0 box_short=1.0 box_aspect=1.000 skeleton_width=2.00 skeleton_range=2.00-2.00 skeleton_aspect=0.500 circularity=0.785
[CLEAN C840] REJECT Scratch: area 1.0 < 20; long_side 1.0 < 10; skeleton_aspect 0.500 < 2.5
[CLEAN C840] REJECT Pit: area 1.0 < 32
[CLEAN C841] type=Rejected area=2.0 perimeter=6.0 bbox=(711,426,2,3) long=2.0 box_short=1.0 box_aspect=2.000 skeleton_width=2.00 skeleton_range=2.00-2.00 skeleton_aspect=1.000 circularity=0.698
[CLEAN C841] REJECT Scratch: area 2.0 < 20; long_side 2.0 < 10; skeleton_aspect 1.000 < 2.5
[CLEAN C841] REJECT Pit: area 2.0 < 32
[CLEAN C842] type=Rejected area=13.5 perimeter=18.2 bbox=(5,426,5,7) long=7.1 box_short=3.3 box_aspect=2.111 skeleton_width=2.80 skeleton_range=2.00-4.00 skeleton_aspect=2.520 circularity=0.510
[CLEAN C842] REJECT Scratch: area 13.5 < 20; long_side 7.1 < 10
[CLEAN C842] REJECT Pit: area 13.5 < 32; circularity 0.510 < 0.55
[CLEAN C843] type=Rejected area=9.5 perimeter=31.9 bbox=(1021,425,6,14) long=13.9 box_short=3.2 box_aspect=4.400 skeleton_width=2.00 skeleton_range=2.00-2.80 skeleton_aspect=6.957 circularity=0.117
[CLEAN C843] REJECT Scratch: area 9.5 < 20
[CLEAN C843] REJECT Pit: area 9.5 < 32; circularity 0.117 < 0.55
[CLEAN C844] type=Rejected area=20.0 perimeter=24.5 bbox=(985,425,6,10) long=9.2 box_short=4.1 box_aspect=2.231 skeleton_width=2.80 skeleton_range=2.00-4.00 skeleton_aspect=3.275 circularity=0.419
[CLEAN C844] REJECT Scratch: long_side 9.2 < 10
[CLEAN C844] REJECT Pit: area 20.0 < 32; circularity 0.419 < 0.55
[CLEAN C845] type=Scratch area=151.0 perimeter=89.8 bbox=(340,425,9,39) long=38.1 box_short=7.9 box_aspect=4.849 skeleton_width=6.00 skeleton_range=2.00-8.00 skeleton_aspect=6.352 circularity=0.235
[MEASURE C845] Scratch width=0.193647 mm valid=False
[CLEAN C846] type=Rejected area=18.5 perimeter=19.1 bbox=(592,423,7,6) long=6.0 box_short=5.0 box_aspect=1.200 skeleton_width=2.80 skeleton_range=2.00-4.39 skeleton_aspect=2.143 circularity=0.639
[CLEAN C846] REJECT Scratch: area 18.5 < 20; long_side 6.0 < 10; skeleton_aspect 2.143 < 2.5
[CLEAN C846] REJECT Pit: area 18.5 < 32
[CLEAN C847] type=Pit area=63.0 perimeter=33.3 bbox=(628,418,9,12) long=11.0 box_short=8.0 box_aspect=1.375 skeleton_width=5.60 skeleton_range=2.00-8.00 skeleton_aspect=1.964 circularity=0.713
[MEASURE C847] Pit diameter=0.310639 mm valid=True
Pit: area = 63.0 diameter_mm = 0.31063908338546753 circularity = 0.713352945956878
[CLEAN C848] type=Scratch area=171.5 perimeter=71.2 bbox=(427,416,12,30) long=29.3 box_short=10.5 box_aspect=2.802 skeleton_width=6.00 skeleton_range=2.00-9.99 skeleton_aspect=4.886 circularity=0.425
[MEASURE C848] Scratch width=0.281888 mm valid=True
Scratch: area = 171.5 width_px = 6.0 width_mm = 0.2818883100084258 ratio = 4.885842641194661
[CLEAN C849] type=Rejected area=6.0 perimeter=14.0 bbox=(362,416,2,7) long=6.0 box_short=1.0 box_aspect=6.000 skeleton_width=2.00 skeleton_range=2.00-2.00 skeleton_aspect=3.000 circularity=0.385
[CLEAN C849] REJECT Scratch: area 6.0 < 20; long_side 6.0 < 10
[CLEAN C849] REJECT Pit: area 6.0 < 32; circularity 0.385 < 0.55; aspect_ratio 6.000 > 5.0
[CLEAN C850] type=Rejected area=7.0 perimeter=10.8 bbox=(323,416,4,4) long=3.0 box_short=3.0 box_aspect=1.000 skeleton_width=2.40 skeleton_range=2.00-4.00 skeleton_aspect=1.250 circularity=0.750
[CLEAN C850] REJECT Scratch: area 7.0 < 20; long_side 3.0 < 10; skeleton_aspect 1.250 < 2.5
[CLEAN C850] REJECT Pit: area 7.0 < 32
[CLEAN C851] type=Rejected area=3.0 perimeter=8.8 bbox=(301,415,3,4) long=3.6 box_short=1.3 box_aspect=2.667 skeleton_width=2.00 skeleton_range=2.00-2.00 skeleton_aspect=1.789 circularity=0.484
[CLEAN C851] REJECT Scratch: area 3.0 < 20; long_side 3.6 < 10; skeleton_aspect 1.789 < 2.5
[CLEAN C851] REJECT Pit: area 3.0 < 32; circularity 0.484 < 0.55
[CLEAN C852] type=Rejected area=1.0 perimeter=4.0 bbox=(588,412,2,2) long=1.0 box_short=1.0 box_aspect=1.000 skeleton_width=2.00 skeleton_range=2.00-2.00 skeleton_aspect=0.500 circularity=0.785
[CLEAN C852] REJECT Scratch: area 1.0 < 20; long_side 1.0 < 10; skeleton_aspect 0.500 < 2.5
[CLEAN C852] REJECT Pit: area 1.0 < 32
[CLEAN C853] type=Rejected area=5.5 perimeter=9.4 bbox=(1209,410,3,4) long=3.0 box_short=2.0 box_aspect=1.500 skeleton_width=2.00 skeleton_range=2.00-4.00 skeleton_aspect=1.500 circularity=0.780
[CLEAN C853] REJECT Scratch: area 5.5 < 20; long_side 3.0 < 10; skeleton_aspect 1.500 < 2.5
[CLEAN C853] REJECT Pit: area 5.5 < 32
[CLEAN C854] type=Rejected area=11.0 perimeter=13.7 bbox=(1166,410,5,5) long=5.7 box_short=2.8 box_aspect=2.000 skeleton_width=2.80 skeleton_range=2.00-4.00 skeleton_aspect=2.020 circularity=0.741
[CLEAN C854] REJECT Scratch: area 11.0 < 20; long_side 5.7 < 10; skeleton_aspect 2.020 < 2.5
[CLEAN C854] REJECT Pit: area 11.0 < 32
[CLEAN C855] type=Rejected area=1.0 perimeter=4.0 bbox=(288,408,2,2) long=1.0 box_short=1.0 box_aspect=1.000 skeleton_width=2.00 skeleton_range=2.00-2.00 skeleton_aspect=0.500 circularity=0.785
[CLEAN C855] REJECT Scratch: area 1.0 < 20; long_side 1.0 < 10; skeleton_aspect 0.500 < 2.5
[CLEAN C855] REJECT Pit: area 1.0 < 32
[CLEAN C856] type=Rejected area=2.0 perimeter=6.0 bbox=(44,408,2,3) long=2.0 box_short=1.0 box_aspect=2.000 skeleton_width=2.00 skeleton_range=2.00-2.00 skeleton_aspect=1.000 circularity=0.698
[CLEAN C856] REJECT Scratch: area 2.0 < 20; long_side 2.0 < 10; skeleton_aspect 1.000 < 2.5
[CLEAN C856] REJECT Pit: area 2.0 < 32
[CLEAN C857] type=Rejected area=1.0 perimeter=4.0 bbox=(1156,405,2,2) long=1.0 box_short=1.0 box_aspect=1.000 skeleton_width=2.00 skeleton_range=2.00-2.00 skeleton_aspect=0.500 circularity=0.785
[CLEAN C857] REJECT Scratch: area 1.0 < 20; long_side 1.0 < 10; skeleton_aspect 0.500 < 2.5
[CLEAN C857] REJECT Pit: area 1.0 < 32
[CLEAN C858] type=Rejected area=4.0 perimeter=8.0 bbox=(649,405,3,3) long=2.0 box_short=2.0 box_aspect=1.000 skeleton_width=2.00 skeleton_range=2.00-4.00 skeleton_aspect=1.000 circularity=0.785
[CLEAN C858] REJECT Scratch: area 4.0 < 20; long_side 2.0 < 10; skeleton_aspect 1.000 < 2.5
[CLEAN C858] REJECT Pit: area 4.0 < 32
[CLEAN C859] type=Rejected area=2.0 perimeter=6.0 bbox=(342,402,2,3) long=2.0 box_short=1.0 box_aspect=2.000 skeleton_width=2.00 skeleton_range=2.00-2.00 skeleton_aspect=1.000 circularity=0.698
[CLEAN C859] REJECT Scratch: area 2.0 < 20; long_side 2.0 < 10; skeleton_aspect 1.000 < 2.5
[CLEAN C859] REJECT Pit: area 2.0 < 32
[CLEAN C860] type=Scratch area=53.5 perimeter=37.6 bbox=(0,402,14,10) long=15.7 box_short=4.9 box_aspect=3.182 skeleton_width=4.39 skeleton_range=2.00-5.60 skeleton_aspect=3.562 circularity=0.477
[MEASURE C860] Scratch 不可测: 划痕最大宽度点超出中央有效测量区域
[CLEAN C861] type=Rejected area=9.5 perimeter=13.4 bbox=(1174,398,5,4) long=4.0 box_short=3.0 box_aspect=1.333 skeleton_width=2.40 skeleton_range=2.00-4.00 skeleton_aspect=1.667 circularity=0.663
[CLEAN C861] REJECT Scratch: area 9.5 < 20; long_side 4.0 < 10; skeleton_aspect 1.667 < 2.5
[CLEAN C861] REJECT Pit: area 9.5 < 32
[CLEAN C862] type=Rejected area=3.0 perimeter=6.8 bbox=(298,397,3,3) long=2.8 box_short=1.4 box_aspect=2.000 skeleton_width=2.00 skeleton_range=2.00-2.80 skeleton_aspect=1.414 circularity=0.809
[CLEAN C862] REJECT Scratch: area 3.0 < 20; long_side 2.8 < 10; skeleton_aspect 1.414 < 2.5
[CLEAN C862] REJECT Pit: area 3.0 < 32
[CLEAN C863] type=Rejected area=15.0 perimeter=17.7 bbox=(590,394,6,6) long=5.0 box_short=5.0 box_aspect=1.000 skeleton_width=2.80 skeleton_range=2.00-4.00 skeleton_aspect=1.786 circularity=0.605
[CLEAN C863] REJECT Scratch: area 15.0 < 20; long_side 5.0 < 10; skeleton_aspect 1.786 < 2.5
[CLEAN C863] REJECT Pit: area 15.0 < 32
[CLEAN C864] type=Rejected area=1.0 perimeter=4.0 bbox=(838,393,2,2) long=1.0 box_short=1.0 box_aspect=1.000 skeleton_width=2.00 skeleton_range=2.00-2.00 skeleton_aspect=0.500 circularity=0.785
[CLEAN C864] REJECT Scratch: area 1.0 < 20; long_side 1.0 < 10; skeleton_aspect 0.500 < 2.5
[CLEAN C864] REJECT Pit: area 1.0 < 32
[CLEAN C865] type=Rejected area=1.0 perimeter=4.0 bbox=(1246,392,2,2) long=1.0 box_short=1.0 box_aspect=1.000 skeleton_width=2.00 skeleton_range=2.00-2.00 skeleton_aspect=0.500 circularity=0.785
[CLEAN C865] REJECT Scratch: area 1.0 < 20; long_side 1.0 < 10; skeleton_aspect 0.500 < 2.5
[CLEAN C865] REJECT Pit: area 1.0 < 32
[CLEAN C866] type=Scratch area=103.0 perimeter=59.3 bbox=(596,392,11,20) long=18.7 box_short=9.8 box_aspect=1.920 skeleton_width=4.00 skeleton_range=2.00-9.99 skeleton_aspect=4.684 circularity=0.368
[MEASURE C866] Scratch width=0.256192 mm valid=True
Scratch: area = 103.0 width_px = 4.0 width_mm = 0.25619186734884786 ratio = 4.684493541717529
[CLEAN C867] type=Scratch area=30.5 perimeter=46.7 bbox=(1186,391,10,18) long=18.4 box_short=7.6 box_aspect=2.415 skeleton_width=2.00 skeleton_range=2.00-4.39 skeleton_aspect=9.192 circularity=0.176
[MEASURE C867] Scratch 不可测: 划痕最大宽度点超出中央有效测量区域
[CLEAN C868] type=Rejected area=1.0 perimeter=4.0 bbox=(1134,391,2,2) long=1.0 box_short=1.0 box_aspect=1.000 skeleton_width=2.00 skeleton_range=2.00-2.00 skeleton_aspect=0.500 circularity=0.785
[CLEAN C868] REJECT Scratch: area 1.0 < 20; long_side 1.0 < 10; skeleton_aspect 0.500 < 2.5
[CLEAN C868] REJECT Pit: area 1.0 < 32
[CLEAN C869] type=Rejected area=5.0 perimeter=9.7 bbox=(507,391,4,4) long=4.2 box_short=1.4 box_aspect=3.000 skeleton_width=2.40 skeleton_range=2.00-2.80 skeleton_aspect=1.768 circularity=0.674
[CLEAN C869] REJECT Scratch: area 5.0 < 20; long_side 4.2 < 10; skeleton_aspect 1.768 < 2.5
[CLEAN C869] REJECT Pit: area 5.0 < 32
[CLEAN C870] type=Rejected area=15.5 perimeter=20.2 bbox=(327,390,5,8) long=7.5 box_short=3.5 box_aspect=2.111 skeleton_width=2.80 skeleton_range=2.00-4.00 skeleton_aspect=2.662 circularity=0.475
[CLEAN C870] REJECT Scratch: area 15.5 < 20; long_side 7.5 < 10
[CLEAN C870] REJECT Pit: area 15.5 < 32; circularity 0.475 < 0.55
[CLEAN C871] type=Rejected area=1.0 perimeter=4.0 bbox=(1073,388,2,2) long=1.0 box_short=1.0 box_aspect=1.000 skeleton_width=2.00 skeleton_range=2.00-2.00 skeleton_aspect=0.500 circularity=0.785
[CLEAN C871] REJECT Scratch: area 1.0 < 20; long_side 1.0 < 10; skeleton_aspect 0.500 < 2.5
[CLEAN C871] REJECT Pit: area 1.0 < 32
[CLEAN C872] type=Rejected area=4.0 perimeter=8.8 bbox=(622,385,4,3) long=3.0 box_short=2.0 box_aspect=1.500 skeleton_width=2.00 skeleton_range=2.00-2.80 skeleton_aspect=1.500 circularity=0.645
[CLEAN C872] REJECT Scratch: area 4.0 < 20; long_side 3.0 < 10; skeleton_aspect 1.500 < 2.5
[CLEAN C872] REJECT Pit: area 4.0 < 32
[CLEAN C873] type=Scratch area=46.5 perimeter=31.9 bbox=(400,385,7,13) long=12.0 box_short=6.0 box_aspect=2.000 skeleton_width=4.00 skeleton_range=2.00-6.39 skeleton_aspect=3.000 circularity=0.574
[MEASURE C873] Scratch width=0.172232 mm valid=False
[CLEAN C874] type=Rejected area=2.0 perimeter=6.0 bbox=(325,385,2,3) long=2.0 box_short=1.0 box_aspect=2.000 skeleton_width=2.00 skeleton_range=2.00-2.00 skeleton_aspect=1.000 circularity=0.698
[CLEAN C874] REJECT Scratch: area 2.0 < 20; long_side 2.0 < 10; skeleton_aspect 1.000 < 2.5
[CLEAN C874] REJECT Pit: area 2.0 < 32
[CLEAN C875] type=Rejected area=4.5 perimeter=9.4 bbox=(1209,384,3,4) long=3.0 box_short=2.0 box_aspect=1.500 skeleton_width=2.00 skeleton_range=2.00-2.80 skeleton_aspect=1.500 circularity=0.638
[CLEAN C875] REJECT Scratch: area 4.5 < 20; long_side 3.0 < 10; skeleton_aspect 1.500 < 2.5
[CLEAN C875] REJECT Pit: area 4.5 < 32
[CLEAN C876] type=Rejected area=1.0 perimeter=4.0 bbox=(1106,384,2,2) long=1.0 box_short=1.0 box_aspect=1.000 skeleton_width=2.00 skeleton_range=2.00-2.00 skeleton_aspect=0.500 circularity=0.785
[CLEAN C876] REJECT Scratch: area 1.0 < 20; long_side 1.0 < 10; skeleton_aspect 0.500 < 2.5
[CLEAN C876] REJECT Pit: area 1.0 < 32
[CLEAN C877] type=Rejected area=3.0 perimeter=6.8 bbox=(169,382,3,3) long=2.8 box_short=1.4 box_aspect=2.000 skeleton_width=2.00 skeleton_range=2.00-2.80 skeleton_aspect=1.414 circularity=0.809
[CLEAN C877] REJECT Scratch: area 3.0 < 20; long_side 2.8 < 10; skeleton_aspect 1.414 < 2.5
[CLEAN C877] REJECT Pit: area 3.0 < 32
[CLEAN C878] type=Rejected area=4.0 perimeter=8.0 bbox=(0,381,3,3) long=2.0 box_short=2.0 box_aspect=1.000 skeleton_width=2.00 skeleton_range=2.00-4.00 skeleton_aspect=1.000 circularity=0.785
[CLEAN C878] REJECT Scratch: area 4.0 < 20; long_side 2.0 < 10; skeleton_aspect 1.000 < 2.5
[CLEAN C878] REJECT Pit: area 4.0 < 32
[CLEAN C879] type=Rejected area=4.0 perimeter=10.0 bbox=(319,380,2,5) long=4.0 box_short=1.0 box_aspect=4.000 skeleton_width=2.00 skeleton_range=2.00-2.00 skeleton_aspect=2.000 circularity=0.503
[CLEAN C879] REJECT Scratch: area 4.0 < 20; long_side 4.0 < 10; skeleton_aspect 2.000 < 2.5
[CLEAN C879] REJECT Pit: area 4.0 < 32; circularity 0.503 < 0.55
[CLEAN C880] type=Rejected area=1.0 perimeter=4.0 bbox=(869,379,2,2) long=1.0 box_short=1.0 box_aspect=1.000 skeleton_width=2.00 skeleton_range=2.00-2.00 skeleton_aspect=0.500 circularity=0.785
[CLEAN C880] REJECT Scratch: area 1.0 < 20; long_side 1.0 < 10; skeleton_aspect 0.500 < 2.5
[CLEAN C880] REJECT Pit: area 1.0 < 32
[CLEAN C881] type=Pit area=42.0 perimeter=26.8 bbox=(338,378,6,10) long=9.0 box_short=5.0 box_aspect=1.800 skeleton_width=6.00 skeleton_range=2.00-6.00 skeleton_aspect=1.500 circularity=0.733
[MEASURE C881] Pit diameter=0.241643 mm valid=False
[CLEAN C882] type=Rejected area=1.0 perimeter=4.0 bbox=(1088,377,2,2) long=1.0 box_short=1.0 box_aspect=1.000 skeleton_width=2.00 skeleton_range=2.00-2.00 skeleton_aspect=0.500 circularity=0.785
[CLEAN C882] REJECT Scratch: area 1.0 < 20; long_side 1.0 < 10; skeleton_aspect 0.500 < 2.5
[CLEAN C882] REJECT Pit: area 1.0 < 32
[CLEAN C883] type=Rejected area=10.5 perimeter=20.2 bbox=(923,374,7,6) long=7.4 box_short=3.5 box_aspect=2.105 skeleton_width=2.00 skeleton_range=2.00-4.00 skeleton_aspect=3.714 circularity=0.322
[CLEAN C883] REJECT Scratch: area 10.5 < 20; long_side 7.4 < 10
[CLEAN C883] REJECT Pit: area 10.5 < 32; circularity 0.322 < 0.55
[CLEAN C884] type=Rejected area=1.0 perimeter=4.0 bbox=(1039,371,2,2) long=1.0 box_short=1.0 box_aspect=1.000 skeleton_width=2.00 skeleton_range=2.00-2.00 skeleton_aspect=0.500 circularity=0.785
[CLEAN C884] REJECT Scratch: area 1.0 < 20; long_side 1.0 < 10; skeleton_aspect 0.500 < 2.5
[CLEAN C884] REJECT Pit: area 1.0 < 32
[CLEAN C885] type=Rejected area=13.5 perimeter=22.2 bbox=(1172,370,4,10) long=9.0 box_short=3.0 box_aspect=3.000 skeleton_width=2.00 skeleton_range=2.00-4.00 skeleton_aspect=4.500 circularity=0.343
[CLEAN C885] REJECT Scratch: area 13.5 < 20; long_side 9.0 < 10
[CLEAN C885] REJECT Pit: area 13.5 < 32; circularity 0.343 < 0.55
[CLEAN C886] type=Rejected area=13.0 perimeter=16.5 bbox=(545,370,5,7) long=6.7 box_short=3.1 box_aspect=2.182 skeleton_width=2.80 skeleton_range=2.00-4.00 skeleton_aspect=2.377 circularity=0.601
[CLEAN C886] REJECT Scratch: area 13.0 < 20; long_side 6.7 < 10; skeleton_aspect 2.377 < 2.5
[CLEAN C886] REJECT Pit: area 13.0 < 32
[CLEAN C887] type=Rejected area=1.0 perimeter=4.0 bbox=(1157,366,2,2) long=1.0 box_short=1.0 box_aspect=1.000 skeleton_width=2.00 skeleton_range=2.00-2.00 skeleton_aspect=0.500 circularity=0.785
[CLEAN C887] REJECT Scratch: area 1.0 < 20; long_side 1.0 < 10; skeleton_aspect 0.500 < 2.5
[CLEAN C887] REJECT Pit: area 1.0 < 32
[CLEAN C888] type=Scratch area=20.5 perimeter=25.4 bbox=(344,364,3,12) long=11.0 box_short=2.0 box_aspect=5.500 skeleton_width=4.00 skeleton_range=2.00-4.00 skeleton_aspect=2.750 circularity=0.399
[MEASURE C888] Scratch width=0.086665 mm valid=False
[CLEAN C889] type=Scratch area=206.5 perimeter=130.4 bbox=(351,363,9,60) long=59.2 box_short=6.9 box_aspect=8.572 skeleton_width=4.39 skeleton_range=2.00-7.19 skeleton_aspect=13.466 circularity=0.153
[MEASURE C889] Scratch width=0.191722 mm valid=False
[CLEAN C890] type=Rejected area=1.0 perimeter=4.0 bbox=(1232,362,2,2) long=1.0 box_short=1.0 box_aspect=1.000 skeleton_width=2.00 skeleton_range=2.00-2.00 skeleton_aspect=0.500 circularity=0.785
[CLEAN C890] REJECT Scratch: area 1.0 < 20; long_side 1.0 < 10; skeleton_aspect 0.500 < 2.5
[CLEAN C890] REJECT Pit: area 1.0 < 32
[CLEAN C891] type=Scratch area=143.0 perimeter=63.8 bbox=(638,362,10,27) long=26.0 box_short=9.0 box_aspect=2.889 skeleton_width=6.00 skeleton_range=2.00-8.40 skeleton_aspect=4.333 circularity=0.441
[MEASURE C891] Scratch width=0.220283 mm valid=False
[CLEAN C892] type=Rejected area=1.0 perimeter=4.0 bbox=(35,360,2,2) long=1.0 box_short=1.0 box_aspect=1.000 skeleton_width=2.00 skeleton_range=2.00-2.00 skeleton_aspect=0.500 circularity=0.785
[CLEAN C892] REJECT Scratch: area 1.0 < 20; long_side 1.0 < 10; skeleton_aspect 0.500 < 2.5
[CLEAN C892] REJECT Pit: area 1.0 < 32
[CLEAN C893] type=Rejected area=1.0 perimeter=4.0 bbox=(1049,356,2,2) long=1.0 box_short=1.0 box_aspect=1.000 skeleton_width=2.00 skeleton_range=2.00-2.00 skeleton_aspect=0.500 circularity=0.785
[CLEAN C893] REJECT Scratch: area 1.0 < 20; long_side 1.0 < 10; skeleton_aspect 0.500 < 2.5
[CLEAN C893] REJECT Pit: area 1.0 < 32
[CLEAN C894] type=Scratch area=21.0 perimeter=23.7 bbox=(1208,354,4,11) long=10.0 box_short=3.0 box_aspect=3.333 skeleton_width=4.00 skeleton_range=2.00-4.00 skeleton_aspect=2.500 circularity=0.472
[MEASURE C894] Scratch 不可测: 划痕最大宽度点超出中央有效测量区域
[CLEAN C895] type=Rejected area=1.0 perimeter=4.0 bbox=(679,354,2,2) long=1.0 box_short=1.0 box_aspect=1.000 skeleton_width=2.00 skeleton_range=2.00-2.00 skeleton_aspect=0.500 circularity=0.785
[CLEAN C895] REJECT Scratch: area 1.0 < 20; long_side 1.0 < 10; skeleton_aspect 0.500 < 2.5
[CLEAN C895] REJECT Pit: area 1.0 < 32
[CLEAN C896] type=Rejected area=16.0 perimeter=17.7 bbox=(582,353,6,6) long=5.0 box_short=5.0 box_aspect=1.000 skeleton_width=2.80 skeleton_range=2.00-4.00 skeleton_aspect=1.786 circularity=0.645
[CLEAN C896] REJECT Scratch: area 16.0 < 20; long_side 5.0 < 10; skeleton_aspect 1.786 < 2.5
[CLEAN C896] REJECT Pit: area 16.0 < 32
[CLEAN C897] type=Scratch area=31.0 perimeter=51.3 bbox=(313,353,8,22) long=22.1 box_short=3.9 box_aspect=5.634 skeleton_width=2.00 skeleton_range=2.00-4.00 skeleton_aspect=11.063 circularity=0.148
[MEASURE C897] Scratch width=0.114540 mm valid=False
[CLEAN C898] type=Scratch area=26.5 perimeter=57.1 bbox=(331,351,4,27) long=26.1 box_short=2.8 box_aspect=9.449 skeleton_width=2.00 skeleton_range=2.00-4.00 skeleton_aspect=13.030 circularity=0.102
[MEASURE C898] Scratch width=0.087647 mm valid=False
[CLEAN C899] type=Rejected area=5.0 perimeter=10.8 bbox=(1234,350,3,5) long=4.0 box_short=2.0 box_aspect=2.000 skeleton_width=2.00 skeleton_range=2.00-2.80 skeleton_aspect=2.000 circularity=0.536
[CLEAN C899] REJECT Scratch: area 5.0 < 20; long_side 4.0 < 10; skeleton_aspect 2.000 < 2.5
[CLEAN C899] REJECT Pit: area 5.0 < 32; circularity 0.536 < 0.55
[CLEAN C900] type=Rejected area=5.5 perimeter=9.4 bbox=(372,350,3,4) long=3.0 box_short=2.0 box_aspect=1.500 skeleton_width=2.00 skeleton_range=2.00-4.00 skeleton_aspect=1.500 circularity=0.780
[CLEAN C900] REJECT Scratch: area 5.5 < 20; long_side 3.0 < 10; skeleton_aspect 1.500 < 2.5
[CLEAN C900] REJECT Pit: area 5.5 < 32
[CLEAN C901] type=Rejected area=4.0 perimeter=8.8 bbox=(323,350,4,3) long=3.0 box_short=2.0 box_aspect=1.500 skeleton_width=2.00 skeleton_range=2.00-2.80 skeleton_aspect=1.500 circularity=0.645
[CLEAN C901] REJECT Scratch: area 4.0 < 20; long_side 3.0 < 10; skeleton_aspect 1.500 < 2.5
[CLEAN C901] REJECT Pit: area 4.0 < 32
[CLEAN C902] type=Rejected area=15.5 perimeter=17.1 bbox=(391,349,6,6) long=5.3 box_short=4.6 box_aspect=1.158 skeleton_width=2.80 skeleton_range=2.00-4.39 skeleton_aspect=1.906 circularity=0.668
[CLEAN C902] REJECT Scratch: area 15.5 < 20; long_side 5.3 < 10; skeleton_aspect 1.906 < 2.5
[CLEAN C902] REJECT Pit: area 15.5 < 32
[CLEAN C903] type=Rejected area=21.0 perimeter=21.7 bbox=(459,346,9,5) long=8.0 box_short=4.0 box_aspect=2.000 skeleton_width=2.80 skeleton_range=2.00-4.39 skeleton_aspect=2.857 circularity=0.563
[CLEAN C903] REJECT Scratch: long_side 8.0 < 10
[CLEAN C903] REJECT Pit: area 21.0 < 32
[CLEAN C904] type=Rejected area=1.0 perimeter=4.0 bbox=(1190,345,2,2) long=1.0 box_short=1.0 box_aspect=1.000 skeleton_width=2.00 skeleton_range=2.00-2.00 skeleton_aspect=0.500 circularity=0.785
[CLEAN C904] REJECT Scratch: area 1.0 < 20; long_side 1.0 < 10; skeleton_aspect 0.500 < 2.5
[CLEAN C904] REJECT Pit: area 1.0 < 32
[CLEAN C905] type=Rejected area=1.0 perimeter=4.0 bbox=(923,345,2,2) long=1.0 box_short=1.0 box_aspect=1.000 skeleton_width=2.00 skeleton_range=2.00-2.00 skeleton_aspect=0.500 circularity=0.785
[CLEAN C905] REJECT Scratch: area 1.0 < 20; long_side 1.0 < 10; skeleton_aspect 0.500 < 2.5
[CLEAN C905] REJECT Pit: area 1.0 < 32
[CLEAN C906] type=Rejected area=2.0 perimeter=6.0 bbox=(300,345,2,3) long=2.0 box_short=1.0 box_aspect=2.000 skeleton_width=2.00 skeleton_range=2.00-2.00 skeleton_aspect=1.000 circularity=0.698
[CLEAN C906] REJECT Scratch: area 2.0 < 20; long_side 2.0 < 10; skeleton_aspect 1.000 < 2.5
[CLEAN C906] REJECT Pit: area 2.0 < 32
[CLEAN C907] type=Rejected area=8.0 perimeter=18.0 bbox=(1174,343,2,9) long=8.0 box_short=1.0 box_aspect=8.000 skeleton_width=2.00 skeleton_range=2.00-2.00 skeleton_aspect=4.000 circularity=0.310
[CLEAN C907] REJECT Scratch: area 8.0 < 20; long_side 8.0 < 10
[CLEAN C907] REJECT Pit: area 8.0 < 32; circularity 0.310 < 0.55; aspect_ratio 8.000 > 5.0
[CLEAN C908] type=Rejected area=5.5 perimeter=9.4 bbox=(1155,338,4,3) long=3.0 box_short=2.0 box_aspect=1.500 skeleton_width=2.00 skeleton_range=2.00-4.00 skeleton_aspect=1.500 circularity=0.780
[CLEAN C908] REJECT Scratch: area 5.5 < 20; long_side 3.0 < 10; skeleton_aspect 1.500 < 2.5
[CLEAN C908] REJECT Pit: area 5.5 < 32
[CLEAN C909] type=Scratch area=124.5 perimeter=70.9 bbox=(347,336,18,21) long=23.1 box_short=13.5 box_aspect=1.717 skeleton_width=4.39 skeleton_range=2.00-8.00 skeleton_aspect=5.267 circularity=0.311
[MEASURE C909] Scratch width=0.183020 mm valid=False
[CLEAN C910] type=Scratch area=64.0 perimeter=40.1 bbox=(641,335,11,12) long=11.0 box_short=10.0 box_aspect=1.100 skeleton_width=4.39 skeleton_range=2.00-8.00 skeleton_aspect=2.504 circularity=0.499
[MEASURE C910] Scratch width=0.178577 mm valid=False
[CLEAN C911] type=Rejected area=14.5 perimeter=19.4 bbox=(1209,334,3,9) long=8.0 box_short=2.0 box_aspect=4.000 skeleton_width=2.80 skeleton_range=2.00-4.00 skeleton_aspect=2.857 circularity=0.483
[CLEAN C911] REJECT Scratch: area 14.5 < 20; long_side 8.0 < 10
[CLEAN C911] REJECT Pit: area 14.5 < 32; circularity 0.483 < 0.55
[CLEAN C912] type=Rejected area=2.0 perimeter=6.0 bbox=(897,332,3,2) long=2.0 box_short=1.0 box_aspect=2.000 skeleton_width=2.00 skeleton_range=2.00-2.00 skeleton_aspect=1.000 circularity=0.698
[CLEAN C912] REJECT Scratch: area 2.0 < 20; long_side 2.0 < 10; skeleton_aspect 1.000 < 2.5
[CLEAN C912] REJECT Pit: area 2.0 < 32
[CLEAN C913] type=Rejected area=27.5 perimeter=21.1 bbox=(607,332,7,7) long=6.0 box_short=6.0 box_aspect=1.000 skeleton_width=4.00 skeleton_range=2.00-5.60 skeleton_aspect=1.500 circularity=0.778
[CLEAN C913] REJECT Scratch: long_side 6.0 < 10; skeleton_aspect 1.500 < 2.5
[CLEAN C913] REJECT Pit: area 27.5 < 32
[CLEAN C914] type=Rejected area=1.0 perimeter=4.0 bbox=(630,326,2,2) long=1.0 box_short=1.0 box_aspect=1.000 skeleton_width=2.00 skeleton_range=2.00-2.00 skeleton_aspect=0.500 circularity=0.785
[CLEAN C914] REJECT Scratch: area 1.0 < 20; long_side 1.0 < 10; skeleton_aspect 0.500 < 2.5
[CLEAN C914] REJECT Pit: area 1.0 < 32
[CLEAN C915] type=Rejected area=2.0 perimeter=6.0 bbox=(344,326,3,2) long=2.0 box_short=1.0 box_aspect=2.000 skeleton_width=2.00 skeleton_range=2.00-2.00 skeleton_aspect=1.000 circularity=0.698
[CLEAN C915] REJECT Scratch: area 2.0 < 20; long_side 2.0 < 10; skeleton_aspect 1.000 < 2.5
[CLEAN C915] REJECT Pit: area 2.0 < 32
[CLEAN C916] type=Rejected area=20.5 perimeter=21.1 bbox=(440,321,5,9) long=8.4 box_short=3.6 box_aspect=2.318 skeleton_width=3.40 skeleton_range=2.00-4.00 skeleton_aspect=2.466 circularity=0.580
[CLEAN C916] REJECT Scratch: long_side 8.4 < 10; skeleton_aspect 2.466 < 2.5
[CLEAN C916] REJECT Pit: area 20.5 < 32
[CLEAN C917] type=Rejected area=1.0 perimeter=4.0 bbox=(350,321,2,2) long=1.0 box_short=1.0 box_aspect=1.000 skeleton_width=2.00 skeleton_range=2.00-2.00 skeleton_aspect=0.500 circularity=0.785
[CLEAN C917] REJECT Scratch: area 1.0 < 20; long_side 1.0 < 10; skeleton_aspect 0.500 < 2.5
[CLEAN C917] REJECT Pit: area 1.0 < 32
[CLEAN C918] type=Rejected area=5.0 perimeter=8.8 bbox=(633,320,4,3) long=3.0 box_short=2.0 box_aspect=1.500 skeleton_width=2.40 skeleton_range=2.00-2.80 skeleton_aspect=1.250 circularity=0.806
[CLEAN C918] REJECT Scratch: area 5.0 < 20; long_side 3.0 < 10; skeleton_aspect 1.250 < 2.5
[CLEAN C918] REJECT Pit: area 5.0 < 32
[CLEAN C919] type=Rejected area=2.0 perimeter=6.0 bbox=(1189,319,2,3) long=2.0 box_short=1.0 box_aspect=2.000 skeleton_width=2.00 skeleton_range=2.00-2.00 skeleton_aspect=1.000 circularity=0.698
[CLEAN C919] REJECT Scratch: area 2.0 < 20; long_side 2.0 < 10; skeleton_aspect 1.000 < 2.5
[CLEAN C919] REJECT Pit: area 2.0 < 32
[CLEAN C920] type=Rejected area=1.0 perimeter=4.0 bbox=(319,319,2,2) long=1.0 box_short=1.0 box_aspect=1.000 skeleton_width=2.00 skeleton_range=2.00-2.00 skeleton_aspect=0.500 circularity=0.785
[CLEAN C920] REJECT Scratch: area 1.0 < 20; long_side 1.0 < 10; skeleton_aspect 0.500 < 2.5
[CLEAN C920] REJECT Pit: area 1.0 < 32
[CLEAN C921] type=Rejected area=6.0 perimeter=10.8 bbox=(1173,316,3,5) long=4.0 box_short=2.0 box_aspect=2.000 skeleton_width=2.00 skeleton_range=2.00-2.80 skeleton_aspect=2.000 circularity=0.643
[CLEAN C921] REJECT Scratch: area 6.0 < 20; long_side 4.0 < 10; skeleton_aspect 2.000 < 2.5
[CLEAN C921] REJECT Pit: area 6.0 < 32
[CLEAN C922] type=Scratch area=78.0 perimeter=104.1 bbox=(1133,316,8,48) long=47.0 box_short=6.0 box_aspect=7.864 skeleton_width=2.80 skeleton_range=2.00-5.60 skeleton_aspect=16.781 circularity=0.090
[MEASURE C922] Scratch 不可测: 划痕最大宽度点超出中央有效测量区域
[CLEAN C923] type=Rejected area=16.0 perimeter=17.7 bbox=(1208,314,4,8) long=7.0 box_short=3.0 box_aspect=2.333 skeleton_width=2.80 skeleton_range=2.00-4.00 skeleton_aspect=2.500 circularity=0.645
[CLEAN C923] REJECT Scratch: area 16.0 < 20; long_side 7.0 < 10
[CLEAN C923] REJECT Pit: area 16.0 < 32
[CLEAN C924] type=Rejected area=1.0 perimeter=4.0 bbox=(846,311,2,2) long=1.0 box_short=1.0 box_aspect=1.000 skeleton_width=2.00 skeleton_range=2.00-2.00 skeleton_aspect=0.500 circularity=0.785
[CLEAN C924] REJECT Scratch: area 1.0 < 20; long_side 1.0 < 10; skeleton_aspect 0.500 < 2.5
[CLEAN C924] REJECT Pit: area 1.0 < 32
[CLEAN C925] type=Scratch area=65.5 perimeter=41.6 bbox=(657,306,10,16) long=17.1 box_short=6.3 box_aspect=2.700 skeleton_width=4.39 skeleton_range=2.00-7.19 skeleton_aspect=3.886 circularity=0.477
[MEASURE C925] Scratch width=0.184739 mm valid=False
[CLEAN C926] type=Rejected area=1.0 perimeter=4.0 bbox=(920,304,2,2) long=1.0 box_short=1.0 box_aspect=1.000 skeleton_width=2.00 skeleton_range=2.00-2.00 skeleton_aspect=0.500 circularity=0.785
[CLEAN C926] REJECT Scratch: area 1.0 < 20; long_side 1.0 < 10; skeleton_aspect 0.500 < 2.5
[CLEAN C926] REJECT Pit: area 1.0 < 32
[CLEAN C927] type=Scratch area=48.0 perimeter=50.1 bbox=(414,304,10,20) long=20.1 box_short=6.8 box_aspect=2.964 skeleton_width=2.00 skeleton_range=2.00-7.19 skeleton_aspect=10.065 circularity=0.240
[MEASURE C927] Scratch width=0.194069 mm valid=False
[CLEAN C928] type=Rejected area=9.5 perimeter=12.2 bbox=(398,304,4,5) long=4.0 box_short=3.0 box_aspect=1.333 skeleton_width=2.80 skeleton_range=2.00-4.00 skeleton_aspect=1.429 circularity=0.796
[CLEAN C928] REJECT Scratch: area 9.5 < 20; long_side 4.0 < 10; skeleton_aspect 1.429 < 2.5
[CLEAN C928] REJECT Pit: area 9.5 < 32
[CLEAN C929] type=Scratch area=35.0 perimeter=77.3 bbox=(326,304,5,36) long=35.2 box_short=3.7 box_aspect=9.514 skeleton_width=2.00 skeleton_range=2.00-4.00 skeleton_aspect=17.578 circularity=0.074
[MEASURE C929] Scratch width=0.088129 mm valid=False
[CLEAN C930] type=Rejected area=5.0 perimeter=10.8 bbox=(1108,303,5,3) long=4.0 box_short=2.0 box_aspect=2.000 skeleton_width=2.00 skeleton_range=2.00-2.80 skeleton_aspect=2.000 circularity=0.536
[CLEAN C930] REJECT Scratch: area 5.0 < 20; long_side 4.0 < 10; skeleton_aspect 2.000 < 2.5
[CLEAN C930] REJECT Pit: area 5.0 < 32; circularity 0.536 < 0.55
[CLEAN C931] type=Scratch area=23.0 perimeter=34.5 bbox=(1247,301,5,16) long=15.5 box_short=3.0 box_aspect=5.222 skeleton_width=2.00 skeleton_range=2.00-4.00 skeleton_aspect=7.727 circularity=0.243
[MEASURE C931] Scratch 不可测: 划痕最大宽度点超出中央有效测量区域
[CLEAN C932] type=Rejected area=1.0 perimeter=4.0 bbox=(357,298,2,2) long=1.0 box_short=1.0 box_aspect=1.000 skeleton_width=2.00 skeleton_range=2.00-2.00 skeleton_aspect=0.500 circularity=0.785
[CLEAN C932] REJECT Scratch: area 1.0 < 20; long_side 1.0 < 10; skeleton_aspect 0.500 < 2.5
[CLEAN C932] REJECT Pit: area 1.0 < 32
[CLEAN C933] type=Rejected area=1.0 perimeter=4.0 bbox=(316,293,2,2) long=1.0 box_short=1.0 box_aspect=1.000 skeleton_width=2.00 skeleton_range=2.00-2.00 skeleton_aspect=0.500 circularity=0.785
[CLEAN C933] REJECT Scratch: area 1.0 < 20; long_side 1.0 < 10; skeleton_aspect 0.500 < 2.5
[CLEAN C933] REJECT Pit: area 1.0 < 32
[CLEAN C934] type=Scratch area=124.5 perimeter=171.9 bbox=(1253,291,7,83) long=82.2 box_short=5.7 box_aspect=14.529 skeleton_width=2.00 skeleton_range=2.00-6.00 skeleton_aspect=41.103 circularity=0.053
[MEASURE C934] Scratch 不可测: 划痕最大宽度点超出中央有效测量区域
[CLEAN C935] type=Rejected area=15.0 perimeter=18.5 bbox=(413,289,7,6) long=7.2 box_short=3.8 box_aspect=1.909 skeleton_width=2.80 skeleton_range=2.00-4.00 skeleton_aspect=2.572 circularity=0.552
[CLEAN C935] REJECT Scratch: area 15.0 < 20; long_side 7.2 < 10
[CLEAN C935] REJECT Pit: area 15.0 < 32
[CLEAN C936] type=Rejected area=2.0 perimeter=6.0 bbox=(1252,288,2,3) long=2.0 box_short=1.0 box_aspect=2.000 skeleton_width=2.00 skeleton_range=2.00-2.00 skeleton_aspect=1.000 circularity=0.698
[CLEAN C936] REJECT Scratch: area 2.0 < 20; long_side 2.0 < 10; skeleton_aspect 1.000 < 2.5
[CLEAN C936] REJECT Pit: area 2.0 < 32
[CLEAN C937] type=Rejected area=3.5 perimeter=7.4 bbox=(658,288,3,3) long=2.0 box_short=2.0 box_aspect=1.000 skeleton_width=2.00 skeleton_range=2.00-2.80 skeleton_aspect=1.000 circularity=0.800
[CLEAN C937] REJECT Scratch: area 3.5 < 20; long_side 2.0 < 10; skeleton_aspect 1.000 < 2.5
[CLEAN C937] REJECT Pit: area 3.5 < 32
[CLEAN C938] type=Rejected area=12.0 perimeter=22.8 bbox=(293,287,6,8) long=7.0 box_short=5.0 box_aspect=1.400 skeleton_width=2.00 skeleton_range=2.00-2.80 skeleton_aspect=3.500 circularity=0.289
[CLEAN C938] REJECT Scratch: area 12.0 < 20; long_side 7.0 < 10
[CLEAN C938] REJECT Pit: area 12.0 < 32; circularity 0.289 < 0.55
[CLEAN C939] type=Rejected area=4.5 perimeter=9.4 bbox=(313,286,3,4) long=3.0 box_short=2.0 box_aspect=1.500 skeleton_width=2.00 skeleton_range=2.00-2.80 skeleton_aspect=1.500 circularity=0.638
[CLEAN C939] REJECT Scratch: area 4.5 < 20; long_side 3.0 < 10; skeleton_aspect 1.500 < 2.5
[CLEAN C939] REJECT Pit: area 4.5 < 32
[CLEAN C940] type=Rejected area=26.5 perimeter=21.1 bbox=(635,284,7,7) long=6.0 box_short=6.0 box_aspect=1.000 skeleton_width=4.39 skeleton_range=2.00-6.00 skeleton_aspect=1.366 circularity=0.750
[CLEAN C940] REJECT Scratch: long_side 6.0 < 10; skeleton_aspect 1.366 < 2.5
[CLEAN C940] REJECT Pit: area 26.5 < 32
[CLEAN C941] type=Rejected area=2.0 perimeter=6.0 bbox=(922,282,3,2) long=2.0 box_short=1.0 box_aspect=2.000 skeleton_width=2.00 skeleton_range=2.00-2.00 skeleton_aspect=1.000 circularity=0.698
[CLEAN C941] REJECT Scratch: area 2.0 < 20; long_side 2.0 < 10; skeleton_aspect 1.000 < 2.5
[CLEAN C941] REJECT Pit: area 2.0 < 32
[CLEAN C942] type=Rejected area=20.5 perimeter=19.1 bbox=(382,282,6,7) long=6.0 box_short=5.0 box_aspect=1.200 skeleton_width=4.00 skeleton_range=2.00-4.39 skeleton_aspect=1.500 circularity=0.708
[CLEAN C942] REJECT Scratch: long_side 6.0 < 10; skeleton_aspect 1.500 < 2.5
[CLEAN C942] REJECT Pit: area 20.5 < 32
[CLEAN C943] type=Scratch area=188.0 perimeter=80.1 bbox=(342,279,8,36) long=35.0 box_short=7.0 box_aspect=5.000 skeleton_width=6.00 skeleton_range=2.00-8.00 skeleton_aspect=5.833 circularity=0.368
[MEASURE C943] Scratch width=0.180129 mm valid=False
[CLEAN C944] type=Scratch area=20.5 perimeter=39.1 bbox=(325,277,7,16) long=16.0 box_short=3.6 box_aspect=4.437 skeleton_width=2.00 skeleton_range=2.00-4.00 skeleton_aspect=7.983 circularity=0.169
[MEASURE C944] Scratch width=0.087949 mm valid=False
[CLEAN C945] type=Pit area=38.0 perimeter=28.1 bbox=(453,270,10,9) long=10.3 box_short=6.0 box_aspect=1.729 skeleton_width=4.39 skeleton_range=2.00-5.60 skeleton_aspect=2.343 circularity=0.603
[MEASURE C945] Pit diameter=0.259366 mm valid=True
Pit: area = 38.0 diameter_mm = 0.2593660056591034 circularity = 0.6029473139190672
[CLEAN C946] type=Rejected area=6.0 perimeter=10.0 bbox=(401,270,3,4) long=3.0 box_short=2.0 box_aspect=1.500 skeleton_width=2.00 skeleton_range=2.00-4.00 skeleton_aspect=1.500 circularity=0.754
[CLEAN C946] REJECT Scratch: area 6.0 < 20; long_side 3.0 < 10; skeleton_aspect 1.500 < 2.5
[CLEAN C946] REJECT Pit: area 6.0 < 32
[CLEAN C947] type=Rejected area=6.0 perimeter=14.0 bbox=(393,265,2,7) long=6.0 box_short=1.0 box_aspect=6.000 skeleton_width=2.00 skeleton_range=2.00-2.00 skeleton_aspect=3.000 circularity=0.385
[CLEAN C947] REJECT Scratch: area 6.0 < 20; long_side 6.0 < 10
[CLEAN C947] REJECT Pit: area 6.0 < 32; circularity 0.385 < 0.55; aspect_ratio 6.000 > 5.0
[CLEAN C948] type=Rejected area=18.0 perimeter=43.3 bbox=(313,265,15,9) long=14.6 box_short=5.4 box_aspect=2.714 skeleton_width=2.00 skeleton_range=2.00-4.00 skeleton_aspect=7.279 circularity=0.121
[CLEAN C948] REJECT Scratch: area 18.0 < 20
[CLEAN C948] REJECT Pit: area 18.0 < 32; circularity 0.121 < 0.55
[CLEAN C949] type=Rejected area=2.0 perimeter=6.0 bbox=(918,263,3,2) long=2.0 box_short=1.0 box_aspect=2.000 skeleton_width=2.00 skeleton_range=2.00-2.00 skeleton_aspect=1.000 circularity=0.698
[CLEAN C949] REJECT Scratch: area 2.0 < 20; long_side 2.0 < 10; skeleton_aspect 1.000 < 2.5
[CLEAN C949] REJECT Pit: area 2.0 < 32
[CLEAN C950] type=Rejected area=12.0 perimeter=19.7 bbox=(1252,261,4,9) long=8.2 box_short=2.8 box_aspect=2.889 skeleton_width=2.00 skeleton_range=2.00-2.80 skeleton_aspect=4.111 circularity=0.390
[CLEAN C950] REJECT Scratch: area 12.0 < 20; long_side 8.2 < 10
[CLEAN C950] REJECT Pit: area 12.0 < 32; circularity 0.390 < 0.55
[CLEAN C951] type=Pit area=51.0 perimeter=28.1 bbox=(646,260,10,9) long=9.2 box_short=7.8 box_aspect=1.182 skeleton_width=5.60 skeleton_range=2.00-8.39 skeleton_aspect=1.641 circularity=0.809
[MEASURE C951] Pit diameter=0.229363 mm valid=False
[CLEAN C952] type=Rejected area=13.0 perimeter=15.7 bbox=(438,259,6,5) long=5.0 box_short=4.0 box_aspect=1.250 skeleton_width=2.80 skeleton_range=2.00-4.00 skeleton_aspect=1.786 circularity=0.666
[CLEAN C952] REJECT Scratch: area 13.0 < 20; long_side 5.0 < 10; skeleton_aspect 1.786 < 2.5
[CLEAN C952] REJECT Pit: area 13.0 < 32
[CLEAN C953] type=Scratch area=25.5 perimeter=25.9 bbox=(1134,258,6,11) long=10.4 box_short=4.4 box_aspect=2.389 skeleton_width=2.80 skeleton_range=2.00-4.39 skeleton_aspect=3.725 circularity=0.478
[MEASURE C953] Scratch 不可测: 划痕最大宽度点超出中央有效测量区域
[CLEAN C954] type=Rejected area=3.0 perimeter=6.8 bbox=(329,252,3,3) long=2.8 box_short=1.4 box_aspect=2.000 skeleton_width=2.00 skeleton_range=2.00-2.80 skeleton_aspect=1.414 circularity=0.809
[CLEAN C954] REJECT Scratch: area 3.0 < 20; long_side 2.8 < 10; skeleton_aspect 1.414 < 2.5
[CLEAN C954] REJECT Pit: area 3.0 < 32
[CLEAN C955] type=Rejected area=2.0 perimeter=6.0 bbox=(305,251,2,3) long=2.0 box_short=1.0 box_aspect=2.000 skeleton_width=2.00 skeleton_range=2.00-2.00 skeleton_aspect=1.000 circularity=0.698
[CLEAN C955] REJECT Scratch: area 2.0 < 20; long_side 2.0 < 10; skeleton_aspect 1.000 < 2.5
[CLEAN C955] REJECT Pit: area 2.0 < 32
[CLEAN C956] type=Pit area=93.5 perimeter=41.6 bbox=(570,248,14,12) long=12.6 box_short=10.9 box_aspect=1.165 skeleton_width=6.79 skeleton_range=2.00-9.99 skeleton_aspect=1.860 circularity=0.680
[MEASURE C956] Pit diameter=0.333496 mm valid=True
Pit: area = 93.5 diameter_mm = 0.3334958553314209 circularity = 0.6803724298137155
[CLEAN C957] type=Scratch area=22.5 perimeter=40.2 bbox=(307,248,5,18) long=17.2 box_short=3.5 box_aspect=4.911 skeleton_width=2.00 skeleton_range=2.00-4.00 skeleton_aspect=8.577 circularity=0.175
[MEASURE C957] Scratch width=0.117420 mm valid=False
[CLEAN C958] type=Rejected area=1.0 perimeter=4.0 bbox=(1245,246,2,2) long=1.0 box_short=1.0 box_aspect=1.000 skeleton_width=2.00 skeleton_range=2.00-2.00 skeleton_aspect=0.500 circularity=0.785
[CLEAN C958] REJECT Scratch: area 1.0 < 20; long_side 1.0 < 10; skeleton_aspect 0.500 < 2.5
[CLEAN C958] REJECT Pit: area 1.0 < 32
[CLEAN C959] type=Scratch area=39.5 perimeter=28.7 bbox=(597,245,9,10) long=10.6 box_short=6.2 box_aspect=1.719 skeleton_width=4.00 skeleton_range=2.00-5.60 skeleton_aspect=2.657 circularity=0.601
[MEASURE C959] Scratch width=0.142957 mm valid=False
[CLEAN C960] type=Rejected area=1.0 perimeter=4.0 bbox=(1028,244,2,2) long=1.0 box_short=1.0 box_aspect=1.000 skeleton_width=2.00 skeleton_range=2.00-2.00 skeleton_aspect=0.500 circularity=0.785
[CLEAN C960] REJECT Scratch: area 1.0 < 20; long_side 1.0 < 10; skeleton_aspect 0.500 < 2.5
[CLEAN C960] REJECT Pit: area 1.0 < 32
[CLEAN C961] type=Scratch area=84.0 perimeter=53.3 bbox=(359,244,14,15) long=15.8 box_short=11.1 box_aspect=1.415 skeleton_width=4.00 skeleton_range=2.00-8.00 skeleton_aspect=3.944 circularity=0.371
[MEASURE C961] Scratch width=0.280129 mm valid=True
Scratch: area = 84.0 width_px = 4.0 width_mm = 0.2801290647885269 ratio = 3.944467306137085
[CLEAN C962] type=Rejected area=26.0 perimeter=21.3 bbox=(338,243,7,8) long=7.8 box_short=4.9 box_aspect=1.571 skeleton_width=4.39 skeleton_range=2.00-5.60 skeleton_aspect=1.770 circularity=0.719
[CLEAN C962] REJECT Scratch: long_side 7.8 < 10; skeleton_aspect 1.770 < 2.5
[CLEAN C962] REJECT Pit: area 26.0 < 32
[CLEAN C963] type=Rejected area=15.5 perimeter=23.1 bbox=(451,240,8,7) long=8.6 box_short=3.8 box_aspect=2.263 skeleton_width=2.40 skeleton_range=2.00-4.00 skeleton_aspect=3.583 circularity=0.366
[CLEAN C963] REJECT Scratch: area 15.5 < 20; long_side 8.6 < 10
[CLEAN C963] REJECT Pit: area 15.5 < 32; circularity 0.366 < 0.55
[CLEAN C964] type=Rejected area=2.0 perimeter=6.0 bbox=(326,240,2,3) long=2.0 box_short=1.0 box_aspect=2.000 skeleton_width=2.00 skeleton_range=2.00-2.00 skeleton_aspect=1.000 circularity=0.698
[CLEAN C964] REJECT Scratch: area 2.0 < 20; long_side 2.0 < 10; skeleton_aspect 1.000 < 2.5
[CLEAN C964] REJECT Pit: area 2.0 < 32
[CLEAN C965] type=Rejected area=1.0 perimeter=4.0 bbox=(1256,230,2,2) long=1.0 box_short=1.0 box_aspect=1.000 skeleton_width=2.00 skeleton_range=2.00-2.00 skeleton_aspect=0.500 circularity=0.785
[CLEAN C965] REJECT Scratch: area 1.0 < 20; long_side 1.0 < 10; skeleton_aspect 0.500 < 2.5
[CLEAN C965] REJECT Pit: area 1.0 < 32
[CLEAN C966] type=Rejected area=24.0 perimeter=21.7 bbox=(385,229,9,5) long=8.0 box_short=4.0 box_aspect=2.000 skeleton_width=2.80 skeleton_range=2.00-5.60 skeleton_aspect=2.857 circularity=0.643
[CLEAN C966] REJECT Scratch: long_side 8.0 < 10
[CLEAN C966] REJECT Pit: area 24.0 < 32
[CLEAN C967] type=Rejected area=13.0 perimeter=26.8 bbox=(1135,226,3,13) long=12.0 box_short=2.0 box_aspect=6.000 skeleton_width=2.00 skeleton_range=2.00-2.80 skeleton_aspect=6.000 circularity=0.227
[CLEAN C967] REJECT Scratch: area 13.0 < 20
[CLEAN C967] REJECT Pit: area 13.0 < 32; circularity 0.227 < 0.55; aspect_ratio 6.000 > 5.0
[CLEAN C968] type=Rejected area=1.0 perimeter=4.0 bbox=(687,224,2,2) long=1.0 box_short=1.0 box_aspect=1.000 skeleton_width=2.00 skeleton_range=2.00-2.00 skeleton_aspect=0.500 circularity=0.785
[CLEAN C968] REJECT Scratch: area 1.0 < 20; long_side 1.0 < 10; skeleton_aspect 0.500 < 2.5
[CLEAN C968] REJECT Pit: area 1.0 < 32
[CLEAN C969] type=Rejected area=9.0 perimeter=20.0 bbox=(341,222,2,10) long=9.0 box_short=1.0 box_aspect=9.000 skeleton_width=2.00 skeleton_range=2.00-2.00 skeleton_aspect=4.500 circularity=0.283
[CLEAN C969] REJECT Scratch: area 9.0 < 20; long_side 9.0 < 10
[CLEAN C969] REJECT Pit: area 9.0 < 32; circularity 0.283 < 0.55; aspect_ratio 9.000 > 5.0
[CLEAN C970] type=Rejected area=2.0 perimeter=6.0 bbox=(1011,221,3,2) long=2.0 box_short=1.0 box_aspect=2.000 skeleton_width=2.00 skeleton_range=2.00-2.00 skeleton_aspect=1.000 circularity=0.698
[CLEAN C970] REJECT Scratch: area 2.0 < 20; long_side 2.0 < 10; skeleton_aspect 1.000 < 2.5
[CLEAN C970] REJECT Pit: area 2.0 < 32
[CLEAN C971] type=Rejected area=1.0 perimeter=4.0 bbox=(643,221,2,2) long=1.0 box_short=1.0 box_aspect=1.000 skeleton_width=2.00 skeleton_range=2.00-2.00 skeleton_aspect=0.500 circularity=0.785
[CLEAN C971] REJECT Scratch: area 1.0 < 20; long_side 1.0 < 10; skeleton_aspect 0.500 < 2.5
[CLEAN C971] REJECT Pit: area 1.0 < 32
[CLEAN C972] type=Rejected area=1.0 perimeter=4.0 bbox=(797,218,2,2) long=1.0 box_short=1.0 box_aspect=1.000 skeleton_width=2.00 skeleton_range=2.00-2.00 skeleton_aspect=0.500 circularity=0.785
[CLEAN C972] REJECT Scratch: area 1.0 < 20; long_side 1.0 < 10; skeleton_aspect 0.500 < 2.5
[CLEAN C972] REJECT Pit: area 1.0 < 32
[CLEAN C973] type=Rejected area=2.0 perimeter=6.0 bbox=(449,215,2,3) long=2.0 box_short=1.0 box_aspect=2.000 skeleton_width=2.00 skeleton_range=2.00-2.00 skeleton_aspect=1.000 circularity=0.698
[CLEAN C973] REJECT Scratch: area 2.0 < 20; long_side 2.0 < 10; skeleton_aspect 1.000 < 2.5
[CLEAN C973] REJECT Pit: area 2.0 < 32
[CLEAN C974] type=Rejected area=13.0 perimeter=16.5 bbox=(569,213,6,6) long=7.1 box_short=2.8 box_aspect=2.500 skeleton_width=2.80 skeleton_range=2.00-4.00 skeleton_aspect=2.525 circularity=0.601
[CLEAN C974] REJECT Scratch: area 13.0 < 20; long_side 7.1 < 10
[CLEAN C974] REJECT Pit: area 13.0 < 32
[CLEAN C975] type=Rejected area=2.0 perimeter=6.0 bbox=(318,213,2,3) long=2.0 box_short=1.0 box_aspect=2.000 skeleton_width=2.00 skeleton_range=2.00-2.00 skeleton_aspect=1.000 circularity=0.698
[CLEAN C975] REJECT Scratch: area 2.0 < 20; long_side 2.0 < 10; skeleton_aspect 1.000 < 2.5
[CLEAN C975] REJECT Pit: area 2.0 < 32
[CLEAN C976] type=Rejected area=1.0 perimeter=4.0 bbox=(918,211,2,2) long=1.0 box_short=1.0 box_aspect=1.000 skeleton_width=2.00 skeleton_range=2.00-2.00 skeleton_aspect=0.500 circularity=0.785
[CLEAN C976] REJECT Scratch: area 1.0 < 20; long_side 1.0 < 10; skeleton_aspect 0.500 < 2.5
[CLEAN C976] REJECT Pit: area 1.0 < 32
[CLEAN C977] type=Scratch area=38.0 perimeter=29.3 bbox=(582,210,7,12) long=11.0 box_short=5.4 box_aspect=2.043 skeleton_width=4.00 skeleton_range=2.00-5.60 skeleton_aspect=2.750 circularity=0.556
[MEASURE C977] Scratch width=0.131272 mm valid=False
[CLEAN C978] type=Scratch area=51.0 perimeter=33.3 bbox=(348,199,11,10) long=10.7 box_short=8.2 box_aspect=1.300 skeleton_width=4.20 skeleton_range=2.00-7.19 skeleton_aspect=2.546 circularity=0.577
[MEASURE C978] Scratch width=0.219467 mm valid=False
[CLEAN C979] type=Rejected area=1.0 perimeter=4.0 bbox=(1136,196,2,2) long=1.0 box_short=1.0 box_aspect=1.000 skeleton_width=2.00 skeleton_range=2.00-2.00 skeleton_aspect=0.500 circularity=0.785
[CLEAN C979] REJECT Scratch: area 1.0 < 20; long_side 1.0 < 10; skeleton_aspect 0.500 < 2.5
[CLEAN C979] REJECT Pit: area 1.0 < 32
[CLEAN C980] type=Rejected area=10.0 perimeter=21.7 bbox=(676,195,6,8) long=8.6 box_short=3.3 box_aspect=2.619 skeleton_width=2.00 skeleton_range=2.00-4.00 skeleton_aspect=4.295 circularity=0.268
[CLEAN C980] REJECT Scratch: area 10.0 < 20; long_side 8.6 < 10
[CLEAN C980] REJECT Pit: area 10.0 < 32; circularity 0.268 < 0.55
[CLEAN C981] type=Rejected area=3.0 perimeter=20.8 bbox=(305,193,3,10) long=9.2 box_short=1.1 box_aspect=8.222 skeleton_width=2.00 skeleton_range=2.00-2.00 skeleton_aspect=4.589 circularity=0.087
[CLEAN C981] REJECT Scratch: area 3.0 < 20; long_side 9.2 < 10
[CLEAN C981] REJECT Pit: area 3.0 < 32; circularity 0.087 < 0.55; aspect_ratio 8.222 > 5.0
[CLEAN C982] type=Rejected area=24.5 perimeter=21.9 bbox=(579,192,9,6) long=9.4 box_short=3.9 box_aspect=2.429 skeleton_width=4.00 skeleton_range=2.00-4.39 skeleton_aspect=2.357 circularity=0.642
[CLEAN C982] REJECT Scratch: long_side 9.4 < 10; skeleton_aspect 2.357 < 2.5
[CLEAN C982] REJECT Pit: area 24.5 < 32
[CLEAN C983] type=Rejected area=1.0 perimeter=4.0 bbox=(899,188,2,2) long=1.0 box_short=1.0 box_aspect=1.000 skeleton_width=2.00 skeleton_range=2.00-2.00 skeleton_aspect=0.500 circularity=0.785
[CLEAN C983] REJECT Scratch: area 1.0 < 20; long_side 1.0 < 10; skeleton_aspect 0.500 < 2.5
[CLEAN C983] REJECT Pit: area 1.0 < 32
[CLEAN C984] type=Rejected area=1.0 perimeter=4.0 bbox=(1004,187,2,2) long=1.0 box_short=1.0 box_aspect=1.000 skeleton_width=2.00 skeleton_range=2.00-2.00 skeleton_aspect=0.500 circularity=0.785
[CLEAN C984] REJECT Scratch: area 1.0 < 20; long_side 1.0 < 10; skeleton_aspect 0.500 < 2.5
[CLEAN C984] REJECT Pit: area 1.0 < 32
[CLEAN C985] type=Rejected area=1.0 perimeter=4.0 bbox=(658,186,2,2) long=1.0 box_short=1.0 box_aspect=1.000 skeleton_width=2.00 skeleton_range=2.00-2.00 skeleton_aspect=0.500 circularity=0.785
[CLEAN C985] REJECT Scratch: area 1.0 < 20; long_side 1.0 < 10; skeleton_aspect 0.500 < 2.5
[CLEAN C985] REJECT Pit: area 1.0 < 32
[CLEAN C986] type=Rejected area=0.0 perimeter=6.0 bbox=(1259,185,1,4) long=3.0 box_short=0.0 box_aspect=inf skeleton_width=2.00 skeleton_range=2.00-2.00 skeleton_aspect=1.500 circularity=0.000
[CLEAN C986] REJECT Scratch: area 0.0 < 20; 旋转包围框存在零边长; skeleton_aspect 1.500 < 2.5
[CLEAN C986] REJECT Pit: area 0.0 < 32; 旋转包围框存在零边长
[CLEAN C987] type=Rejected area=3.0 perimeter=12.8 bbox=(326,184,6,3) long=5.3 box_short=1.2 box_aspect=4.400 skeleton_width=2.00 skeleton_range=2.00-2.00 skeleton_aspect=2.668 circularity=0.229
[CLEAN C987] REJECT Scratch: area 3.0 < 20; long_side 5.3 < 10
[CLEAN C987] REJECT Pit: area 3.0 < 32; circularity 0.229 < 0.55
[CLEAN C988] type=Rejected area=1.0 perimeter=4.0 bbox=(1152,183,2,2) long=1.0 box_short=1.0 box_aspect=1.000 skeleton_width=2.00 skeleton_range=2.00-2.00 skeleton_aspect=0.500 circularity=0.785
[CLEAN C988] REJECT Scratch: area 1.0 < 20; long_side 1.0 < 10; skeleton_aspect 0.500 < 2.5
[CLEAN C988] REJECT Pit: area 1.0 < 32
[CLEAN C989] type=Scratch area=42.0 perimeter=39.3 bbox=(497,182,12,12) long=11.8 box_short=9.7 box_aspect=1.225 skeleton_width=4.00 skeleton_range=2.00-5.60 skeleton_aspect=2.956 circularity=0.341
[MEASURE C989] Scratch width=0.132438 mm valid=False
[CLEAN C990] type=Rejected area=2.0 perimeter=6.0 bbox=(523,181,3,2) long=2.0 box_short=1.0 box_aspect=2.000 skeleton_width=2.00 skeleton_range=2.00-2.00 skeleton_aspect=1.000 circularity=0.698
[CLEAN C990] REJECT Scratch: area 2.0 < 20; long_side 2.0 < 10; skeleton_aspect 1.000 < 2.5
[CLEAN C990] REJECT Pit: area 2.0 < 32
[CLEAN C991] type=Rejected area=1.0 perimeter=4.0 bbox=(283,181,2,2) long=1.0 box_short=1.0 box_aspect=1.000 skeleton_width=2.00 skeleton_range=2.00-2.00 skeleton_aspect=0.500 circularity=0.785
[CLEAN C991] REJECT Scratch: area 1.0 < 20; long_side 1.0 < 10; skeleton_aspect 0.500 < 2.5
[CLEAN C991] REJECT Pit: area 1.0 < 32
[CLEAN C992] type=Rejected area=1.0 perimeter=4.0 bbox=(107,178,2,2) long=1.0 box_short=1.0 box_aspect=1.000 skeleton_width=2.00 skeleton_range=2.00-2.00 skeleton_aspect=0.500 circularity=0.785
[CLEAN C992] REJECT Scratch: area 1.0 < 20; long_side 1.0 < 10; skeleton_aspect 0.500 < 2.5
[CLEAN C992] REJECT Pit: area 1.0 < 32
[CLEAN C993] type=Scratch area=37.5 perimeter=28.7 bbox=(1140,173,12,7) long=11.2 box_short=5.8 box_aspect=1.917 skeleton_width=3.60 skeleton_range=2.00-6.39 skeleton_aspect=3.102 circularity=0.571
[MEASURE C993] Scratch 不可测: 划痕最大宽度点超出中央有效测量区域
[CLEAN C994] type=Scratch area=30.0 perimeter=74.5 bbox=(338,172,4,36) long=35.1 box_short=2.5 box_aspect=14.134 skeleton_width=2.00 skeleton_range=2.00-4.00 skeleton_aspect=17.525 circularity=0.068
[MEASURE C994] Scratch width=0.087046 mm valid=False
[CLEAN C995] type=Rejected area=3.0 perimeter=8.0 bbox=(918,171,2,4) long=3.0 box_short=1.0 box_aspect=3.000 skeleton_width=2.00 skeleton_range=2.00-2.00 skeleton_aspect=1.500 circularity=0.589
[CLEAN C995] REJECT Scratch: area 3.0 < 20; long_side 3.0 < 10; skeleton_aspect 1.500 < 2.5
[CLEAN C995] REJECT Pit: area 3.0 < 32
[CLEAN C996] type=Rejected area=8.0 perimeter=18.8 bbox=(434,170,4,8) long=7.4 box_short=2.5 box_aspect=3.000 skeleton_width=2.00 skeleton_range=2.00-4.00 skeleton_aspect=3.699 circularity=0.284
[CLEAN C996] REJECT Scratch: area 8.0 < 20; long_side 7.4 < 10
[CLEAN C996] REJECT Pit: area 8.0 < 32; circularity 0.284 < 0.55
[CLEAN C997] type=Rejected area=1.0 perimeter=4.0 bbox=(1083,168,2,2) long=1.0 box_short=1.0 box_aspect=1.000 skeleton_width=2.00 skeleton_range=2.00-2.00 skeleton_aspect=0.500 circularity=0.785
[CLEAN C997] REJECT Scratch: area 1.0 < 20; long_side 1.0 < 10; skeleton_aspect 0.500 < 2.5
[CLEAN C997] REJECT Pit: area 1.0 < 32
[CLEAN C998] type=Scratch area=71.5 perimeter=50.7 bbox=(346,168,11,19) long=18.6 box_short=8.9 box_aspect=2.094 skeleton_width=2.00 skeleton_range=2.00-8.00 skeleton_aspect=9.291 circularity=0.349
[MEASURE C998] Scratch width=0.216771 mm valid=False
[CLEAN C999] type=Scratch area=223.0 perimeter=285.5 bbox=(1207,164,5,139) long=138.0 box_short=4.0 box_aspect=34.500 skeleton_width=2.80 skeleton_range=2.00-4.00 skeleton_aspect=49.286 circularity=0.034
[MEASURE C999] Scratch 不可测: 划痕最大宽度点超出中央有效测量区域
[CLEAN C1000] type=Rejected area=30.0 perimeter=24.5 bbox=(659,164,8,8) long=7.0 box_short=7.0 box_aspect=1.000 skeleton_width=4.00 skeleton_range=2.00-5.60 skeleton_aspect=1.750 circularity=0.629
[CLEAN C1000] REJECT Scratch: long_side 7.0 < 10; skeleton_aspect 1.750 < 2.5
[CLEAN C1000] REJECT Pit: area 30.0 < 32
[CLEAN C1001] type=Rejected area=4.0 perimeter=8.8 bbox=(305,163,3,4) long=3.0 box_short=2.0 box_aspect=1.500 skeleton_width=2.00 skeleton_range=2.00-2.80 skeleton_aspect=1.500 circularity=0.645
[CLEAN C1001] REJECT Scratch: area 4.0 < 20; long_side 3.0 < 10; skeleton_aspect 1.500 < 2.5
[CLEAN C1001] REJECT Pit: area 4.0 < 32
[CLEAN C1002] type=Rejected area=3.0 perimeter=6.8 bbox=(326,161,3,3) long=2.8 box_short=1.4 box_aspect=2.000 skeleton_width=2.00 skeleton_range=2.00-2.80 skeleton_aspect=1.414 circularity=0.809
[CLEAN C1002] REJECT Scratch: area 3.0 < 20; long_side 2.8 < 10; skeleton_aspect 1.414 < 2.5
[CLEAN C1002] REJECT Pit: area 3.0 < 32
[CLEAN C1003] type=Scratch area=68.5 perimeter=51.9 bbox=(308,160,11,19) long=20.5 box_short=7.6 box_aspect=2.688 skeleton_width=4.00 skeleton_range=2.00-6.00 skeleton_aspect=5.120 circularity=0.320
[MEASURE C1003] Scratch width=0.197727 mm valid=False
[CLEAN C1004] type=Scratch area=37.5 perimeter=35.9 bbox=(389,154,10,12) long=12.7 box_short=6.2 box_aspect=2.025 skeleton_width=2.00 skeleton_range=2.00-6.00 skeleton_aspect=6.325 circularity=0.366
[MEASURE C1004] Scratch width=0.167559 mm valid=False
[CLEAN C1005] type=Rejected area=29.5 perimeter=23.9 bbox=(528,152,9,7) long=7.9 box_short=6.0 box_aspect=1.316 skeleton_width=4.39 skeleton_range=2.00-6.00 skeleton_aspect=1.799 circularity=0.649
[CLEAN C1005] REJECT Scratch: long_side 7.9 < 10; skeleton_aspect 1.799 < 2.5
[CLEAN C1005] REJECT Pit: area 29.5 < 32
[CLEAN C1006] type=Scratch area=45.5 perimeter=47.1 bbox=(580,150,8,19) long=18.2 box_short=4.9 box_aspect=3.720 skeleton_width=4.00 skeleton_range=2.00-4.00 skeleton_aspect=4.560 circularity=0.258
[MEASURE C1006] Scratch width=0.077583 mm valid=False
[CLEAN C1007] type=Rejected area=5.5 perimeter=10.2 bbox=(1208,149,4,4) long=4.0 box_short=2.2 box_aspect=1.800 skeleton_width=2.00 skeleton_range=2.00-2.80 skeleton_aspect=2.012 circularity=0.659
[CLEAN C1007] REJECT Scratch: area 5.5 < 20; long_side 4.0 < 10; skeleton_aspect 2.012 < 2.5
[CLEAN C1007] REJECT Pit: area 5.5 < 32
[CLEAN C1008] type=Rejected area=1.0 perimeter=4.0 bbox=(1135,149,2,2) long=1.0 box_short=1.0 box_aspect=1.000 skeleton_width=2.00 skeleton_range=2.00-2.00 skeleton_aspect=0.500 circularity=0.785
[CLEAN C1008] REJECT Scratch: area 1.0 < 20; long_side 1.0 < 10; skeleton_aspect 0.500 < 2.5
[CLEAN C1008] REJECT Pit: area 1.0 < 32
[CLEAN C1009] type=Scratch area=45.5 perimeter=42.7 bbox=(633,144,9,17) long=17.5 box_short=5.6 box_aspect=3.133 skeleton_width=2.80 skeleton_range=2.00-6.00 skeleton_aspect=6.234 circularity=0.313
[MEASURE C1009] Scratch width=0.125008 mm valid=False
[CLEAN C1010] type=Scratch area=116.0 perimeter=52.1 bbox=(345,144,11,19) long=18.0 box_short=10.0 box_aspect=1.800 skeleton_width=6.00 skeleton_range=2.00-9.99 skeleton_aspect=3.000 circularity=0.536
[MEASURE C1010] Scratch width=0.271768 mm valid=True
Scratch: area = 116.0 width_px = 6.0 width_mm = 0.27176835594687176 ratio = 3.0
[CLEAN C1011] type=Rejected area=5.0 perimeter=8.8 bbox=(384,138,3,4) long=3.0 box_short=2.0 box_aspect=1.500 skeleton_width=2.40 skeleton_range=2.00-2.80 skeleton_aspect=1.250 circularity=0.806
[CLEAN C1011] REJECT Scratch: area 5.0 < 20; long_side 3.0 < 10; skeleton_aspect 1.250 < 2.5
[CLEAN C1011] REJECT Pit: area 5.0 < 32
[CLEAN C1012] type=Pit area=44.0 perimeter=28.5 bbox=(232,137,8,10) long=9.0 box_short=7.0 box_aspect=1.286 skeleton_width=4.20 skeleton_range=2.00-7.19 skeleton_aspect=2.144 circularity=0.681
[MEASURE C1012] Pit 不可测: 凹点中心超出中央有效测量区域
[CLEAN C1013] type=Rejected area=1.0 perimeter=4.0 bbox=(1209,136,2,2) long=1.0 box_short=1.0 box_aspect=1.000 skeleton_width=2.00 skeleton_range=2.00-2.00 skeleton_aspect=0.500 circularity=0.785
[CLEAN C1013] REJECT Scratch: area 1.0 < 20; long_side 1.0 < 10; skeleton_aspect 0.500 < 2.5
[CLEAN C1013] REJECT Pit: area 1.0 < 32
[CLEAN C1014] type=Pit area=39.0 perimeter=27.3 bbox=(601,136,7,11) long=10.8 box_short=5.4 box_aspect=2.000 skeleton_width=4.39 skeleton_range=2.00-6.00 skeleton_aspect=2.447 circularity=0.657
[MEASURE C1014] Pit diameter=0.256666 mm valid=True
Pit: area = 39.0 diameter_mm = 0.25666552782058716 circularity = 0.6569209872404411
[CLEAN C1015] type=Scratch area=98.0 perimeter=97.3 bbox=(293,135,7,45) long=44.2 box_short=4.6 box_aspect=9.634 skeleton_width=4.00 skeleton_range=2.00-5.60 skeleton_aspect=11.045 circularity=0.130
[MEASURE C1015] Scratch width=0.147216 mm valid=False
[CLEAN C1016] type=Rejected area=1.0 perimeter=4.0 bbox=(724,133,2,2) long=1.0 box_short=1.0 box_aspect=1.000 skeleton_width=2.00 skeleton_range=2.00-2.00 skeleton_aspect=0.500 circularity=0.785
[CLEAN C1016] REJECT Scratch: area 1.0 < 20; long_side 1.0 < 10; skeleton_aspect 0.500 < 2.5
[CLEAN C1016] REJECT Pit: area 1.0 < 32
[CLEAN C1017] type=Rejected area=6.0 perimeter=23.7 bbox=(309,133,5,10) long=9.8 box_short=2.5 box_aspect=4.000 skeleton_width=2.00 skeleton_range=2.00-2.00 skeleton_aspect=4.916 circularity=0.135
[CLEAN C1017] REJECT Scratch: area 6.0 < 20; long_side 9.8 < 10
[CLEAN C1017] REJECT Pit: area 6.0 < 32; circularity 0.135 < 0.55
[CLEAN C1018] type=Rejected area=30.5 perimeter=21.9 bbox=(328,131,8,7) long=7.0 box_short=6.0 box_aspect=1.167 skeleton_width=4.39 skeleton_range=2.80-6.00 skeleton_aspect=1.593 circularity=0.799
[CLEAN C1018] REJECT Scratch: long_side 7.0 < 10; skeleton_aspect 1.593 < 2.5
[CLEAN C1018] REJECT Pit: area 30.5 < 32
[CLEAN C1019] type=Rejected area=29.0 perimeter=24.5 bbox=(523,125,10,6) long=9.0 box_short=5.0 box_aspect=1.800 skeleton_width=4.00 skeleton_range=2.00-5.60 skeleton_aspect=2.250 circularity=0.608
[CLEAN C1019] REJECT Scratch: long_side 9.0 < 10; skeleton_aspect 2.250 < 2.5
[CLEAN C1019] REJECT Pit: area 29.0 < 32
[CLEAN C1020] type=Rejected area=6.0 perimeter=30.8 bbox=(1133,123,4,14) long=13.2 box_short=2.2 box_aspect=6.115 skeleton_width=2.00 skeleton_range=2.00-4.00 skeleton_aspect=6.602 circularity=0.079
[CLEAN C1020] REJECT Scratch: area 6.0 < 20
[CLEAN C1020] REJECT Pit: area 6.0 < 32; circularity 0.079 < 0.55; aspect_ratio 6.115 > 5.0
[CLEAN C1021] type=Rejected area=3.5 perimeter=7.4 bbox=(912,123,3,3) long=2.0 box_short=2.0 box_aspect=1.000 skeleton_width=2.00 skeleton_range=2.00-2.80 skeleton_aspect=1.000 circularity=0.800
[CLEAN C1021] REJECT Scratch: area 3.5 < 20; long_side 2.0 < 10; skeleton_aspect 1.000 < 2.5
[CLEAN C1021] REJECT Pit: area 3.5 < 32
[CLEAN C1022] type=Rejected area=1.0 perimeter=4.0 bbox=(728,123,2,2) long=1.0 box_short=1.0 box_aspect=1.000 skeleton_width=2.00 skeleton_range=2.00-2.00 skeleton_aspect=0.500 circularity=0.785
[CLEAN C1022] REJECT Scratch: area 1.0 < 20; long_side 1.0 < 10; skeleton_aspect 0.500 < 2.5
[CLEAN C1022] REJECT Pit: area 1.0 < 32
[CLEAN C1023] type=Rejected area=1.0 perimeter=4.0 bbox=(658,121,2,2) long=1.0 box_short=1.0 box_aspect=1.000 skeleton_width=2.00 skeleton_range=2.00-2.00 skeleton_aspect=0.500 circularity=0.785
[CLEAN C1023] REJECT Scratch: area 1.0 < 20; long_side 1.0 < 10; skeleton_aspect 0.500 < 2.5
[CLEAN C1023] REJECT Pit: area 1.0 < 32
[CLEAN C1024] type=Pit area=58.5 perimeter=31.9 bbox=(345,120,11,9) long=10.0 box_short=8.0 box_aspect=1.250 skeleton_width=4.39 skeleton_range=2.00-7.19 skeleton_aspect=2.276 circularity=0.722
[MEASURE C1024] Pit diameter=0.327104 mm valid=True
Pit: area = 58.5 diameter_mm = 0.32710355520248413 circularity = 0.7224339064908882
[CLEAN C1025] type=Rejected area=5.0 perimeter=10.8 bbox=(280,117,5,3) long=4.0 box_short=2.0 box_aspect=2.000 skeleton_width=2.00 skeleton_range=2.00-2.80 skeleton_aspect=2.000 circularity=0.536
[CLEAN C1025] REJECT Scratch: area 5.0 < 20; long_side 4.0 < 10; skeleton_aspect 2.000 < 2.5
[CLEAN C1025] REJECT Pit: area 5.0 < 32; circularity 0.536 < 0.55
[CLEAN C1026] type=Rejected area=10.5 perimeter=25.1 bbox=(549,116,6,10) long=10.2 box_short=3.3 box_aspect=3.120 skeleton_width=2.00 skeleton_range=2.00-2.80 skeleton_aspect=5.121 circularity=0.210
[CLEAN C1026] REJECT Scratch: area 10.5 < 20
[CLEAN C1026] REJECT Pit: area 10.5 < 32; circularity 0.210 < 0.55
[CLEAN C1027] type=Rejected area=9.5 perimeter=14.2 bbox=(566,115,6,4) long=5.0 box_short=3.0 box_aspect=1.667 skeleton_width=2.00 skeleton_range=2.00-4.00 skeleton_aspect=2.500 circularity=0.589
[CLEAN C1027] REJECT Scratch: area 9.5 < 20; long_side 5.0 < 10
[CLEAN C1027] REJECT Pit: area 9.5 < 32
[CLEAN C1028] type=Rejected area=1.0 perimeter=4.0 bbox=(731,114,2,2) long=1.0 box_short=1.0 box_aspect=1.000 skeleton_width=2.00 skeleton_range=2.00-2.00 skeleton_aspect=0.500 circularity=0.785
[CLEAN C1028] REJECT Scratch: area 1.0 < 20; long_side 1.0 < 10; skeleton_aspect 0.500 < 2.5
[CLEAN C1028] REJECT Pit: area 1.0 < 32
[CLEAN C1029] type=Rejected area=1.0 perimeter=4.0 bbox=(896,112,2,2) long=1.0 box_short=1.0 box_aspect=1.000 skeleton_width=2.00 skeleton_range=2.00-2.00 skeleton_aspect=0.500 circularity=0.785
[CLEAN C1029] REJECT Scratch: area 1.0 < 20; long_side 1.0 < 10; skeleton_aspect 0.500 < 2.5
[CLEAN C1029] REJECT Pit: area 1.0 < 32
[CLEAN C1030] type=Rejected area=7.5 perimeter=14.2 bbox=(872,107,6,4) long=5.0 box_short=3.0 box_aspect=1.667 skeleton_width=2.00 skeleton_range=2.00-2.80 skeleton_aspect=2.500 circularity=0.465
[CLEAN C1030] REJECT Scratch: area 7.5 < 20; long_side 5.0 < 10
[CLEAN C1030] REJECT Pit: area 7.5 < 32; circularity 0.465 < 0.55
[CLEAN C1031] type=Rejected area=1.0 perimeter=4.0 bbox=(502,107,2,2) long=1.0 box_short=1.0 box_aspect=1.000 skeleton_width=2.00 skeleton_range=2.00-2.00 skeleton_aspect=0.500 circularity=0.785
[CLEAN C1031] REJECT Scratch: area 1.0 < 20; long_side 1.0 < 10; skeleton_aspect 0.500 < 2.5
[CLEAN C1031] REJECT Pit: area 1.0 < 32
[CLEAN C1032] type=Rejected area=1.0 perimeter=4.0 bbox=(1135,106,2,2) long=1.0 box_short=1.0 box_aspect=1.000 skeleton_width=2.00 skeleton_range=2.00-2.00 skeleton_aspect=0.500 circularity=0.785
[CLEAN C1032] REJECT Scratch: area 1.0 < 20; long_side 1.0 < 10; skeleton_aspect 0.500 < 2.5
[CLEAN C1032] REJECT Pit: area 1.0 < 32
[CLEAN C1033] type=Scratch area=67.5 perimeter=48.2 bbox=(305,105,6,21) long=20.0 box_short=5.0 box_aspect=4.000 skeleton_width=4.00 skeleton_range=2.00-6.00 skeleton_aspect=5.000 circularity=0.364
[MEASURE C1033] Scratch width=0.173134 mm valid=False
[CLEAN C1034] type=Rejected area=8.5 perimeter=12.2 bbox=(386,100,4,5) long=4.0 box_short=3.0 box_aspect=1.333 skeleton_width=2.80 skeleton_range=2.00-4.00 skeleton_aspect=1.429 circularity=0.713
[CLEAN C1034] REJECT Scratch: area 8.5 < 20; long_side 4.0 < 10; skeleton_aspect 1.429 < 2.5
[CLEAN C1034] REJECT Pit: area 8.5 < 32
[CLEAN C1035] type=Rejected area=16.0 perimeter=18.5 bbox=(760,94,8,5) long=7.6 box_short=3.3 box_aspect=2.278 skeleton_width=2.80 skeleton_range=2.00-4.00 skeleton_aspect=2.719 circularity=0.588
[CLEAN C1035] REJECT Scratch: area 16.0 < 20; long_side 7.6 < 10
[CLEAN C1035] REJECT Pit: area 16.0 < 32
[CLEAN C1036] type=Rejected area=19.0 perimeter=22.5 bbox=(745,91,8,7) long=6.4 box_short=5.2 box_aspect=1.231 skeleton_width=2.00 skeleton_range=2.00-4.39 skeleton_aspect=3.200 circularity=0.472
[CLEAN C1036] REJECT Scratch: area 19.0 < 20; long_side 6.4 < 10
[CLEAN C1036] REJECT Pit: area 19.0 < 32; circularity 0.472 < 0.55
[CLEAN C1037] type=Scratch area=50.5 perimeter=31.9 bbox=(549,91,8,12) long=11.0 box_short=7.0 box_aspect=1.571 skeleton_width=4.39 skeleton_range=2.00-6.39 skeleton_aspect=2.504 circularity=0.624
[MEASURE C1037] Scratch width=0.161701 mm valid=False
[CLEAN C1038] type=Rejected area=7.0 perimeter=17.7 bbox=(444,91,6,6) long=7.0 box_short=2.2 box_aspect=3.182 skeleton_width=2.00 skeleton_range=2.00-2.00 skeleton_aspect=3.500 circularity=0.282
[CLEAN C1038] REJECT Scratch: area 7.0 < 20; long_side 7.0 < 10
[CLEAN C1038] REJECT Pit: area 7.0 < 32; circularity 0.282 < 0.55
[CLEAN C1039] type=Rejected area=5.0 perimeter=16.8 bbox=(279,91,3,8) long=7.2 box_short=1.5 box_aspect=4.889 skeleton_width=2.00 skeleton_range=2.00-2.00 skeleton_aspect=3.617 circularity=0.222
[CLEAN C1039] REJECT Scratch: area 5.0 < 20; long_side 7.2 < 10
[CLEAN C1039] REJECT Pit: area 5.0 < 32; circularity 0.222 < 0.55
[CLEAN C1040] type=Rejected area=1.0 perimeter=4.0 bbox=(450,88,2,2) long=1.0 box_short=1.0 box_aspect=1.000 skeleton_width=2.00 skeleton_range=2.00-2.00 skeleton_aspect=0.500 circularity=0.785
[CLEAN C1040] REJECT Scratch: area 1.0 < 20; long_side 1.0 < 10; skeleton_aspect 0.500 < 2.5
[CLEAN C1040] REJECT Pit: area 1.0 < 32
[CLEAN C1041] type=Scratch area=25.0 perimeter=45.3 bbox=(724,87,19,6) long=18.2 box_short=3.6 box_aspect=5.106 skeleton_width=2.00 skeleton_range=2.00-2.80 skeleton_aspect=9.123 circularity=0.153
[MEASURE C1041] Scratch width=0.077417 mm valid=False
[CLEAN C1042] type=Scratch area=51.5 perimeter=37.6 bbox=(606,84,10,14) long=11.9 box_short=7.6 box_aspect=1.560 skeleton_width=4.20 skeleton_range=2.00-5.60 skeleton_aspect=2.831 circularity=0.459
[MEASURE C1042] Scratch width=0.148855 mm valid=False
[CLEAN C1043] type=Rejected area=1.0 perimeter=4.0 bbox=(363,81,2,2) long=1.0 box_short=1.0 box_aspect=1.000 skeleton_width=2.00 skeleton_range=2.00-2.00 skeleton_aspect=0.500 circularity=0.785
[CLEAN C1043] REJECT Scratch: area 1.0 < 20; long_side 1.0 < 10; skeleton_aspect 0.500 < 2.5
[CLEAN C1043] REJECT Pit: area 1.0 < 32
[CLEAN C1044] type=Scratch area=141.0 perimeter=59.5 bbox=(1124,79,18,18) long=20.7 box_short=12.5 box_aspect=1.655 skeleton_width=6.39 skeleton_range=2.00-8.39 skeleton_aspect=3.232 circularity=0.501
[MEASURE C1044] Scratch 不可测: 划痕最大宽度点超出中央有效测量区域
[CLEAN C1045] type=Rejected area=2.0 perimeter=6.0 bbox=(596,79,2,3) long=2.0 box_short=1.0 box_aspect=2.000 skeleton_width=2.00 skeleton_range=2.00-2.00 skeleton_aspect=1.000 circularity=0.698
[CLEAN C1045] REJECT Scratch: area 2.0 < 20; long_side 2.0 < 10; skeleton_aspect 1.000 < 2.5
[CLEAN C1045] REJECT Pit: area 2.0 < 32
[CLEAN C1046] type=Rejected area=28.5 perimeter=26.2 bbox=(383,78,7,9) long=8.0 box_short=6.0 box_aspect=1.333 skeleton_width=4.00 skeleton_range=2.00-5.60 skeleton_aspect=2.000 circularity=0.520
[CLEAN C1046] REJECT Scratch: long_side 8.0 < 10; skeleton_aspect 2.000 < 2.5
[CLEAN C1046] REJECT Pit: area 28.5 < 32; circularity 0.520 < 0.55
[CLEAN C1047] type=Scratch area=84.5 perimeter=53.9 bbox=(292,77,7,24) long=23.0 box_short=6.0 box_aspect=3.833 skeleton_width=4.39 skeleton_range=2.00-7.19 skeleton_aspect=5.235 circularity=0.366
[MEASURE C1047] Scratch width=0.203484 mm valid=False
[CLEAN C1048] type=Rejected area=3.0 perimeter=6.8 bbox=(719,74,3,3) long=2.8 box_short=1.4 box_aspect=2.000 skeleton_width=2.00 skeleton_range=2.00-2.80 skeleton_aspect=1.414 circularity=0.809
[CLEAN C1048] REJECT Scratch: area 3.0 < 20; long_side 2.8 < 10; skeleton_aspect 1.414 < 2.5
[CLEAN C1048] REJECT Pit: area 3.0 < 32
[CLEAN C1049] type=Scratch area=46.0 perimeter=50.5 bbox=(29,74,5,24) long=23.1 box_short=3.5 box_aspect=6.673 skeleton_width=4.00 skeleton_range=2.00-4.00 skeleton_aspect=5.771 circularity=0.227
[MEASURE C1049] Scratch 不可测: 划痕最大宽度点超出中央有效测量区域
[CLEAN C1050] type=Rejected area=3.5 perimeter=7.4 bbox=(1134,68,3,3) long=2.0 box_short=2.0 box_aspect=1.000 skeleton_width=2.00 skeleton_range=2.00-2.80 skeleton_aspect=1.000 circularity=0.800
[CLEAN C1050] REJECT Scratch: area 3.5 < 20; long_side 2.0 < 10; skeleton_aspect 1.000 < 2.5
[CLEAN C1050] REJECT Pit: area 3.5 < 32
[CLEAN C1051] type=Rejected area=1.0 perimeter=4.0 bbox=(700,66,2,2) long=1.0 box_short=1.0 box_aspect=1.000 skeleton_width=2.00 skeleton_range=2.00-2.00 skeleton_aspect=0.500 circularity=0.785
[CLEAN C1051] REJECT Scratch: area 1.0 < 20; long_side 1.0 < 10; skeleton_aspect 0.500 < 2.5
[CLEAN C1051] REJECT Pit: area 1.0 < 32
[CLEAN C1052] type=Rejected area=9.5 perimeter=12.2 bbox=(404,65,4,5) long=4.0 box_short=3.0 box_aspect=1.333 skeleton_width=2.80 skeleton_range=2.00-4.00 skeleton_aspect=1.429 circularity=0.796
[CLEAN C1052] REJECT Scratch: area 9.5 < 20; long_side 4.0 < 10; skeleton_aspect 1.429 < 2.5
[CLEAN C1052] REJECT Pit: area 9.5 < 32
[CLEAN C1053] type=Rejected area=10.0 perimeter=18.8 bbox=(580,64,4,8) long=7.4 box_short=2.1 box_aspect=3.462 skeleton_width=2.00 skeleton_range=2.00-2.80 skeleton_aspect=3.699 circularity=0.354
[CLEAN C1053] REJECT Scratch: area 10.0 < 20; long_side 7.4 < 10
[CLEAN C1053] REJECT Pit: area 10.0 < 32; circularity 0.354 < 0.55
[CLEAN C1054] type=Rejected area=11.0 perimeter=21.7 bbox=(688,63,8,5) long=7.0 box_short=4.0 box_aspect=1.750 skeleton_width=2.00 skeleton_range=2.00-4.00 skeleton_aspect=3.500 circularity=0.295
[CLEAN C1054] REJECT Scratch: area 11.0 < 20; long_side 7.0 < 10
[CLEAN C1054] REJECT Pit: area 11.0 < 32; circularity 0.295 < 0.55
[CLEAN C1055] type=Rejected area=11.0 perimeter=22.8 bbox=(286,63,3,11) long=10.0 box_short=2.0 box_aspect=5.000 skeleton_width=2.00 skeleton_range=2.00-2.80 skeleton_aspect=5.000 circularity=0.265
[CLEAN C1055] REJECT Scratch: area 11.0 < 20
[CLEAN C1055] REJECT Pit: area 11.0 < 32; circularity 0.265 < 0.55
[CLEAN C1056] type=Rejected area=12.0 perimeter=17.7 bbox=(531,61,6,6) long=6.9 box_short=3.3 box_aspect=2.083 skeleton_width=2.40 skeleton_range=2.00-4.00 skeleton_aspect=2.889 circularity=0.484
[CLEAN C1056] REJECT Scratch: area 12.0 < 20; long_side 6.9 < 10
[CLEAN C1056] REJECT Pit: area 12.0 < 32; circularity 0.484 < 0.55
[CLEAN C1057] type=Rejected area=1.0 perimeter=4.0 bbox=(676,60,2,2) long=1.0 box_short=1.0 box_aspect=1.000 skeleton_width=2.00 skeleton_range=2.00-2.00 skeleton_aspect=0.500 circularity=0.785
[CLEAN C1057] REJECT Scratch: area 1.0 < 20; long_side 1.0 < 10; skeleton_aspect 0.500 < 2.5
[CLEAN C1057] REJECT Pit: area 1.0 < 32
[CLEAN C1058] type=Rejected area=17.5 perimeter=19.1 bbox=(417,60,7,6) long=6.5 box_short=4.3 box_aspect=1.500 skeleton_width=2.80 skeleton_range=2.00-4.39 skeleton_aspect=2.311 circularity=0.605
[CLEAN C1058] REJECT Scratch: area 17.5 < 20; long_side 6.5 < 10; skeleton_aspect 2.311 < 2.5
[CLEAN C1058] REJECT Pit: area 17.5 < 32
[CLEAN C1059] type=Scratch area=97.5 perimeter=105.6 bbox=(310,50,7,47) long=46.1 box_short=5.7 box_aspect=8.075 skeleton_width=4.00 skeleton_range=2.00-4.00 skeleton_aspect=11.528 circularity=0.110
[MEASURE C1059] Scratch width=0.116912 mm valid=False
[CLEAN C1060] type=Rejected area=4.0 perimeter=8.8 bbox=(39,50,4,3) long=3.0 box_short=2.0 box_aspect=1.500 skeleton_width=2.00 skeleton_range=2.00-2.80 skeleton_aspect=1.500 circularity=0.645
[CLEAN C1060] REJECT Scratch: area 4.0 < 20; long_side 3.0 < 10; skeleton_aspect 1.500 < 2.5
[CLEAN C1060] REJECT Pit: area 4.0 < 32
[CLEAN C1061] type=Rejected area=18.5 perimeter=18.2 bbox=(204,48,6,6) long=5.0 box_short=5.0 box_aspect=1.000 skeleton_width=2.80 skeleton_range=2.00-5.60 skeleton_aspect=1.786 circularity=0.699
[CLEAN C1061] REJECT Scratch: area 18.5 < 20; long_side 5.0 < 10; skeleton_aspect 1.786 < 2.5
[CLEAN C1061] REJECT Pit: area 18.5 < 32
[CLEAN C1062] type=Scratch area=36.5 perimeter=33.1 bbox=(321,46,15,5) long=14.0 box_short=3.9 box_aspect=3.629 skeleton_width=4.00 skeleton_range=2.00-4.00 skeleton_aspect=3.506 circularity=0.419
[MEASURE C1062] Scratch width=0.101319 mm valid=False
[CLEAN C1063] type=Scratch area=63.5 perimeter=68.4 bbox=(289,43,12,26) long=23.3 box_short=11.7 box_aspect=1.992 skeleton_width=2.80 skeleton_range=2.00-6.39 skeleton_aspect=8.305 circularity=0.171
[MEASURE C1063] Scratch width=0.197208 mm valid=False
[CLEAN C1064] type=Scratch area=226.5 perimeter=100.5 bbox=(84,43,31,18) long=29.0 box_short=17.5 box_aspect=1.659 skeleton_width=4.39 skeleton_range=2.00-9.99 skeleton_aspect=6.595 circularity=0.282
[MEASURE C1064] Scratch 不可测: 划痕最大宽度点超出中央有效测量区域
[CLEAN C1065] type=Scratch area=46.0 perimeter=40.1 bbox=(189,38,9,16) long=16.6 box_short=5.1 box_aspect=3.260 skeleton_width=4.00 skeleton_range=2.00-5.60 skeleton_aspect=4.138 circularity=0.359
[MEASURE C1065] Scratch 不可测: 划痕最大宽度点超出中央有效测量区域
[CLEAN C1066] type=Scratch area=363.5 perimeter=219.5 bbox=(340,37,27,67) long=65.9 box_short=23.7 box_aspect=2.777 skeleton_width=2.80 skeleton_range=2.00-12.00 skeleton_aspect=23.546 circularity=0.095
[MEASURE C1066] Scratch width=0.308387 mm valid=True
Scratch: area = 363.5 width_px = 2.799999952316284 width_mm = 0.30838687446857604 ratio = 23.54557894886526
[CLEAN C1067] type=Rejected area=9.5 perimeter=13.4 bbox=(316,37,5,4) long=4.0 box_short=3.0 box_aspect=1.333 skeleton_width=2.40 skeleton_range=2.00-4.00 skeleton_aspect=1.667 circularity=0.663
[CLEAN C1067] REJECT Scratch: area 9.5 < 20; long_side 4.0 < 10; skeleton_aspect 1.667 < 2.5
[CLEAN C1067] REJECT Pit: area 9.5 < 32
[CLEAN C1068] type=Rejected area=1.0 perimeter=4.0 bbox=(287,36,2,2) long=1.0 box_short=1.0 box_aspect=1.000 skeleton_width=2.00 skeleton_range=2.00-2.00 skeleton_aspect=0.500 circularity=0.785
[CLEAN C1068] REJECT Scratch: area 1.0 < 20; long_side 1.0 < 10; skeleton_aspect 0.500 < 2.5
[CLEAN C1068] REJECT Pit: area 1.0 < 32
[CLEAN C1069] type=Scratch area=233.0 perimeter=78.6 bbox=(265,36,21,22) long=21.7 box_short=17.3 box_aspect=1.259 skeleton_width=6.20 skeleton_range=2.00-14.00 skeleton_aspect=3.505 circularity=0.474
[MEASURE C1069] Scratch width=0.381282 mm valid=True
Scratch: area = 233.0 width_px = 6.196899890899658 width_mm = 0.381281540983456 ratio = 3.5051696923654267
[CLEAN C1070] type=Rejected area=1.0 perimeter=4.0 bbox=(363,33,2,2) long=1.0 box_short=1.0 box_aspect=1.000 skeleton_width=2.00 skeleton_range=2.00-2.00 skeleton_aspect=0.500 circularity=0.785
[CLEAN C1070] REJECT Scratch: area 1.0 < 20; long_side 1.0 < 10; skeleton_aspect 0.500 < 2.5
[CLEAN C1070] REJECT Pit: area 1.0 < 32
[CLEAN C1071] type=Scratch area=466.0 perimeter=172.9 bbox=(0,28,35,38) long=37.1 box_short=31.9 box_aspect=1.163 skeleton_width=4.39 skeleton_range=2.00-15.18 skeleton_aspect=8.449 circularity=0.196
[MEASURE C1071] Scratch 不可测: 划痕最大宽度点超出中央有效测量区域
[CLEAN C1072] type=Scratch area=619.5 perimeter=260.0 bbox=(116,27,74,29) long=72.9 box_short=27.7 box_aspect=2.634 skeleton_width=4.00 skeleton_range=2.00-15.98 skeleton_aspect=18.231 circularity=0.115
[MEASURE C1072] Scratch 不可测: 划痕最大宽度点超出中央有效测量区域
[CLEAN C1073] type=Scratch area=38.0 perimeter=54.1 bbox=(298,26,15,15) long=15.2 box_short=12.7 box_aspect=1.198 skeleton_width=2.00 skeleton_range=2.00-4.00 skeleton_aspect=7.610 circularity=0.163
[MEASURE C1073] Scratch width=0.368320 mm valid=True
Scratch: area = 38.0 width_px = 2.0 width_mm = 0.3683200400360137 ratio = 7.610355377197266
[CLEAN C1074] type=Scratch area=401.5 perimeter=252.3 bbox=(209,25,51,30) long=48.4 box_short=29.9 box_aspect=1.620 skeleton_width=4.00 skeleton_range=2.00-12.00 skeleton_aspect=12.090 circularity=0.079
[MEASURE C1074] Scratch 不可测: 划痕最大宽度点超出中央有效测量区域
[CLEAN C1075] type=Rejected area=3.0 perimeter=6.8 bbox=(537,21,3,3) long=2.8 box_short=1.4 box_aspect=2.000 skeleton_width=2.00 skeleton_range=2.00-2.80 skeleton_aspect=1.414 circularity=0.809
[CLEAN C1075] REJECT Scratch: area 3.0 < 20; long_side 2.8 < 10; skeleton_aspect 1.414 < 2.5
[CLEAN C1075] REJECT Pit: area 3.0 < 32
[CLEAN C1076] type=Scratch area=717.0 perimeter=305.9 bbox=(48,20,89,36) long=91.7 box_short=30.6 box_aspect=3.000 skeleton_width=4.00 skeleton_range=2.00-18.00 skeleton_aspect=22.920 circularity=0.096
[MEASURE C1076] Scratch 不可测: 划痕最大宽度点超出中央有效测量区域
[CLEAN C1077] type=Rejected area=3.0 perimeter=6.8 bbox=(147,18,3,3) long=2.8 box_short=1.4 box_aspect=2.000 skeleton_width=2.00 skeleton_range=2.00-2.80 skeleton_aspect=1.414 circularity=0.809
[CLEAN C1077] REJECT Scratch: area 3.0 < 20; long_side 2.8 < 10; skeleton_aspect 1.414 < 2.5
[CLEAN C1077] REJECT Pit: area 3.0 < 32
[CLEAN C1078] type=Rejected area=7.5 perimeter=13.4 bbox=(343,17,6,3) long=5.0 box_short=2.0 box_aspect=2.500 skeleton_width=2.00 skeleton_range=2.00-4.00 skeleton_aspect=2.500 circularity=0.524
[CLEAN C1078] REJECT Scratch: area 7.5 < 20; long_side 5.0 < 10
[CLEAN C1078] REJECT Pit: area 7.5 < 32; circularity 0.524 < 0.55
[CLEAN C1079] type=Scratch area=51.5 perimeter=66.4 bbox=(321,17,21,14) long=16.2 box_short=15.0 box_aspect=1.078 skeleton_width=2.00 skeleton_range=2.00-4.00 skeleton_aspect=8.087 circularity=0.147
[MEASURE C1079] Scratch width=0.245413 mm valid=False
[CLEAN C1080] type=Rejected area=3.0 perimeter=8.0 bbox=(386,16,4,2) long=3.0 box_short=1.0 box_aspect=3.000 skeleton_width=2.00 skeleton_range=2.00-2.00 skeleton_aspect=1.500 circularity=0.589
[CLEAN C1080] REJECT Scratch: area 3.0 < 20; long_side 3.0 < 10; skeleton_aspect 1.500 < 2.5
[CLEAN C1080] REJECT Pit: area 3.0 < 32
[CLEAN C1081] type=Rejected area=4.0 perimeter=8.8 bbox=(378,16,4,3) long=3.0 box_short=2.0 box_aspect=1.500 skeleton_width=2.00 skeleton_range=2.00-2.80 skeleton_aspect=1.500 circularity=0.645
[CLEAN C1081] REJECT Scratch: area 4.0 < 20; long_side 3.0 < 10; skeleton_aspect 1.500 < 2.5
[CLEAN C1081] REJECT Pit: area 4.0 < 32
[CLEAN C1082] type=Scratch area=25.5 perimeter=31.1 bbox=(355,16,13,4) long=12.0 box_short=3.0 box_aspect=4.000 skeleton_width=2.80 skeleton_range=2.00-4.00 skeleton_aspect=4.286 circularity=0.332
[MEASURE C1082] Scratch width=0.095238 mm valid=False
[CLEAN C1083] type=Rejected area=1.0 perimeter=4.0 bbox=(730,13,2,2) long=1.0 box_short=1.0 box_aspect=1.000 skeleton_width=2.00 skeleton_range=2.00-2.00 skeleton_aspect=0.500 circularity=0.785
[CLEAN C1083] REJECT Scratch: area 1.0 < 20; long_side 1.0 < 10; skeleton_aspect 0.500 < 2.5
[CLEAN C1083] REJECT Pit: area 1.0 < 32
[CLEAN C1084] type=Rejected area=1.0 perimeter=4.0 bbox=(859,12,2,2) long=1.0 box_short=1.0 box_aspect=1.000 skeleton_width=2.00 skeleton_range=2.00-2.00 skeleton_aspect=0.500 circularity=0.785
[CLEAN C1084] REJECT Scratch: area 1.0 < 20; long_side 1.0 < 10; skeleton_aspect 0.500 < 2.5
[CLEAN C1084] REJECT Pit: area 1.0 < 32
[CLEAN C1085] type=Rejected area=3.5 perimeter=7.4 bbox=(1024,0,3,3) long=2.0 box_short=2.0 box_aspect=1.000 skeleton_width=2.00 skeleton_range=2.00-2.80 skeleton_aspect=1.000 circularity=0.800
[CLEAN C1085] REJECT Scratch: area 3.5 < 20; long_side 2.0 < 10; skeleton_aspect 1.000 < 2.5
[CLEAN C1085] REJECT Pit: area 3.5 < 32
[CLEAN C1086] type=Rejected area=6.5 perimeter=13.4 bbox=(988,0,6,3) long=5.0 box_short=2.0 box_aspect=2.500 skeleton_width=2.00 skeleton_range=2.00-2.80 skeleton_aspect=2.500 circularity=0.454
[CLEAN C1086] REJECT Scratch: area 6.5 < 20; long_side 5.0 < 10
[CLEAN C1086] REJECT Pit: area 6.5 < 32; circularity 0.454 < 0.55
[CLEAN C1087] type=Rejected area=2.0 perimeter=6.0 bbox=(855,0,3,2) long=2.0 box_short=1.0 box_aspect=2.000 skeleton_width=2.00 skeleton_range=2.00-2.00 skeleton_aspect=1.000 circularity=0.698
[CLEAN C1087] REJECT Scratch: area 2.0 < 20; long_side 2.0 < 10; skeleton_aspect 1.000 < 2.5
[CLEAN C1087] REJECT Pit: area 2.0 < 32
[CLEAN C1088] type=Rejected area=19.0 perimeter=22.8 bbox=(835,0,10,4) long=9.0 box_short=3.0 box_aspect=3.000 skeleton_width=4.00 skeleton_range=2.00-4.00 skeleton_aspect=2.250 circularity=0.458
[CLEAN C1088] REJECT Scratch: area 19.0 < 20; long_side 9.0 < 10; skeleton_aspect 2.250 < 2.5
[CLEAN C1088] REJECT Pit: area 19.0 < 32; circularity 0.458 < 0.55
[CLEAN C1089] type=Rejected area=14.5 perimeter=22.2 bbox=(820,0,9,4) long=8.0 box_short=3.0 box_aspect=2.667 skeleton_width=2.00 skeleton_range=2.00-4.00 skeleton_aspect=4.000 circularity=0.368
[CLEAN C1089] REJECT Scratch: area 14.5 < 20; long_side 8.0 < 10
[CLEAN C1089] REJECT Pit: area 14.5 < 32; circularity 0.368 < 0.55
[CLEAN C1090] type=Rejected area=17.5 perimeter=18.2 bbox=(803,0,8,4) long=7.0 box_short=3.0 box_aspect=2.333 skeleton_width=4.00 skeleton_range=2.00-4.00 skeleton_aspect=1.750 circularity=0.661
[CLEAN C1090] REJECT Scratch: area 17.5 < 20; long_side 7.0 < 10; skeleton_aspect 1.750 < 2.5
[CLEAN C1090] REJECT Pit: area 17.5 < 32
[CLEAN C1091] type=Rejected area=13.5 perimeter=17.4 bbox=(790,0,7,4) long=6.0 box_short=3.0 box_aspect=2.000 skeleton_width=3.40 skeleton_range=2.00-4.00 skeleton_aspect=1.765 circularity=0.559
[CLEAN C1091] REJECT Scratch: area 13.5 < 20; long_side 6.0 < 10; skeleton_aspect 1.765 < 2.5
[CLEAN C1091] REJECT Pit: area 13.5 < 32
[CLEAN C1092] type=Scratch area=34.5 perimeter=36.2 bbox=(768,0,17,4) long=16.0 box_short=3.0 box_aspect=5.333 skeleton_width=4.00 skeleton_range=2.00-4.00 skeleton_aspect=4.000 circularity=0.330
[MEASURE C1092] Scratch width=0.095238 mm valid=False
[CLEAN C1093] type=Rejected area=5.5 perimeter=9.4 bbox=(760,0,4,3) long=3.0 box_short=2.0 box_aspect=1.500 skeleton_width=2.00 skeleton_range=2.00-4.00 skeleton_aspect=1.500 circularity=0.780
[CLEAN C1093] REJECT Scratch: area 5.5 < 20; long_side 3.0 < 10; skeleton_aspect 1.500 < 2.5
[CLEAN C1093] REJECT Pit: area 5.5 < 32
[CLEAN C1094] type=Rejected area=5.0 perimeter=8.8 bbox=(752,0,4,3) long=3.0 box_short=2.0 box_aspect=1.500 skeleton_width=2.40 skeleton_range=2.00-2.80 skeleton_aspect=1.250 circularity=0.806
[CLEAN C1094] REJECT Scratch: area 5.0 < 20; long_side 3.0 < 10; skeleton_aspect 1.250 < 2.5
[CLEAN C1094] REJECT Pit: area 5.0 < 32
[CLEAN C1095] type=Rejected area=2.0 perimeter=6.0 bbox=(734,0,2,3) long=2.0 box_short=1.0 box_aspect=2.000 skeleton_width=2.00 skeleton_range=2.00-2.00 skeleton_aspect=1.000 circularity=0.698
[CLEAN C1095] REJECT Scratch: area 2.0 < 20; long_side 2.0 < 10; skeleton_aspect 1.000 < 2.5
[CLEAN C1095] REJECT Pit: area 2.0 < 32
[CLEAN C1096] type=Rejected area=8.5 perimeter=11.4 bbox=(630,0,4,4) long=3.0 box_short=3.0 box_aspect=1.000 skeleton_width=2.80 skeleton_range=2.00-4.00 skeleton_aspect=1.071 circularity=0.820
[CLEAN C1096] REJECT Scratch: area 8.5 < 20; long_side 3.0 < 10; skeleton_aspect 1.071 < 2.5
[CLEAN C1096] REJECT Pit: area 8.5 < 32
[CLEAN C1097] type=Rejected area=10.0 perimeter=14.0 bbox=(618,0,6,3) long=5.0 box_short=2.0 box_aspect=2.500 skeleton_width=3.00 skeleton_range=2.00-4.00 skeleton_aspect=1.667 circularity=0.641
[CLEAN C1097] REJECT Scratch: area 10.0 < 20; long_side 5.0 < 10; skeleton_aspect 1.667 < 2.5
[CLEAN C1097] REJECT Pit: area 10.0 < 32
[CLEAN C1098] type=Scratch area=10929.0 perimeter=2747.4 bbox=(370,0,890,68) long=889.8 box_short=57.1 box_aspect=15.586 skeleton_width=8.39 skeleton_range=2.00-21.58 skeleton_aspect=106.008 circularity=0.018
[MEASURE C1098] Scratch width=0.529767 mm valid=True
Scratch: area = 10929.0 width_px = 8.393799781799316 width_mm = 0.5297665822738853 ratio = 106.00777568736007
[CLEAN C1099] type=Rejected area=21.0 perimeter=22.8 bbox=(571,0,9,4) long=8.0 box_short=3.0 box_aspect=2.667 skeleton_width=4.00 skeleton_range=2.00-4.00 skeleton_aspect=2.000 circularity=0.506
[CLEAN C1099] REJECT Scratch: long_side 8.0 < 10; skeleton_aspect 2.000 < 2.5
[CLEAN C1099] REJECT Pit: area 21.0 < 32; circularity 0.506 < 0.55
[CLEAN C1100] type=Rejected area=10.0 perimeter=14.0 bbox=(550,0,6,3) long=5.0 box_short=2.0 box_aspect=2.500 skeleton_width=3.00 skeleton_range=2.00-4.00 skeleton_aspect=1.667 circularity=0.641
[CLEAN C1100] REJECT Scratch: area 10.0 < 20; long_side 5.0 < 10; skeleton_aspect 1.667 < 2.5
[CLEAN C1100] REJECT Pit: area 10.0 < 32
[CLEAN C1101] type=Scratch area=20.5 perimeter=28.2 bbox=(534,0,13,3) long=12.0 box_short=2.0 box_aspect=6.000 skeleton_width=2.80 skeleton_range=2.00-4.00 skeleton_aspect=4.286 circularity=0.323
[MEASURE C1101] Scratch width=0.077402 mm valid=False
[CLEAN C1102] type=Rejected area=1.0 perimeter=4.0 bbox=(527,0,2,2) long=1.0 box_short=1.0 box_aspect=1.000 skeleton_width=2.00 skeleton_range=2.00-2.00 skeleton_aspect=0.500 circularity=0.785
[CLEAN C1102] REJECT Scratch: area 1.0 < 20; long_side 1.0 < 10; skeleton_aspect 0.500 < 2.5
[CLEAN C1102] REJECT Pit: area 1.0 < 32
[CLEAN C1103] type=Scratch area=36.0 perimeter=35.7 bbox=(503,0,16,4) long=15.0 box_short=3.0 box_aspect=5.000 skeleton_width=4.00 skeleton_range=2.00-4.00 skeleton_aspect=3.750 circularity=0.356
[MEASURE C1103] Scratch width=0.065476 mm valid=False
[CLEAN C1104] type=Rejected area=15.5 perimeter=18.2 bbox=(492,0,8,4) long=7.0 box_short=3.0 box_aspect=2.333 skeleton_width=2.80 skeleton_range=2.00-4.00 skeleton_aspect=2.500 circularity=0.585
[CLEAN C1104] REJECT Scratch: area 15.5 < 20; long_side 7.0 < 10
[CLEAN C1104] REJECT Pit: area 15.5 < 32
[CLEAN C1105] type=Rejected area=7.5 perimeter=11.4 bbox=(481,0,5,3) long=4.0 box_short=2.0 box_aspect=2.000 skeleton_width=2.40 skeleton_range=2.00-4.00 skeleton_aspect=1.667 circularity=0.723
[CLEAN C1105] REJECT Scratch: area 7.5 < 20; long_side 4.0 < 10; skeleton_aspect 1.667 < 2.5
[CLEAN C1105] REJECT Pit: area 7.5 < 32
[CLEAN C1106] type=Rejected area=1.0 perimeter=4.0 bbox=(421,0,2,2) long=1.0 box_short=1.0 box_aspect=1.000 skeleton_width=2.00 skeleton_range=2.00-2.00 skeleton_aspect=0.500 circularity=0.785
[CLEAN C1106] REJECT Scratch: area 1.0 < 20; long_side 1.0 < 10; skeleton_aspect 0.500 < 2.5
[CLEAN C1106] REJECT Pit: area 1.0 < 32
[CLEAN C1107] type=Rejected area=2.0 perimeter=6.0 bbox=(416,0,2,3) long=2.0 box_short=1.0 box_aspect=2.000 skeleton_width=2.00 skeleton_range=2.00-2.00 skeleton_aspect=1.000 circularity=0.698
[CLEAN C1107] REJECT Scratch: area 2.0 < 20; long_side 2.0 < 10; skeleton_aspect 1.000 < 2.5
[CLEAN C1107] REJECT Pit: area 2.0 < 32
[CLEAN C1108] type=Rejected area=1.0 perimeter=4.0 bbox=(365,0,2,2) long=1.0 box_short=1.0 box_aspect=1.000 skeleton_width=2.00 skeleton_range=2.00-2.00 skeleton_aspect=0.500 circularity=0.785
[CLEAN C1108] REJECT Scratch: area 1.0 < 20; long_side 1.0 < 10; skeleton_aspect 0.500 < 2.5
[CLEAN C1108] REJECT Pit: area 1.0 < 32
[DEBUG] 阈值轮廓: 3372 清理后轮廓: 1109
[DEBUG] 颜色: 红色=Scratch 绿色=Pit 黄色=Rejected
[DEBUG] 调试图片目录: D:\Code\Py\钢轴项目\debug\_picture\run_20260929_194119_067
[PIPELINE] 图片和日志保存目录: D:\Code\Py\钢轴项目\debug\_picture\run_20260929_194119_067
[SUMMARY] Raw=3372 Clean=1109 形状拒绝=789 不可测=92 尺寸不足=183 Scratch=26 Pit=19
[PIPELINE] 检测完成
